ID bài viết,ID Trang,Tên Trang,Tiêu đề,Thời lượng (giây),Thời gian đăng,Liên kết vĩnh viễn,Loại bài viết,Bình luận về dữ liệu,Ngày,Bình luận,Lượt phân phối,Thu nhập ước tính (USD),Kiếm tiền từ nội dung (USD),Sao (USD),Lượt hiển thị,Lượt tương tác,Số người theo dõi thực,Cảm xúc,Lượt lưu,Lượt chia sẻ,Người xem,Lượt xem,Số Giây xem trung bình,Số Giây xem,Từ khóa khớp,Điều kiện tuổi/lượt xem,Lý do rà soát,Phạm vi URL
1548544870165859,100050310827163,Đồng hồ Nhà kho,"Ô đô 57 – Phần Nhạc Có “Chất” Rất Riêng | 0️⃣9️⃣6️⃣3️⃣✦4️⃣5️⃣6️⃣✦9️⃣6️⃣3️⃣
 • 🎼 Trên dòng 57, phần nhạc có những luyến láy và điểm nhấn rất riêng
 • 🎶 Giai điệu không đơn thuần đều đều, mà có nhịp lên – xuống rõ ràng
 • 🔔 Âm thanh có chiều sâu, có cảm xúc, nghe rất “đã tai”
 • ⚙️ Kết cấu máy giúp nhạc đánh mạch lạc, dứt khoát hơn

👉 So với các dòng 54 hay 30:
 • 57 cho cảm giác giàu nhạc tính hơn, có “hồn” hơn
 • Nghe kỹ sẽ thấy khác biệt rõ ràng, không thể nhầm lẫn

👉 Vì vậy, nhiều anh em chơi lâu năm đánh giá dòng 57 là nghe cuốn nhất, dễ nghiện nhất.

#donghoco #donghoo_do #odo57 #amthanhdongho #nhacdongho #donghocokhi #donghoxua #donghosuutam #kienthucdongho #dochoixua",46,04/12/2026 08:25,https://www.facebook.com/reel/920401524212745/,Thước phim,,Trọn đời,4,+6.7x,0,0,0,2065,21,0,15,2,0,1806,2250,11.317,22329.094,,A,A: trước 12/07/2026 và dưới 10.000 lượt xem,FANPAGE
1548495330170813,100050310827163,Đồng hồ Nhà kho,"Đồng Hồ Cổ Ô đô 57/10 – Máy Đẹp, Ngoại Hình Xuất Sắc | 0️⃣9️⃣6️⃣3️⃣✦4️⃣5️⃣6️⃣✦9️⃣6️⃣3️⃣
 • 🕰️ Dòng 57/10 – 10 côn 10 búa, đời máy được ưa chuộng
 • ⚙️ Bộ máy đẹp, kết cấu chắc chắn, vận hành ổn định
 • ✨ Ngoại hình xuất sắc, tổng thể hài hòa, rất có hồn
 • 🎼 Âm thanh vang, tròn tiếng, có lực, nghe rất cuốn
 • 🔔 Điểm giờ bính – boong rõ nét, đặc trưng

👉 Một chiếc đồng hồ hội tụ máy đẹp – dáng đẹp – âm hay, rất đáng để anh em sưu tầm lâu dài.

#donghoco #donghoo_do #odo57_10 #10con10bua #bingboong #donghocokhi #donghoxua #donghosuutam #dochoixua #kienthucdongho",34,04/12/2026 07:08,https://www.facebook.com/reel/976899934684647/,Thước phim,,Trọn đời,5,+8.5x,0,0,0,2073,16,0,10,0,1,2128,2590,8.132,18037.809,,A,A: trước 12/07/2026 và dưới 10.000 lượt xem,FANPAGE
1548494370170909,100050310827163,Đồng hồ Nhà kho,"Đồng Hồ Cổ Ô đô 57/10 – Giá Tốt, Âm Đều | 0️⃣9️⃣6️⃣3️⃣✦4️⃣5️⃣6️⃣✦9️⃣6️⃣3️⃣
 • 🕰️ Dòng 57/10 – 10 côn 10 búa, đời máy được ưa chuộng
 • 🎼 Chơi 2 bản nhạc cơ khí, âm đánh đều, rõ ràng
 • 🔔 Chuông bính – boong tròn tiếng, nhịp ổn định
 • 🎶 Âm thanh đều cả nhạc lẫn chuông, nghe rất dễ chịu
 • ⚙️ Bộ máy chắc chắn, vận hành bền bỉ

👉 Một chiếc đồng hồ cân bằng giữa âm hay – độ ổn định – giá hợp lý, rất phù hợp anh em sưu tầm và sử dụng lâu dài.

#donghoco #donghoo_do #odo57_10 #10con10bua #2bainhac #bingboong #donghocokhi #donghoxua #donghosuutam #dochoixua",59,04/12/2026 07:07,https://www.facebook.com/reel/962086889745783/,Thước phim,,Trọn đời,14,+21.7x,0,0,0,4005,51,0,37,2,0,3710,4403,15.44,58688.069,,A,A: trước 12/07/2026 và dưới 10.000 lượt xem,FANPAGE
1548047570215589,100050310827163,Đồng hồ Nhà kho,"Đồng Hồ Cổ Ô đô 36/10 – Mặt Số Nổi, Dáng Đẹp | 0️⃣9️⃣6️⃣3️⃣✦4️⃣5️⃣6️⃣✦9️⃣6️⃣3️⃣
 • 🕰️ Dòng 36/10 – 10 côn 10 búa, cấu hình quen thuộc, dễ chơi
 • 🎨 Mặt số nổi, tạo chiều sâu, nhìn rất có hồn
 • ✨ Chi tiết sắc nét, lên màu đẹp theo thời gian
 • 🎼 Chơi 2 bản nhạc cơ khí, âm thanh vang, tròn tiếng
 • 🔔 Điểm giờ bính – boong rõ nét, đặc trưng

👉 Một mẫu đồng hồ vừa đẹp về hình thức – hay về âm thanh, rất phù hợp anh em sưu tầm và trưng bày.

#donghoco #donghoo_do #odo36_10 #matsonoi #10con10bua #2bainhac #bingboong #donghocokhi #donghoxua #donghosuutam",39,04/11/2026 17:33,https://www.facebook.com/reel/1724070731906306/,Thước phim,,Trọn đời,8,+12.4x,0,0,0,1880,36,1,27,1,0,1702,2083,9.112,16766.081,,A,A: trước 12/07/2026 và dưới 10.000 lượt xem,FANPAGE
1547538236933189,100050310827163,Đồng hồ Nhà kho,"Đồng Hồ Cổ Ô đô 36/10 – Âm Hay, Dễ Chơi, Giá Hợp Lý | 0️⃣9️⃣6️⃣3️⃣✦4️⃣5️⃣6️⃣✦9️⃣6️⃣3️⃣
 • 🕰️ Dòng 36/10 – 10 côn 10 búa, rất được anh em ưa chuộng
 • 🎼 Chơi 2 bản nhạc cơ khí, nhịp 15 phút đều đặn, dễ nghe
 • 🔔 Điểm giờ bính – boong rõ nét, tròn tiếng
 • 🎶 Chất âm vang, ấm, có chiều sâu, nghe rất cuốn
 • ⚙️ Bộ máy ổn định, bền bỉ theo thời gian

👉 Một dòng đồng hồ cân bằng giữa âm thanh – hình thức – giá trị sưu tầm, phù hợp cả người mới chơi lẫn anh em lâu năm.

#donghoco #donghoo_do #odo36_10 #10con10bua #2bainhac #bingboong #donghocokhi #donghoxua #donghosuutam #dochoixua",43,04/11/2026 01:46,https://www.facebook.com/reel/2489738571480968/,Thước phim,,Trọn đời,6,+9.7x,0,0,0,2872,35,4,27,2,0,2726,3247,10.415,29976.822,,A,A: trước 12/07/2026 và dưới 10.000 lượt xem,FANPAGE
1547379820282364,100050310827163,Đồng hồ Nhà kho,"Ô đô 36 chân kiềng – Cơ hội chơi máy đẹp giá hợp lý | 0️⃣9️⃣6️⃣3️⃣✦4️⃣5️⃣6️⃣✦9️⃣6️⃣3️⃣

👉 Có một dòng 36 chân kiềng mà nhiều anh em đang bỏ qua, trong khi giá lại rất “dễ chịu”.
 • 🕰️ Vẫn là máy nguyên bản, cấu hình 36/10 đầy đủ
 • ⚙️ Kết cấu chân kiềng, nhận diện rõ, đúng đời
 • 🎼 Âm thanh vẫn vang, tròn tiếng, dễ nghe
 • 💰 Giá giao lưu nhẹ hơn nhiều so với dòng vách bệt

👉 Vì vậy:
 • 📚 Đây là lựa chọn rất hợp lý để sưu tầm máy zin
 • 🔍 Đặc biệt phù hợp anh em muốn chơi 36/10 mà không cần chi quá cao

👉 Một hướng đi thông minh: vẫn chơi đúng chất – mà chi phí lại nhẹ nhàng.

#donghoco #donghoo_do #odo36 #chankieng #vachbet #10con10bua #donghocokhi #donghoxua #donghosuutam #kiếnthứcđồnghồ",40,04/10/2026 20:39,https://www.facebook.com/reel/1579290323153749/,Thước phim,,Trọn đời,29,+43.5x,0,0,0,5345,91,2,55,7,0,5108,6781,18.208,97158.498,,A,A: trước 12/07/2026 và dưới 10.000 lượt xem,FANPAGE
1547340926952920,100050310827163,Đồng hồ Nhà kho,"Ô đô 36/10 – Côn 4 Lỗ Zin, Gặp Là Chơi | 0️⃣9️⃣6️⃣3️⃣✦4️⃣5️⃣6️⃣✦9️⃣6️⃣3️⃣

👉 Khi mua 36/10 mà gặp bộ côn 4 lỗ, anh em cứ yên tâm nếu giá hợp lý và âm tốt.
 • 🔔 Đây vẫn là côn zin của hãng, không phải đồ thay
 • ⚙️ Thường xuất hiện trên một số dòng máy vách dày, seri 4 số
 • 📌 Khá ít gặp, không phổ biến trên thị trường

👉 Lưu ý khi chọn:
 • 🎼 Quan trọng nhất là nghe âm → tròn tiếng, có lực, dễ nghe
 • 💰 Giá thường mềm hơn so với côn chữ M

💡 Thực tế:
 • 🎶 Chất âm vẫn rất ổn, đúng chất 36/10
 • 📚 Giá trị sưu tầm vẫn có, không hề “kém chơi”

👉 Một lựa chọn hợp lý cho anh em muốn chơi zin – chi phí nhẹ – trải nghiệm đầy đủ chất âm.

#donghoco #donghoo_do #odo36_10 #con4lo #mayvachday #soseri4so #donghocokhi #donghoxua #donghosuutam #kienthucdongho",41,04/10/2026 19:21,https://www.facebook.com/reel/1663507054793518/,Thước phim,,Trọn đời,4,+7.1x,0,0,0,1970,21,0,15,2,0,1787,2376,15.383,29106.304,,A,A: trước 12/07/2026 và dưới 10.000 lượt xem,FANPAGE
1546784107008602,100050310827163,Đồng hồ Nhà kho,"Đồng Hồ Song Tiện Fontenoy Pháp 8 Côn – Dáng Cổ Kính- Mã số K78
💵:  6tr8
✨ Một dáng thùng song tiện rất đặc trưng, mang đậm nét cổ điển châu Âu, nhìn vào là thấy ngay sự chỉn chu và cân đối.
Các chi tiết tiện tròn, cột trụ nổi và phần mái trên tạo điểm nhấn nhẹ nhàng, không cầu kỳ nhưng rất có chiều sâu.

✨ Mặt số nền sáng, số rõ ràng, kim dáng cổ thanh thoát – tổng thể hài hòa, dễ nhìn, đúng chất đồng hồ xưa.

⚙️ Bộ máy Fontenoy Pháp, máy zin nguyên bản, vận hành ổn định, bền bỉ theo thời gian.
Dàn 8 côn đồng cho tiếng chuông ngân ấm, tròn tiếng, nghe nhẹ nhàng nhưng rất sâu và có hồn.

🔔 Âm thanh vang đều, không gắt, phù hợp với không gian sống yên tĩnh, tạo cảm giác thư thái mỗi khi điểm giờ.

🔇 Có cần gạt ngắt chuông (Silence/Sonnerie) tiện lợi, dễ sử dụng khi cần không gian yên tĩnh.

📐 Kích thước: 88 x 38 cm – dáng vừa phải, dễ treo, phù hợp nhiều không gian từ phòng khách đến phòng làm việc.

☎️ 0963.456.963
🏠 Khu đô thị Văn Phú, phường Phú La, quận Hà Đông, Hà Nội

#dong_ho_song_tien #dong_ho_fontenoy #dong_ho_co_phap #dong_ho_8_con #dong_ho_qua_lac #dong_ho_treo_tuong #dong_ho_co_chau_au #dong_ho_suu_tam #dong_ho_co_dep #dong_ho_am_ngan #dong_ho_co_xua #dong_ho_phap_co #dong_ho_co_ha_noi #dong_ho_qua_lac_co #dong_ho_co_dang_dep",0,04/10/2026 01:49,https://www.facebook.com/donghonhakho.vn/posts/pfbid024Wypqf9HAxFdsdZDrGSo5Lk9SejkrShzGhNDUrbGovAhtfacqmx1rLp8qrFJLxdul,Ảnh,,Trọn đời,1,--,0,0,0,1018,6,0,5,0,0,914,1402,,,,A,A: trước 12/07/2026 và dưới 10.000 lượt xem,FANPAGE
1546776523676027,100050310827163,Đồng hồ Nhà kho,"Ô đô – Điểm Giờ 60 Phút, Chuông “Bính Boong” Đặc Trưng | 0️⃣9️⃣6️⃣3️⃣✦4️⃣5️⃣6️⃣✦9️⃣6️⃣3️⃣
 • 🕰️ Sau mỗi 60 phút, đồng hồ hoàn tất bản nhạc và bước sang điểm giờ
 • 🔔 Tiếng chuông “bính – boong” vang lên rõ ràng, dứt khoát
 • 🎶 Âm thanh tròn tiếng, có lực, ngân sâu, rất đặc trưng của Ô đô
 • 📌 Đặc biệt trên dòng đời 1957, tiếng bính boong được đánh giá là bốc nhất, hay nhất
 • ⚙️ Nhịp đánh mạch lạc, nghe rất “đã tai”, dễ nhận biết

👉 Đây chính là khoảnh khắc “đỉnh” của chiếc đồng hồ, nơi hội tụ chất âm đặc trưng và cảm xúc rõ nhất mà anh em chơi lâu năm rất yêu thích.

#donghoco #donghoo_do #bingboong #1957 #donghocokhi #donghoxua #amthanhdongho #donghosuutam #dochoixua #kienthucdongho",45,04/10/2026 01:35,https://www.facebook.com/reel/1318331753494671/,Thước phim,,Trọn đời,4,+7.3x,0,0,0,2556,28,5,21,3,1,2373,2832,10.315,25767.094,,A,A: trước 12/07/2026 và dưới 10.000 lượt xem,FANPAGE
1546775113676168,100050310827163,Đồng hồ Nhà kho,"Nhạc 30 Phút – Nhịp Điệu Vừa Phải, Dễ Nghe | 0️⃣9️⃣6️⃣3️⃣✦4️⃣5️⃣6️⃣✦9️⃣6️⃣3️⃣
 • 🎼 Nhạc 30 phút là đoạn giai điệu báo thời gian sau mỗi nửa giờ
 • ⏱️ Tốc độ vừa phải, không quá nhanh cũng không quá chậm
 • 🔔 Nhịp được nhấn rõ ràng, dễ nhận biết
 • 🎶 Âm thanh nhẹ nhàng, dễ nghe, không gây cảm giác khó chịu
 • 🕰️ Tạo nhịp thời gian đều đặn, rất “có hồn”

👉 Đây là kiểu nhạc được nhiều anh em yêu thích vì dễ nghe, không kén không gian, phù hợp sinh hoạt hàng ngày.

#donghoco #donghocokhi #nhac30phut #donghoxua #amthanhdongho #donghosuutam #dochoixua #kienthucdongho #donghocochaeu",13,04/10/2026 01:32,https://www.facebook.com/reel/27091164323814872/,Thước phim,,Trọn đời,2,+3.9x,0,0,0,3253,40,0,34,4,0,3062,4436,8.655,26841.836,,A,A: trước 12/07/2026 và dưới 10.000 lượt xem,FANPAGE
1546774227009590,100050310827163,Đồng hồ Nhà kho,"Ô đô 57/10 – Côn Nhạc 15 Phút, Âm Rất Cuốn | 0️⃣9️⃣6️⃣3️⃣✦4️⃣5️⃣6️⃣✦9️⃣6️⃣3️⃣
 • 🕰️ Dòng 57/10 – 10 côn 10 búa, thuộc đời máy được ưa chuộng
 • 🎼 Cứ mỗi 15 phút lại ngân một đoạn nhạc, đều đặn, rất “có hồn”
 • 🔔 Đến giờ điểm chuông bính – boong rõ nét, dứt khoát
 • 🎶 Chất âm bốc, tròn tiếng, dễ nghe, càng nghe càng cuốn
 • ⚙️ Bộ máy ổn định, nhịp đánh mạch lạc

👉 Một dòng đồng hồ vừa có nhịp nhạc 15 phút đặc trưng, vừa sở hữu chất âm dễ nghe, rất được anh em yêu thích.

#donghoco #donghoo_do #odo57_10 #15phut #bingboong #con111 #donghocokhi #donghoxua #donghosuutam #kienthucdongho",6,04/10/2026 01:30,https://www.facebook.com/reel/5393100410915913/,Thước phim,,Trọn đời,4,+8x,0,0,0,5051,65,3,57,3,2,4863,8501,7.251,34895.004,,A,A: trước 12/07/2026 và dưới 10.000 lượt xem,FANPAGE
1546748173678862,100050310827163,Đồng hồ Nhà kho,"Hiện Tượng Lắc “Xoáy” Trên Đồng Hồ – Nguyên Nhân & Cách Xử Lý | 0️⃣9️⃣6️⃣3️⃣✦4️⃣5️⃣6️⃣✦9️⃣6️⃣3️⃣

👉 Một số trường hợp quả lắc không đi thuần ngang mà vừa lắc vừa xoay tròn nhẹ.

🔍 Nguyên nhân:
 • 📏 Lá mía (lò xo treo lắc) bị giãn không đều
 • Hai bên không cân → sinh ra chuyển động lệch, tạo xoáy

⚙️ Ảnh hưởng:
 • ❗ Không ảnh hưởng nhiều đến vận hành
 • ⚠️ Nhưng làm mất thẩm mỹ, nhìn không đẹp mắt

✅ Cách xử lý:
 • 🔧 Căn chỉnh lại lá mía (nếu còn tốt)
 • 🔄 Thay lá mía mới là giải pháp triệt để

👉 Sau khi thay, lắc sẽ đi thẳng, đều, đẹp mắt hơn.

💡 Một lỗi nhỏ nhưng xử lý đúng sẽ giúp chiếc đồng hồ đạt cả độ chuẩn và tính thẩm mỹ.

#donghoco #donghoo_do #qualac #lamia #suadongho #donghocokhi #donghoxua #kienthucdongho #donghosuutam #dochoixua",32,04/10/2026 00:39,https://www.facebook.com/reel/842176274816842/,Thước phim,,Trọn đời,0,+1.1x,0,0,0,2728,17,1,16,1,0,2644,3285,11.52,31612.084,,A,A: trước 12/07/2026 và dưới 10.000 lượt xem,FANPAGE
1546636537023359,100050310827163,Đồng hồ Nhà kho,"Bộ bình trà Bavaria Đức họa tiết hoa trang nhã– Mã số D16
💵: 4tr2

✨ Một bộ trà mang đậm phong cách châu Âu cổ điển, với tông màu trắng  kết hợp họa tiết hoa nhí nhẹ nhàng, tạo cảm giác thanh lịch và gần gũi.

✨ Dáng ấm cao thanh thoát, vòi rót mềm mại, quai cầm uốn cong tinh tế, tổng thể cân đối, rất hợp trưng bày phòng khách hoặc không gian thưởng trà.

✨ Hoa văn in sắc nét, bố cục hài hòa, viền mạ nhẹ nhàng làm nổi bật nét sang trọng tinh tế – đúng chất sứ Bavaria xưa.

✨ Bộ gồm: 1 ấm trà, 1 âu đường, 1 bình sữa, 6 tách và 6 đĩa lót – đầy đủ cho một bộ trà tiếp khách chuẩn chỉnh và đẹp mắt.

💫 Một món đồ không chỉ để dùng mà còn để trưng, mang lại cảm giác nhẹ nhàng, hoài niệm và gu thẩm mỹ riêng của người sưu tầm.

☎️ 0963.456.963
🏠 Khu đô thị Văn Phú, phường Phú La, quận Hà Đông, Hà Nội

#bo_binh_tra #binh_tra_bavaria #gom_su_duc #do_co_chau_au #binh_tra_co #am_chen_co #binh_tra_dep #binh_tra_suu_tam #gom_su_bavaria #do_su_co #binh_tra_phong_khach #do_trang_tri #phong_cach_co_dien #am_chen_dep #gom_su_chau_au",0,04/09/2026 21:04,https://www.facebook.com/donghonhakho.vn/posts/pfbid02ftiD2QzJHzDDWT5PoceicbJKjJ7kstJGfkMKmVAjSgVTDua7hgUDhXNEWGRcTSTml,Ảnh,,Trọn đời,0,--,0,0,0,265,0,0,0,0,0,228,374,,,,A,A: trước 12/07/2026 và dưới 10.000 lượt xem,FANPAGE
1546626487024364,100050310827163,Đồng hồ Nhà kho,"Đồng hồ úp ly Đức máy Quartz – Vẻ đẹp cổ điển trong không gian hiện đại- Mã số B43
💵:  1tr5
🔹Chiếc đồng hồ úp ly Đức mang vẻ đẹp tinh tế và trang nhã, với thiết kế chụp kính trong suốt kết hợp tông vàng nổi bật, rất phù hợp với những ai yêu thích phong cách cổ điển châu Âu.

🔹Phía dưới là bộ xoay quả cầu kim loại quay nhịp nhàng, chuyển động nhẹ nhàng tạo điểm nhấn sinh động – nét đặc trưng không thể thiếu của dòng úp ly Đức.

🔹Sử dụng máy Quartz chạy pin, chiếc đồng hồ cho khả năng vận hành ổn định, chính xác, dễ sử dụng và không cần lên cót, phù hợp trưng bày lâu dài.

🎶 Một món đồ trang trí tinh xảo, vừa mang giá trị nghệ thuật, vừa thể hiện gu thẩm mỹ tinh tế của người sưu tầm.

☎️ 0963.456.963
🏠 Địa chỉ: Khu đô thị Văn Phú, phường Phú La, quận Hà Đông, Hà Nội

#dong_ho_uc_ly #dong_ho_duc #dong_ho_co #dong_ho_qua_lac #dong_ho_suu_tam #do_co_chau_au #dong_ho_trang_tri #dong_ho_phong_khach #dong_ho_dep #dong_ho_vang #dong_ho_co_dien #dong_ho_chay_pin #dong_ho_quay_cau #dong_ho_chup_kinh #dong_ho_eurena #dong_ho_noi_bat",0,04/09/2026 20:46,https://www.facebook.com/donghonhakho.vn/posts/pfbid0gVDr2Sk9FUoYYC2NUsU61Q2oTqbDSYPTBTFYUeUAMGjuJT6uKTs1v7T35Lt2Ycinl,Ảnh,,Trọn đời,1,--,0,0,0,473,3,0,2,0,0,420,648,,,,A,A: trước 12/07/2026 và dưới 10.000 lượt xem,FANPAGE
1546573567029656,100050310827163,Đồng hồ Nhà kho,"Đồng Hồ Cổ Ô đô 36/10 – Âm Hay, Dễ Chơi | 0️⃣9️⃣6️⃣3️⃣✦4️⃣5️⃣6️⃣✦9️⃣6️⃣3️⃣
 • 🕰️ Dòng 36/10 – 10 côn 10 búa, rất được ưa chuộng
 • 🎼 Chơi 2 bản nhạc cơ khí, âm thanh vang, tròn tiếng
 • 🔔 Điểm giờ bính – boong đặc trưng, dễ nhận biết
 • 🎶 Nhịp nhạc 15 phút đều đặn, nhẹ nhàng, dễ nghe
 • ⚙️ Bộ máy ổn định, vận hành bền bỉ theo thời gian

👉 Một dòng đồng hồ cân bằng giữa âm hay – hình thức đẹp – giá hợp lý, phù hợp cả người mới chơi lẫn anh em sưu tầm lâu năm.

#donghoco #donghoo_do #odo36_10 #10con10bua #2bainhac #bingboong #donghocokhi #donghoxua #donghosuutam #dochoixua",20,04/09/2026 19:06,https://www.facebook.com/reel/1279531374271696/,Thước phim,,Trọn đời,8,+12.7x,0,0,0,3841,49,3,42,2,0,3578,4742,10.464,38874.74,,A,A: trước 12/07/2026 và dưới 10.000 lượt xem,FANPAGE
1546193260401020,100050310827163,Đồng hồ Nhà kho,"Nó rất to
Đồng Hồ Cổ Ô đô 12 Côn 12 Búa – 3 Bài Nhạc, Kích Thước Khủng | 0️⃣9️⃣6️⃣3️⃣✦4️⃣5️⃣6️⃣✦9️⃣6️⃣3️⃣
 • 🕰️ Cấu hình 12 côn 12 búa, chơi 3 bản nhạc cơ khí
 • 🎼 Âm thanh vang, dày, tròn tiếng, ngân sâu rất cuốn hút
 • 📏 Kích thước rất lớn, tạo cảm giác bề thế, nổi bật không gian
 • 👤 Đặt người đứng cạnh để so sánh sẽ thấy rõ độ “khủng” của thùng
 • ⚙️ Bộ máy chắc chắn, vận hành ổn định

👉 Một mẫu đồng hồ vừa âm hay – dáng lớn – độ hiếm cao, rất đáng để anh em sưu tầm và trưng bày.

#donghoco #donghoo_do #12con12bua #3bainhac #donghotu #kichthuoclon #donghocokhi #donghoxua #donghosuutam #donghocochaeu",0,04/09/2026 06:52,https://www.facebook.com/donghonhakho.vn/posts/pfbid09nfJDPBix1QP2RtfF9r8LLQeZdB4gr2b2VQGnzpuFPRzaD6U2StiRsZoQUeE51Ewl,Ảnh,,Trọn đời,8,--,0,0,0,4818,35,0,28,0,1,4315,6192,,,,A,A: trước 12/07/2026 và dưới 10.000 lượt xem,FANPAGE
1545987530421593,100050310827163,Đồng hồ Nhà kho,"Đồng Hồ Cổ Ô đô 24 – Đời 1957, Nhận Diện Chuẩn | 0️⃣9️⃣6️⃣3️⃣✦4️⃣5️⃣6️⃣✦9️⃣6️⃣3️⃣
 • 🕰️ Dòng Ô đô 24 đời 1957, thuộc nhóm máy được đánh giá cao
 • 🌿 Vách máy hoa dâu – bề mặt nhám, dày, đặc trưng
 • 🔨 Búa vuông – tạo nhịp đánh dứt khoát, rõ ràng
 • 🔺 Chân máy chéo – dấu hiệu nhận biết quen thuộc
 • 🔷 Có logo Ô đô hình trái trám trên máy

👉 Đây là những chi tiết giúp nhận diện đúng đời 57, đồng thời cũng là yếu tố tạo nên giá trị sưu tầm và chất lượng vượt trội của dòng này.

#donghoco #donghoo_do #odo24 #1957 #vachhoadau #buavuong #chancheo #donghocokhi #donghosuutam #kienthucdongho",14,04/09/2026 00:45,https://www.facebook.com/reel/25964643759885113/,Thước phim,,Trọn đời,5,+8.9x,0.01,0.01,0,6672,83,4,72,10,0,6340,9695,11.031,70867.248,,A,A: trước 12/07/2026 và dưới 10.000 lượt xem,FANPAGE
1545984417088571,100050310827163,Đồng hồ Nhà kho,"Đồng Hồ Cổ Ô đô 24/6 – Đời 1954, 2 Bài Nhạc | 0️⃣9️⃣6️⃣3️⃣✦4️⃣5️⃣6️⃣✦9️⃣6️⃣3️⃣
 • 🕰️ Dòng 24/6 – 6 côn 10 búa, thuộc đời 1954
 • 🎼 Chơi 2 bản nhạc cơ khí: Westminster và Sonodo
 • 🔔 Âm thanh rõ, mạch lạc, dễ nghe, rất “đằm tai”
 • ⚙️ Bộ máy nguyên bản, kết cấu chắc chắn, vận hành ổn định
 • ✨ Hình thức hài hòa, mang nét cổ đặc trưng

👉 Một phiên bản đời đẹp, hội tụ âm hay – máy zin – giá trị sưu tầm cao, được nhiều anh em yêu thích.

#donghoco #donghoo_do #odo24_6 #1954 #6con10bua #2bainhac #donghocokhi #donghoxua #donghosuutam #kienthucdongho",41,04/09/2026 00:39,https://www.facebook.com/reel/2120511808492464/,Thước phim,,Trọn đời,5,+7.9x,0,0,0,2000,13,1,9,0,0,1811,2136,9.203,17412.879,,A,A: trước 12/07/2026 và dưới 10.000 lượt xem,FANPAGE
1545514113802268,100050310827163,Đồng hồ Nhà kho,"Đồng Hồ Cổ Ô đô 36/10 – 2 Bài Nhạc, Dễ Chơi | 0️⃣9️⃣6️⃣3️⃣✦4️⃣5️⃣6️⃣✦9️⃣6️⃣3️⃣
 • 🕰️ Dòng 36/10 – 10 côn 10 búa, cấu hình quen thuộc, dễ tiếp cận
 • 🎼 Chơi 2 bản nhạc cơ khí, âm thanh vang, tròn tiếng, dễ nghe
 • 🔔 Điểm giờ bính – boong rõ ràng, rất đặc trưng
 • ⚙️ Bộ máy ổn định, vận hành bền bỉ theo thời gian
 • 💰 Giá bình dân, hợp lý, phù hợp anh em mới chơi

👉 Một lựa chọn cân bằng giữa âm hay – giá tốt – dễ chơi, rất đáng để anh em tham khảo.

#donghoco #donghoo_do #odo36_10 #10con10bua #2bainhac #bingboong #donghocokhi #donghoxua #donghosuutam #dochoixua",29,04/08/2026 08:59,https://www.facebook.com/reel/1631822301201031/,Thước phim,,Trọn đời,27,+39.9x,0,0,0,4855,70,6,39,5,0,4453,6089,12.839,59484.844,,A,A: trước 12/07/2026 và dưới 10.000 lượt xem,FANPAGE
1545489647138048,100050310827163,Đồng hồ Nhà kho,"Đồng Hồ Cổ Ô đô 24/10 – Đời 1957, Âm Hay | 0️⃣9️⃣6️⃣3️⃣✦4️⃣5️⃣6️⃣✦9️⃣6️⃣3️⃣
 • 🕰️ Dòng 24/10 – 10 côn 10 búa, thuộc đời 1957
 • 🎼 Chơi 2 bản nhạc cơ khí, âm thanh rõ, tròn tiếng
 • 🔔 Nhịp đánh mạch lạc, dễ nghe, phù hợp thưởng âm lâu dài
 • ⚙️ Bộ máy nguyên bản, vận hành ổn định, bền bỉ
 • ✨ Hình thức hài hòa, mang nét cổ đặc trưng

👉 Một phiên bản đời đẹp, hội tụ âm thanh hay – máy zin – giá trị sưu tầm cao, rất được anh em quan tâm.

#donghoco #donghoo_do #odo24_10 #1957 #10con10bua #2bainhac #donghocokhi #donghoxua #donghosuutam #dochoixua",157,04/08/2026 08:22,https://www.facebook.com/reel/1660381875093166/,Thước phim,,Trọn đời,3,+24.5x,0,0,0,3413,38,4,34,2,0,3251,3504,14.306,46552.462,,A,A: trước 12/07/2026 và dưới 10.000 lượt xem,FANPAGE
1545418837145129,100050310827163,Đồng hồ Nhà kho,"Đồng Hồ Cổ Ô đô 57/10 – Chuông Bính Boong, Âm Bốc | 0️⃣9️⃣6️⃣3️⃣✦4️⃣5️⃣6️⃣✦9️⃣6️⃣3️⃣
 • 🕰️ Dòng 57/10 – 10 côn 10 búa, thuộc đời máy được ưa chuộng
 • 🔔 Tiếng chuông bính – boong rõ nét, đặc trưng
 • 🎼 Chất âm bốc, gọn tiếng, rất cuốn, nghe rất “đã tai”
 • 🎶 Nhịp đánh mạch lạc, dứt khoát, dễ nghe lâu dài
 • ⚙️ Bộ máy chắc chắn, vận hành ổn định

👉 Một dòng đồng hồ nổi bật với chất âm mạnh, rõ và dễ nghe, được nhiều anh em chơi lâu năm yêu thích.

#donghoco #donghoo_do #odo57_10 #bingboong #amthanhdongho #donghocokhi #donghoxua #donghosuutam #dochoixua #kienthucdongho",55,04/08/2026 06:33,https://www.facebook.com/reel/4460528640833905/,Thước phim,,Trọn đời,2,+4.4x,0,0,0,2682,45,2,41,2,0,2451,2844,13.291,33348.827,,A,A: trước 12/07/2026 và dưới 10.000 lượt xem,FANPAGE
1544526523901027,100050310827163,Đồng hồ Nhà kho,"Đồng Hồ Cổ Ô đô 57/10 – Nguyên Bản, Đáng Sưu Tầm | 0️⃣9️⃣6️⃣3️⃣✦4️⃣5️⃣6️⃣✦9️⃣6️⃣3️⃣
 • 🕰️ Dòng 57/10 – 10 côn 10 búa, thuộc đời máy đẹp
 • 🔔 Bộ côn zin nguyên bản, cho chất âm bính boong rõ, gọn, rất cuốn
 • 🎼 Chơi 2 bản nhạc cơ khí, nhịp đánh mạch lạc, dễ nghe
 • ⚙️ Bộ máy chắc chắn, vận hành ổn định theo thời gian
 • ✨ Hình thức hài hòa, tổng thể đẹp, giữ được nét cổ

👉 Một mẫu đồng hồ được nhiều anh em chơi lâu năm tìm kiếm, dễ nghe – dễ chơi – giá trị sưu tầm tốt.

#donghoco #donghoo_do #odo57_10 #10con10bua #conzin #bingboong #donghocokhi #donghoxua #donghosuutam #dochoixua",23,04/07/2026 02:42,https://www.facebook.com/reel/967189702321076/,Thước phim,,Trọn đời,10,+15.7x,0,0,0,4151,58,0,47,3,0,3866,4968,9.405,37518.048,,A,A: trước 12/07/2026 và dưới 10.000 lượt xem,FANPAGE
1544522640568082,100050310827163,Đồng hồ Nhà kho,"Đồng Hồ Cổ Ô đô 57/10 – Máy Đời 57 Được Ưa Chuộng | 0️⃣9️⃣6️⃣3️⃣✦4️⃣5️⃣6️⃣✦9️⃣6️⃣3️⃣
 • 🕰️ Dòng 57/10 – 10 côn 10 búa, thuộc đời máy đẹp, được săn tìm
 • 🔔 Chất âm bính – boong rõ, gọn, dễ nghe, rất “đã tai”
 • ⚙️ Bộ máy chưa qua lau dầu, còn giữ nguyên hiện trạng
 • ✨ Mặt máy sáng, lên màu đẹp, tổng thể gọn gàng
 • 📈 Thời gian gần đây được nhiều anh em chơi đồng hồ quan tâm

👉 Một bộ máy mang nét đặc trưng của đời 57, vừa dễ chơi, dễ nghe, vừa có giá trị sưu tầm ổn định.

#donghoco #donghoo_do #odo57_10 #10con10bua #mayzin #amthanhdongho #donghocokhi #donghoxua #donghosuutam #kienthucdongho",17,04/07/2026 02:34,https://www.facebook.com/reel/26813105364989092/,Thước phim,,Trọn đời,4,+6.8x,0,0,0,4775,40,-2,35,2,0,4376,6124,8.868,40555.908,,A,A: trước 12/07/2026 và dưới 10.000 lượt xem,FANPAGE
1544511880569158,100050310827163,Đồng hồ Nhà kho,"Ô đô 57/10 Zin – Chất Âm Bốc, Dễ Nghe | 0️⃣9️⃣6️⃣3️⃣✦4️⃣5️⃣6️⃣✦9️⃣6️⃣3️⃣
 • 🕰️ Dòng 57/10 – 10 côn 10 búa, thuộc đời máy đẹp
 • 🔔 Bộ côn zin nguyên bản, cho chất âm chuẩn đặc trưng
 • 🎼 Âm thanh bốc, rõ, gọn tiếng, nghe rất “đã tai”
 • 🔊 Nhịp đánh dứt khoát, mạch lạc, không bị đục tiếng
 • ⚙️ Bộ máy chắc chắn, vận hành ổn định theo thời gian

👉 Điểm hay của dòng này là dễ nghe, không kén không gian, càng chơi càng thấy cuốn.

#donghoco #donghoo_do #odo57_10 #10con10bua #conzin #amthanhdongho #donghocokhi #donghoxua #donghosuutam #kienthucdongho",15,04/07/2026 02:12,https://www.facebook.com/reel/26849377974667126/,Thước phim,,Trọn đời,11,+16.9x,0,0,0,5513,43,1,33,1,0,5156,7597,9.949,52095.947,,A,A: trước 12/07/2026 và dưới 10.000 lượt xem,FANPAGE
1544477517239261,100050310827163,Đồng hồ Nhà kho,"Ô đô 12 Côn 12 Búa – Côn Ty Đóng Đặc Trưng Đời 62 | 0️⃣9️⃣6️⃣3️⃣✦4️⃣5️⃣6️⃣✦9️⃣6️⃣3️⃣
 • 🕰️ Dòng Ô đô 12 côn 12 búa, cấu hình lớn, dàn âm mạnh
 • 🔔 Sử dụng bộ côn ty đóng, đặc trưng giống các phiên bản đời 62
 • 🎼 Nhận diện qua củ côn màu nâu và ti côn đóng cố định
 • ⚙️ Kết cấu chắc chắn, độ hoàn thiện cao
 • 🎶 Cho chất âm đanh, rõ, gọn tiếng, rất đặc trưng

👉 Đây là một đặc điểm kỹ thuật quan trọng giúp anh em nhận biết đúng dòng máy và đánh giá chất âm cũng như giá trị sưu tầm của dòng 12 côn.

#donghoco #donghoo_do #12con12bua #contydong #odo62 #donghocokhi #donghoxua #amthanhdongho #donghosuutam #kienthucdongho",16,04/07/2026 01:07,https://www.facebook.com/reel/2131122850978359/,Thước phim,,Trọn đời,0,+0.7x,0,0,0,2896,9,2,8,1,0,2642,3569,8.14,22630.466,,A,A: trước 12/07/2026 và dưới 10.000 lượt xem,FANPAGE
1544476457239367,100050310827163,Đồng hồ Nhà kho,"Đồng Hồ Cổ Ô đô 12 Côn 12 Búa – 3 Bài Nhạc, Côn Ty Đóng Zin | 0️⃣9️⃣6️⃣3️⃣✦4️⃣5️⃣6️⃣✦9️⃣6️⃣3️⃣
 • 🕰️ Cấu hình 12 côn 12 búa, dàn âm lớn, hiếm gặp
 • 🎼 Chơi 3 bản nhạc cơ khí, âm thanh dày, vang và rất cuốn hút
 • 🔔 Sử dụng bộ côn ty đóng nguyên bản, độ hoàn thiện cao
 • ⚙️ Bộ máy chắc chắn, vận hành ổn định theo thời gian
 • ✨ Hình thức hài hòa, mang giá trị sưu tầm nổi bật

Một mẫu đồng hồ hội tụ cấu hình mạnh – âm hay – đồ zin, rất được anh em chơi đồng hồ cổ đánh giá cao.

#donghoco #donghoo_do #12con12bua #3bainhac #contydong #donghocokhi #donghoxua #amthanhdongho #donghosuutam",15,04/07/2026 01:05,https://www.facebook.com/reel/1324387259528695/,Thước phim,,Trọn đời,0,+0.5x,0,0,0,1752,7,0,7,0,0,1639,2041,6.002,10161.921,,A,A: trước 12/07/2026 và dưới 10.000 lượt xem,FANPAGE
1541340180886328,100050310827163,Đồng hồ Nhà kho,"Đồng hồ Ô đô 30/8 – dáng nhỏ gọn, âm thanh mộc mạc ngân nga- Mã số K75
💵:  14tr5
✨ Một dáng thùng quen thuộc của dòng 30, gọn gàng nhưng vẫn toát lên nét chắc chắn, cân đối. Bề mặt thùng giữ được vân đẹp, nước màu ấm, nhìn rất có chiều sâu theo thời gian.
✨ Mặt số thủ công xưa, bố cục rõ ràng, kim nguyên bản, tạo cảm giác cổ kính đúng chất đồng hồ Pháp.
⚙️ Bộ máy 8 côn 8 búa hoạt động ổn định, kết cấu chắc chắn, dễ chơi, dễ bảo dưỡng.
🔔 Dàn côn đồng cho chất âm ngân nga, tròn tiếng, mỗi 15 phút điểm nhạc một lần – nghe nhẹ nhàng, rất hợp không gian sinh hoạt.

📏 Kích thước: 67 x 38 cm – vừa vặn treo phòng khách, phòng làm việc hay không gian riêng.

✨ Một mẫu đồng hồ không quá cầu kỳ nhưng lại mang đúng cái “chất chơi” mà giới sưu tầm lâu năm rất ưa chuộng.

☎️ 0963.456.963
🏠 Khu đô thị Văn Phú, phường Phú La, quận Hà Đông, Hà Nội

#dong_ho_odo #odo_30_8 #dong_ho_co #dong_ho_qua_lac #dong_ho_treo_tuong #dong_ho_phap #dong_ho_co_chau_au #dong_ho_suu_tam #gioi_suu_tam_dong_ho #dong_ho_xua #dong_ho_dep #am_thanh_dong_ho #dong_ho_8_con",0,04/03/2026 01:21,https://www.facebook.com/donghonhakho.vn/posts/pfbid02tCwnZrxMpxud8fS8Kos2wv22HVM2j1Yj5y2mxpPk7P7Bzxdodgy6gm8X8TkTXrXYl,Ảnh,,Trọn đời,2,--,0,0,0,1684,7,0,6,0,0,1505,874,,,,A,A: trước 12/07/2026 và dưới 10.000 lượt xem,FANPAGE
1540808227606190,100050310827163,Đồng hồ Nhà kho,"Sự Khác Biệt Bản Nhạc Ave Maria Trên Đồng Hồ Châu Âu | 0️⃣9️⃣6️⃣3️⃣✦4️⃣5️⃣6️⃣✦9️⃣6️⃣3️⃣
 • 🎼 Trên đồng hồ Bồ Đào Nha thường gặp bản Ave Maria Fatima
 • 🎼 Trên đồng hồ Pháp, Đức lại phổ biến Ave Maria Lourdes (Lộ Đức)

👉 Nguyên nhân xuất phát từ yếu tố địa lý và tôn giáo:
 • 🇵🇹 Fatima (Bồ Đào Nha) là nơi Đức Mẹ hiện ra nổi tiếng
 • 🇫🇷 Lourdes (Lộ Đức – Pháp) cũng là nơi Đức Mẹ hiện ra khác

💡 Vì vậy:
 • Cùng là chủ đề Ave Maria (ca ngợi Đức Mẹ Maria)
 • Nhưng mỗi quốc gia lại phát triển giai điệu riêng gắn với địa danh của mình

👉 Điều này tạo nên sự đa dạng thú vị:
Mỗi chiếc đồng hồ không chỉ có âm thanh khác nhau, mà còn mang theo dấu ấn văn hóa và tín ngưỡng riêng của từng vùng.

#donghoco #avemaria #fatima #lourdes #donghocokhi #donghoxua #amthanhdongho #donghosuutam #vanhoa #donghocochaeu",89,04/02/2026 09:06,https://www.facebook.com/reel/1470304711168451/,Thước phim,,Trọn đời,2,+24.4x,0,0,0,3814,50,0,42,5,1,3522,4070,11.978,44536.473,,A,A: trước 12/07/2026 và dưới 10.000 lượt xem,FANPAGE
1540785500941796,100050310827163,Đồng hồ Nhà kho,"Ô đô 36/10 – Phân Biệt Vách Máy Dày & Mỏng | 0️⃣9️⃣6️⃣3️⃣✦4️⃣5️⃣6️⃣✦9️⃣6️⃣3️⃣
 • 📏 Đo thực tế:
 • Máy mỏng: khoảng 2.0 – 2.1 mm (ví dụ 2.07 mm)
 • Máy dày: khoảng 2.6 – 2.7 mm (ví dụ 2.63 mm)
 • 🔍 Chênh lệch chỉ khoảng 0.5 mm nhưng rất quan trọng
👉 Kinh nghiệm thực tế:
Chỉ cần đo thấy từ ~2.5 mm trở lên là có thể xếp vào máy vách dày.

Một chi tiết nhỏ nhưng rất quan trọng trong việc đánh giá chất lượng và giá trị sưu tầm của đồng hồ Ô đô 36/10.

#donghoco #donghoo_do #odo36_10 #vachday #vachmong #donghocokhi #donghoxua #kienthucdongho #donghosuutam #dochoixua",32,04/02/2026 08:32,https://www.facebook.com/reel/1470715551397169/,Thước phim,,Trọn đời,1,+2.7x,0,0,0,2588,24,0,19,4,0,2336,3218,13.125,32328.38,,A,A: trước 12/07/2026 và dưới 10.000 lượt xem,FANPAGE
1540778630942483,100050310827163,Đồng hồ Nhà kho,"Ô đô 36/10 – Nhận Biết Máy Dày Qua Số Seri | 0️⃣9️⃣6️⃣3️⃣✦4️⃣5️⃣6️⃣✦9️⃣6️⃣3️⃣
 • 🔢 Dòng 36/10 seri 4 số thường có cách nhận biết khá rõ
 • 📌 Những seri bắt đầu bằng 2 – 3 – 4 – 5 – 6
→ Thuộc máy dày, kết cấu chắc chắn, được đánh giá cao
 • 🔢 Một số ít đầu 7 vẫn có thể là máy dày
 • ⚠️ Các seri còn lại
→ Thường là máy mỏng, kết cấu nhẹ hơn

👉 Đây là kinh nghiệm thực tế giúp anh em nhanh chóng phân biệt đời máy và chất lượng kết cấu, từ đó đánh giá giá trị sưu tầm chính xác hơn.

#donghoco #donghoo_do #odo36_10 #mayday #maymong #soseri #donghocokhi #donghoxua #donghosuutam #kienthucdongho",16,04/02/2026 08:22,https://www.facebook.com/reel/946464597772943/,Thước phim,,Trọn đời,0,+1.2x,0,0,0,3917,38,0,35,6,0,3575,5756,11.712,43816.607,,A,A: trước 12/07/2026 và dưới 10.000 lượt xem,FANPAGE
1540767760943570,100050310827163,Đồng hồ Nhà kho,"Đồng Hồ Cổ Ô đô 12 Côn 3 Bài – Mặt Men Hạt Hiếm | 0️⃣9️⃣6️⃣3️⃣✦4️⃣5️⃣6️⃣✦9️⃣6️⃣3️⃣
 • 🕰️ Cấu hình 12 côn 12 búa, chơi 3 bản nhạc cơ khí
 • 🎼 Bộ nhạc gồm: Westminster – Ave Maria Loudes – Gai Carillon
 • 🎨 Điểm nhấn mặt men hạt, bề mặt mịn, lên màu cổ kính rất đẹp
 • 🔔 Âm thanh vang, dày, tròn tiếng, ngân sâu và cuốn hút
 • ⚙️ Bộ máy chắc chắn, vận hành ổn định theo thời gian

Một mẫu đồng hồ hội tụ mặt số đẹp – cấu hình hiếm – chất âm xuất sắc, rất được giới sưu tầm săn tìm.

#donghoco #donghoo_do #12con12bua #3bainhac #matmenhat #westminster #avemaria #gaicarillon #donghosuutam #donghocochaeu",17,04/02/2026 08:05,https://www.facebook.com/reel/1496955148764888/,Thước phim,,Trọn đời,10,+15.7x,0,0,0,4956,79,3,66,4,0,4654,6172,7.642,36661.331,,A,A: trước 12/07/2026 và dưới 10.000 lượt xem,FANPAGE
1540767107610302,100050310827163,Đồng hồ Nhà kho,"Ô đô 36/10 – Khái Niệm 4 Số & 5 Số Là Gì? | 0️⃣9️⃣6️⃣3️⃣✦4️⃣5️⃣6️⃣✦9️⃣6️⃣3️⃣

Khi tìm hiểu dòng 36/10, anh em thường nghe đến khái niệm máy 4 số và 5 số.

👉 Thực chất, đây là cách gọi dựa trên số seri của sản phẩm:
 • 🔢 Máy 4 số: thuộc đời sản xuất sớm, thường được đánh giá cao về độ cổ và giá trị sưu tầm
 • 🔢 Máy 5 số: là đời sản xuất sau, phổ biến hơn trên thị trường

💡 Hiểu đơn giản:
 • 4 số → đời trước
 • 5 số → đời sau

Đây là một cách nhận biết nhanh giúp anh em phân biệt niên đại tương đối của bộ máy, từ đó đánh giá giá trị khi sưu tầm.

#donghoco #donghoo_do #odo36_10 #may4so #may5so #soseri #donghocokhi #donghoxua #donghosuutam #kienthucdongho",20,04/02/2026 08:04,https://www.facebook.com/reel/967033602338387/,Thước phim,,Trọn đời,2,+3.8x,0,0,0,1904,19,0,15,2,0,1721,2459,9.698,17719.312,,A,A: trước 12/07/2026 và dưới 10.000 lượt xem,FANPAGE
1540757260944620,100050310827163,Đồng hồ Nhà kho,"3 Bản Nhạc Trên Đồng Hồ Ô đô 12 Côn | 0️⃣9️⃣6️⃣3️⃣✦4️⃣5️⃣6️⃣✦9️⃣6️⃣3️⃣

Dòng đồng hồ 12 côn thường chơi 3 bản nhạc cơ khí nổi tiếng:
 • 🎼 Westminster – bản nhạc kinh điển, quen thuộc, nhịp rõ ràng
 • 🎼 Ave Maria Loudes – giai điệu nhẹ nhàng, trầm ấm, sâu lắng
 • 🎼 Gai Carillon (Scotto) – vui tươi, trong trẻo, rất cuốn hút

👉 Đây là bộ 3 giai điệu được đánh giá cao, tạo nên chất âm đa dạng và đẳng cấp cho dòng đồng hồ 12 côn.

#donghoco #donghoo_do #12con #3bainhac #westminster #avemaria #gaicarillon #donghocokhi #amthanhdongho #donghosuutam",19,04/02/2026 07:50,https://www.facebook.com/reel/951233914196642/,Thước phim,,Trọn đời,4,+7.1x,0,0,0,5169,61,2,52,5,0,4756,6685,9.816,48917.664,,A,A: trước 12/07/2026 và dưới 10.000 lượt xem,FANPAGE
1540755127611500,100050310827163,Đồng hồ Nhà kho,"Đồng Hồ Cổ Ô đô 12 Côn 12 Búa – Mặt Gà Gô Loa Văn Hóa Pháp | 0️⃣9️⃣6️⃣3️⃣✦4️⃣5️⃣6️⃣✦9️⃣6️⃣3️⃣
 • 🕰️ Cấu hình 12 côn 12 búa, dòng hiếm, dàn âm lớn
 • 🎼 Âm thanh vang, dày, tròn tiếng, ngân sâu và rất cuốn hút
 • 🐓 Mặt số nổi bật với hình gà Gô Loa – biểu tượng văn hóa Pháp
 • ✨ Thiết kế hài hòa, mang đậm phong cách châu Âu cổ điển
 • ⚙️ Bộ máy chắc chắn, vận hành ổn định theo thời gian

Một mẫu đồng hồ hội tụ cả cấu hình mạnh, hình thức đẹp và giá trị sưu tầm cao, rất được giới chơi đồng hồ cổ quan tâm.

#donghoco #donghoo_do #12con12bua #gago loa #donghocokhi #donghoxua #amthanhdongho #donghosuutam #dochoixua #donghocochaeu",10,04/02/2026 07:47,https://www.facebook.com/reel/1630302788203769/,Thước phim,,Trọn đời,11,+16.8x,0,0,0,4140,57,3,46,3,0,3793,5702,6.629,26789.358,,A,A: trước 12/07/2026 và dưới 10.000 lượt xem,FANPAGE
1540749120945434,100050310827163,Đồng hồ Nhà kho,"Đồng Hồ Cổ Ô đô 12 Côn 3 Bài Nhạc – Phiên Bản Cực Hiếm | 0️⃣9️⃣6️⃣3️⃣✦4️⃣5️⃣6️⃣✦9️⃣6️⃣3️⃣
 • 🕰️ Cấu hình 12 côn – 12 búa, dòng rất hiếm gặp
 • 🎼 Chơi 3 bản nhạc cơ khí:
 • Westminster
 • Ave Maria Loudes
 • Gai Carillon
 • 🔔 Âm thanh dày, vang, tròn tiếng, ngân rất sâu và cuốn hút
 • ⚙️ Bộ máy lớn, kết cấu chắc chắn, hoạt động ổn định
 • ✨ Hình thức đẹp, mang giá trị sưu tầm cao

Một mẫu đồng hồ thuộc phân khúc hiếm, hội tụ cả cấu hình độc – chất âm hay – giá trị sưu tầm nổi bật.

#donghoco #donghoo_do #12con12bua #3bainhac #westminster #avemaria #gaicarillon #donghocokhi #donghosuutam #donghocochaeu",10,04/02/2026 07:38,https://www.facebook.com/reel/953857930448193/,Thước phim,,Trọn đời,12,+18.2x,0,0,0,5396,53,0,39,4,0,4900,7493,7.078,36470.092,,A,A: trước 12/07/2026 và dưới 10.000 lượt xem,FANPAGE
1540409640979382,100050310827163,Đồng hồ Nhà kho,"Rất dài và rất to. 10tr8
Hàng Đức cổ lòi, máy GB 187x",0,04/01/2026 22:08,https://www.facebook.com/donghonhakho.vn/posts/pfbid02HAytfniYkGEVAcfDUEWCQJaoKHnR1XwTJzeCsBhrG14r5EvP7VAWrp9niVaPQKtYl,Ảnh,,Trọn đời,10,--,0,0,0,6984,53,0,44,1,0,6418,4550,,,,A,A: trước 12/07/2026 và dưới 10.000 lượt xem,FANPAGE
1539699877717025,100050310827163,Đồng hồ Nhà kho,"Hàng Mới Về – Ô đô Ông Tây Đánh Chuông & 36/10 | 0️⃣9️⃣6️⃣3️⃣✦4️⃣5️⃣6️⃣✦9️⃣6️⃣3️⃣
💵:  5tr2
 • 🕰️ Về thêm nhiều mẫu Ô đô ông Tây đánh chuông, dáng đẹp, dễ chơi
 • 🔔 Cơ chế điểm chuông rõ ràng, âm trong, dễ nghe
 • 🎼 Có sẵn cả dòng 36/10 – 10 côn 10 búa, chơi 2 bản nhạc
 • ✨ Hình thức đẹp, hài hòa, phù hợp nhiều không gian
 • 💰 Giá hợp lý, dễ tiếp cận cho anh em yêu đồng hồ cổ

Một đợt hàng mới với nhiều lựa chọn, phù hợp từ người mới chơi đến anh em sưu tầm lâu năm.

#donghoco #donghoo_do #donghoongtay #36_10 #donghocokhi #donghoxua #amthanhdongho #donghosuutam #dochoixua #hangmoive",24,04/01/2026 01:53,https://www.facebook.com/reel/2077853446117141/,Thước phim,,Trọn đời,23,+34.2x,0,0,0,4546,52,1,27,1,1,4040,5187,6.517,28675.985,,A,A: trước 12/07/2026 và dưới 10.000 lượt xem,FANPAGE
1539688007718212,100050310827163,Đồng hồ Nhà kho,"Hồ Cổ Ô đô 36/10 – Gai Carillon & Chuông “Bính Boong” | 0️⃣9️⃣6️⃣3️⃣✦4️⃣5️⃣6️⃣✦9️⃣6️⃣3️⃣
 • 🕰️ Dòng 36/10 – 10 côn 10 búa, nổi bật về chất âm
 • 🎼 Bản nhạc Gai Carillon vang, trong, rất cuốn hút
 • 🔔 Điểm giờ với tiếng “bính – boong” kép đặc trưng, dễ nhận biết
 • 🎶 Âm thanh tròn tiếng, ngân dài, có chiều sâu rõ rệt
 • ⚙️ Bộ máy ổn định, mang lại trải nghiệm thưởng âm rất “đã”

Một trong những dòng đồng hồ được yêu thích nhờ chất âm riêng biệt và giàu cảm xúc.

#donghoco #dongho36_10 #gaicarillon #bingboong #donghocokhi #donghoxua #amthanhdongho #donghosuutam #dochoixua #donghocochaeu",28,04/01/2026 01:33,https://www.facebook.com/reel/2449002432226989/,Thước phim,,Trọn đời,3,+5.8x,0,0,0,3537,61,2,58,1,0,3336,4101,9.959,33811.916,,A,A: trước 12/07/2026 và dưới 10.000 lượt xem,FANPAGE
1539043694449310,100050310827163,Đồng hồ Nhà kho,"Cao 130cm chất liệu đồng, máy cổ GB Đức",0,03/31/2026 06:31,https://www.facebook.com/donghonhakho.vn/posts/pfbid0eEprPhELcefKqG8hjUAqCktNnkWWBfZ1s3z5qFPDygaNh4UmBXHjh2tGmSw3J7tel,Ảnh,,Trọn đời,4,--,0,0,0,7054,26,0,21,0,1,6513,8404,,,,A,A: trước 12/07/2026 và dưới 10.000 lượt xem,FANPAGE
1538913254462354,100050310827163,Đồng hồ Nhà kho,"Động cơ Stirling chỉ cần có nguồn nhiệt là có thể hoạt động, nên được xem là một trong những mô hình nguyên lý cơ bản nhất của các loại động cơ nhiệt thời kỳ đầu, đặt nền tảng cho sự phát triển của động cơ hơi nước, xe lửa và xe hơi sau này.",12,03/31/2026 02:46,https://www.facebook.com/reel/4332420403743204/,Thước phim,,Trọn đời,0,+0.6x,0,0,0,3999,8,0,8,0,0,3570,4720,6.351,23219.597,,A,A: trước 12/07/2026 và dưới 10.000 lượt xem,FANPAGE
1538909204462759,100050310827163,Đồng hồ Nhà kho,"Động Cơ Stirling – Chạy Bằng Nhiệt, Cơ Khí Tinh Tế | 0️⃣9️⃣6️⃣3️⃣✦4️⃣5️⃣6️⃣✦9️⃣6️⃣3️⃣
 • 🔥 Hoạt động nhờ khí giãn nở – co lại khi nóng và lạnh
 • ⚙️ Không đốt trong, dùng nguồn nhiệt bên ngoài (cồn, nến…)
 • 🔄 Chuyển động êm, ít rung, rất “đã mắt” khi quan sát
 • 🎯 Cấu tạo đơn giản nhưng yêu cầu độ kín và cân chỉnh cao
 • 📚 Thường dùng làm mô hình cơ khí, đồ trưng bày, sưu tầm

Một cơ cấu nhỏ nhưng thể hiện rõ trí tuệ kỹ thuật và nguyên lý vật lý, càng chơi càng thấy thú vị.

#dongcostirling #dongco #cokhi #vatly #nguyenlynhiet #maymoc #kienthuckhoahoc #dochoikhoahoc #suutam #kythuat",3,03/31/2026 02:39,https://www.facebook.com/reel/1628585201685450/,Thước phim,,Trọn đời,2,+3.3x,0,0,0,2593,10,0,9,0,0,2343,4898,4.009,9743.707,,A,A: trước 12/07/2026 và dưới 10.000 lượt xem,FANPAGE
1538902547796758,100050310827163,Đồng hồ Nhà kho,"Hướng Dẫn Chuyển Bài Nhạc Trên Ô đô 36/8 | 0️⃣9️⃣6️⃣3️⃣✦4️⃣5️⃣6️⃣✦9️⃣6️⃣3️⃣

📌 Dòng chữ trên máy:
“WESTMINSTER tirer le levier
CLOCHES COMTOISES pousser le levier
(Ne pas manœuvrer pendant la sonnerie du carillon)”

⸻

👉 Hiểu đơn giản:
 • 🎼 WESTMINSTER:
→ Kéo cần gạt ra (tirer le levier)
 • 🎼 CLOCHES COMTOISES:
→ Đẩy cần gạt vào (pousser le levier)

⸻

⚠️ Lưu ý quan trọng:
 • ❌ Không được thao tác khi đồng hồ đang đánh nhạc
 • 👉 Phải đợi đồng hồ đánh xong mới gạt để tránh hỏng cơ

⸻

💡 Tóm lại:
 • Kéo cần → Westminster
 • Đẩy cần → Cloches Comtoises

Một cơ cấu nhỏ nhưng rất thú vị, giúp anh em tùy chọn giai điệu theo sở thích, tạo trải nghiệm thưởng âm đa dạng.

#donghoco #donghoo_do #odo36_8 #chuyenbainhac #westminster #clochescomtoises #donghocokhi #donghoxua #donghosuutam #dochoixua",26,03/31/2026 02:28,https://www.facebook.com/reel/826721377138129/,Thước phim,,Trọn đời,0,+1.6x,0,0,0,3050,22,1,22,0,1,2898,3918,11.841,35299.973,,A,A: trước 12/07/2026 và dưới 10.000 lượt xem,FANPAGE
1538885804465099,100050310827163,Đồng hồ Nhà kho,"Đồng Hồ Cổ Ô đô 36/6 Đời Đầu – Máy Vách Hở Có Cần Chuyển Nhạc | 0️⃣9️⃣6️⃣3️⃣✦4️⃣5️⃣6️⃣✦9️⃣6️⃣3️⃣
 • 🕰️ Dòng đồng hồ cổ 36/6 đời đầu, mang nét đặc trưng riêng
 • ⚙️ Máy vách hở, dễ quan sát cơ cấu hoạt động bên trong
 • 🎼 Trang bị cần chuyển bài nhạc, linh hoạt khi sử dụng
 • 🔔 Âm thanh rõ ràng, mạch lạc, mang chất cơ khí cổ điển
 • ✨ Hình thức hài hòa, mang đậm dấu ấn thời gian

Một phiên bản thú vị, thể hiện rõ đặc trưng kỹ thuật đời đầu, được nhiều người chơi đồng hồ cổ quan tâm.

#donghoco #donghoo_do #odo36_6 #vachho #chuyenbainhac #donghocokhi #donghoxua #donghosuutam #dochoixua #donghocochaeu",21,03/31/2026 01:54,https://www.facebook.com/reel/1758214331808262/,Thước phim,,Trọn đời,6,+9.5x,0,0,0,3603,33,1,22,6,0,3152,4356,9.323,31607.687,,A,A: trước 12/07/2026 và dưới 10.000 lượt xem,FANPAGE
1538871371133209,100050310827163,Đồng hồ Nhà kho,"Động Cơ Stirling – Cơ Khí Chạy Bằng Nhiệt | 0️⃣9️⃣6️⃣3️⃣✦4️⃣5️⃣6️⃣✦9️⃣6️⃣3️⃣
 • 🔥 Hoạt động dựa trên sự giãn nở và co lại của khí khi nóng – lạnh
 • ⚙️ Không cần đốt trong, dùng nguồn nhiệt bên ngoài (cồn, nến, mặt trời…)
 • 🔄 Chuyển động êm, ít rung, quan sát rất thú vị
 • 🎯 Cấu tạo đơn giản nhưng nguyên lý rất tinh tế
 • 📚 Thường dùng làm mô hình cơ khí, đồ sưu tầm, thiết bị trình diễn

Một cơ cấu nhỏ gọn nhưng thể hiện rõ trí tuệ kỹ thuật và nguyên lý vật lý rất đáng khám phá.

#dongcostirling #dongco #cokhi #vatly #nguyenlynhiet #maymoc #kienthuckhoahoc #dochoikhoahoc #suutam #kythuat",7,03/31/2026 01:27,https://www.facebook.com/reel/1272845324948430/,Thước phim,,Trọn đời,0,+0.5x,0,0,0,2798,16,0,15,2,0,2599,3744,4.749,12663.113,,A,A: trước 12/07/2026 và dưới 10.000 lượt xem,FANPAGE
1538602811160065,100050310827163,Đồng hồ Nhà kho,"Hàng sắp nhận.
👉  Ở đây chỉ bàn về giá, còn chất lượng thì khỏi bàn – đã ở mức đỉnh rồi.",0,03/30/2026 16:09,https://www.facebook.com/donghonhakho.vn/posts/pfbid02PoHvCDGZX2umxfDxd5eJv7RpTLoBqktAJryXJJfnNkHDK4g3vT5F1TsxPSosVJyil,Ảnh,,Trọn đời,26,--,0,0,0,6176,57,0,30,0,4,5879,8855,,,,A,A: trước 12/07/2026 và dưới 10.000 lượt xem,FANPAGE
1538098807877132,100050310827163,Đồng hồ Nhà kho,"Động Cơ Stirling – Nguyên Lý Nhiệt Thành Cơ Độc Đáo | 0️⃣9️⃣6️⃣3️⃣✦4️⃣5️⃣6️⃣✦9️⃣6️⃣3️⃣
 • 🔥 Động cơ Stirling hoạt động dựa trên sự giãn nở và co lại của khí khi thay đổi nhiệt độ
 • ⚙️ Không cần đốt nhiên liệu bên trong, có thể dùng đèn cồn, nhiệt mặt trời, nguồn nhiệt ngoài
 • 🔄 Chuyển động êm, ít rung, quan sát rất “đã mắt”
 • 📊 Hiệu suất ổn định, nguyên lý rõ ràng, mang tính khoa học cao
 • 🎯 Thường được dùng làm mô hình cơ khí – đồ sưu tầm – thiết bị trình diễn

Một cơ cấu đơn giản nhưng tinh tế, thể hiện rõ trí tuệ kỹ thuật và nguyên lý vật lý rất đáng để tìm hiểu.

#dongcostirling #dongco #cokhi #vatly #nguyenlynhiet #maymoc #kienthuckhoa hoc #dochoikhoa hoc #suutam #kythuat",66,03/30/2026 00:31,https://www.facebook.com/reel/1329104595731428/,Thước phim,,Trọn đời,2,+6.8x,0,0,0,3530,17,-1,14,2,0,3183,3523,9.134,30115.058,,A,A: trước 12/07/2026 và dưới 10.000 lượt xem,FANPAGE
1537612447925768,100050310827163,Đồng hồ Nhà kho,"Đồng Hồ Cổ Normandie – 17 Búa 11 Côn Hiếm Gặp | 0️⃣9️⃣6️⃣3️⃣✦4️⃣5️⃣6️⃣✦9️⃣6️⃣3️⃣
 • 🕰️ Đồng hồ cổ Normandie cấu hình 17 búa 11 côn, thuộc dòng hiếm
 • 🎼 Chơi nhiều giai điệu cơ khí, âm thanh vang, dày và rất cuốn hút
 • 🔔 Dàn côn lớn cho chất âm tròn tiếng, có chiều sâu rõ rệt
 • ⚙️ Bộ máy chắc chắn, vận hành ổn định theo thời gian
 • ✨ Hình thức hài hòa, phù hợp trưng bày không gian rộng

Một mẫu đồng hồ hiếm, hội tụ cả cấu hình độc đáo và chất âm ấn tượng, rất được giới sưu tầm quan tâm.

#donghoco #normandie #17bua11con #donghocokhi #donghoxua #amthanhdongho #donghosuutam #dochoixua #donghocochaeu #gioi_suutam",30,03/29/2026 08:22,https://www.facebook.com/reel/1461655602013604/,Thước phim,,Trọn đời,9,+17.5x,0,0,0,6348,111,7,100,4,5,5794,7294,11.597,69204.596,,A,A: trước 12/07/2026 và dưới 10.000 lượt xem,FANPAGE
1536279891392357,100050310827163,Đồng hồ Nhà kho,"Đồng Hồ Cổ Ô đô 36/10 – Côn Chữ M Âm Thanh Đặc Trưng | 0️⃣9️⃣6️⃣3️⃣✦4️⃣5️⃣6️⃣✦9️⃣6️⃣3️⃣

Dòng đồng hồ cổ 36/10 – 10 côn 10 búa được nhiều người yêu thích nhờ chất âm nổi bật, vang, tròn tiếng và rất giàu cảm xúc.

Điểm đặc trưng nằm ở côn chữ M, một kiểu chế tác đòi hỏi tay nghề cao, góp phần tạo nên âm thanh rõ nhịp, ngân dài và có chiều sâu riêng biệt.

Trải qua thời gian, dòng 36/10 vẫn giữ được vị thế trong giới chơi đồng hồ cổ, là lựa chọn quen thuộc của những người yêu thích giá trị nguyên bản và chất âm đặc trưng.

#donghoco #dongho36_10 #conchuM #donghocokhi #donghoxua #amthanhdongho #donghosuutam #gioi_suutam #dochoixua #donghocochaeu",18,03/27/2026 18:13,https://www.facebook.com/reel/1626994168502811/,Thước phim,,Trọn đời,4,+6.9x,0,0,0,3204,34,0,30,0,0,2830,4156,10.443,31633.285,,A,A: trước 12/07/2026 và dưới 10.000 lượt xem,FANPAGE
1536272951393051,100050310827163,Đồng hồ Nhà kho,"Đồng Hồ Cổ 36/10 – Đủ Giấy Tờ 1952, Giá Trị Sưu Tầm Cao | 0️⃣9️⃣6️⃣3️⃣✦4️⃣5️⃣6️⃣✦9️⃣6️⃣3️⃣

Một dấu mốc từ năm 1952, chiếc đồng hồ cổ 36/10 không chỉ đẹp về hình thức mà còn mang theo giá trị lịch sử rõ ràng qua bộ giấy tờ đi kèm.

Sản phẩm còn đủ 2 tờ hướng dẫn sử dụng của hãng cùng giấy kiểm định chất lượng kiêm phiếu bảo hành của Hiệp hội đồng hồ quốc gia tại Pháp – một chi tiết rất hiếm gặp trong giới sưu tầm.

Bộ máy bền bỉ, âm thanh vang, tròn tiếng và giàu cảm xúc. Một chiếc đồng hồ không chỉ để thưởng âm, mà còn là chứng nhân thời gian với hồ sơ đầy đủ và giá trị sưu tầm cao.

#donghoco #dongho36_10 #giaytozin #1952 #donghocokhi #donghoxua #amthanhdongho #donghosuutam #dochoixua #donghocochaeu",63,03/27/2026 17:59,https://www.facebook.com/reel/1250672693943713/,Thước phim,,Trọn đời,14,+35.2x,0,0,0,3015,35,1,22,0,0,2715,3205,10.547,29986.295,,A,A: trước 12/07/2026 và dưới 10.000 lượt xem,FANPAGE
1535585638128449,100050310827163,Đồng hồ Nhà kho,"Đồng Hồ Cổ Ô đô 36/10 – Máy 4 Số Vách Dày Hai Bài Nhạc | 0️⃣9️⃣6️⃣3️⃣✦4️⃣5️⃣6️⃣✦9️⃣6️⃣3️⃣

Mẫu đồng hồ cổ 36/10 – 10 côn 10 búa, thuộc dòng máy 4 số vách dày đời đầu, được nhiều người chơi đánh giá cao về độ chắc chắn và chất âm.

Đồng hồ chơi 2 bản nhạc cơ khí, âm thanh vang, tròn tiếng, ngân dài và có độ sâu đặc trưng của dòng vách dày. Bộ máy bền bỉ, vận hành ổn định theo thời gian.

Tổng thể hài hòa, mang đậm nét cổ điển, là một trong những phiên bản được ưa chuộng nhờ giá trị sưu tầm cao và chất âm ấn tượng.

#donghoco #dongho36_10 #may4so #vachd day #2bainhac #donghocokhi #donghoxua #amthanhdongho #donghosuutam #donghocochaeu",25,03/26/2026 22:14,https://www.facebook.com/reel/881489248179290/,Thước phim,,Trọn đời,7,+10.7x,0,0,0,2929,20,0,13,0,0,2543,3358,8.684,23605.743,,A,A: trước 12/07/2026 và dưới 10.000 lượt xem,FANPAGE
1535580184795661,100050310827163,Đồng hồ Nhà kho,"Đồng Hồ Cổ Gothic Châu Âu – Cao 95cm, Khoảng 1860 | 0️⃣9️⃣6️⃣3️⃣✦4️⃣5️⃣6️⃣✦9️⃣6️⃣3️⃣

Mẫu đồng hồ cổ mang đậm phong cách Gothic châu Âu, sản xuất khoảng 1860, với chiều cao 95cm tạo dáng bề thế và nổi bật khi treo tường.

Thùng được chạm khắc tinh xảo với các chi tiết nhọn, đối xứng đặc trưng của kiến trúc nhà thờ, tạo cảm giác cổ kính và trang nghiêm. Mặt số hài hòa, bố cục cân đối, giữ được nét đẹp nguyên bản theo thời gian.

Một chiếc đồng hồ không chỉ để xem giờ mà còn là tác phẩm nghệ thuật, mang giá trị sưu tầm cao và rất phù hợp với không gian cổ điển.

#donghoco #donghogothic #donghoxua #donghocokhi #donghotreotuong #donghochauau #donghosuutam #dochoixua #trangtrico_dien #donghocochaeu",52,03/26/2026 22:04,https://www.facebook.com/reel/1955482965055429/,Thước phim,,Trọn đời,10,+15.4x,0,0,0,4322,51,5,43,2,0,4181,4779,7.758,32848.823,,A,A: trước 12/07/2026 và dưới 10.000 lượt xem,FANPAGE
1533382858348727,100050310827163,Đồng hồ Nhà kho,"Đồng Hồ Cổ 10 Búa 6 Côn Hai Bài Nhạc – Âm Thanh Xuất Sắc | 0️⃣9️⃣6️⃣3️⃣✧4️⃣5️⃣6️⃣✧9️⃣6️⃣3️⃣

Mẫu đồng hồ cổ cấu hình 10 búa 6 côn, chơi 2 bản nhạc cơ khí, thuộc dòng được nhiều người chơi đánh giá cao về chất âm.

Âm thanh vang, tròn tiếng, ngân dài và rất cuốn hút, tạo cảm giác sâu và êm khi thưởng thức. Bộ máy cơ khí bền bỉ, vận hành ổn định theo thời gian.

Tổng thể thiết kế hài hòa, hình thức đẹp, là một trong những phiên bản được ưa chuộng, mang giá trị sưu tầm cao.

#donghoco #10bua6con #2bainhac #donghocokhi #donghoxua #amthanhdongho #donghosuutam #dochoixua #donghocochaeu #gioi_suutam",38,03/24/2026 08:48,https://www.facebook.com/reel/949120544361060/,Thước phim,,Trọn đời,19,+28.8x,0,0,0,4433,73,2,49,7,0,4019,5361,13.383,57159.441,,A,A: trước 12/07/2026 và dưới 10.000 lượt xem,FANPAGE
1533375251682821,100050310827163,Đồng hồ Nhà kho,"Cơ Cấu Phân Chia Bài Nhạc Trên 36/10 – Nhịp 15, 30, 45 Phút | 0️⃣9️⃣6️⃣3️⃣✦4️⃣5️⃣6️⃣✦9️⃣6️⃣3️⃣

Trên đồng hồ cổ 36/10 – 10 côn 10 búa, cơ cấu đánh nhạc được phân chia theo từng mốc thời gian rất rõ ràng.

Ở các mốc 15 phút, 30 phút và 45 phút, mỗi đoạn nhạc sẽ có độ dài khác nhau, từ ngắn đến dài dần, tạo nên nhịp điệu tăng tiến rất đặc trưng.

Khi đến đúng giờ, đồng hồ sẽ hoàn thiện toàn bộ bản nhạc rồi mới chuyển sang điểm giờ. Đây là cơ cấu thể hiện sự tinh tế trong thiết kế, mang lại trải nghiệm thưởng âm rất cuốn hút.

#donghoco #dongho36_10 #donghocokhi #donghoxua #donghoqulac #amthanhdongho #kienthucdongho #donghosuutam #dochoixua #donghocochaeu",6,03/24/2026 08:36,https://www.facebook.com/reel/1264376355123610/,Thước phim,,Trọn đời,0,+1x,0,0,0,3437,31,0,30,1,0,3183,6086,7.712,25164.526,,A,A: trước 12/07/2026 và dưới 10.000 lượt xem,FANPAGE
1533120058375007,100050310827163,Đồng hồ Nhà kho,"🖼️ Tranh sơn dầu châu Âu cổ – khung gỗ thếp vàng nổi bật, mang đậm phong cách cổ điển sang trọng- Mã số D13
💵: 9tr8

✨ Khung tranh chạm hoa văn tinh xảo, các chi tiết uốn lượn mềm mại, lớp thếp vàng tạo chiều sâu và độ bắt sáng rất đẹp khi treo trong không gian phòng khách hay phòng làm việc.

🎨 Bức tranh thể hiện phong cảnh thiên nhiên yên bình, nét vẽ thủ công xưa rõ ràng, màu sắc trầm ấm theo thời gian, càng nhìn càng có chiều sâu.

💫 Tổng thể hài hòa giữa tranh và khung, phù hợp cho người yêu đồ sưu tầm châu Âu, vừa trang trí vừa mang giá trị thẩm mỹ lâu dài.

📏 Kích thước: 120x85 cm

☎️ 0963.456.963
🏠 Khu đô thị Văn Phú, phường Phú La, quận Hà Đông, Hà Nội

#tranh_son_dau #tranh_co_chau_au #tranh_trang_tri #tranh_khung_go #khung_thep_vang #tranh_phong_canh #tranh_suu_tam #do_co_chau_au #tranh_dep #trang_tri_noi_that",0,03/24/2026 01:58,https://www.facebook.com/donghonhakho.vn/posts/pfbid02MhQxz2z5TLrPMnFUHCgTQbbqxFyVKULLGRt5hkHyJL1Yem9YipBq8FFxQ8FwM2MNl,Ảnh,,Trọn đời,0,--,0,0,0,394,0,0,0,0,0,340,526,,,,A,A: trước 12/07/2026 và dưới 10.000 lượt xem,FANPAGE
1532551561765190,100050310827163,Đồng hồ Nhà kho,"Nó khá giống nhau về hình thức. Nhưng sao 1 cái có tay nắm, cái không ạ?
Nhờ ae có kinh nghiệm chia sẻ giùm.",0,03/23/2026 08:54,https://www.facebook.com/donghonhakho.vn/posts/pfbid02ptJHJMbvBjN6PYD6vQ4HJeCxGGz4FH7hPCzzfBAjWPaQz9hAZ2h3qrtbnbLZncwxl,Ảnh,,Trọn đời,7,--,0,0,0,3846,29,1,23,0,1,3502,5584,,,,A,A: trước 12/07/2026 và dưới 10.000 lượt xem,FANPAGE
1532098901810456,100050310827163,Đồng hồ Nhà kho,"Đồng Hồ Cổ Ô đô 36/10 – Nữ Hoàng Âm Thanh | 0️⃣9️⃣6️⃣3️⃣✦4️⃣5️⃣6️⃣✦9️⃣6️⃣3️⃣

Mẫu đồng hồ cổ 36/10 – 10 côn 10 búa, chơi 2 bản nhạc cơ khí, được nhiều người chơi đánh giá là “nữ hoàng âm thanh” trong các bộ sưu tập đồng hồ cổ.

Chất âm vang, tròn tiếng, ngân dài và rất cuốn hút, mang lại trải nghiệm thưởng âm sâu và dễ chịu. Bộ máy cơ khí bền bỉ, vận hành ổn định theo thời gian.

Thiết kế tổng thể hài hòa, kiểu dáng ưa nhìn, phù hợp trưng bày nhiều không gian. Một mẫu đồng hồ vừa đẹp, vừa có giá trị sưu tầm cao.

#donghoco #dongho36_10 #10con10bua #2bainhac #donghocokhi #donghoxua #amthanhdongho #donghosuutam #dochoixua #donghocochaeu",23,03/22/2026 21:12,https://www.facebook.com/reel/4017302958567758/,Thước phim,,Trọn đời,10,+15.7x,0,0,0,4661,72,1,61,4,0,4489,5489,9.644,43622.193,,A,A: trước 12/07/2026 và dưới 10.000 lượt xem,FANPAGE
1531412598545753,100050310827163,Đồng hồ Nhà kho,"Cơ Cấu Điểm Nhạc – Điểm Chuông Đồng Hồ Cổ | 0️⃣9️⃣6️⃣3️⃣✦4️⃣5️⃣6️⃣✦9️⃣6️⃣3️⃣

Trong đồng hồ cổ cơ khí, các bộ phận điểm nhạc và điểm chuông được liên kết với nhau theo một trình tự rất logic và chặt chẽ.

Khi kim phút và kim giờ quay, chúng sẽ kích hoạt bộ điểm nhạc. Sau khi phần nhạc hoàn thành, cơ cấu tiếp tục kích hoạt bộ điểm giờ, tạo nên chuỗi hoạt động tuần tự, chính xác.

Từng bộ phận liên kết và dẫn động lẫn nhau, tạo thành một hệ thống vận hành nhịp nhàng. Đây chính là minh chứng rõ nét cho trí tuệ và tính khoa học trong chế tác đồng hồ cơ khí xưa.

#donghoco #donghocokhi #donghoxua #kienthucdongho #donghoqulac #amthanhdongho #cochudongho #donghosuutam #dochoixua #donghocochaeu",38,03/22/2026 01:59,https://www.facebook.com/reel/1230235092612460/,Thước phim,,Trọn đời,0,+1.3x,0,0,0,2248,22,0,18,4,0,2035,2685,13.138,28707.939,,A,A: trước 12/07/2026 và dưới 10.000 lượt xem,FANPAGE
1531401455213534,100050310827163,Đồng hồ Nhà kho,"Đồng Hồ Cổ 36/10 – Âm Chuông Ngân Nga, Nhạc Thánh Thót | 0️⃣9️⃣6️⃣3️⃣✧4️⃣5️⃣6️⃣✧9️⃣6️⃣3️⃣

Dòng đồng hồ cổ 36/10 – 10 côn 10 búa nổi bật với chất âm đặc trưng, tiếng chuông vang, ngân nga và rất dễ nghe.

Giai điệu nhạc đánh lên thánh thót, rõ nhịp, tạo cảm giác nhẹ nhàng nhưng vẫn cuốn hút. Đặc biệt, cơ cấu điểm giờ kép mang lại tiếng “bính – boong” riêng biệt, tạo dấu ấn khó nhầm lẫn.

Đây là dòng đồng hồ được nhiều người chơi đánh giá cao nhờ chất âm hay và giàu cảm xúc, mang giá trị sưu tầm đáng chú ý.

#donghoco #dongho36_10 #amthanhdongho #donghocokhi #donghoxua #donghoqulac #binhboong #donghosuutam #dochoixua #donghocochaeu",27,03/22/2026 01:39,https://www.facebook.com/reel/1901571523826329/,Thước phim,,Trọn đời,2,+3.8x,0,0,0,1949,28,1,25,2,0,1860,2421,8.975,18058.992,,A,A: trước 12/07/2026 và dưới 10.000 lượt xem,FANPAGE
1531331081887238,100050310827163,Đồng hồ Nhà kho,Đồng Hồ Cổ 36/10 – 10 Côn 10 Búa Hai Bài Nhạc | 0️⃣9️⃣6️⃣3️⃣✪4️⃣5️⃣6️⃣✪9️⃣6️⃣3️⃣,10,03/21/2026 23:41,https://www.facebook.com/reel/961836119531281/,Thước phim,,Trọn đời,8,+12.5x,0,0,0,4034,53,1,45,0,0,3621,5076,6.712,24969.709,,A,A: trước 12/07/2026 và dưới 10.000 lượt xem,FANPAGE
1531326595221020,100050310827163,Đồng hồ Nhà kho,"Đồng Hồ Cổ Ô đô 36/10 – Thùng Mai Mực 2 Bài Nhạc | 0️⃣9️⃣6️⃣3️⃣✧4️⃣5️⃣6️⃣✧9️⃣6️⃣3️⃣

Mẫu đồng hồ cổ 36/10 – 10 côn 10 búa, chơi 2 bản nhạc cơ khí, nổi bật với phiên bản thùng mai mực rất hiếm và được nhiều người chơi đánh giá cao.

Thiết kế thùng mềm mại, tạo dáng uyển chuyển, tổng thể hài hòa và rất cuốn hút khi trưng bày. Đồng hồ giữ tình trạng đẹp gần như hoàn hảo, các chi tiết đồng bộ.

Âm thanh vang, tròn tiếng, ngân dài, mang lại trải nghiệm thưởng âm rất đặc trưng. Một mẫu đồng hồ có giá trị sưu tầm cao.

#donghoco #dongho36_10 #thungmaimuc #donghocokhi #donghoxua #amthanhdongho #donghosuutam #dochoixua #donghocochaeu #gioi_suutam",0,03/21/2026 23:34,https://www.facebook.com/donghonhakho.vn/posts/pfbid0LaYVddw1bd5mz7mH1q3DmjEHyMFo5pHZcH2XfneFTea51r2kKwLUXZ31M25zXiHql,Ảnh,,Trọn đời,10,--,0,0,0,4134,31,0,19,1,1,3879,5945,,,,A,A: trước 12/07/2026 và dưới 10.000 lượt xem,FANPAGE
1530797398607273,100050310827163,Đồng hồ Nhà kho,"Đồng Hồ Lắc Chỉ Tơ – Dấu Ấn Thời Kỳ Đầu Ngành Đồng Hồ | 0️⃣9️⃣6️⃣3️⃣✧4️⃣5️⃣6️⃣✧9️⃣6️⃣3️⃣

Ở giai đoạn đầu của ngành đồng hồ cơ khí, khi lò xo lá mía chưa phổ biến, người ta sử dụng một sợi chỉ mảnh để treo quả lắc thay cho các cơ cấu kim loại sau này.

Những chiếc đồng hồ dùng cơ cấu này được gọi là lắc chỉ tơ. Nhờ sợi chỉ mảnh, quả lắc dao động nhẹ nhàng, tạo chuyển động êm và mang nét kỹ thuật rất đặc trưng của thời kỳ đầu.

Đây là một chi tiết thú vị, thể hiện sự phát triển của đồng hồ cơ khí và có giá trị sưu tầm cao đối với người yêu đồ xưa.

#donghoco #lacchito #donghocokhi #donghoxua #kienthucdongho #donghoqulac #suutamdongho #dochoixua #lichsudongho #donghocochaeu",27,03/21/2026 08:28,https://www.facebook.com/reel/780264511453143/,Thước phim,,Trọn đời,5,+9.3x,0,0,0,3556,35,2,30,1,2,3256,4387,13.164,45219.354,,A,A: trước 12/07/2026 và dưới 10.000 lượt xem,FANPAGE
1530789501941396,100050310827163,Đồng hồ Nhà kho,"Bộ Đồng Hồ Cổ Pháp 1827 – 3 Món Đồng & Đá, Nàng Thơ | 0️⃣9️⃣6️⃣3️⃣✦4️⃣5️⃣6️⃣✦9️⃣6️⃣3️⃣

Bộ đồng hồ để bàn 3 món xuất xứ Pháp, sản xuất khoảng 1827, gồm đồng hồ trung tâm và hai món trang trí đi kèm. Chất liệu đồng kết hợp đá tạo nên tổng thể sang trọng, liền lạc.

Điểm nhấn là hình tượng nàng thơ được chế tác tinh xảo, đường nét mềm mại, mang đậm phong cách nghệ thuật châu Âu cổ điển. Tổng thể đẹp hoàn hảo, hài hòa và rất cuốn hút khi trưng bày.

Một bộ sưu tập vừa mang giá trị thẩm mỹ cao, vừa có giá trị sưu tầm đặc biệt.

#donghoco #donghophap #1827 #bodongho #dongvada #donghodeban #dochoixua #donghosuutam #trangtrico_dien #donghocochaeu",12,03/21/2026 08:17,https://www.facebook.com/reel/939548502104204/,Thước phim,,Trọn đời,2,+3.6x,0,0,0,2456,18,0,17,0,0,2262,3089,7.322,17206.922,,A,A: trước 12/07/2026 và dưới 10.000 lượt xem,FANPAGE
1529629372057409,100050310827163,Đồng hồ Nhà kho,"Đồng Hồ Cổ Bồ Đào Nha – Mặt Tròn Số Nổi Âm Cực Hay | 0️⃣9️⃣6️⃣3️⃣✪4️⃣5️⃣6️⃣✪9️⃣6️⃣3️⃣

Mẫu đồng hồ cổ xuất xứ Bồ Đào Nha với mặt tròn số nổi, tạo điểm nhấn rõ nét và rất dễ quan sát.

Âm thanh được đánh giá cao với chất âm vang, tròn tiếng, ngân dài và rất dễ nghe, mang đặc trưng của đồng hồ cơ khí châu Âu xưa. Tổng thể thiết kế hài hòa, phù hợp trưng bày nhiều không gian.

Một mẫu đồng hồ vừa đẹp về hình thức, vừa có giá trị sưu tầm cao, được nhiều người yêu thích.

#donghoco #donghobo_dao_nha #matsotron #matsonoi #donghocokhi #donghoxua #donghoqulac #amthanhdongho #donghosuutam #donghocochaeu",20,03/20/2026 02:42,https://www.facebook.com/reel/2478703122569836/,Thước phim,,Trọn đời,9,+14.5x,0,0,0,5827,69,0,61,5,0,5283,7459,11.493,63882.349,,A,A: trước 12/07/2026 và dưới 10.000 lượt xem,FANPAGE
1529607385392941,100050310827163,Đồng hồ Nhà kho,"Đồng Hồ Cổ 36/10 – 10 Côn 10 Búa Hai Bài Nhạc | 0️⃣9️⃣6️⃣3️⃣✦4️⃣5️⃣6️⃣✦9️⃣6️⃣3️⃣

Mẫu đồng hồ cổ 36/10 – 10 côn 10 búa, nổi bật với cơ cấu chơi hai bản nhạc cơ khí cổ điển cùng tiếng chuông kép bính – boong rất đặc trưng. Âm thanh vang, rõ nhịp, ngân dài và dễ nghe.

Thiết kế thùng dài cân đối, tổng thể hài hòa, phù hợp trưng bày nhiều không gian. Bộ máy cơ khí bền bỉ, vận hành ổn định theo thời gian.

Một mẫu đồng hồ được giới chơi đánh giá cao nhờ chất âm hay và giá trị sưu tầm nổi bật.

#donghoco #dongho36_10 #donghocokhi #donghoxua #donghoqulac #amthanhdongho #donghosuutam #binhboong #dochoixua #donghocochaeu",28,03/20/2026 02:08,https://www.facebook.com/reel/1690121098640902/,Thước phim,,Trọn đời,27,+39.9x,0,0,0,4593,64,1,37,1,0,4092,5460,10.829,47402.222,,A,A: trước 12/07/2026 và dưới 10.000 lượt xem,FANPAGE
1528702282150118,100050310827163,Đồng hồ Nhà kho,"Bộ Bình Trà Châu Âu Họa Tiết Cối Xay Gió Sang Trọng- Mã số D10
💵: 4tr7

✨ Một bộ bình trà châu Âu mang phong cách cổ điển rất rõ nét, nổi bật với họa tiết cối xay gió đặc trưng – gợi nhớ khung cảnh làng quê yên bình, nhẹ nhàng và đầy chất thơ.

✨ Tông màu đỏ – trắng kết hợp viền mạ vàng tạo nên tổng thể sang trọng, ấm áp, lên bàn trà rất nổi bật và có chiều sâu thẩm mỹ.

✨ Bộ gồm đầy đủ: ấm trà, âu đường, bình sữa và 6 tách kèm đĩa. Dáng ấm cao, vòi cong mềm mại, quai cầm chắc tay – đúng tinh thần đồ sứ châu Âu xưa.

✨ Chất men sáng, họa tiết sắc nét, các chi tiết mạ vàng còn đẹp – thể hiện độ giữ gìn tốt theo thời gian.

✨ Phù hợp trưng bày phòng khách, không gian trà đạo hoặc góc sưu tầm, vừa sử dụng vừa tạo điểm nhấn tinh tế cho không gian sống.

💫 Một bộ bình trà không chỉ để thưởng trà mà còn mang giá trị sưu tầm và cảm xúc rất riêng đối với người yêu đồ xưa.

📞 0963.456.963
🏠 Khu đô thị Văn Phú, phường Phú La, quận Hà Đông, Hà Nội

#bo_binh_tra_chau_au #binh_tra_co #do_su_chau_au #binh_tra_suu_tam #binh_tra_co_dien #do_xua_chau_au #binh_tra_dep #bo_tra_su #do_su_hoa_van #binh_tra_mau_do #do_su_suu_tam #khong_gian_tra #phong_khach_dep #do_trang_tri",0,03/19/2026 01:07,https://www.facebook.com/donghonhakho.vn/posts/pfbid0KdHRNKg9gTRVp6SSG4a9U7QpF1XUy9L3t1K1kuvwDfkWaHCNZzPkWKEJdPdu6FTCl,Ảnh,,Trọn đời,0,--,0,0,0,650,1,0,1,0,0,535,872,,,,A,A: trước 12/07/2026 và dưới 10.000 lượt xem,FANPAGE
1527777548909258,100050310827163,Đồng hồ Nhà kho,"Bộ Bình Trà Bavaria Đức – Họa Tiết Hoa Đỏ Cổ Điển, Dáng Thanh Nhã, Đáng Sưu Tầm- Mã số D9
💵: 4tr6

✨ Bộ bình trà xuất xứ Đức, thuộc dòng sứ Bavaria nổi tiếng với chất liệu sứ mịn, nhẹ và độ hoàn thiện cao.  ￼

✨ Tổng thể bộ gồm ấm trà, bình sữa, âu đường và các tách kèm đĩa – bố cục đầy đủ, hài hòa, rất phù hợp trưng bày hoặc sử dụng tiếp khách.  ￼

✨ Họa tiết hoa đỏ nổi bật trên nền men trắng, mang phong cách châu Âu cổ điển, tạo cảm giác ấm cúng và sang trọng. Các dòng Bavaria thường sử dụng hoa văn thiên nhiên tinh tế, rất được ưa chuộng trong giới sưu tầm.  ￼

✨ Dáng ấm cao thanh, vòi cong mềm mại, quai cầm cân đối. Các tách trà nhỏ gọn, cầm chắc tay, rất tiện khi sử dụng.

💫 Một bộ bình trà cổ vừa đẹp về thẩm mỹ, vừa mang giá trị sưu tầm, phù hợp trưng bày phòng khách, tủ kệ hoặc không gian thưởng trà.

☎️ 0963.456.963
🏠 Khu đô thị Văn Phú, phường Phú La, quận Hà Đông, Hà Nội

#bo_binh_tra #bavaria_duc #binh_tra_co #do_su_chau_au #gom_su_duc #binh_tra_suu_tam #do_co_chau_au #binh_tra_dep #bavaria_porcelain #binh_tra_co_dien #do_trang_tri #phong_khach_dep #am_chen_co #do_xua #gom_su_cao_cap",0,03/17/2026 20:30,https://www.facebook.com/donghonhakho.vn/posts/pfbid0iZ2UQ1L1WYS6apwTYbc5K44cFNkPQCRM1M44ZgowWSQXCHtURFtdYYZ62UGgG8mLl,Ảnh,,Trọn đời,0,--,0,0,0,390,0,0,0,0,0,335,507,,,,A,A: trước 12/07/2026 và dưới 10.000 lượt xem,FANPAGE
1527092295644450,100050310827163,Đồng hồ Nhà kho,"Đồng Hồ Cổ Đức 1911 – Hơn 100 Năm Tuổi, Côn Vòng 30 Phút

Mẫu đồng hồ cổ xuất xứ Đức, sản xuất khoảng năm 1911, tuổi đời hơn một thế kỷ. Đồng hồ sử dụng côn vòng 30 phút điểm chuông, tạo âm thanh vang, tròn và rất dễ nghe, mang nét đặc trưng của đồng hồ cơ khí châu Âu xưa.

Tổng thể hài hòa, giữ được giá trị cổ kính theo thời gian. Đây là mẫu đồng hồ không chỉ để xem giờ mà còn mang giá trị sưu tầm cao đối với người yêu đồ xưa.

#donghoco #dongho_duc #1911 #convong #donghocokhi #donghoxua #donghoqulac #amthanhdongho #donghosuutam #dochoixua",44,03/17/2026 00:04,https://www.facebook.com/reel/1125790462984204/,Thước phim,,Trọn đời,9,+13.7x,0,0,0,2474,27,1,19,0,0,2237,2704,8.928,21357.45,,A,A: trước 12/07/2026 và dưới 10.000 lượt xem,FANPAGE
1526128269074186,100050310827163,Đồng hồ Nhà kho,"Đồng Hồ Cổ 36/10 – 10 Côn 10 Búa Hai Bài Nhạc

Mẫu đồng hồ cổ 36/10 – 10 côn 10 búa, chơi hai bản nhạc cơ khí với giai điệu vang, ngân và rất dễ nghe. Dòng đồng hồ này nổi tiếng với tiếng chuông kép bính – boong đặc trưng, tạo nên chất âm cuốn hút đối với người yêu đồng hồ cổ.

Tổng thể thiết kế hài hòa, bộ máy cơ khí bền bỉ, mang giá trị sưu tầm cao trong giới chơi đồng hồ châu Âu.

👉 Bác nào quan tâm mẫu 36/10, vui lòng liên hệ em để trao đổi thêm.

#donghoco #dongho36_10 #donghocokhi #donghoxua #donghoqulac #amthanhdongho #donghosuutam #binhboong #dochoixua #donghocochaeu",41,03/15/2026 19:51,https://www.facebook.com/reel/1136199321969034/,Thước phim,,Trọn đời,8,+12.4x,0,0,0,2519,27,2,19,0,0,2300,2831,10.018,24656.716,,A,A: trước 12/07/2026 và dưới 10.000 lượt xem,FANPAGE
1526100912410255,100050310827163,Đồng hồ Nhà kho,"Âm Thanh 36/10 Lúc 45 Phút

Ở mốc 45 phút, đồng hồ 36/10 – 10 côn 10 búa sẽ đánh 3/4 giai điệu của bản nhạc. Đoạn nhạc lúc này dài hơn so với mốc 15 và 30 phút, các búa lần lượt gõ vào côn tạo nên giai điệu rõ ràng, vang và ngân rất đặc trưng.

Phần âm thanh vẫn giữ nhịp bính – boong quen thuộc, báo hiệu sắp đến giờ tròn. Khi sang đúng giờ, đồng hồ sẽ hoàn thành toàn bộ bản nhạc rồi mới tiến hành điểm giờ.

#donghoco #dongho36_10 #donghocokhi #donghoxua #donghoqulac #amthanhdongho #gaicarillon #binhboong #donghosuutam #kienthucdongho",18,03/15/2026 19:03,https://www.facebook.com/reel/2440108266409192/,Thước phim,,Trọn đời,9,+14.1x,0,0,0,5049,52,3,39,4,0,4746,6417,9.345,45203.59,,A,A: trước 12/07/2026 và dưới 10.000 lượt xem,FANPAGE
1526099142410432,100050310827163,Đồng hồ Nhà kho,"Âm Thanh 36/10 Khi Điểm 15 Phút

Ở mốc 15 phút, đồng hồ 36/10 – 10 côn 10 búa sẽ bắt đầu phần dạo đầu của bản nhạc chuông. Lúc này đồng hồ chỉ đánh một đoạn giai điệu ngắn, tạo âm thanh ngân vang nhẹ nhàng và báo hiệu đã qua một phần tư giờ.

Âm chuông vang tròn, nhịp điệu rõ ràng, sau đó dừng lại chờ đến mốc 30 phút, 45 phút và tròn giờ để hoàn thiện giai điệu đầy đủ. Đây chính là nét đặc trưng khiến dòng 10 côn 10 búa được nhiều người chơi yêu thích.

#donghoco #dongho36_10 #donghocokhi #donghoxua #donghoqulac #amthanhdongho #westminster #donghosuutam #kienthucdongho #dochoixua",8,03/15/2026 19:00,https://www.facebook.com/reel/918919574258195/,Thước phim,,Trọn đời,2,+3.4x,0,0,0,2360,14,2,12,0,0,2189,3255,5.657,12632.392,,A,A: trước 12/07/2026 và dưới 10.000 lượt xem,FANPAGE
1526099012410445,100050310827163,Đồng hồ Nhà kho,"So Sánh Âm Thanh 36/10 Vách Dày Và Vách Mỏng

Trong quá trình chơi và thưởng âm đồng hồ 36/10, nhiều anh em thường bàn đến sự khác biệt giữa máy vách dày và máy vách mỏng.

Theo quan điểm cá nhân của em, những chiếc vách mỏng ra đời sau thường cho âm thanh rõ nét, sắc sảo và sáng sủa hơn. Tiếng chuông nghe gọn, tách bạch từng nhịp.

Ngược lại, những chiếc vách dày đời sớm lại có chất âm trầm, ấm và dày dặn, tiếng chuông ngân nga lâu hơn, tạo cảm giác rất cổ và sâu.

👉 Còn các bác khi thưởng âm hai dòng này thì thấy thế nào? Vách dày hay vách mỏng hay hơn? Mời các bác để lại bình luận chia sẻ thêm kinh nghiệm.

#donghoco #dongho36_10 #donghocokhi #donghoxua #amthanhdongho #donghosuutam #thuongam #kienthucdongho #dochoixua #donghocochaeu",141,03/15/2026 19:00,https://www.facebook.com/reel/2735069430183173/,Thước phim,,Trọn đời,24,+113x,0,0,0,5275,76,5,53,4,0,4829,5605,26.684,133048.993,,A,A: trước 12/07/2026 và dưới 10.000 lượt xem,FANPAGE
1526015722418774,100050310827163,Đồng hồ Nhà kho,"Đồng Hồ Cổ Ô đô 36/10 – Máy 4 Số Đời Đầu

Mẫu đồng hồ cổ 36/10 cấu hình 10 côn 10 búa, thuộc dòng máy serial 4 số đời đầu được nhiều người chơi đánh giá cao. Đồng hồ sở hữu mặt số nổi đẹp, tổng thể hài hòa và giữ được nét nguyên bản theo thời gian.

Cơ cấu đánh chuông cho tiếng chuông kép bính boong đặc trưng, âm thanh vang, ngân dài và rất dễ nghe. Đây là mẫu đồng hồ vừa có giá trị thưởng âm, vừa mang giá trị sưu tầm cao trong giới yêu đồng hồ cơ khí cổ.

#donghoco #dongho36_10 #donghoo_do #donghocokhi #donghoxua #donghoqulac #amthanhdongho #donghosuutam #binhboong #donghocochaeu",80,03/15/2026 16:18,https://www.facebook.com/reel/935160625780210/,Thước phim,,Trọn đời,0,+17.5x,0,0,0,2793,22,1,22,0,0,2745,3278,11.171,32733.092,,A,A: trước 12/07/2026 và dưới 10.000 lượt xem,FANPAGE
1526007749086238,100050310827163,Đồng hồ Nhà kho,"Đồng Hồ Cổ Pháp 10 Côn 2 Bài Nhạc – Thùng Bè Nguyên Bản

Mẫu đồng hồ cổ xuất xứ Pháp cấu hình 10 côn 10 búa, chơi hai bản nhạc cơ khí quen thuộc Westminster và Ave Maria với âm thanh vang, tròn và rất dễ nghe.

Thiết kế thùng bè cân đối, tổng thể hài hòa, giữ được tình trạng nguyên bản và đồng bộ theo thời gian. Đặc biệt đồng hồ còn đầy đủ giấy tờ đi kèm, tăng thêm giá trị sưu tầm cho người chơi.

Một mẫu đồng hồ cổ vừa có chất âm đẹp vừa mang nét cổ điển đặc trưng của đồng hồ cơ khí châu Âu.

#donghoco #donghophap #10con10bua #westminster #avemaria #donghoxua #donghocokhi #donghoqulac #donghosuutam #amthanhdongho",61,03/15/2026 16:02,https://www.facebook.com/reel/1140755088101352/,Thước phim,,Trọn đời,6,+28.9x,0,0,0,4733,41,8,35,1,0,4555,5072,13.209,60129.012,,A,A: trước 12/07/2026 và dưới 10.000 lượt xem,FANPAGE
1525990679087945,100050310827163,Đồng hồ Nhà kho,"Đồng Hồ Cổ 36/10 Nguyên Bản – Âm Thanh Hai Bài Nhạc

Mẫu đồng hồ cổ 36/10 cấu hình 10 côn 10 búa, chơi 2 bản nhạc cơ khí cổ điển với âm thanh vang tròn, ngân dài và rất dễ nghe. Đây là dòng đồng hồ được nhiều người chơi đánh giá cao nhờ giai điệu đặc trưng và chất âm ấn tượng.

Thiết kế tổng thể hài hòa, thùng đẹp, bộ máy cơ khí bền bỉ và hoạt động ổn định. Một mẫu đồng hồ cổ vừa có giá trị thưởng âm, vừa mang giá trị sưu tầm cao trong giới chơi đồng hồ cơ khí châu Âu.

#donghoco #dongho36_10 #donghocokhi #donghoxua #donghocochaeu #donghosuutam #amthanhdongho #donghoqulac #dochoixua #suutamdongho",30,03/15/2026 15:28,https://www.facebook.com/reel/4159344754315101/,Thước phim,,Trọn đời,8,+12.5x,0,0,0,3390,48,2,41,2,0,3308,3804,8.062,26397.792,,A,A: trước 12/07/2026 và dưới 10.000 lượt xem,FANPAGE
1525628649124148,100050310827163,Đồng hồ Nhà kho,"Sẵn bộ 3 món mời anh em. Nước mạ zin rất đẹp (ảnh chụp Tây)
 ☎ 𝟶𝟿𝟼𝟥•𝟜𝟝𝟞•𝟿𝟞𝟥",0,03/15/2026 05:24,https://www.facebook.com/donghonhakho.vn/posts/pfbid03B1GzBAMkLzmK6ChLCDyWQJPfzBUqydAJXRHtGxmRSCUqa6f1QDaRNUin2eJ5opPl,Ảnh,,Trọn đời,0,--,0,0,0,1660,4,0,4,0,1,1478,2183,,,,A,A: trước 12/07/2026 và dưới 10.000 lượt xem,FANPAGE
1525402809146732,100050310827163,Đồng hồ Nhà kho,Cặp đèn dầu cổ trên trăm tuổi bao zin toàn tập,0,03/14/2026 22:48,https://www.facebook.com/donghonhakho.vn/posts/pfbid09vJfaLNr6fkKTD3yoNFEKxxiUEP4bZZjxvVJu2yYG4hsguYtNUKmX4AJtPmE3tbYl,Ảnh,,Trọn đời,22,--,0,0,0,7031,45,-1,23,1,0,6321,9003,,,,A,A: trước 12/07/2026 và dưới 10.000 lượt xem,FANPAGE
1525282595825420,100050310827163,Đồng hồ Nhà kho,Đồng Hồ Cổ Ô Đô 54 – Thực Chất Là Máy 24,48,03/14/2026 19:09,https://www.facebook.com/reel/1444701483983621/,Thước phim,,Trọn đời,0,+0.9x,0,0,0,2551,11,2,11,1,0,2407,2912,11.56,28057.6,,A,A: trước 12/07/2026 và dưới 10.000 lượt xem,FANPAGE
1524800975873582,100050310827163,Đồng hồ Nhà kho,"Đồng Hồ Cổ Ô Đô 36/10 – 10 Côn 10 Búa Nguyên Bản

Mẫu đồng hồ cổ Ô đô 36/10 với cấu hình 10 côn – 10 búa, thuộc dòng máy tay lắc dài rất được người chơi đồng hồ cơ khí cổ ưa chuộng. Thiết kế thùng cân đối, các chi tiết bố trí hài hòa, tạo tổng thể dễ nhìn và mang nét cổ điển đặc trưng của đồng hồ treo tường châu Âu.

Đồng hồ giữ được tình trạng nguyên bản, bộ máy vận hành ổn định, âm thanh chuông vang và tròn tiếng. Một mẫu đồng hồ đẹp, mang giá trị sưu tầm và được nhiều người yêu thích.

#donghoco #dongho36 #donghocokhi #donghoxua #donghocochaeu #suutamdongho #donghoquylac #maydongho #amthanhdongho #dochoixua",20,03/14/2026 03:56,https://www.facebook.com/reel/907518798845310/,Thước phim,,Trọn đời,28,+42.1x,0,0,0,7495,94,10,67,1,1,7347,9661,10.389,76131.25,,A,A: trước 12/07/2026 và dưới 10.000 lượt xem,FANPAGE
1524798075873872,100050310827163,Đồng hồ Nhà kho,"Đồng Hồ Cổ Ô Đô 36/10 – Máy 4 Số Đời Đầu

Mẫu đồng hồ cổ Ô đô 36/10 với cấu hình 10 côn – 10 búa, thuộc dòng máy tay lắc dài rất được người chơi đồng hồ cổ ưa chuộng. Đây là phiên bản máy 4 số đời đầu, mang nhiều đặc điểm của giai đoạn chế tác thủ công với kết cấu chắc chắn và độ hoàn thiện cao.

Bộ máy cơ khí vận hành ổn định, âm thanh chuông tròn tiếng, ngân vang và mạch lạc. Tổng thể hài hòa, giữ được nét cổ điển đặc trưng của đồng hồ treo tường châu Âu, mang giá trị sưu tầm cao.

#donghoco #dongho36 #donghocokhi #donghoxua #donghocochaeu #suutamdongho #donghoquylac #maydongho #amthanhdongho #dochoixua",7,03/14/2026 03:54,https://www.facebook.com/reel/1976086293001451/,Thước phim,,Trọn đời,17,+25x,0,0,0,4248,43,0,25,2,0,3977,5843,4.938,20207.387,,A,A: trước 12/07/2026 và dưới 10.000 lượt xem,FANPAGE
1524734492546897,100050310827163,Đồng hồ Nhà kho,"Đồng Hồ Pháp Cổ 10 Côn 10 Búa Nguyên Bản – Mã số K30
💵: 6tr6

✨ Mẫu đồng hồ cổ Pháp cấu hình 10 côn 10 búa mang đậm phong cách cơ khí châu Âu cổ điển.

✨ Thiết kế thùng hài hòa, các đường nét cân đối, tổng thể chắc chắn và giữ được nét cổ kính đặc trưng theo thời gian.

✨ Hệ thống 10 côn 10 búa tạo nên chất âm vang tròn, ngân dài và rất dễ nghe.
Âm thanh đều, chuẩn nhịp, mang lại cảm giác ấm áp và hoài niệm của những chiếc đồng hồ cơ khí châu Âu xưa.

💫 Bộ máy vận hành ổn định, tình trạng nguyên bản đáng trân trọng, rất phù hợp cho anh em yêu thích sưu tầm và thưởng thức âm thanh cơ khí cổ.

📐 Kích thước: 70 × 34 cm

💫 Một mẫu đồng hồ cổ có chất âm đẹp, hình thức hài hòa và giá trị sưu tầm cao, mức giá rất tốt cho anh em yêu đồng hồ cơ khí.

📍 Khu đô thị Văn Phú, phường Phú La, quận Hà Đông, Hà Nội
📞 0963.456.963

#dong_ho_phap #10_con_10_bua #dong_ho_co #dong_ho_suu_tam #dong_ho_xua #am_thanh_hay #co_khi_co #trang_tri_co_dien #gia_tri_suu_tam #dong_ho_chau_au",0,03/14/2026 01:56,https://www.facebook.com/donghonhakho.vn/posts/pfbid023gGn7GXo7sn1fPqiWzWPcMjGKUD1Fk6S9NV8i4y6zpAjsRYaRqBqC1kxwy7xy5Trl,Ảnh,,Trọn đời,0,--,0,0,0,926,4,0,4,0,0,806,1276,,,,A,A: trước 12/07/2026 và dưới 10.000 lượt xem,FANPAGE
1524583239228689,100050310827163,Đồng hồ Nhà kho,"Đồng Hồ Cổ Tạo Dáng Kính Chuông – Nguyên Bản, Giá Trị Sưu Tầm Cao

Mẫu đồng hồ cổ với thiết kế tạo hình kính chuông dao động, bên trong quả lắc chuyển động tạo hiệu ứng ánh sáng rất đẹp khi đồng hồ vận hành. Kiểu dáng này mang phong cách trang trí đặc trưng của nhiều mẫu đồng hồ châu Âu cổ.

Phần trang trí phía trên đồng hồ được thiết kế tinh tế, tạo điểm nhấn nổi bật cho toàn bộ kiến trúc thùng đồng hồ. Tổng thể hài hòa, giữ được tình trạng nguyên bản theo thời gian và mang giá trị sưu tầm cao đối với người yêu đồng hồ cơ khí cổ.

#donghoco #donghocokhi #donghoxua #donghocochaeu #donghotreotuong #suutamdongho #donghoquylac #kinhchuong #dochoixua #amthanhdongho",15,03/13/2026 21:01,https://www.facebook.com/reel/2130873974410637/,Thước phim,,Trọn đời,3,+5.3x,0,0,0,3993,42,0,38,1,0,3879,4903,7.474,28962.58,,A,A: trước 12/07/2026 và dưới 10.000 lượt xem,FANPAGE
1524148082605538,100050310827163,Đồng hồ Nhà kho,"Cách Vận Hành Đồng Hồ Chim Cơ Khí Treo Tường

Để vận hành đồng hồ chim cơ khí, trước tiên cần treo đồng hồ chắc chắn lên tường bằng một con vít phù hợp, thường dùng vít số 6 hoặc số 8. Sau khi treo cố định, tiến hành lắp các phụ kiện đi kèm.

Thông thường đồng hồ sẽ có ba quả nặng và một quả lắc. Lần lượt móc ba quả nặng vào đầu các sợi xích tương ứng, sau đó gắn quả lắc vào vị trí của cần lắc phía dưới đồng hồ.

Khi đã lắp xong, lắc nhẹ quả lắc để đồng hồ bắt đầu hoạt động. Trong quá trình sử dụng, khoảng một tuần kéo xích lên dây một lần để đồng hồ tiếp tục vận hành ổn định.

#donghoco #donghochim #donghocokhi #donghoxua #donghocochaeu #donghochimduc #suutamdongho #huongdandongho #donghotruyenthong #dochoixua",50,03/13/2026 07:29,https://www.facebook.com/reel/1650610265934479/,Thước phim,,Trọn đời,0,+0.8x,0,0,0,2139,7,3,8,0,0,2049,2314,8.745,18189.757,,A,A: trước 12/07/2026 và dưới 10.000 lượt xem,FANPAGE
1524031929283820,100050310827163,Đồng hồ Nhà kho,"Đồng Hồ Vai Bò Kích Thước Lớn – 5 Côn 5 Búa, Mặt Số La Mã

Mẫu đồng hồ vai bò kích thước lớn với thiết kế nổi bật và dáng thùng cân đối. Thùng đồng hồ được chạm khắc hoa văn đẹp, các chi tiết gia công tinh xảo và tỉ mỉ, tạo nên tổng thể hài hòa và đậm nét cổ điển.

Cấu hình 5 côn – 5 búa, bộ máy cơ khí vận hành ổn định. Mặt số La Mã rõ nét, bố cục cân đối, mang phong cách đồng hồ châu Âu xưa. Đây là mẫu đồng hồ vai bò đẹp, vừa có giá trị thẩm mỹ vừa mang giá trị sưu tầm cao.

#donghoco #donghovaiBo #donghocokhi #donghoxua #donghocochaeu #suutamdongho #donghotreotuong #soLaMa #amthanhdongho #dochoixua",43,03/13/2026 04:10,https://www.facebook.com/reel/911817378383725/,Thước phim,,Trọn đời,6,+9.4x,0,0,0,2121,18,1,12,0,0,1937,2347,7.455,15230.618,,A,A: trước 12/07/2026 và dưới 10.000 lượt xem,FANPAGE
1523972262623120,100050310827163,Đồng hồ Nhà kho,"Đồng Hồ Ô đô 36/8 Côn Thùng Chạm Khắc Đẹp – Mã số K28

✨ Thùng dài kích thước 74x34 cm, phom thùng cân đối, bề thế, rất phù hợp treo phòng khách hoặc không gian trưng bày đồ sưu tầm.

✨ Thùng được chạm khắc họa tiết thủ công xưa nổi bật, các đường nét hoa văn chạy dọc thân tạo chiều sâu và nét cổ điển đặc trưng của đồng hồ châu Âu. Thùng có tay cầm tiện dụng, vừa tạo điểm nhấn vừa thuận tiện khi di chuyển.

✨ Bộ máy 36/8 vách xoáy nổi tiếng với độ bền và độ ổn định cao. Cơ cấu máy vận hành êm, dễ sử dụng và rất được giới chơi đồng hồ cổ ưa chuộng.

✨ Bộ côn lòng máng cho chất âm rất đặc trưng: trường âm ổn định, tiếng chuông chuẩn tông và ngân sâu, nghe êm và rõ ràng – một trong những yếu tố khiến dòng 36/8 luôn được đánh giá cao trong giới sưu tầm.

✨ Một mẫu đồng hồ hội tụ đầy đủ yếu tố: dáng đẹp – máy bền – âm hay – giá trị sưu tầm cao, rất đáng để các bác yêu đồng hồ cổ tham khảo.

☎️ 0963.456.963
🏠 Khu đô thị Văn Phú, phường Phú La, quận Hà Đông, Hà Nội

#dong_ho_odo #odo_36_8 #dong_ho_co #dong_ho_qua_lac #dong_ho_co_chau_au #dong_ho_treo_tuong #dong_ho_co_duc #dong_ho_suu_tam #dong_ho_co_khi #dong_ho_odo_36 #dong_ho_xua #dong_ho_36_8 #dong_ho_am_thanh_hay #dong_ho_trang_tri #do_suu_tam",0,03/13/2026 02:16,https://www.facebook.com/donghonhakho.vn/posts/pfbid026PeNAYk8josLmbeUzqoR3bsbr4nde9vgypiMQbLWKaofxE96a62vu72gz9kx2hQWl,Ảnh,,Trọn đời,1,--,0,0,0,800,3,0,2,0,0,710,1073,,,,A,A: trước 12/07/2026 và dưới 10.000 lượt xem,FANPAGE
1523884532631893,100050310827163,Đồng hồ Nhà kho,,0,03/12/2026 23:11,https://www.facebook.com/photo.php?fbid=1523884532631893&set=a.846017217085298&type=3,Ảnh,,Trọn đời,3,--,0,0,0,0,4,0,1,0,0,0,0,,,,A,A: trước 12/07/2026 và dưới 10.000 lượt xem,FANPAGE
1523883939298619,100050310827163,Đồng hồ Nhà kho,"Đồng Hồ Chim Cơ Khí Vùng Black Forest – Nguyên Bản, Giá Trị Sưu Tầm

Mẫu đồng hồ chim cơ khí xuất xứ vùng Black Forest, cái nôi của dòng đồng hồ chim truyền thống châu Âu. Thiết kế thùng chạm khắc đặc trưng, mang đậm phong cách thủ công lâu đời của khu vực này.

Sản phẩm giữ được tình trạng nguyên bản đẹp, bộ máy cơ khí hoạt động ổn định theo đúng tinh thần đồng hồ cổ. Với tuổi đời lâu năm và giá trị chế tác truyền thống, đây là mẫu đồng hồ được nhiều người chơi đánh giá cao trong các bộ sưu tập.

#donghoco #donghochim #donghocokhi #donghoxua #donghocochaeu #blackforest #suutamdongho #donghochimduc #donghotruyenthong #dochoixua",23,03/12/2026 23:09,https://www.facebook.com/reel/1657086612114547/,Thước phim,,Trọn đời,0,+1.8x,0,0,0,2487,31,1,29,1,2,2349,2811,5.696,13847.701,,A,A: trước 12/07/2026 và dưới 10.000 lượt xem,FANPAGE
1523806625973017,100050310827163,Đồng hồ Nhà kho,"Bộ Bình Trà Tiệp Khắc Cổ – Men Ngà Viền Vàng Sang Trọng, Họa Tiết Duyên Dáng- Mã số D8
💵: 4tr7

✨ Bộ bình trà sứ châu Âu sản xuất tại Tiệp Khắc với kiểu dáng thanh lịch, mang nét đẹp cổ điển rất được giới sưu tầm yêu thích.

✨ Bộ gồm đầy đủ ấm trà, bình sữa, hũ đường và 6 tách kèm đĩa kê đồng bộ, tạo nên tổng thể hài hòa, rất phù hợp để trưng bày phòng khách hoặc sử dụng trong những buổi trà đạo nhẹ nhàng.

✨ Nền men ngà sáng, kết hợp các mảng viền vàng ánh kim nổi bật trên quai cầm, miệng ấm và thân tách – tạo cảm giác sang trọng và tinh tế.

✨ Điểm nhấn nằm ở họa tiết nhân vật cổ điển được trang trí trên thân từng món, mang phong cách nghệ thuật châu Âu xưa, vừa nhẹ nhàng vừa có tính thẩm mỹ cao.

✨ Dấu triện dưới đáy ghi Made in Czechoslovakia, thể hiện nguồn gốc sản xuất tại Tiệp Khắc – một trong những quốc gia nổi tiếng về đồ sứ châu Âu.

Một bộ bình trà vừa có giá trị sử dụng, vừa mang giá trị sưu tầm và trang trí rất đẹp trong không gian sống.

☎️ 0963.456.963
🏠 Khu đô thị Văn Phú, phường Phú La, quận Hà Đông, Hà Nội

#bo_binh_tra #binh_tra_tiep_khac #do_su_chau_au #binh_tra_co #bo_tra_su #binh_tra_suu_tam #do_su_co #bo_binh_tra_dep #do_trang_tri_chau_au #do_co_suu_tam",0,03/12/2026 20:30,https://www.facebook.com/donghonhakho.vn/posts/pfbid02dN9jJS8kRGijEEpxaAxGZfVVC3KFhpKA6jgaET4eMmhFZN1eaWME4eG8nbBtCWDxl,Ảnh,,Trọn đời,0,--,0,0,0,449,1,0,1,0,0,409,619,,,,A,A: trước 12/07/2026 và dưới 10.000 lượt xem,FANPAGE
1523420456011634,100050310827163,Đồng hồ Nhà kho,"Đồng Hồ Cổ 36/10 – “Nữ Hoàng Âm Thanh” Trong Giới Sưu Tầm

Trong thế giới đồng hồ cơ khí cổ, 36/10 thường được nhiều người chơi ví như “nữ hoàng âm thanh” nhờ chất âm đặc trưng rất ấn tượng. Cấu hình 10 côn – 10 búa cho tiếng chuông vang, tròn tiếng và ngân dài, tạo cảm giác sâu và ấm.

Nhịp đánh chậm rãi, mạch lạc, khi vang lên thường lan tỏa rất rộng và dễ nhận ra. Chính chất âm nổi bật này khiến dòng 36/10 luôn được nhiều người sưu tầm yêu thích và đánh giá cao trong các bộ sưu tập đồng hồ cổ.

#donghoco #dongho36 #donghocokhi #donghoxua #donghocochaeu #suutamdongho #donghoquylac #amthanhdongho #donghotreotuong #dochoixua",18,03/12/2026 08:43,https://www.facebook.com/reel/913707314599595/,Thước phim,,Trọn đời,4,+6.5x,0,0,0,1943,19,1,13,3,0,1756,2508,9.948,18414.641,,A,A: trước 12/07/2026 và dưới 10.000 lượt xem,FANPAGE
1523212769365736,100050310827163,Đồng hồ Nhà kho,"Đồng Hồ Ông Tây Đánh Chuông – Hàng Pháp, Nhạn Ô Đô

Mẫu đồng hồ cổ cơ khí với cơ cấu ông Tây đánh chuông đặc trưng, xuất xứ Pháp, mang biểu tượng nhạn Ô đô quen thuộc với giới chơi đồng hồ cổ. Đồng hồ 30 phút điểm chuông một lần, nhịp đánh rõ ràng, âm thanh vang và dễ nghe.

Thùng đồng hồ thiết kế đẹp, tổng thể hài hòa và giữ được nét cổ điển của đồng hồ cơ khí châu Âu xưa. Một mẫu đồng hồ thú vị, vừa có hoạt cảnh chuyển động vừa mang giá trị sưu tầm cao đối với anh em yêu đồ cổ.

#donghoco #donghoongtay #donghoodo #donghocokhi #donghotreotuong #donghoxua #donghocochaeu #suutamdongho #donghoquylac #donghoPhap",19,03/12/2026 03:10,https://www.facebook.com/reel/1425784855454742/,Thước phim,,Trọn đời,8,+11.9x,0,0,0,1870,20,1,12,0,0,1768,2198,5.254,9820.799,,A,A: trước 12/07/2026 và dưới 10.000 lượt xem,FANPAGE
1523198259367187,100050310827163,Đồng hồ Nhà kho,"Số 407 – Đồng Hồ Cổ 10 Côn – 2 Bài Nhạc

🕰️ Mẫu đồng hồ cổ cấu hình 10 côn 10 búa với thiết kế hài hòa, mang phong cách cơ khí châu Âu cổ điển.
Tổng thể cân đối, giữ được nét nguyên bản theo thời gian.

✨ Chơi 2 bản nhạc Westminster và Ave Maria Lourdes, âm thanh vang tròn, rõ nhịp và ngân dài rất dễ nghe.
Cấu hình 10 côn cho chất âm dày, tách lớp tốt, tạo cảm giác rất sinh động mỗi lần điểm nhạc.

💫 Một mẫu đồng hồ cổ có chất âm nổi bật và giá trị sưu tầm cao, được nhiều anh em yêu đồng hồ nhạc yêu thích.

#dong_ho_co #10_con_10_bua #2_bai_nhac #westminster #ave_maria_lourdes #dong_ho_suu_tam #dong_ho_xua #am_thanh_hay #co_khi_co #gia_tri_suu_tam",116,03/12/2026 02:43,https://www.facebook.com/reel/1593605788518567/,Thước phim,,Trọn đời,6,+20.7x,0,0,0,2320,23,-1,17,1,0,2165,2429,12.659,28445.942,,A,A: trước 12/07/2026 và dưới 10.000 lượt xem,FANPAGE
1523170606036619,100050310827163,Đồng hồ Nhà kho,"Số 405 – Đồng Hồ Cổ Pháp 10 Côn 10 Búa – Nguyên Bản

🕰️ Mẫu đồng hồ cổ Pháp 10 côn 10 búa mang phong cách cơ khí châu Âu cổ điển.
Thiết kế hài hòa, tổng thể cân đối và giữ được nét cổ kính theo thời gian.

✨ Hệ thống 10 côn 10 búa cho chất âm vang tròn, ngân dài và rất dễ nghe.
Bộ máy vận hành ổn định, tình trạng nguyên bản đáng trân trọng.

💫 Một mẫu đồng hồ cổ có giá trị sưu tầm cao, mức giá tốt cho anh em yêu đồng hồ cơ khí.

#dong_ho_phap #10_con_10_bua #dong_ho_co #dong_ho_suu_tam #dong_ho_xua #am_thanh_hay #co_khi_co #trang_tri_co_dien #gia_tri_suu_tam #dong_ho_chau_au",46,03/12/2026 01:54,https://www.facebook.com/reel/1436328084653872/,Thước phim,,Trọn đời,2,+4.5x,0,0,0,2131,17,1,16,0,0,2034,2294,10.907,22862.734,,A,A: trước 12/07/2026 và dưới 10.000 lượt xem,FANPAGE
1522986429388370,100050310827163,Đồng hồ Nhà kho,"Đồng Hồ Cổ Ô Đô 24 Đời 1954 – 8 Côn 8 Búa, Thùng Bè Mặt Số Nổi",0,03/11/2026 20:06,https://www.facebook.com/donghonhakho.vn/posts/pfbid0PbiXeiXWhgYPPAuyjHXpoTV8i29ygXodxahxg9iZ4MLeaeAhu1JMkeDhbaKJShycl,Ảnh,,Trọn đời,2,--,0,0,0,1981,13,0,12,0,1,1842,2745,,,,A,A: trước 12/07/2026 và dưới 10.000 lượt xem,FANPAGE
1522592462761100,100050310827163,Đồng hồ Nhà kho,"Số 402 – Đồng Hồ Phù Điêu Pháp Cổ Trên 100 Năm

🕰️ Mẫu đồng hồ phù điêu cổ của Pháp với thiết kế chạm nổi tinh xảo, thể hiện rõ nét nghệ thuật chế tác thủ công châu Âu xưa.
Tổng thể hài hòa, các chi tiết phù điêu tạo điểm nhấn rất đẹp và cổ kính.

✨ Tuổi đời trên một trăm năm, bộ máy cơ khí vẫn vận hành ổn định.
Tiếng chuông vang tròn, ấm và dễ nghe, mang nét đặc trưng của đồng hồ cơ khí cổ.

💫 Một mẫu đồng hồ vừa có giá trị thẩm mỹ vừa mang giá trị sưu tầm cao đối với người yêu đồ cổ.

#dong_ho_phu_dieu #dong_ho_phap #dong_ho_co #dong_ho_tren_100_nam #dong_ho_suu_tam #dong_ho_xua #am_thanh_hay #co_khi_co #trang_tri_co_dien #gia_tri_suu_tam",50,03/11/2026 07:43,https://www.facebook.com/reel/3735371646602083/,Thước phim,,Trọn đời,38,+55.5x,0,0,0,4885,74,6,39,1,0,4426,5424,11.628,55038.715,,A,A: trước 12/07/2026 và dưới 10.000 lượt xem,FANPAGE
1522585332761813,100050310827163,Đồng hồ Nhà kho,"Số 401 – Đồng Hồ Mỹ Kiểu Dáng Độc Lạ – 5 Côn 5 Búa

🕰️ Mẫu đồng hồ cổ xuất xứ Mỹ với thiết kế độc đáo, kiểu dáng khác biệt so với nhiều dòng đồng hồ châu Âu quen thuộc.
Tổng thể hài hòa, hình thức nguyên bản mang nét cổ điển đặc trưng.

✨ Cấu hình 5 côn 5 búa, chơi bản nhạc Westminster, tiếng chuông vang tròn, mạch lạc và rất dễ nghe.
Bộ máy vận hành ổn định, giữ được nét nguyên bản theo thời gian.

💫 Một mẫu đồng hồ có kiểu dáng lạ mắt và giá trị sưu tầm cao, phù hợp cho anh em yêu thích những thiết kế khác biệt.

#dong_ho_my #dong_ho_co #5_con_5_bua #westminster #dong_ho_suu_tam #dong_ho_xua #am_thanh_hay #co_khi_co #trang_tri_co_dien #gia_tri_suu_tam",122,03/11/2026 07:30,https://www.facebook.com/reel/916794161100198/,Thước phim,,Trọn đời,35,+111.9x,0,0,0,9445,98,5,63,1,0,8755,9587,14.051,123901.974,,A,A: trước 12/07/2026 và dưới 10.000 lượt xem,FANPAGE
1522481946105485,100050310827163,Đồng hồ Nhà kho,"397 – Đồng Hồ Cổ Pháp 8 Côn 8 Búa Có Báo Lịch

🕰️ Mẫu đồng hồ cổ Pháp 8 côn 8 búa với thiết kế hài hòa, mang phong cách cơ khí cổ điển châu Âu.
Tổng thể cân đối, hình thức đẹp và giữ được nét cổ kính theo thời gian.

✨ Hệ thống 8 côn 8 búa cho chất âm tròn tiếng, vang và ngân dài rất dễ nghe.
Đặc biệt đồng hồ còn có chức năng báo lịch, tạo thêm điểm nhấn thú vị cho cơ cấu máy.

💫 Một mẫu đồng hồ cổ nguyên bản, vừa đẹp về hình thức vừa có giá trị sưu tầm cao đối với người yêu đồng hồ cơ khí.

#dong_ho_phap #dong_ho_co #8_con_8_bua #dong_ho_suu_tam #dong_ho_xua #am_thanh_hay #co_khi_co #trang_tri_co_dien #gia_tri_suu_tam #dong_ho_chau_au",64,03/11/2026 04:29,https://www.facebook.com/reel/1348690127308372/,Thước phim,,Trọn đời,4,+10.1x,0,0,0,2172,15,1,11,0,0,2017,2172,9.856,20284.384,,A,A: trước 12/07/2026 và dưới 10.000 lượt xem,FANPAGE
1522479669439046,100050310827163,Đồng hồ Nhà kho,"398 – Đồng Hồ Pháp 8 Côn Đồng – 2 Bài Nhạc

🕰️ Mẫu đồng hồ cổ Pháp nguyên bản với cấu hình 8 côn 8 búa, thiết kế hài hòa và mang phong cách cơ khí cổ điển châu Âu.
Tổng thể cân đối, hình thức đẹp và giữ được nét cổ kính theo thời gian.

✨ Cơ chế 2 bài nhạc cho âm thanh phong phú, thay đổi linh hoạt mỗi lần điểm nhạc.
Hệ thống côn đồng cho chất âm tròn tiếng, ngân nga và ấm áp rất dễ nghe.

💫 Một mẫu đồng hồ cổ có chất âm đẹp và giá trị sưu tầm cao, được nhiều anh em yêu đồng hồ nhạc tìm kiếm.

#dong_ho_phap #dong_ho_co #8_con_dong #2_bai_nhac #dong_ho_suu_tam #dong_ho_xua #am_thanh_hay #co_khi_co #trang_tri_co_dien #gia_tri_suu_tam",45,03/11/2026 04:26,https://www.facebook.com/reel/1262080619219482/,Thước phim,,Trọn đời,0,+0.8x,0,0,0,3099,14,2,13,1,0,2948,3264,8.817,26330.195,,A,A: trước 12/07/2026 và dưới 10.000 lượt xem,FANPAGE
1522380292782317,100050310827163,Đồng hồ Nhà kho,"Đồng Hồ Vê đét 8 Côn – Mặt Số Nổi Vàng Hồng Sang Trọng- Mã số K23
💵: 12tr8

✨ Thùng dày dặn, bo cong mềm hai bên tạo cảm giác chắc chắn và cân đối. Tổng thể thiết kế hài hòa, rất hợp treo phòng khách hoặc không gian trưng bày đồ xưa.

✨ Mặt số nổi vàng hồng, kết hợp quả lắc đồng cùng tông màu, mang lại sự liền mạch và đẹp mắt khi quan sát chuyển động.

⚙️ Bộ máy 8 côn – 8 búa nổi tiếng của dòng Vê đét, vận hành ổn định, bền bỉ theo thời gian. Cấu trúc côn cho chất âm vang, ấm và ngân dài – một chất âm rất được giới chơi đồng hồ cổ yêu thích.

🎵 Âm thanh chuông rõ ràng, nhịp chuông trầm ấm, tạo cảm giác hoài niệm đặc trưng của đồng hồ cơ khí châu Âu xưa.

📏 Kích thước: 61 × 43 cm

🌟 Một mẫu đồng hồ vừa đẹp về hình thức, vừa có giá trị sưu tầm cao, phù hợp cho các bác yêu thích đồng hồ cổ châu Âu.

☎️ 0963.456.963
🏠 Khu đô thị Văn Phú, phường Phú La, quận Hà Đông, Hà Nội

#dong_ho_ve_det #dong_ho_ve_det_8_con #dong_ho_co #dong_ho_qua_lac #dong_ho_co_chau_au #dong_ho_treo_tuong #dong_ho_co_phap #dong_ho_suu_tam #dong_ho_8_con #dong_ho_xua #dong_ho_trang_tri #do_co_chau_au #dong_ho_co_khi #dong_ho_sang_trong #dong_ho_trung_bay",0,03/11/2026 01:03,https://www.facebook.com/donghonhakho.vn/posts/pfbid032opMDearctCvmneUXuWSxvpY6z7HJMLiwfPgw17yav8HrGzdjJTAx86JcwDNPdFml,Ảnh,,Trọn đời,1,--,0,0,0,577,2,0,1,0,0,531,784,,,,A,A: trước 12/07/2026 và dưới 10.000 lượt xem,FANPAGE
1522196006134079,100050310827163,Đồng hồ Nhà kho,"Số 393 – Đồng Hồ Cổ Dung han 4 Côn Đồng Bạch – Xuất Xứ Đức

🕰️ Mẫu đồng hồ cổ Dung han cấu hình 4 côn đồng bạch, mang phong cách cơ khí cổ điển của Đức.
Thiết kế hài hòa, kiểu dáng cân đối, tổng thể đẹp và dễ bày trí trong nhiều không gian.

✨ Chất âm trong, vang và ngân nhẹ, tạo cảm giác dễ chịu mỗi lần điểm chuông.
Bộ máy vận hành ổn định, giữ được độ nguyên bản đáng trân trọng theo thời gian.

💫 Một mẫu đồng hồ cổ mang giá trị sưu tầm cao, rất được người yêu đồng hồ cơ khí châu Âu ưa chuộng.

#dong_ho_duc #dong_ho_co #4_con_dong_bach #dong_ho_suu_tam #dong_ho_xua #am_thanh_hay #co_khi_co #trang_tri_co_dien #gia_tri_suu_tam #dong_ho_chau_au",53,03/10/2026 20:24,https://www.facebook.com/reel/1477404954051157/,Thước phim,,Trọn đời,8,+12.7x,0,0,0,2995,26,0,18,1,0,3179,3748,14.687,48365.692,,A,A: trước 12/07/2026 và dưới 10.000 lượt xem,FANPAGE
1521611762859170,100050310827163,Đồng hồ Nhà kho,"Cặp Bình Hoa Sứ Châu Âu – Dáng Cổ Điển, Màu Men Nhẹ Nhàng Thanh Lịch- Mã số D7
💵: 2tr6

🌸 Một cặp bình hoa sứ châu Âu dáng cổ điển rất đẹp, phù hợp trưng bày trong phòng khách, tủ kệ hoặc không gian nội thất mang phong cách hoài cổ.

🌿 Phần miệng bình tạo dáng lượn sóng mềm mại, thân bình phủ lớp men chuyển màu hồng – kem nhẹ nhàng. Trên thân trang trí họa tiết hoa lá và côn trùng vẽ nổi tinh tế, tạo cảm giác sinh động và đúng chất đồ trang trí châu Âu xưa.

✨ Phần chân bình thiết kế bầu tròn chắc chắn, các đường gân nổi tạo điểm nhấn giúp tổng thể chiếc bình vừa mềm mại vừa sang trọng. Khi đặt thành cặp sẽ tạo bố cục cân đối, rất đẹp mắt.

📏 Kích thước:
Cao 25 cm – đường kính miệng 15 cm
Kích thước gọn gàng, dễ trưng bày trên bàn, tủ, kệ hoặc trong bộ sưu tập đồ sưu tầm.

☎️ 0963.456.963
🏠 Khu đô thị Văn Phú, phường Phú La, quận Hà Đông, Hà Nội

#binh_hoa_su_chau_au #do_su_co #binh_hoa_trang_tri #do_suu_tam_chau_au #binh_su_co #binh_hoa_co_dien #do_trang_tri_phong_khach #do_xua_chau_au #do_suu_tam #binh_su_trang_tri",0,03/10/2026 02:37,https://www.facebook.com/donghonhakho.vn/posts/pfbid0Vhmz911xKNmFBGMJKJYEKYjLxxp9jtbLgBMZpVWxtnJFHerEJLuKYtc1HedBTVyql,Ảnh,,Trọn đời,0,--,0,0,0,329,0,0,0,0,0,296,430,,,,A,A: trước 12/07/2026 và dưới 10.000 lượt xem,FANPAGE
1520825376271142,100050310827163,Đồng hồ Nhà kho,"Đồng Hồ Ô đô 36/8 Chơi 2 Bản Nhạc- Giá Trị Sưu Tầm Cao- Mã số K15

⭐️  Mẫu đồng hồ treo tường dáng thùng dài đặc trưng của dòng Ô đô 36, kích thước 68 × 36 cm.

✨ Thùng vân gỗ đẹp, hai nẹp kim loại chạy dọc tạo điểm nhấn chắc chắn và hài hòa. Phần kính dưới cong mềm giúp lộ quả lắc bên trong, tạo vẻ sang trọng khi treo trong phòng khách hoặc phòng làm việc.

⚙️ Bộ máy 3 vách bệt – 8 côn 8 búa, vận hành bền bỉ.
Sử dụng củ côn lòng máng truyền thống của dòng Ô đô 36, cho dải âm trầm sâu, tiếng chuông ngân nga ấm áp, rất được người chơi đồng hồ cổ ưa chuộng.

🎵 Đồng hồ 15 phút điểm nhạc một lần, chơi 2 bản nhạc Westminster và Cloches, âm thanh rõ ràng, mạch lạc, nghe rất ấm nhà.

✨ Một mẫu đồng hồ giá trị sưu tầm cao, phù hợp với những ai yêu thích tiếng chuông cổ điển của đồng hồ châu Âu.

☎️ 0963.456.963
🏠 Khu đô thị Văn Phú, phường Phú La, quận Hà Đông, Hà Nội

#dong_ho_co #dong_ho_qua_lac #dong_ho_o_do #o_do_36_8 #dong_ho_8_con #dong_ho_treo_tuong #dong_ho_co_chau_au #dong_ho_suu_tam #may_3_vach_bet #westminster #cloches_du_jura #dong_ho_duc #dong_ho_xua",0,03/09/2026 01:12,https://www.facebook.com/donghonhakho.vn/posts/pfbid02vSFTopZX248tdKfD29j4sn7XgcUDhbbFT2ovxbNTHBTXrcxGPktvHpwizF2YDDSZl,Ảnh,,Trọn đời,1,--,0,0,0,642,8,-2,7,0,0,563,889,,,,A,A: trước 12/07/2026 và dưới 10.000 lượt xem,FANPAGE
1520810746272605,100050310827163,Đồng hồ Nhà kho,"Bộ Bình Trà Bavaria Đức – Họa Tiết Hoa Cổ Điển- Mã số D5
💵: 4tr7

🔹 Bộ gồm ấm trà, bình sữa, hũ đường và 6 tách kèm đĩa đồng bộ, rất hợp trưng bày phòng khách hoặc dành cho các bác sưu tầm đồ sứ châu Âu.

🔹 Họa tiết hoa cổ điển phối hồng – tím – vàng nổi bật trên nền men ngà ấm, kết hợp các đường viền mềm mại tạo cảm giác thanh lịch, đúng chất sứ Bavaria.

🔹 Viền vàng trang trí trên quai, miệng và nắp bình sáng bóng, làm nổi bật nét tinh xảo của đồ sứ Đức xưa. Dáng ấm cao, vòi cong mềm và tay cầm chắc chắn, vừa đẹp khi trưng bày vừa hợp dùng trong những buổi thưởng trà.

☎️ 0963.456.963
🏠 Khu đô thị Văn Phú, phường Phú La, quận Hà Đông, Hà Nội

#bo_tra_duc #bo_binh_tra_co #gom_su_duc #do_co_chau_au
#bo_tra_suu_tam #am_tra_duc #am_tra_co #do_suu_tam
#bo_tra_dep #bo_tra_nghe_thuat #bo_tra_sang_trong",0,03/09/2026 00:39,https://www.facebook.com/donghonhakho.vn/posts/pfbid0bjaPG9S5t7Z9MaGHAKPNNDZdJTcRD6TBUjWdJXxQgth1npjB9MZvq812F65Xf6ggl,Ảnh,,Trọn đời,0,--,0,0,0,352,0,0,0,0,0,303,505,,,,A,A: trước 12/07/2026 và dưới 10.000 lượt xem,FANPAGE
1519123656441314,100050310827163,Đồng hồ Nhà kho,"Số 378 – Đồng Hồ Chim Cúc Cu Cổ – Giá Thanh Lý

🕰️ Mẫu đồng hồ chim cúc cu cổ mang phong cách truyền thống đặc trưng của vùng rừng đen châu Âu.
Thiết kế chạm khắc gỗ sinh động, mỗi lần điểm giờ chim cúc cu bật ra tạo âm thanh vui tai.

✨ Cơ chế cơ khí hoạt động ổn định, tiếng chim vang rõ, trầm ấm và rất dễ nghe.
Tổng thể giữ được nét cổ kính theo thời gian, phù hợp trưng bày trong không gian ấm cúng.

💫 Một mẫu đồng hồ cổ được nhiều anh em yêu thích, hiện có mức thanh lý nhẹ nhàng cho người chơi đồ xưa.

#dong_ho_cuc_cu #dong_ho_chim #dong_ho_co #dong_ho_duc #dong_ho_suu_tam #dong_ho_xua #am_thanh_cuc_cu #co_khi_co #trang_tri_co_dien #gia_tri_suu_tam",32,03/06/2026 18:34,https://www.facebook.com/reel/1700480307756304/,Thước phim,,Trọn đời,4,+6.3x,0,0,0,3074,15,-1,11,0,0,2884,3263,5.873,17432.159,,A,A: trước 12/07/2026 và dưới 10.000 lượt xem,FANPAGE
1518729116480768,100050310827163,Đồng hồ Nhà kho,"Số 377 – Đồng Hồ Vĩnh Cửu Atmos 526 – Đẹp Hoàn Hảo

🕰️ Mẫu đồng hồ vĩnh cửu Atmos 526 nổi bật với cơ chế vận hành đặc biệt dựa trên sự thay đổi nhiệt độ môi trường.
Chuyển động chậm rãi, êm ái, thể hiện tinh hoa cơ khí châu Âu.

✨ Thiết kế khung kính trong suốt kết hợp mặt số thanh lịch tạo cảm giác sang trọng và tinh tế.
Tổng thể hài hòa, tình trạng đẹp gần như hoàn hảo, rất đáng trân trọng trong giới sưu tầm.

💫 Một chiếc đồng hồ để bàn mang giá trị cơ học độc đáo và tính thẩm mỹ cao, phù hợp trưng bày trong không gian trang nhã.

#dong_ho_vinh_cuu #atmos_526 #dong_ho_de_ban #dong_ho_co #dong_ho_suu_tam #co_khi_co #dong_ho_chau_au #trang_tri_co_dien #gia_tri_suu_tam #dong_ho_xua",36,03/06/2026 05:58,https://www.facebook.com/reel/26334345062918845/,Thước phim,,Trọn đời,9,+13.7x,0,0,0,3799,36,1,27,1,0,3668,4063,5.292,19491.196,,A,A: trước 12/07/2026 và dưới 10.000 lượt xem,FANPAGE
1518645029822510,100050310827163,Đồng hồ Nhà kho,"Số 376 – Đồng Hồ Thùng Bè Nguyên Bản – Âm Thanh Hay

🕰️ Mẫu đồng hồ thùng bè cổ với dáng thùng rộng, ôm tường, tạo cảm giác chắc chắn và hài hòa trong không gian trưng bày.
Thiết kế thùng bè thường rất phù hợp với phong cách nội thất truyền thống.

✨ Bộ máy cơ khí hoạt động ổn định, tiếng chuông vang tròn, ngân vừa phải và dễ nghe.
Hình thức tổng thể còn giữ được nét nguyên bản theo thời gian.

💫 Một mẫu đồng hồ cổ có chất âm tốt, hình thức đẹp, mức giá nhẹ nhàng cho anh em yêu đồng hồ cơ khí châu Âu.

#dong_ho_thung_be #dong_ho_co #dong_ho_chau_au #dong_ho_suu_tam #dong_ho_xua #am_thanh_hay #co_khi_co #trang_tri_co_dien #gia_tri_suu_tam #dong_ho_treo_tuong",46,03/06/2026 03:46,https://www.facebook.com/reel/1352367433585590/,Thước phim,,Trọn đời,15,+22.9x,0,0,0,5939,70,9,54,4,0,5596,6411,10.027,56916.982,,A,A: trước 12/07/2026 và dưới 10.000 lượt xem,FANPAGE
1518557133164633,100050310827163,Đồng hồ Nhà kho,"Bộ Bình Trà Đức – Họa Tiết Đôi Tình Nhân Mạ Vàng Sang Trọng- Mã số D4
💵: 4tr7

✨ Một bộ bình trà sứ châu Âu cổ mang phong cách trang nhã, nổi bật với họa tiết đôi tình nhân cổ điển được thể hiện tinh tế trên từng chi tiết. Hình ảnh lãng mạn mang đậm hơi thở nghệ thuật châu Âu xưa, tạo cảm giác nhẹ nhàng và thanh lịch khi trưng bày.

✨ Toàn bộ viền và quai được mạ vàng nổi bật, kết hợp các họa tiết hoa văn nhỏ tinh xảo trên nền sứ trắng ngà. Tổng thể hài hòa, sang trọng, rất phù hợp đặt trên bàn trà, tủ trưng bày hoặc trong không gian nội thất cổ điển.

💫 Bộ gồm: 1 ấm trà, 1 bình sữa, 1 hũ đường, 6 tách trà + 6 đĩa lót

🌿 Một bộ sưu tầm đẹp, vừa có giá trị thẩm mỹ vừa mang nét văn hóa thưởng trà châu Âu cổ điển.

☎️ 0963.456.963
🏠 Khu đô thị Văn Phú, phường Phú La, quận Hà Đông, Hà Nội

#bo_binh_tra_duc #binh_tra_co #do_xua_chau_au #do_co_chau_au #binh_tra_su #bo_binh_tra_su #binh_tra_suu_tam #do_trang_tri_chau_au #bo_binh_tra_dep #do_suu_tam #do_xua #bo_binh_tra_co #binh_tra_trang_tri #do_co_duc #binh_tra_chau_au",0,03/06/2026 00:57,https://www.facebook.com/donghonhakho.vn/posts/pfbid02Xf8nautkh7pMxEih6rVBJXbTRrZXebpb2a5mRUYGbgdKDjnGRqBGiJQEW3GBeTrYl,Ảnh,,Trọn đời,0,--,0,0,0,521,0,0,0,0,0,449,733,,,,A,A: trước 12/07/2026 và dưới 10.000 lượt xem,FANPAGE
1518393253181021,100050310827163,Đồng hồ Nhà kho,"Đèn Tiffany Để Bàn – Sắc Đỏ Cam Nghệ Thuật, Dáng Cổ Điển Sang Trọng- Mã số D2
💵: 3tr7

✨ Thân đèn đồng, dáng trụ thanh,tổng thể cân đối và sang trọng. Chân đèn dạng đế tròn lớn, tạo cảm giác vững chắc và rất hợp tinh thần đồ châu Âu xưa.

✨ Chao kính Tiffany ghép thủ công từ từng mảnh kính đỏ–vàng–cam, họa tiết trái cây mềm mại, ánh sáng khi bật hắt ra tường thành những mảng màu ấm, sâu và rất “đời sống nghệ thuật” – đúng tinh thần Tiffany cổ điển.

✨ Kích thước: cao 57 cm, chao 34 cm

🌿 Rất hợp đặt phòng khách, bàn làm việc, góc đọc sách hoặc trưng cạnh đồng hồ cổ – giúp không gian trở nên ấm cúng, sang trọng và có chiều sâu châu Âu.

💎 Một món đồ trang trí mang tính nghệ thuật cao – vừa chiếu sáng, vừa thể hiện gu thẩm mỹ của người chơi đồ xưa.

🏠 Khu đô thị Văn Phú, phường Phú La, Hà Đông, Hà Nội
☎️ 0963.456.963

#den_tiffany #den_tiffany_chan_da #den_tiffany_phoi_dong
#den_co_dien #den_kinh_mau #den_trang_tri_dep #den_chau_au
#den_noi_that #den_de_ban #den_tiffany_nghe_thuat #den_sang_trong",0,03/05/2026 19:25,https://www.facebook.com/donghonhakho.vn/posts/pfbid02y9Wh3fNysXG5yiCXxGWATEdCvg8upBdowChKdXEcXCqN1xoqNsBWTPbYmU6tfZo4l,Ảnh,,Trọn đời,0,--,0,0,0,443,0,0,0,0,0,377,655,,,,A,A: trước 12/07/2026 và dưới 10.000 lượt xem,FANPAGE
1518372163183130,100050310827163,Đồng hồ Nhà kho,"Số 375 – Cặp Đèn Dầu Cổ Châu Âu Tượng Nông Dân – Phong Cách Art Nouveau

🕰️ Cặp đèn dầu cổ châu Âu tạo hình tượng người nông dân, chế tác từ antimon (spelter), mang phong cách Art Nouveau cuối thế kỷ XIX – đầu thế kỷ XX.
Thân đèn điêu khắc sinh động, tái hiện hình ảnh lao động nông thôn – nét đặc trưng của nghệ thuật Pháp thời Belle Époque.

✨ Phần bình dầu thủy tinh vẽ hoa trang nhã, kết hợp chân đế giả đá marble đỏ tạo tổng thể cổ điển và hài hòa.
Trên đế còn tem “Jardinière – Par Ruchot”, cho thấy mẫu tượng được thiết kế bởi nghệ sĩ Ruchot.

💫 Một cặp đèn dầu cổ mang giá trị sưu tầm và trang trí cao, rất phù hợp trưng bày trong không gian nội thất cổ điển.

#den_dau_co #den_dau_chau_au #art_nouveau #den_dau_suu_tam #do_co_chau_au #antimon_spelter #trang_tri_co_dien #den_dau_xua #gia_tri_suu_tam #noi_that_co_dien",92,03/05/2026 18:43,https://www.facebook.com/reel/2767286480303402/,Thước phim,,Trọn đời,15,+28.3x,0,0,0,3016,32,1,17,0,0,2752,3095,8.115,23274.049,,A,A: trước 12/07/2026 và dưới 10.000 lượt xem,FANPAGE
1518318433188503,100050310827163,Đồng hồ Nhà kho,"Suốt đêm làm được bộ card visit.
Sáng vợ phán: “Giống bia mộ với cáo phó!” 😅

Nhờ các bác xem giúp: Thiết kế tệ hay nhận thức của vợ có vấn đề ạ? 🤔",0,03/05/2026 16:54,https://www.facebook.com/donghonhakho.vn/posts/pfbid028FysubSZgZ9a6nv7XcbDqETPGNEu8wunCfetrBkWNK7tw1gJdfAsjH1NouLzPV1nl,Ảnh,,Trọn đời,8,--,0,0,0,1228,16,0,10,0,0,1064,1792,,,,A,A: trước 12/07/2026 và dưới 10.000 lượt xem,FANPAGE
1518042016549478,100050310827163,Đồng hồ Nhà kho,"Số 373 – Đồng Hồ Cổ Để Bàn Kim Loại – Nhỏ Gọn

🕰️ Mẫu đồng hồ cổ để bàn bằng kim loại với kích thước nhỏ gọn, kiểu dáng thanh lịch và dễ bày trí trong nhiều không gian.
Thiết kế cổ điển, các chi tiết kim loại tạo điểm nhấn tinh tế.

✨ Bộ máy cơ khí hoạt động ổn định, giữ được độ nguyên bản theo thời gian.
Tổng thể hài hòa, phù hợp trưng bày trên bàn làm việc, tủ kệ hoặc không gian sưu tầm.

💫 Một món đồ cổ nhỏ gọn nhưng mang giá trị sưu tầm cao, mức giá nhẹ nhàng, dễ tiếp cận với người yêu đồ xưa.

#dong_ho_de_ban #dong_ho_co #dong_ho_kim_loai #dong_ho_suu_tam #dong_ho_xua #co_khi_co #trang_tri_co_dien #gia_tri_suu_tam #dong_ho_chau_au #do_co_chau_au",17,03/05/2026 07:45,https://www.facebook.com/reel/811091798683401/,Thước phim,,Trọn đời,12,+18.2x,0,0,0,8350,60,6,49,2,0,8145,9660,6.277,50799.778,,A,A: trước 12/07/2026 và dưới 10.000 lượt xem,FANPAGE
1518041263216220,100050310827163,Đồng hồ Nhà kho,"Số 374 – Đồng Hồ Cổ Máy Đẹp – Âm Hay

🕰️ Mẫu đồng hồ cổ cơ khí châu Âu với bộ máy còn đẹp, vận hành ổn định theo nhịp cơ truyền thống.
Tổng thể hài hòa, giữ được nét cổ kính theo thời gian.

✨ Tiếng chuông tròn tiếng, ngân vừa phải và dễ nghe, tạo cảm giác ấm áp cho không gian.
Máy hoạt động tốt, các chi tiết còn giữ được độ nguyên bản đáng trân trọng.

💫 Một mẫu đồng hồ cổ có chất âm tốt và hình thức đẹp, mức giá thanh lý nhẹ nhàng cho anh em yêu đồ xưa.

#dong_ho_co #dong_ho_chau_au #dong_ho_suu_tam #dong_ho_xua #am_thanh_hay #co_khi_co #trang_tri_co_dien #gia_tri_suu_tam #dong_ho_dep #dong_ho_treo_tuong",55,03/05/2026 07:44,https://www.facebook.com/reel/1193434589282217/,Thước phim,,Trọn đời,6,+9.7x,0,0,0,3463,28,3,22,0,0,3208,3716,10.2,33928.304,,A,A: trước 12/07/2026 và dưới 10.000 lượt xem,FANPAGE
1517838029903210,100050310827163,Đồng hồ Nhà kho,"Đồng hồ tủ Gothic là dòng đồng hồ cơ khí cổ mang phong cách kiến trúc châu Âu trung cổ.

Thiết kế thùng cao, các chi tiết chạm khắc dạng vòm nhọn đặc trưng của nghệ thuật Gothic.

Bộ máy cơ khí vận hành ổn định, âm thanh chuông vang và sâu, tạo cảm giác trang nghiêm.

Một mẫu đồng hồ vừa mang giá trị thẩm mỹ kiến trúc, vừa là món đồ sưu tầm được nhiều người yêu thích.",25,03/05/2026 01:31,https://www.facebook.com/reel/1798836511521101/,Thước phim,,Trọn đời,2,+3.6x,0,0,0,3145,27,1,23,3,0,2924,3583,5.809,17893.125,,A,A: trước 12/07/2026 và dưới 10.000 lượt xem,FANPAGE
1517604863259860,100050310827163,Đồng hồ Nhà kho,"Số 369 – Ô Đô 36/10 Nguyên Bản – Kính Chuông, Phong Vũ Biểu

🕰️ Mẫu Ô đô 36/10 nguyên bản nổi bật với thiết kế kính chuông kèm phong vũ biểu, tạo điểm nhấn rất riêng trên mặt thùng.
Tổng thể hài hòa, bố cục cân đối, mang phong cách cổ điển đặc trưng của dòng đồng hồ cơ khí châu Âu.

✨ Cấu hình 10 côn 10 búa cho chất âm dày, tròn tiếng, vang xa và tách lớp rõ ràng.
Nhịp đánh chậm rãi, ngân dài – đúng chất dòng “nữ hoàng âm thanh” được giới chơi đồng hồ đánh giá rất cao.

💫 Một phiên bản vừa đẹp về hình thức, vừa nổi bật về chất âm, rất đáng để sưu tầm và trưng bày.

#o_do_36_10 #dong_ho_o_do #dong_ho_co #10_con_10_bua #nu_hoang_am_thanh #dong_ho_suu_tam #dong_ho_xua #am_thanh_hay #dong_ho_co_chau_au #gia_tri_suu_tam",42,03/04/2026 17:24,https://www.facebook.com/reel/2728565650837552/,Thước phim,,Trọn đời,5,+8.3x,0,0,0,2062,34,3,29,2,0,1872,2372,12.298,24387.4,,A,A: trước 12/07/2026 và dưới 10.000 lượt xem,FANPAGE
1517342816619398,100050310827163,Đồng hồ Nhà kho,So sánh 36/10 #Odo,28,03/04/2026 08:32,https://www.facebook.com/reel/2039872373610565/,Thước phim,,Trọn đời,4,+6.6x,0,0,0,4872,27,5,22,1,0,4601,5446,7.349,35049.044,,A,A: trước 12/07/2026 và dưới 10.000 lượt xem,FANPAGE
1517338946619785,100050310827163,Đồng hồ Nhà kho,"Tiếp tục một chiếc 36/10 – 10 côn, 10 búa, 2 bài nhạc với thiết kế khá đặc biệt.

Phần thùng tạo dáng quả chuông kết hợp kính chuông, tổng thể nhìn lạ mắt và rất có nét riêng.

Đồng hồ còn được tích hợp phong vũ biểu, vừa xem giờ vừa theo dõi thời tiết, tạo thêm điểm thú vị cho tổng thể.

Máy hoạt động ổn định, âm thanh bính – bong rõ ràng, giữ đúng chất cơ khí cổ điển.",28,03/04/2026 08:25,https://www.facebook.com/reel/1224955226514485/,Thước phim,,Trọn đời,13,+19.8x,0,0,0,5757,57,6,42,2,0,5224,6591,9.666,53398.474,,A,A: trước 12/07/2026 và dưới 10.000 lượt xem,FANPAGE
1517252319961781,100050310827163,Đồng hồ Nhà kho,Đẹp hết số - 8 côn 2 bài mời ae,0,03/04/2026 06:09,https://www.facebook.com/donghonhakho.vn/posts/pfbid04iSzwPvsvS8N5pV8McptXRbuwRZ4aErtMqYkeYkzpjqMxgKe2ffqYCUbwkEySJ34l,Ảnh,,Trọn đời,9,--,0,0,0,2837,34,0,23,0,3,2628,3690,,,,A,A: trước 12/07/2026 và dưới 10.000 lượt xem,FANPAGE
1517154799971533,100050310827163,Đồng hồ Nhà kho,"Bộ máy 36/10 hình thức rất đẹp, tình trạng gần như lưu kho, dấu hiệu sử dụng rất ít.

Chi tiết máy sáng, sạch, các bộ phận đồng đều và cân đối.

Hoạt động ổn định, âm thanh tròn và rõ, giữ đúng chất cơ khí cổ điển.

Một bộ máy đẹp hiếm gặp, phù hợp cho anh em sưu tầm hoặc phục dựng những chiếc đồng hồ cổ giá trị.",42,03/04/2026 03:28,https://www.facebook.com/reel/1620614419068008/,Thước phim,,Trọn đời,28,+42x,0,0,0,5640,75,4,45,5,0,5293,6307,11.779,62641.966,,A,A: trước 12/07/2026 và dưới 10.000 lượt xem,FANPAGE
1517086539978359,100050310827163,Đồng hồ Nhà kho,"Bộ Bình Trà Bavaria Đức – Vẻ Đẹp Thanh Lịch Của Gốm Sứ Châu Âu- Mã số D1
💵:  3tr9
✨ Bộ bình trà Bavaria xuất xứ Đức mang phong cách cổ điển châu Âu, nổi bật với tông men kem trang nhã kết hợp họa tiết hoa hồng mạ vàng tinh tế.
✨ Các chi tiết hoa văn được bố trí hài hòa trên thân bình, tách và đĩa lót, tạo nên vẻ sang trọng nhưng vẫn nhẹ nhàng, thanh lịch.

✨  Bộ gồm đầy đủ các món: 1 bình trà, 1 hũ đường, 1 bình sữa, 6 tách trà và 6 đĩa lót.

✨ Tổng thể thiết kế mềm mại với chân đế lượn sóng, tay cầm uốn cong duyên dáng đúng chất gốm sứ Bavaria truyền thống.

💫 Gốm Bavaria của Đức nổi tiếng nhờ chất men mịn, màu sắc trang nhã và kỹ thuật mạ vàng tinh xảo, độ bền cao. 
Bộ trà vừa dùng tiếp khách rất đẹp, vừa thích hợp trưng bày trong tủ kính, phòng khách hoặc không gian sưu tầm đồ châu Âu.

🌿 Một bộ trà cổ mang đậm phong cách châu Âu – nhẹ nhàng, tinh tế và rất hợp với những ai yêu đồ xưa, đồ sưu tầm.

☎️ 0963.456.963
🏠 Khu đô thị Văn Phú, phường Phú La, quận Hà Đông, Hà Nội

#bo_binh_tra #binh_tra_chau_au #binh_tra_bavaria #gom_su_duc #do_suu_tam_chau_au #do_xua_chau_au #binh_tra_co #do_gom_su_co",0,03/04/2026 01:24,https://www.facebook.com/donghonhakho.vn/posts/pfbid02HUg2gcz3958ft7mRUmFssamsa4DkMkyGUY8CpqbSm7nd9EhnvbVmGxncheYHmyjHl,Ảnh,,Trọn đời,0,--,0,0,0,401,1,-2,1,0,0,331,554,,,,A,A: trước 12/07/2026 và dưới 10.000 lượt xem,FANPAGE
1516838090003204,100050310827163,Đồng hồ Nhà kho,"Số 366 – Đồng Hồ Cổ Pháp Âm Thanh Hay

🕰️ Mẫu đồng hồ cổ Pháp mang phong cách cổ điển, thiết kế hài hòa và dễ bày trí trong nhiều không gian.
Bộ máy cơ khí hoạt động ổn định, nhịp đánh rõ ràng.

✨ Chuông ngân tròn tiếng, ấm và dễ nghe – đúng chất âm đặc trưng của đồng hồ cơ khí châu Âu.
Tổng thể giữ được nét nguyên bản theo thời gian, tạo cảm giác cổ kính và tinh tế.

💫 Một lựa chọn đáng chú ý cho anh em yêu đồng hồ cổ và thích chất âm truyền thống.

#dong_ho_phap #dong_ho_co #dong_ho_co_chau_au #dong_ho_suu_tam #am_thanh_hay #dong_ho_xua #co_khi_co #trang_tri_co_dien #gia_tri_suu_tam #dong_ho_treo_tuong",55,03/03/2026 17:14,https://www.facebook.com/reel/2008819603009211/,Thước phim,,Trọn đời,0,+1x,0,0,0,1926,21,0,21,0,0,1749,2093,9.044,16714.148,,A,A: trước 12/07/2026 và dưới 10.000 lượt xem,FANPAGE
1516355633384783,100050310827163,Đồng hồ Nhà kho,"Đồng hồ vĩnh cửu Atmos là dòng đồng hồ cơ khí đặc biệt hoạt động nhờ sự thay đổi nhiệt độ môi trường.

Chỉ cần biến thiên nhiệt nhỏ trong không khí, bộ máy đã tự tích năng lượng để vận hành gần như không cần lên cót.

Nhịp chạy chậm, êm và ổn định, thể hiện trình độ cơ khí tinh xảo.

Thiết kế thanh lịch, sang trọng, phù hợp phòng khách, bàn làm việc và mang giá trị sưu tầm cao.",73,03/03/2026 01:38,https://www.facebook.com/reel/1691664475531073/,Thước phim,,Trọn đời,16,+33.3x,0,0,0,3128,42,3,26,0,0,2851,3242,7.825,23483.619,,A,A: trước 12/07/2026 và dưới 10.000 lượt xem,FANPAGE
1516321606721519,100050310827163,Đồng hồ Nhà kho,"Đồng hồ chim cúc cu 3 tạ tuần là dòng cơ khí treo tường được nhiều anh em sưu tầm yêu thích.

Cơ cấu 3 tạ giúp máy vận hành ổn định, chim bật ra đúng nhịp, âm thanh trầm – bổng rõ ràng, nghe rất tự nhiên.

Máy nguyên bản, hoạt động tốt, tổng thể hài hòa, giữ đúng tinh thần cơ khí cổ.

Một mẫu cúc cu hàng đẹp, chất âm hay, đáng có trong bộ sưu tập đồ xưa.",24,03/03/2026 00:28,https://www.facebook.com/reel/2165525517592871/,Thước phim,,Trọn đời,7,+10.6x,0,0,0,2681,21,6,16,0,0,2440,2987,5.694,14685.268,,A,A: trước 12/07/2026 và dưới 10.000 lượt xem,FANPAGE
1516212513399095,100050310827163,Đồng hồ Nhà kho,"Khi chọn dòng 36/10, anh em thường nhắc đến yếu tố “đồng màu” để đánh giá độ nguyên bản của bộ máy.

Có thể chia thành hai nhóm rõ ràng:

Nhóm có lớp mạ:
Gồm vách máy và ốp quả gai.
Hai chi tiết này thường có màu mạ đồng sáng và tương đồng với nhau.

Nhóm không có lớp mạ:
Bao gồm cần búa, búa, quả gai, hộp cót, bánh răng gai và cần gạt bài.
Các chi tiết này mang màu kim loại tự nhiên, thường đậm và trầm hơn theo thời gian.

Việc phân biệt đúng hai nhóm này giúp nhận diện máy còn zin hay đã thay thế linh kiện.",55,03/02/2026 20:36,https://www.facebook.com/reel/914872474778004/,Thước phim,,Trọn đời,0,+1.7x,0,0,0,3466,20,1,21,0,0,3279,3847,15.487,52240.42,,A,A: trước 12/07/2026 và dưới 10.000 lượt xem,FANPAGE
1516172360069777,100050310827163,Đồng hồ Nhà kho,"Trên dòng 36/10, cần gạt chuyển bài có một đặc điểm khá dễ nhận ra.

Phần ốp của cần gạt được làm vuông vắn, không cắt chéo, do kết cấu trục máy không thò dài ra phía ngoài.

Trong khi đó, ở các dòng máy chân kèo, trục luồn nhô ra nhiều hơn nên phần ốp cần gạt thường bị vát chéo để tránh cấn vào đầu trục.

Đây là chi tiết nhỏ nhưng giúp anh em phân biệt đúng đời máy và cấu trúc thiết kế.",47,03/02/2026 19:13,https://www.facebook.com/reel/1603557770888201/,Thước phim,,Trọn đời,3,+6.7x,0,0,0,7578,53,1,45,5,1,7047,8685,16.056,114945.912,,A,A: trước 12/07/2026 và dưới 10.000 lượt xem,FANPAGE
1516167810070232,100050310827163,Đồng hồ Nhà kho,"Bộ máy 36/10 nguyên bản là cấu hình 10 côn – 10 búa, chơi 2 bài nhạc, đặc trưng bởi cơ cấu điểm giờ tách nhịp bính – bong rõ lớp.

Máy zin có ti đều, côn thẳng, búa cân, hộp cót khỏe và vách chắc.

Khi hoạt động ổn định, âm thanh tròn, ngân sâu và giữ nhịp rất đều.

Một bộ máy còn nguyên bản luôn được anh em sưu tầm đánh giá cao về giá trị và độ bền lâu dài.",31,03/02/2026 19:04,https://www.facebook.com/reel/899076876272492/,Thước phim,,Trọn đời,5,+8.2x,0,0,0,4451,35,1,27,3,0,4190,5109,8.512,36755.685,,A,A: trước 12/07/2026 và dưới 10.000 lượt xem,FANPAGE
1516150176738662,100050310827163,Đồng hồ Nhà kho,"Số 365 – Máy Đánh Chữ 1956 – Chưa Sử Dụng, Còn Đủ Niêm Phong

🕰️ Mẫu máy đánh chữ năm 1956 tình trạng gần như chưa sử dụng, các chi tiết còn nguyên vẹn theo thời gian.
Phím bấm còn niêm phong, giấy than và phiếu bảo hành đi kèm đầy đủ – hiếm gặp với dòng máy cổ.

✨ Khung kim loại chắc chắn, cơ chế cơ học vận hành trơn tru, chữ in rõ nét.
Tổng thể giữ được độ nguyên bản cao, thể hiện rõ giá trị lưu trữ và sưu tầm.

💫 Đây là mẫu rất đáng trân trọng nhờ độ mới đặc biệt và tính toàn vẹn sau nhiều thập kỷ.

#may_danh_chu_co #may_danh_chu_1956 #do_co_chau_au #may_danh_chu_nguyen_ban #do_suu_tam #co_khi_co #gia_tri_lich_su #trang_tri_co_dien #may_danh_chu_xua #suu_tam_do_co",55,03/02/2026 18:29,https://www.facebook.com/reel/1881717355788499/,Thước phim,,Trọn đời,4,+6.4x,0,0,0,2074,11,1,7,0,0,1967,2177,8.362,16816.49,,A,A: trước 12/07/2026 và dưới 10.000 lượt xem,FANPAGE
1515745126779167,100050310827163,Đồng hồ Nhà kho,"Số 364 – Máy Đánh Chữ Cổ Điển Châu Âu – Nguyên Bản, Hoạt Động Tốt

🕰️ Mẫu máy đánh chữ cổ điển châu Âu mang đậm dấu ấn cơ khí thủ công xưa.
Khung kim loại chắc chắn, phím bấm tròn cổ điển, từng cần gõ hoạt động nhịp nhàng và rõ lực.

✨ Cơ chế cơ học còn vận hành tốt, chữ in sắc nét, trải nghiệm gõ đầm tay rất “đã”.
Tổng thể giữ được độ nguyên bản đáng trân trọng, lớp sơn và kim loại lên màu cổ kính theo thời gian.

💫 Phù hợp trưng bày, sưu tầm hoặc sử dụng như một món đồ nghệ thuật mang giá trị lịch sử.

#may_danh_chu_co #may_danh_chu_chau_au #do_co #do_suu_tam #co_khi_co #trang_tri_co_dien #gia_tri_lich_su #nghe_thuat_co #may_danh_chu_xua #suu_tam_do_co",38,03/02/2026 06:35,https://www.facebook.com/reel/1343315357845172/,Thước phim,,Trọn đời,5,+7.8x,0,0,0,2889,16,0,10,2,0,2695,3062,8.076,22411.274,,A,A: trước 12/07/2026 và dưới 10.000 lượt xem,FANPAGE
1515722780114735,100050310827163,Đồng hồ Nhà kho,"Số 363 – Đồng Hồ Vĩnh Cửu 526 VIP – Nguyên Hộp, Mạ Vàng

🕰️ Mẫu đồng hồ vĩnh cửu 526 phiên bản VIP mạ vàng nổi bật với vẻ ngoài sang trọng và độ hoàn thiện cao.
Khung kính trong suốt kết hợp lớp mạ vàng sáng bóng, tạo cảm giác tinh tế và đẳng cấp khi trưng bày.

✨ Cơ chế hoạt động dựa trên biến thiên nhiệt độ môi trường, chuyển động chậm rãi và êm ái.
Phiên bản còn nguyên hộp giúp tăng giá trị sưu tầm và độ trân trọng theo thời gian.

💫 Đây là dòng được giới yêu đồng hồ cơ khí đánh giá cao nhờ cơ chế độc đáo và vẻ đẹp bền vững.

#dong_ho_vinh_cuu #526_vip #dong_ho_co #dong_ho_de_ban #dong_ho_suu_tam #ma_vang #co_khi_chau_au #dong_ho_xua #gia_tri_suu_tam #dong_ho_trang_tri",40,03/02/2026 06:02,https://www.facebook.com/reel/1406120814049724/,Thước phim,,Trọn đời,14,+22x,0,0,0,6006,70,-2,55,0,1,5748,6511,10.337,59408.744,,A,A: trước 12/07/2026 và dưới 10.000 lượt xem,FANPAGE
1514007153619631,100050310827163,Đồng hồ Nhà kho,"Số 362 – Đồng Hồ Vĩnh Cửu 526-6 – Cơ Chế Độc Đáo

🕰️ Mẫu đồng hồ vĩnh cửu 526-6 nổi bật với cơ chế hoạt động dựa vào biến thiên nhiệt độ môi trường, gần như không cần lên cót thủ công.
Chuyển động chậm rãi, êm ái, tạo cảm giác tinh tế và rất cuốn hút khi quan sát.

✨ Thiết kế khung kính trong suốt, mặt số thanh lịch, tổng thể hài hòa và sang trọng.
Độ hoàn thiện cao, phù hợp trưng bày phòng khách hoặc không gian sưu tầm chuyên sâu.

💫 Giá trị sưu tầm cao nhờ cơ chế đặc biệt và vẻ đẹp bền vững theo thời gian.

#dong_ho_vinh_cuu #526_6 #dong_ho_co #dong_ho_de_ban #dong_ho_suu_tam #co_khi_chau_au #dong_ho_xua #gia_tri_suu_tam #trang_tri_noi_that #dong_ho_atmos",39,02/28/2026 04:02,https://www.facebook.com/reel/691162014017446/,Thước phim,,Trọn đời,2,+3.6x,0,0,0,2191,15,2,13,0,0,1936,2388,8.283,17312.149,,A,A: trước 12/07/2026 và dưới 10.000 lượt xem,FANPAGE
1513983033622043,100050310827163,Đồng hồ Nhà kho,36/8 chơi 2 bài nhạc máy vách dầy mời anh em,0,02/28/2026 03:23,https://www.facebook.com/donghonhakho.vn/posts/pfbid0fcYoqeBpKtLhh2ZDCnAxSdrA46ULKC6kSJuPPjVbUxU4hN5xyBSA1BsTE3wSkLdcl,Ảnh,,Trọn đời,6,--,0,0,0,7318,34,0,27,0,2,6741,9720,,,,A,A: trước 12/07/2026 và dưới 10.000 lượt xem,FANPAGE
1513908786962801,100050310827163,Đồng hồ Nhà kho,"Trên nhiều mẫu đồng hồ cổ máy cơ, đặc biệt là dòng có chuông nhạc, anh em hay thấy một “cánh quạt” nhỏ bằng đồng quay tít khi đồng hồ đổ chuông.

🔧 Đó chính là bộ điều tốc (governor).

Cụ thể:
 • Khi đồng hồ bắt đầu điểm giờ hoặc chơi nhạc, hệ bánh răng của bộ chuông sẽ quay rất nhanh.
 • Nếu không có điều tốc, các bánh răng sẽ quay tự do → chuông đánh dồn dập, loạn nhịp, rất gắt.
 • Cánh quạt điều tốc quay trong không khí tạo ra lực cản gió.
 • Lực cản này giúp hãm tốc độ quay lại, giữ cho hệ thống chạy ổn định – đều – đúng nhịp.

🎵 Nhờ đó:
 • Tiếng chuông tròn tiếng hơn
 • Nhịp gõ búa vào côn rõ ràng, mạch lạc
 • Bản nhạc không bị dồn, không bị hụt

Có thể hiểu đơn giản:
👉 Điều tốc giống như “phanh gió” của bộ chuông.
👉 Không có nó, đồng hồ sẽ “chạy ẩu”.

Còn một điểm hay nữa là:
Khi anh em nghe tiếng chuông mà thấy đều, không nhanh quá không chậm quá, thì đó là nhờ điều tốc làm việc ổn định.

Nếu anh cần, em có thể phân tích thêm sự khác nhau giữa điều tốc của máy 8 búa và máy 10 búa cho anh em dễ hiểu hơn ạ.",49,02/28/2026 01:12,https://www.facebook.com/reel/1332186192267456/,Thước phim,,Trọn đời,3,+5.6x,0,0,0,4246,35,0,33,1,0,3947,4617,12.55,51194.955,,A,A: trước 12/07/2026 và dưới 10.000 lượt xem,FANPAGE
1513899203630426,100050310827163,Đồng hồ Nhà kho,"Ở các phiên bản đồng hồ cúc cu đời xưa, cơ cấu truyền động thường dùng bánh răng trung chuyển bằng kim loại để dẫn lực.

Về sau, nhiều mẫu chuyển sang dùng dây cao su để truyền lực cho cơ cấu chim và nhạc.

Chính vì kết cấu bánh răng cơ khí thuần túy, các mẫu cúc cu cổ thường bền hơn, ít lão hóa vật liệu và được giới sưu tầm đánh giá cao hơn về giá trị lâu dài.",59,02/28/2026 00:54,https://www.facebook.com/reel/775171245659180/,Thước phim,,Trọn đời,0,+1.3x,0,0,0,2540,15,1,12,3,1,2300,2664,8.665,21022.482,,A,A: trước 12/07/2026 và dưới 10.000 lượt xem,FANPAGE
1513892746964405,100050310827163,Đồng hồ Nhà kho,"Nguồn âm của đồng hồ cúc cu không phải từ côn hay chuông kim loại, mà đến từ hệ thống còi hơi bên trong máy.

Khi cơ cấu hoạt động, các lá gió và hộp hơi sẽ được đẩy lên xuống, tạo luồng không khí đi qua ống còi.

Hai ống hơi với cao độ khác nhau sẽ phát ra âm trầm – bổng, mô phỏng tiếng chim “cu – cu” rất đặc trưng và tự nhiên.",34,02/28/2026 00:43,https://www.facebook.com/reel/851268917949248/,Thước phim,,Trọn đời,0,+0.8x,0,0,0,2880,12,0,12,0,0,2582,3041,9.111,24581.914,,A,A: trước 12/07/2026 và dưới 10.000 lượt xem,FANPAGE
1513864583633888,100050310827163,Đồng hồ Nhà kho,"Kính chuông là những tấm kính được tạo hình giống quả chuông, lắp ở phần thân trước đồng hồ.

Khi quả lắc dao động phía trong, ánh sáng đi qua lớp kính uốn cong sẽ tạo hiệu ứng khúc xạ lấp lánh, rất bắt mắt.

Trên dòng 36/8 hai bài nhạc, kết hợp kính chuông với nhịp lắc đều và âm thanh ngân vang tạo nên một tổng thể vừa nghe hay, vừa nhìn đã mắt – đúng chất cơ khí cổ điển.",29,02/27/2026 23:50,https://www.facebook.com/reel/1604882403795993/,Thước phim,,Trọn đời,17,+25.6x,0,0,0,5524,65,6,46,2,0,4859,6429,9.653,50736.412,,A,A: trước 12/07/2026 và dưới 10.000 lượt xem,FANPAGE
1513308083689538,100050310827163,Đồng hồ Nhà kho,"Cũng là tiếng ồn, nhưng tiếng phát ra từ đồng hồ cổ là âm thanh tự nhiên, thuần cơ học.

Nó không chói, không gắt như âm điện tử, mà có độ rung thật, lan trong không gian nên nghe khoan khoái, dễ chịu hơn.

Anh em thử tưởng tượng tiếng chuông vang lên đúng nhịp – rất đã tai.

Nhưng nếu ghi âm lại rồi mở lặp suốt đêm, cảm giác sẽ khác hẳn.

Chính sự “sống” trong từng nhịp cơ khí ấy tạo nên sức hút riêng của chuông đồng hồ cổ với người yêu đồ xưa.",130,02/27/2026 07:19,https://www.facebook.com/reel/1370338711525243/,Thước phim,,Trọn đời,10,+67.7x,0,0,0,7817,65,7,56,1,0,6702,7599,16.404,113406.977,,A,A: trước 12/07/2026 và dưới 10.000 lượt xem,FANPAGE
1513308080356205,100050310827163,Đồng hồ Nhà kho,"Trên đồng hồ cơ có một cơ cấu đếm giờ riêng biệt.

Bộ phận này thường gồm một bánh đếm có răng lược, chia thành các nấc từ 1 đến 12.

Mỗi khi đến giờ, cơ cấu sẽ rơi đúng vào vị trí tương ứng và cho phép búa đánh đúng số tiếng chuông.

Nhờ vậy, đồng hồ có thể tự “nhớ” hiện tại là mấy giờ để điểm chuông chính xác.",59,02/27/2026 07:19,https://www.facebook.com/reel/1440504541142119/,Thước phim,,Trọn đời,2,+4.7x,0,0,0,3197,39,0,32,6,1,2961,3434,13.607,41025.232,,A,A: trước 12/07/2026 và dưới 10.000 lượt xem,FANPAGE
1513260457027634,100050310827163,Đồng hồ Nhà kho,"Trên dòng 36, việc phân biệt vách dày và vách mỏng thường lấy mốc khoảng 2.6mm làm căn cứ.

Vách từ 2.6mm trở lên được xem là vách dày, kết cấu chắc, hộp cót khỏe.
Dưới mức này thường gọi là vách mỏng, trọng lượng nhẹ hơn, thuộc giai đoạn sản xuất sau.

Đây là chi tiết kỹ thuật nhỏ nhưng rất quan trọng khi nhận diện đời máy và giá trị sưu tầm.",139,02/27/2026 06:11,https://www.facebook.com/reel/1446581960258732/,Thước phim,,Trọn đời,4,+54.3x,0,0,0,5848,32,2,26,2,0,5171,5789,16.133,86848.498,,A,A: trước 12/07/2026 và dưới 10.000 lượt xem,FANPAGE
1513247897028890,100050310827163,Đồng hồ Nhà kho,"36/8 đời đầu. Bao zin từng cái vit. 
Máy đầu 15xx sx 1938-1942
Kính chuông. Giá 3x",0,02/27/2026 05:54,https://www.facebook.com/donghonhakho.vn/posts/pfbid08bK4hTHjbeEdGdg84v7fFK93RyVy369fNL4ftpcg6RxvHvAg6LKDeJQJLGgngBEml,Ảnh,,Trọn đời,4,--,0,0,0,2507,17,-1,13,0,0,2138,3458,,,,A,A: trước 12/07/2026 và dưới 10.000 lượt xem,FANPAGE
1513169543703392,100050310827163,Đồng hồ Nhà kho,"Ở dòng 36/8, bộ côn 2 bài nhạc có điểm khác rõ so với bản 1 bài.

Phiên bản 2 bài thường dùng côn ngược, thân côn dài khá đều từ ngoài vào trong, độ thuôn không gắt.

Cách bố trí này giúp đáp ứng hai giai điệu khác nhau mà vẫn giữ độ ngân ổn định.

Trong khi bản 1 bài phổ biến hơn với dạng côn xuôi, thu dần về đầu côn.

Đây là chi tiết kỹ thuật nhỏ nhưng rất đáng chú ý với người sưu tầm.",19,02/27/2026 03:57,https://www.facebook.com/reel/927827760235492/,Thước phim,,Trọn đời,3,+5.4x,0,0,0,4253,27,1,23,1,0,4041,5321,9.693,39299.182,,A,A: trước 12/07/2026 và dưới 10.000 lượt xem,FANPAGE
1512956043724742,100050310827163,Đồng hồ Nhà kho,Có cái bò VIP,0,02/26/2026 21:52,https://www.facebook.com/donghonhakho.vn/posts/pfbid0Y6UNs9tdWDBQoPfBGQSPy5Ydb89pFtZyAuGuFPkdyy5gFmnE8A6KMiipuC6foNyKl,Ảnh,,Trọn đời,19,--,0,0,0,3684,34,1,17,0,1,3399,5198,,,,A,A: trước 12/07/2026 và dưới 10.000 lượt xem,FANPAGE
1512091627144517,100050310827163,Đồng hồ Nhà kho,"Số 353 – Đồng Hồ Vai Bò Junhan 5 Côn Đồng Bạch

🕰️ Mẫu vai bò Junhan 5 côn đồng bạch nổi bật với chất âm trong, sáng và ngân rõ tiếng.
Cấu hình 5 côn cho nhịp điểm tròn tiếng, vang đều, nghe rất “đã tai” trong không gian gia đình.

✨ Dáng vai bò cân đối, mặt số hài hòa; tổng thể liền lạc, đúng tinh thần cơ khí Đức xưa.
Bộ máy vận hành ổn định, nhịp đánh mạch lạc, giữ được độ nguyên bản đáng trân trọng.

💫 Giá trị sưu tầm cao nhờ cấu hình côn đồng bạch đặc trưng cùng chất âm rất được anh em yêu thích.

#dong_ho_vai_bo #dong_ho_junhan #5_con_dong_bach #dong_ho_duc #dong_ho_co #dong_ho_suu_tam #am_thanh_hay #co_khi_duc #dong_ho_xua #gia_tri_suu_tam",97,02/25/2026 21:24,https://www.facebook.com/reel/2698211007207640/,Thước phim,,Trọn đời,10,+27.1x,0,0,0,2497,32,1,22,0,0,2302,2714,9.787,23695.48,,A,A: trước 12/07/2026 và dưới 10.000 lượt xem,FANPAGE
1511762297177450,100050310827163,Đồng hồ Nhà kho,"Nếu không có gì là vĩnh cửu, thì vì sao người ta vẫn gọi nó là “đồng hồ vĩnh cửu” suốt bao thế hệ nhỉ? 😉

“Vĩnh cửu” ở đây không phải thách thức thời gian,
mà là cách người xưa gọi một cơ cấu máy có thể tự vận hành bền bỉ theo biến đổi nhiệt độ môi trường.

Một bộ máy tinh tế, gần như không cần lên cót thường xuyên,
chỉ cần sự chênh lệch nhiệt độ nhẹ cũng đủ nuôi dưỡng chuyển động.

Có thể đời người không vĩnh cửu,
nhưng giá trị kỹ thuật, lịch sử và ký ức mà chiếc đồng hồ này mang theo
lại có thể đi qua nhiều thế hệ.

Và có lẽ, đó mới là ý nghĩa thật sự của hai chữ “vĩnh cửu”.",23,02/25/2026 11:20,https://www.facebook.com/reel/2007195433524289/,Thước phim,,Trọn đời,8,+12.1x,0,0,0,2183,25,0,17,0,0,2009,2458,5.641,12049.336,,A,A: trước 12/07/2026 và dưới 10.000 lượt xem,FANPAGE
1511696090517404,100050310827163,Đồng hồ Nhà kho,"Số 352 – Đồng Hồ Vai Bò Đức – Độc Lạ, 3 Côn, Chuông Bính Boong

🕰️ Mẫu đồng hồ vai bò Đức thiết kế độc đáo, ít gặp, giữ được độ nguyên bản đáng trân trọng.
Cấu hình 3 côn – 3 búa, điểm chuông “bính boong” rõ tiếng, tròn và vang vừa phải.

✨ Dáng vai bò cân đối, mềm mại; tổng thể hài hòa, phù hợp bày trí trong không gian cổ điển.
Bộ máy cơ khí vận hành ổn định, nhịp đánh mạch lạc, đúng tinh thần đồng hồ Đức xưa.

💫 Giá trị sưu tầm nằm ở sự nguyên bản, cấu hình 3 côn đặc trưng và chất âm dễ nghe, gần gũi.

#dong_ho_vai_bo #dong_ho_duc #3_con_3_bua #chuong_binh_boong #dong_ho_co #dong_ho_suu_tam #am_thanh_hay #co_khi_duc #dong_ho_xua #gia_tri_suu_tam",20,02/25/2026 09:45,https://www.facebook.com/reel/897804109888810/,Thước phim,,Trọn đời,4,+6.3x,0,0,0,1772,18,2,14,1,0,1626,2112,6.522,11343.389,,A,A: trước 12/07/2026 và dưới 10.000 lượt xem,FANPAGE
1511646637189016,100050310827163,Đồng hồ Nhà kho,"Đồng hồ Atmos 528 nguyên bản cực đẹp là dòng đồng hồ vĩnh cửu vận hành nhờ biến đổi nhiệt độ môi trường, gần như không cần lên cót.

Máy chạy êm, dao động chậm và ổn định, thể hiện đỉnh cao cơ khí tinh xảo.

Thiết kế kính trong suốt, khung mạ sáng đẹp, tổng thể hài hòa và sang trọng.

Một mẫu đồng hồ cơ học độc đáo, nguyên bản, xứng đáng trong bộ sưu tập đẳng cấp.",109,02/25/2026 08:28,https://www.facebook.com/reel/874485692256055/,Thước phim,,Trọn đời,20,+44.5x,0,0,0,3484,58,8,38,1,0,3049,3695,10.009,33903.773,,A,A: trước 12/07/2026 và dưới 10.000 lượt xem,FANPAGE
1511396627214017,100050310827163,Đồng hồ Nhà kho,"Atmos 528-8 là dòng đồng hồ vĩnh cửu hoạt động nhờ sự thay đổi nhiệt độ môi trường, gần như không cần lên cót thủ công.

Máy chạy rất chậm, êm và ổn định, thể hiện trình độ cơ khí tinh xảo.

Thiết kế thanh lịch, cân đối, phù hợp không gian phòng khách hoặc bàn làm việc trang trọng.

Một mẫu đồng hồ cơ học độc đáo, mang giá trị kỹ thuật và sưu tầm cao.",97,02/25/2026 01:59,https://www.facebook.com/reel/1465940095159706/,Thước phim,,Trọn đời,40,+106.1x,0,0,0,8040,106,7,67,2,0,7147,8125,12.957,97514.741,,A,A: trước 12/07/2026 và dưới 10.000 lượt xem,FANPAGE
1511213927232287,100050310827163,Đồng hồ Nhà kho,"Đồng hồ balance cơ khí là dòng đồng hồ sử dụng cơ cấu vành tóc – bánh xe cân bằng, chuyển động liên tục và rất vui mắt khi quan sát.

Nhịp lắc đều, dao động ổn định, thể hiện rõ tinh thần cơ khí truyền thống.

Thiết kế gọn, dễ trưng bày, phù hợp bàn làm việc hoặc không gian nhỏ.

Một lựa chọn thú vị cho người yêu cơ cấu cơ học và chuyển động sống động.",26,02/24/2026 20:29,https://www.facebook.com/reel/1476346457212786/,Thước phim,,Trọn đời,4,+6.6x,0,0,0,3358,28,2,22,2,0,3433,3982,7.817,27258.523,,A,A: trước 12/07/2026 và dưới 10.000 lượt xem,FANPAGE
1510759813944365,100050310827163,Đồng hồ Nhà kho,"Số 345 – Đồng Hồ Vai Bò Napoleon Hat – Âm Thanh Rất Hay

🕰️ Mẫu vai bò Napoleon Hat gây ấn tượng với phần đỉnh cong mềm mại đặc trưng, dáng bo tròn đầy cổ điển.
Chất âm tròn tiếng, ngân dài và ấm áp; mỗi nhịp điểm vang lên chậm rãi, nghe rất cuốn tai.

✨ Tổng thể cân đối, hài hòa; đặt trong không gian gỗ hoặc ánh đèn vàng càng tôn lên vẻ xưa cũ.
Bộ máy cơ khí vận hành ổn định, giữ được nhịp đánh mạch lạc và đều đặn.

💫 Giá trị sưu tầm nằm ở kiểu dáng mềm mại đặc trưng cùng chất âm rất được anh em yêu thích.

#dong_ho_vai_bo #napoleon_hat #dong_ho_co #dong_ho_de_ban #am_thanh_hay #dong_ho_xua #dong_ho_suu_tam #co_khi_co #gia_tri_suu_tam #dong_ho_chau_au",24,02/24/2026 07:21,https://www.facebook.com/reel/2501211456980986/,Thước phim,,Trọn đời,4,+6.4x,0,0,0,3139,24,0,20,0,0,2900,3341,6.33,19099.192,,A,A: trước 12/07/2026 và dưới 10.000 lượt xem,FANPAGE
1510582707295409,100050310827163,Đồng hồ Nhà kho,Phía trong bộ máy,26,02/24/2026 02:50,https://www.facebook.com/reel/1426791039143976/,Thước phim,,Trọn đời,7,+11x,0,0,0,5177,37,1,30,1,0,4845,5793,7.473,36985.01,,A,A: trước 12/07/2026 và dưới 10.000 lượt xem,FANPAGE
1510579750629038,100050310827163,Đồng hồ Nhà kho,"Số 343 – Đồng Hồ Vai Bò Napoleon Hat – Âm Thanh Ma Mị

🕰️ Mẫu vai bò Napoleon Hat gây ấn tượng không chỉ ở dáng đỉnh cong mềm mại mà còn ở chất âm rất riêng.
Tiếng chuông trầm sâu, ngân dài, hơi “ma mị” – vang lên chậm rãi, tạo cảm giác cổ kính và đầy chiều sâu.

✨ Dáng thân bo tròn, cân đối; tổng thể hài hòa, đặt trong không gian gỗ hay ánh đèn vàng đều rất có thần.
Cơ chế cơ khí vận hành ổn định, nhịp đánh rõ ràng, giữ được cái hồn của đồng hồ xưa.

💫 Giá trị sưu tầm nằm ở chất âm đặc trưng và kiểu dáng mềm mại khó nhầm lẫn.

#dong_ho_vai_bo #napoleon_hat #dong_ho_co #dong_ho_de_ban #am_thanh_ma_mi #dong_ho_xua #dong_ho_suu_tam #co_khi_co #gia_tri_suu_tam #dong_ho_chau_au",62,02/24/2026 02:46,https://www.facebook.com/reel/916340237800595/,Thước phim,,Trọn đời,17,+43.6x,0,0,0,4172,48,-3,31,1,0,3827,4471,10.722,42623.028,,A,A: trước 12/07/2026 và dưới 10.000 lượt xem,FANPAGE
1510403477313332,100050310827163,Đồng hồ Nhà kho,"Số 340 – Đồng Hồ Vai Bò Napoleon Hat (Vai Bò Ông Sư)

🕰️ Mẫu vai bò Napoleon Hat, còn gọi thân thuộc là vai bò ông sư, nổi bật với phần đỉnh cong mềm như chiếc mũ đặc trưng.
Dáng thân bo tròn, cân đối, tạo cảm giác cổ điển và rất có thần thái khi đặt trên kệ hay tủ.

✨ Thiết kế hài hòa, mặt số rõ nét, tổng thể liền lạc đúng phong cách đồng hồ châu Âu xưa.
Chất âm thường tròn tiếng, ngân vừa phải, nghe ấm và dễ chịu trong không gian gia đình.

💫 Đây là một trong những dáng vai bò được giới yêu đồng hồ ưa chuộng nhờ vẻ đẹp mềm mại và giá trị sưu tầm lâu dài.

#dong_ho_vai_bo #napoleon_hat #vai_bo_ong_su #dong_ho_co #dong_ho_de_ban #dong_ho_xua #do_suu_tam #gia_tri_suu_tam #dong_ho_chau_au #am_thanh_hay",59,02/23/2026 21:35,https://www.facebook.com/reel/2088024258660807/,Thước phim,,Trọn đời,13,+19.4x,0,0,0,1789,28,-2,16,1,0,1601,2140,9.246,16976.542,,A,A: trước 12/07/2026 và dưới 10.000 lượt xem,FANPAGE
1509755064044840,100050310827163,Đồng hồ Nhà kho,"Số 335 – Đồng Hồ Dung han Đức – Âm Thanh Chuẩn Cơ Khí

🕰️ Đồng hồ Dung han xuất xứ Đức là dòng được giới yêu đồng hồ cơ khí đánh giá cao nhờ chất âm rõ, tròn tiếng và độ bền máy ấn tượng.

✨ Thiết kế mang phong cách Đức cổ điển: dáng cân đối, vân gỗ hài hòa, mặt số sáng rõ, tổng thể liền lạc.
Bộ máy cơ khí vận hành ổn định, nhịp đánh chắc tiếng, ngân vang vừa phải, nghe lâu không mệt.

Giá trị sưu tầm nằm ở độ hoàn thiện cơ học, độ bền lâu năm và phong cách đặc trưng rất riêng của đồng hồ Đức xưa.

#dong_ho_dung_han #dong_ho_duc #dong_ho_co #dong_ho_vai_bo #dong_ho_treo_tuong #dong_ho_suu_tam #am_thanh_hay #co_khi_duc #dong_ho_xua #gia_tri_suu_tam",62,02/23/2026 02:39,https://www.facebook.com/reel/1375952411006531/,Thước phim,,Trọn đời,19,+53.2x,0,0,0,4930,66,6,45,1,2,4501,5357,10.851,51728.682,,A,A: trước 12/07/2026 và dưới 10.000 lượt xem,FANPAGE
1509731924047154,100050310827163,Đồng hồ Nhà kho,"Số 334 – Đồng Hồ Vai Bò Đức – 9 Côn, 3 Bài Nhạc

🕰️ Đồng hồ vai bò xuất xứ Đức cấu hình 9 côn, chơi 3 bài nhạc, mang lại chất âm dày, vang và tách lớp rõ ràng.
Nhịp đánh chậm rãi, tròn tiếng, nghe lâu không mệt – đúng tinh thần cơ khí Đức cổ.

✨ Dáng vai bò cân đối, hình thức hài hòa; tổng thể liền lạc, vận hành ổn định.
Cơ chế chuyển bài linh hoạt giúp trải nghiệm âm nhạc phong phú, không đơn điệu.

Giá trị nằm ở cấu hình 9 côn đặc biệt, trải nghiệm 3 bản nhạc và tính sưu tầm bền vững.

#dong_ho_co #dong_ho_vai_bo #dong_ho_duc #9_con #3_bai_nhac #dong_ho_xua #dong_ho_suu_tam #am_thanh_hay #gia_tri_suu_tam",30,02/23/2026 01:59,https://www.facebook.com/reel/1401494211219211/,Thước phim,,Trọn đời,10,+15.1x,0,0,0,3367,39,2,27,2,0,3046,3774,6.093,20082.725,,A,A: trước 12/07/2026 và dưới 10.000 lượt xem,FANPAGE
1509723127381367,100050310827163,Đồng hồ Nhà kho,"Số 331 – Máy Hát Cổ Đĩa Đá Cơ Học Lên Cót – Âm Thanh Nguyên Bản

🕰️ Máy hát cổ đĩa đá cơ học lên cót là dòng thiết bị âm thanh xưa vận hành hoàn toàn bằng cơ khí, không dùng điện.
Cơ chế lên cót truyền động qua hệ bánh răng giúp kim đọc rãnh đĩa đá, tái tạo âm thanh mộc mạc và chân thực.

✨ Âm sắc đặc trưng: ấm, hơi khàn nhẹ, giàu chất hoài niệm.
Kết cấu chắc chắn, mang đậm tinh thần cơ khí cổ điển châu Âu.

Giá trị nằm ở tính nguyên bản cơ học, trải nghiệm âm thanh cổ xưa và ý nghĩa sưu tầm lịch sử.

#may_hat_co #dia_da #may_hat_len_cot #do_co_chau_au #am_thanh_co #co_khi_co_dien #do_suu_tam #gia_tri_lich_su",47,02/23/2026 01:44,https://www.facebook.com/reel/775805071790823/,Thước phim,,Trọn đời,2,+3.7x,0,0,0,3286,11,1,8,1,0,3031,3397,10.135,31472.189,,A,A: trước 12/07/2026 và dưới 10.000 lượt xem,FANPAGE
1509705457383134,100050310827163,Đồng hồ Nhà kho,"Số 328 – Đồng Hồ Tạ Cước Đức – Phong Cách Gustav Becker

🕰️ Đồng hồ tạ cước xuất xứ Đức mang phong cách cổ điển đặc trưng của trường phái cơ khí cuối thế kỷ XIX, với thiết kế thanh thoát, dáng cao và cân đối.
Kết cấu máy chắc chắn, vận hành bền bỉ theo thời gian.

✨ Âm thanh điểm giờ vang, rõ và trầm ấm; nhịp đánh mạch lạc, tạo cảm giác uy nghi khi thưởng lãm.
Tổng thể nguyên bản, đường nét hài hòa, giữ đúng tinh thần đồng hồ Đức cổ.

Giá trị nằm ở kết cấu tạ cước truyền thống, độ bền cơ khí cao và tính sưu tầm lâu dài trong giới yêu đồng hồ cổ châu Âu.

#dong_ho_co #dong_ho_ta_cuoc #dong_ho_duc #dong_ho_xua #dong_ho_suu_tam #co_khi_co_dien #am_thanh_tram_am #gia_tri_suu_tam",87,02/23/2026 01:09,https://www.facebook.com/reel/1448130956748274/,Thước phim,,Trọn đời,7,+38.8x,0,0,0,6152,79,6,68,5,2,5788,6572,9.527,57613.703,,A,A: trước 12/07/2026 và dưới 10.000 lượt xem,FANPAGE
1501927578160922,100050310827163,Đồng hồ Nhà kho,"Số 327 – Đồng Hồ Vê đét Có Chức Năng Ngắt Chuông Tự Động

🕰️ Vê đét Pháp tích hợp cơ chế ngắt chuông tự động ban đêm, giúp không gian yên tĩnh khi nghỉ ngơi nhưng vẫn giữ đầy đủ giá trị cơ khí cổ.

✨ Cấu hình côn chuẩn, âm thanh tròn tiếng, ngân nga rõ lớp.
Thiết kế hài hòa, mặt số cân đối, tổng thể liền lạc và giữ độ nguyên bản cao.

Cơ chế ngắt chuông là điểm cộng lớn trong giới chơi lâu năm – vừa tiện dụng, vừa không ảnh hưởng đến trải nghiệm âm học khi cần thưởng thức.

Giá trị nằm ở công năng thông minh, độ bền máy, và tính sưu tầm lâu dài.

#dong_ho_co #ve_det #dong_ho_phap #ngat_chuong_tu_dong #dong_ho_xua #dong_ho_suu_tam #am_thanh_ngan_nga #dong_ho_co_khi #gia_tri_suu_tam",44,02/13/2026 21:03,https://www.facebook.com/reel/1783945035897828/,Thước phim,,Trọn đời,11,+17.2x,0,0,0,3695,45,2,29,4,1,3497,4212,8.631,31183.929,,A,A: trước 12/07/2026 và dưới 10.000 lượt xem,FANPAGE
1501330938220586,100050310827163,Đồng hồ Nhà kho,Gia đình còn cây đèn đón Tết,0,02/13/2026 04:37,https://www.facebook.com/donghonhakho.vn/posts/pfbid0SCD4bEC3qMUEc1fGcXtLtTX1NoPEQoTRyAjgkT4ZbjGoNkZTwpSRTep2VLPUAhz1l,Ảnh,,Trọn đời,3,--,0,0,0,3823,11,0,8,0,1,3447,5032,,,,A,A: trước 12/07/2026 và dưới 10.000 lượt xem,FANPAGE
1501200101567003,100050310827163,Đồng hồ Nhà kho,"Số 326 – Đồng Hồ Ô đô 36/10 – 10 Côn 10 Búa, Chất Âm Đỉnh Cao

🕰️ Ô đô 36/10 thuộc dòng thùng dài đặc trưng, cấu hình 10 côn – 10 búa, chơi 2 bản nhạc kinh điển, âm đánh dày và rõ lớp.
Chất âm trầm ấm, vang sâu, ngân nga mạch lạc – đúng chất “nữ hoàng âm thanh” trong giới sưu tầm.

✨ Thùng cân đối, hài hòa, bộ máy vận hành ổn định, giữ độ nguyên bản cao.
Từng nhịp chuông điểm giờ chắc, bính boong rõ tiếng, nghe lâu không chói tai.

Giá trị nổi bật nằm ở âm học cơ khí cổ, độ bền máy, và tính sưu tầm lâu dài.

#dong_ho_co #o_do_36_10 #dong_ho_phap #10_con_10_bua #dong_ho_xua #dong_ho_suu_tam #dong_ho_thung_dai #am_thanh_ngan_nga #gia_tri_suu_tam #dong_ho_co_khi",0,02/13/2026 01:06,https://www.facebook.com/donghonhakho.vn/posts/pfbid09pJJxRWLsjMFcSaR6HV77PnuaeodNge4PNQbNr3oEL9R9Jqjh5YaYMDUrpn6Zcbgl,Ảnh,,Trọn đời,4,--,0,0,0,3019,15,0,13,1,0,2604,4024,,,,A,A: trước 12/07/2026 và dưới 10.000 lượt xem,FANPAGE
1500990774921269,100050310827163,Đồng hồ Nhà kho,Máy chữ cổ hoạt động tốt,0,02/12/2026 18:49,https://www.facebook.com/donghonhakho.vn/posts/pfbid0TFoYVXrwSCWzw6HZKB6MXyhwCi83fwpQWKF5N8i6Dakdu2vJCqQiibFoFjp2ysGsl,Ảnh,,Trọn đời,2,--,0,0,0,1889,4,-2,1,0,1,1604,2758,,,,A,A: trước 12/07/2026 và dưới 10.000 lượt xem,FANPAGE
1498673815152965,100050310827163,Đồng hồ Nhà kho,"Số 320 – Đồng Hồ Vai Bò Mini – Không Chuông, Dáng Gọn Gàng

🕰️ Đồng hồ vai bò mini thiết kế không chuông, tập trung vào nhịp chạy ổn định và vẻ đẹp hình thức.
Kích thước nhỏ gọn, tỷ lệ cân đối, rất phù hợp treo ở không gian hẹp hoặc làm điểm nhấn trang trí tinh tế.

✨ Máy vận hành đều; tổng thể liền lạc, giữ nét nguyên bản của dòng vai bò cổ.
Giá trị nằm ở sự gọn nhẹ, thẩm mỹ bền dáng và tính sưu tầm với mức tiếp cận nhẹ.

Một mẫu nhỏ – gọn – dễ bày trí, phù hợp cho người yêu đồng hồ vai bò tối giản.",18,02/10/2026 00:09,https://www.facebook.com/reel/1535890937708482/,Thước phim,,Trọn đời,3,+5.2x,0,0,0,4148,31,2,28,0,0,3892,4956,7.122,28669.809,,A,A: trước 12/07/2026 và dưới 10.000 lượt xem,FANPAGE
1496245585395788,100050310827163,Đồng hồ Nhà kho,"Bộ máy đồng hồ cổ Junghans 5 côn đồng bạch thuộc nhóm hiếm,
kết cấu chắc khỏe, hoàn thiện tinh tế.
Âm thanh vang, trong và có chiều sâu,
nhịp máy đều, độ ổn định cao.
Một lựa chọn cực vip cho giới sưu tầm yêu chất âm và kỹ thuật Đức xưa.",15,02/07/2026 03:50,https://www.facebook.com/reel/1849342285712158/,Thước phim,,Trọn đời,21,+35.9x,0,0,0,24700,412,34,376,20,1,23488,31331,8.822,211583.573,JUNGHANS,,B: từ khóa trong nội dung ngoài hashtag,FANPAGE
1496225615397785,100050310827163,Đồng hồ Nhà kho,"Số 317 – Đồng Hồ Vai Bò Nhỏ – 30 Phút Điểm Chuông, Âm Thanh Hay

🕰️ Đồng hồ vai bò dáng nhỏ với tỷ lệ gọn gàng, dễ bày trí trong các không gian vừa và nhỏ.
Cơ chế 30 phút điểm chuông một lần cho nhịp thời gian rõ ràng, đều đặn.

✨ Âm thanh hay: tròn tiếng, êm tai, nghe lâu không mệt; máy vận hành ổn định, giữ nét cơ khí cổ điển.
Tổng thể hài hòa, liền lạc, mang giá trị sưu tầm đáng chú ý với mức tiếp cận nhẹ.

Một mẫu nhỏ gọn – dễ nghe – thẩm mỹ bền dáng cho người yêu đồng hồ vai bò cổ.",37,02/07/2026 03:20,https://www.facebook.com/reel/2082442632580114/,Thước phim,,Trọn đời,26,+39.4x,0,0,0,8254,117,16,88,2,1,7642,9255,8.633,69276.538,,A,A: trước 12/07/2026 và dưới 10.000 lượt xem,FANPAGE
1495220452164968,100050310827163,Đồng hồ Nhà kho,"Ông anh X râu thẩm định kỹ quá, làm thằng em bất đắc dĩ thành thợ chụp ảnh.",0,02/05/2026 23:55,https://www.facebook.com/donghonhakho.vn/posts/pfbid027VCrxVzy3yKRJHiNJT4KNFGGbtUjYPhoLiNUzBFpYG1Rm8kLL12un6c9EM2xg2Qtl,Ảnh,,Trọn đời,0,--,0,0,0,3681,20,-2,20,0,0,3450,5207,,,,A,A: trước 12/07/2026 và dưới 10.000 lượt xem,FANPAGE
1494475898906090,100050310827163,Đồng hồ Nhà kho,Nhà có cái tủ Gothic,0,02/05/2026 04:18,https://www.facebook.com/donghonhakho.vn/posts/pfbid022n54ZdQdCXzrb2Q5NoNfniSaM6UPkYxnz4JzwdtxeiaATDxQt1mpnWyqnE82E5thl,Ảnh,,Trọn đời,0,--,0,0,0,2754,5,-2,5,0,1,2535,3672,,,,A,A: trước 12/07/2026 và dưới 10.000 lượt xem,FANPAGE
1493524879001192,100050310827163,Đồng hồ Nhà kho,"Một năm cũ với nhiều Biến động, Chính sách, Suy thoái và Trượt giá.
Xin phép ae em chuẩn bị nghỉ Tết",0,02/04/2026 02:34,https://www.facebook.com/donghonhakho.vn/posts/pfbid033mJ7gbzNENrRAxnsgZWRedQQEhD57Li1F5wBtdmcDgGygxFJq49kwmavStV4Dey7l,Ảnh,,Trọn đời,4,--,0,0,0,2448,14,-2,11,0,1,2248,3384,,,,A,A: trước 12/07/2026 và dưới 10.000 lượt xem,FANPAGE
1493419065678440,100050310827163,Đồng hồ Nhà kho,,0,02/03/2026 23:29,https://www.facebook.com/donghonhakho.vn/posts/pfbid0QRLFzKEMJzrKxDVQACQPkf85xpof2e7dEiSQPq5gUUpAAuPrnoL5JyNobEqyMAsJl,Ảnh,,Trọn đời,0,--,0,0,0,2760,18,0,17,0,1,2607,3785,,,,A,A: trước 12/07/2026 và dưới 10.000 lượt xem,FANPAGE
1491870172499996,100050310827163,Đồng hồ Nhà kho,Không giấu gì các thượng đế. Nó đắt đó ạ,0,02/02/2026 02:53,https://www.facebook.com/donghonhakho.vn/posts/pfbid037xBM3LX8vf8CPjCseY1c367edNSMsdDsjjfiQ4jZdGBgarsfXqe1BW9gMU1jYoUJl,Ảnh,,Trọn đời,2,--,0,0,0,2544,12,0,9,0,1,2315,3610,,,,A,A: trước 12/07/2026 và dưới 10.000 lượt xem,FANPAGE
1491019932585020,100050310827163,Đồng hồ Nhà kho,"Đợi em chút ạ
Gọi em 𝟶𝟿𝟼𝟥•𝟜𝟝𝟞•𝟿𝟞𝟥 Cảm ơn anh ạ!",0,02/01/2026 02:08,https://www.facebook.com/donghonhakho.vn/posts/pfbid0Ezjf3xnLpaB1s7dKbtKYwp491z8DVWt83pUU3eGaGygqsYCsDFzqxzsLi7LFCFMLl,Ảnh,,Trọn đời,0,--,0,0,0,2194,6,-2,6,0,1,2019,3022,,,,A,A: trước 12/07/2026 và dưới 10.000 lượt xem,FANPAGE
1490959009257779,100050310827163,Đồng hồ Nhà kho,Dọn kho sót con bò mộng chân móng giá 7tr3 mời ae ạ,0,02/01/2026 00:09,https://www.facebook.com/donghonhakho.vn/posts/pfbid02mwGwpygrMpArZtQ32oG6DxKzXGPhA1yaJjFBY2k3GC5zreQnVHyGVgVqJftJY7Tbl,Ảnh,,Trọn đời,4,--,0,0,0,2769,13,0,8,1,1,2475,3941,,,,A,A: trước 12/07/2026 và dưới 10.000 lượt xem,FANPAGE
1490163826003964,100050310827163,Đồng hồ Nhà kho,Bò đẹp mời ae đón Tết,0,01/30/2026 22:53,https://www.facebook.com/donghonhakho.vn/posts/pfbid0W97Wx27fhVjGSV7Ent6Q5bHi38vqQg7rqjE2ByWetd3UkjnviSstAChmqj6ktF9Xl,Ảnh,,Trọn đời,12,--,0,0,0,6993,42,-1,31,0,1,6528,9111,,,,A,A: trước 12/07/2026 và dưới 10.000 lượt xem,FANPAGE
1487797506240596,100050310827163,Đồng hồ Nhà kho,🔥 Mời ae,0,01/28/2026 03:24,https://www.facebook.com/donghonhakho.vn/posts/pfbid02TgvKdguqgugd2CHDPCQjmA1i8FXfjxY48CPeuCanbLsghdey4PCvcHstr2bdmZ4il,Ảnh,,Trọn đời,4,--,0,0,0,5080,32,2,28,0,1,4744,7022,,,,A,A: trước 12/07/2026 và dưới 10.000 lượt xem,FANPAGE
1484209849932695,100050310827163,Đồng hồ Nhà kho,"🔥 Phong cách Neo-Gothic / Cathedral Clock lại còn mặt men kinh điển.
❤️ Cao kỷ lục 2m62 phiên bản nhà thờ. Zin tuyệt đối chưa spa.
💵:  36/10 xấu. 🙂
Mời anh em - 0963.456.963",0,01/24/2026 02:59,https://www.facebook.com/donghonhakho.vn/posts/pfbid02yCMMZhN2Aowh2ZRiBMqFDCYqCVBb9EerrGAZCcikWYnHgkUMRDJkkUo7Fb5vADsSl,Ảnh,,Trọn đời,4,--,0,0,0,7632,68,1,59,1,8,7216,9934,,,,A,A: trước 12/07/2026 và dưới 10.000 lượt xem,FANPAGE
1484099829943697,100050310827163,Đồng hồ Nhà kho,"Có đàn bò mời ae chọn ạ, giá tốt",0,01/24/2026 00:13,https://www.facebook.com/donghonhakho.vn/posts/pfbid02G6x5Eg2ZS55FKcgSUujoe8uCLtvuNfCMPDZn1MSUaQSueKKm85fs7MV5tBm2w3GFl,Ảnh,,Trọn đời,2,--,0,0,0,2743,19,1,16,0,1,2273,4051,,,,A,A: trước 12/07/2026 và dưới 10.000 lượt xem,FANPAGE
