"ID bài viết","ID Trang","Tên Trang","Tiêu đề","Thời lượng (giây)","Thời gian đăng","Liên kết vĩnh viễn","Loại bài viết","Bình luận về dữ liệu",Ngày,"Bình luận","Lượt phân phối","Thu nhập ước tính (USD)","Kiếm tiền từ nội dung (USD)","Sao (USD)","Lượt hiển thị","Lượt tương tác","Số người theo dõi thực","Cảm xúc","Lượt lưu","Lượt chia sẻ","Người xem","Lượt xem","Số Giây xem trung bình","Số Giây xem",Interactions,"Net follows"
1701296581557353,100050310827163,"Đồng hồ Nhà kho","ÔĐô 36/8 nguyên bản – cái đẹp đến từ sự giản đơn

Không cần quá cầu kỳ, một chiếc ÔĐô 36/8 nguyên bản, thùng dáng gọn gàng, đường nét hài hòa đã đủ đẹp. Càng ngắm lâu càng thấy cái duyên của những món đồ xưa đôi khi lại nằm chính ở sự giản đơn.

#ÔĐô #Odo36_8 #ĐồngHồCổ #SưuTầmĐồngHồCổ",23,"10/06/2026 19:11",https://www.facebook.com/reel/28528284966827530/,"Thước phim",,"Trọn đời",0,+1.7x,0,0,0,437,3,0,1,0,3,429,498,5.681,2443.001,,
3660695640754338,100050310827163,"Đồng hồ Nhà kho","ÔĐô 36/8 nguyên bản – cái đẹp đến từ sự giản đơn

Không cần quá cầu kỳ, một chiếc ÔĐô 36/8 nguyên bản, thùng dáng gọn gàng, đường nét hài hòa đã đủ đẹp. Càng ngắm lâu càng thấy cái duyên của những món đồ xưa đôi khi lại nằm chính ở sự giản đơn.

#ÔĐô #Odo36_8 #ĐồngHồCổ #SưuTầmĐồngHồCổ",23,"10/06/2026 19:12",https://www.facebook.com/groups/621233334700599/permalink/3660695640754338/,"Thước phim",,"Trọn đời",0,-0.4x,0,0,0,37,2,0,2,0,0,31,35,3.483,111.458,,
2502989263518924,100050310827163,"Đồng hồ Nhà kho","ÔĐô 36/8 nguyên bản – cái đẹp đến từ sự giản đơn

Không cần quá cầu kỳ, một chiếc ÔĐô 36/8 nguyên bản, thùng dáng gọn gàng, đường nét hài hòa đã đủ đẹp. Càng ngắm lâu càng thấy cái duyên của những món đồ xưa đôi khi lại nằm chính ở sự giản đơn.

#ÔĐô #Odo36_8 #ĐồngHồCổ #SưuTầmĐồngHồCổ",23,"10/06/2026 19:13",https://www.facebook.com/groups/580302725787597/permalink/2502989263518924/,"Thước phim",,"Trọn đời",0,-0.2x,0,0,0,46,0,0,0,0,0,41,45,5.555,227.779,,
1579273253311702,100050310827163,"Đồng hồ Nhà kho","ÔĐô 36/8 nguyên bản – cái đẹp đến từ sự giản đơn

Không cần quá cầu kỳ, một chiếc ÔĐô 36/8 nguyên bản, thùng dáng gọn gàng, đường nét hài hòa đã đủ đẹp. Càng ngắm lâu càng thấy cái duyên của những món đồ xưa đôi khi lại nằm chính ở sự giản đơn.

#ÔĐô #Odo36_8 #ĐồngHồCổ #SưuTầmĐồngHồCổ",23,"10/06/2026 19:13",https://www.facebook.com/groups/631192094786494/permalink/1579273253311702/,"Thước phim",,"Trọn đời",0,-0.3x,0,0,0,66,1,0,1,0,0,60,70,4.576,283.726,,
1783152449660038,100050310827163,"Đồng hồ Nhà kho","ÔĐô 36/8 nguyên bản – cái đẹp đến từ sự giản đơn

Không cần quá cầu kỳ, một chiếc ÔĐô 36/8 nguyên bản, thùng dáng gọn gàng, đường nét hài hòa đã đủ đẹp. Càng ngắm lâu càng thấy cái duyên của những món đồ xưa đôi khi lại nằm chính ở sự giản đơn.

#ÔĐô #Odo36_8 #ĐồngHồCổ #SưuTầmĐồngHồCổ",23,"10/06/2026 19:13",https://www.facebook.com/groups/318070586168239/permalink/1783152449660038/,"Thước phim",,"Trọn đời",2,+3.1x,0,0,0,147,3,0,1,0,0,137,171,7.613,1065.86,,
1409515461297942,100050310827163,"Đồng hồ Nhà kho","ÔĐô 36/8 nguyên bản – cái đẹp đến từ sự giản đơn

Không cần quá cầu kỳ, một chiếc ÔĐô 36/8 nguyên bản, thùng dáng gọn gàng, đường nét hài hòa đã đủ đẹp. Càng ngắm lâu càng thấy cái duyên của những món đồ xưa đôi khi lại nằm chính ở sự giản đơn.

#ÔĐô #Odo36_8 #ĐồngHồCổ #SưuTầmĐồngHồCổ",23,"10/06/2026 19:13",https://www.facebook.com/groups/648485240734305/permalink/1409515461297942/,"Thước phim",,"Trọn đời",0,-0.2x,0,0,0,86,0,0,0,0,0,75,85,11.236,842.723,,
1701300004890344,100050310827163,"Đồng hồ Nhà kho","Cúc Cu nhà gỗ – một góc ấm áp trong không gian sưu tầm

Chiếc Cúc Cu với dáng nhà gỗ mộc mạc, treo giữa những món đồ xưa tạo cảm giác gần gũi và ấm áp. Không cần quá cầu kỳ, chỉ cần nhìn chú chim nhỏ ra vào theo nhịp thời gian cũng đủ thấy vui rồi.

#CúcCu #ĐồngHồCổĐức #ĐồngHồSưuTầm #ĐamMêĐồngHồCổ",50,"10/06/2026 19:17",https://www.facebook.com/reel/5498316093727676/,"Thước phim",,"Trọn đời",0,+0.2x,0,0,0,168,3,0,2,1,0,139,162,5.425,803.016,,
3660701034087132,100050310827163,"Đồng hồ Nhà kho","Cúc Cu nhà gỗ – một góc ấm áp trong không gian sưu tầm

Chiếc Cúc Cu với dáng nhà gỗ mộc mạc, treo giữa những món đồ xưa tạo cảm giác gần gũi và ấm áp. Không cần quá cầu kỳ, chỉ cần nhìn chú chim nhỏ ra vào theo nhịp thời gian cũng đủ thấy vui rồi.

#CúcCu #ĐồngHồCổĐức #ĐồngHồSưuTầm #ĐamMêĐồngHồCổ",50,"10/06/2026 19:18",https://www.facebook.com/groups/621233334700599/permalink/3660701034087132/,"Thước phim",,"Trọn đời",0,-0.5x,0,0,0,41,0,0,0,0,0,36,40,3.773,139.615,,
1783155622993054,100050310827163,"Đồng hồ Nhà kho","Cúc Cu nhà gỗ – một góc ấm áp trong không gian sưu tầm

Chiếc Cúc Cu với dáng nhà gỗ mộc mạc, treo giữa những món đồ xưa tạo cảm giác gần gũi và ấm áp. Không cần quá cầu kỳ, chỉ cần nhìn chú chim nhỏ ra vào theo nhịp thời gian cũng đủ thấy vui rồi.

#CúcCu #ĐồngHồCổĐức #ĐồngHồSưuTầm #ĐamMêĐồngHồCổ",50,"10/06/2026 19:18",https://www.facebook.com/groups/318070586168239/permalink/1783155622993054/,"Thước phim",,"Trọn đời",0,-1.4x,0,0,0,22,0,0,0,0,0,18,18,1.506,27.112,,
1409518287964326,100050310827163,"Đồng hồ Nhà kho","Cúc Cu nhà gỗ – một góc ấm áp trong không gian sưu tầm

Chiếc Cúc Cu với dáng nhà gỗ mộc mạc, treo giữa những món đồ xưa tạo cảm giác gần gũi và ấm áp. Không cần quá cầu kỳ, chỉ cần nhìn chú chim nhỏ ra vào theo nhịp thời gian cũng đủ thấy vui rồi.

#CúcCu #ĐồngHồCổĐức #ĐồngHồSưuTầm #ĐamMêĐồngHồCổ",50,"10/06/2026 19:19",https://www.facebook.com/groups/648485240734305/permalink/1409518287964326/,"Thước phim",,"Trọn đời",0,-2.7x,0,0,0,27,0,0,0,0,0,24,23,1.662,39.894,,
2318122935603430,100050310827163,"Đồng hồ Nhà kho","Cúc Cu nhà gỗ – một góc ấm áp trong không gian sưu tầm

Chiếc Cúc Cu với dáng nhà gỗ mộc mạc, treo giữa những món đồ xưa tạo cảm giác gần gũi và ấm áp. Không cần quá cầu kỳ, chỉ cần nhìn chú chim nhỏ ra vào theo nhịp thời gian cũng đủ thấy vui rồi.

#CúcCu #ĐồngHồCổĐức #ĐồngHồSưuTầm #ĐamMêĐồngHồCổ",50,"10/06/2026 19:19",https://www.facebook.com/groups/507851113297297/permalink/2318122935603430/,"Thước phim",,"Trọn đời",0,-0.6x,0,0,0,53,0,0,0,0,0,48,51,3.108,149.204,,
2043147650422064,100050310827163,"Đồng hồ Nhà kho","Cúc Cu nhà gỗ – một góc ấm áp trong không gian sưu tầm

Chiếc Cúc Cu với dáng nhà gỗ mộc mạc, treo giữa những món đồ xưa tạo cảm giác gần gũi và ấm áp. Không cần quá cầu kỳ, chỉ cần nhìn chú chim nhỏ ra vào theo nhịp thời gian cũng đủ thấy vui rồi.

#CúcCu #ĐồngHồCổĐức #ĐồngHồSưuTầm #ĐamMêĐồngHồCổ",50,"10/06/2026 19:19",https://www.facebook.com/groups/654742432595933/permalink/2043147650422064/,"Thước phim",,"Trọn đời",0,-1.4x,0,0,0,33,0,0,0,0,0,31,35,1.814,58.074,,
1701303038223374,100050310827163,"Đồng hồ Nhà kho","ÔĐô 30 côn đồng – thùng kính kim cương

Một chiếc ÔĐô 30 khá duyên, bộ côn đồng cho chất âm ấm, mềm và ngân nga. Thùng kính kim cương tạo điểm nhấn vừa đủ, nhìn cổ điển mà vẫn rất sang. Một mẫu đẹp cả phần nhìn lẫn phần nghe.

#ÔĐô #Odo30 #ĐồngHồCổPháp #chatamdonghoco",0,"10/06/2026 19:21",https://www.facebook.com/donghonhakho.vn/posts/pfbid037mhEreRfxnEQDF5nLcvpLUsyiC9yERNQK4aj26hy1Wq5G4XY3wouquQ5gjABPDsGl,Ảnh,,"Trọn đời",0,--,0,0,0,205,1,0,1,0,1,196,333,,,,
1701312764889068,100050310827163,"Đồng hồ Nhà kho","Đồ cổ, đồ xưa – cũ nhưng phải sạch

Mình trân trọng những dấu vết của thời gian, bởi đó chính là cái duyên của đồ xưa. Nhưng cũ không có nghĩa là bụi bặm, bẩn thỉu. Trước khi đưa một món đồ về nhà, mình vẫn muốn nó được vệ sinh sạch sẽ, gọn gàng, nhưng giữ lại nét cũ vốn có.

Giữ cái cũ, bỏ cái bẩn. Vậy là đẹp.

#ĐồCổ #ĐồXưa #SưuTầmĐồCổ #ĐamMêĐồXưa",13,"10/06/2026 19:35",https://www.facebook.com/reel/1663806502028503/,"Thước phim",,"Trọn đời",2,+3.3x,0,0,0,857,9,0,7,0,0,792,1087,6.93,5683.234,,
1701317091555302,100050310827163,"Đồng hồ Nhà kho","ÔĐô 30/10 máy vách bệt

Một phiên bản ÔĐô 30/10 máy vách bệt, dáng máy quen thuộc, gọn gàng và chắc chắn. Dòng 30/10 có cái hay riêng, đặc biệt là chất âm nhẹ nhàng, luyến láy và nghe rất có tình.

#ÔĐô #Odo30_10 #ĐồngHồCổ #chatamdonghoco",35,"10/06/2026 19:42",https://www.facebook.com/reel/2311638806323662/,"Thước phim",,"Trọn đời",0,+0.5x,0,0,0,149,3,0,3,0,0,127,180,10.3,1503.841,,
1449858547054317,100050310827163,"Đồng hồ Nhà kho","ÔĐô 30/10 máy vách bệt

Một phiên bản ÔĐô 30/10 máy vách bệt, dáng máy quen thuộc, gọn gàng và chắc chắn. Dòng 30/10 có cái hay riêng, đặc biệt là chất âm nhẹ nhàng, luyến láy và nghe rất có tình.

#ÔĐô #Odo30_10 #ĐồngHồCổ #chatamdonghoco",35,"10/06/2026 19:43",https://www.facebook.com/groups/604613754912138/pending_posts/1449858547054317/,"Thước phim",,"Trọn đời",0,--,0,0,0,0,0,0,0,0,0,0,0,0,0,,
1409532067962948,100050310827163,"Đồng hồ Nhà kho","ÔĐô 30/10 máy vách bệt

Một phiên bản ÔĐô 30/10 máy vách bệt, dáng máy quen thuộc, gọn gàng và chắc chắn. Dòng 30/10 có cái hay riêng, đặc biệt là chất âm nhẹ nhàng, luyến láy và nghe rất có tình.

#ÔĐô #Odo30_10 #ĐồngHồCổ #chatamdonghoco",35,"10/06/2026 19:43",https://www.facebook.com/groups/648485240734305/permalink/1409532067962948/,"Thước phim",,"Trọn đời",1,+1.7x,0,0,0,189,2,0,1,0,0,168,183,6.374,1096.376,,
3721873637953153,100050310827163,"Đồng hồ Nhà kho","ÔĐô 30/10 máy vách bệt

Một phiên bản ÔĐô 30/10 máy vách bệt, dáng máy quen thuộc, gọn gàng và chắc chắn. Dòng 30/10 có cái hay riêng, đặc biệt là chất âm nhẹ nhàng, luyến láy và nghe rất có tình.

#ÔĐô #Odo30_10 #ĐồngHồCổ #chatamdonghoco",35,"10/06/2026 19:43",https://www.facebook.com/groups/705335262940354/permalink/3721873637953153/,"Thước phim",,"Trọn đời",0,-0.3x,0,0,0,91,0,0,0,0,0,77,83,3.347,261.114,,
2174850816802826,100050310827163,"Đồng hồ Nhà kho","ÔĐô 30/10 máy vách bệt

Một phiên bản ÔĐô 30/10 máy vách bệt, dáng máy quen thuộc, gọn gàng và chắc chắn. Dòng 30/10 có cái hay riêng, đặc biệt là chất âm nhẹ nhàng, luyến láy và nghe rất có tình.

#ÔĐô #Odo30_10 #ĐồngHồCổ #chatamdonghoco",35,"10/06/2026 19:44",https://www.facebook.com/groups/613721726249084/permalink/2174850816802826/,"Thước phim",,"Trọn đời",0,+0.2x,0,0,0,159,0,0,0,0,0,144,166,5.763,858.813,,
1447871377215826,100050310827163,"Đồng hồ Nhà kho","ÔĐô 30/10 máy vách bệt

Một phiên bản ÔĐô 30/10 máy vách bệt, dáng máy quen thuộc, gọn gàng và chắc chắn. Dòng 30/10 có cái hay riêng, đặc biệt là chất âm nhẹ nhàng, luyến láy và nghe rất có tình.

#ÔĐô #Odo30_10 #ĐồngHồCổ #chatamdonghoco",35,"10/06/2026 19:44",https://www.facebook.com/groups/799627422040228/permalink/1447871377215826/,"Thước phim",,"Trọn đời",0,+0.2x,0,0,0,122,0,0,0,0,0,103,117,4.87,545.515,,
1701328754887469,100050310827163,"Đồng hồ Nhà kho","Thanh lí OĐÔ 62 💵 : 8tr9
Bao zin, âm hay, nguyên bản, đã bảo dưỡng và có bảo hành
Lí do thanh lý : Nó mới quá =)))",0,"10/06/2026 20:02",https://www.facebook.com/donghonhakho.vn/posts/pfbid0tULy1fGkAN8Fuu2NVdmkB29avpXgjDZxPhkVFeHZcZ1nUgPossrgUjj6dA2kD9Brl,Ảnh,,"Trọn đời",10,--,0,0,0,2007,31,0,19,0,11,2024,2998,,,,
1701391138214564,100050310827163,"Đồng hồ Nhà kho","Đồ Xưa, Đồ Cổ – Giá Trị Không Chỉ Nằm Ở Tiền

Nhiều người vẫn nghĩ mua đồ cũ, đồ xưa là để tiết kiệm. Nhưng khi bước vào thế giới đồ cổ và đồ sưu tầm, mới thấy có những người sẵn sàng bỏ ra số tiền không nhỏ cho một món đồ đã tồn tại hàng chục, thậm chí cả trăm năm.

Không phải vì họ không đủ tiền mua đồ mới. Đơn giản vì đồ mới sản xuất hàng loạt có thể dễ tìm, còn đồ xưa lại mang một vẻ đẹp rất riêng.

Một chiếc đồng hồ cổ, một nét đục chạm thủ công, một tiếng chuông đã ngân qua bao năm tháng… có những món muốn tìm chiếc thứ hai giống hệt cũng không dễ.

Càng chơi lâu càng hiểu, mình không chỉ mua một món đồ, mà còn mua cảm xúc, ký ức và câu chuyện thời gian nằm trong đó.

Một căn nhà toàn đồ mới có thể rất đẹp. Nhưng một không gian có những món đồ gợi lại tuổi thơ, những năm tháng đã qua và gu riêng của gia chủ lại có một cái tình rất khác.

Nếu được chọn, các bác thích một món đồ mới hoàn hảo hay một món đồ xưa đầy dấu vết thời gian?

#ĐồXưa #ĐồCổ #SưuTầmĐồCổ #ĐồngHồCổ #ĐamMêĐồXưa",60,"10/06/2026 21:48",https://www.facebook.com/reel/1092519903641176/,"Thước phim",,"Trọn đời",0,+1.1x,0,0,0,385,7,0,7,0,1,369,439,11.315,4367.855,,
1701397324880612,100050310827163,"Đồng hồ Nhà kho","Âm thanh ấm áp của đồng hồ cổ ÔĐô

Có những tiếng chuông không cần quá lớn, chỉ cần ấm áp, nhẹ nhàng và ngân nga là đã đủ khiến người nghe thấy dễ chịu. Đó cũng là cái duyên khiến nhiều bác yêu thích âm thanh của những chiếc đồng hồ cổ ÔĐô.

#ÔĐô #ĐồngHồCổPháp #chatamdonghoco #ĐamMêĐồngHồCổ",11,"10/06/2026 21:58",https://www.facebook.com/reel/1087144484025145/,"Thước phim",,"Trọn đời",2,+3.6x,0,0,0,2472,32,5,30,1,0,2343,3091,6.964,16652.894,,
1701475114872833,100050310827163,"Đồng hồ Nhà kho","“Ông Tây Đánh Chuông” – Cái Tên Chỉ Người Việt Mới Quen Gọi

“Ông Tây đánh chuông” là cái tên rất quen thuộc trong giới chơi đồng hồ cổ tại Việt Nam. Đây là cách gọi dân dã của người Việt dành cho những chiếc đồng hồ có hình nhân cầm búa thực hiện động tác đánh chuông.

Nhưng sang châu Âu, mang cái tên “ông Tây đánh chuông” đi tìm thì chắc chẳng ai biết đó là đồng hồ gì. Trong tài liệu tiếng Pháp, hình nhân cơ khí đánh chuông này được gọi là Jacquemart hay jaquemart.

Một cái tên rất Việt Nam, nghe vui tai, dễ nhớ và nhìn là hiểu ngay. Lâu dần, “ông Tây đánh chuông” trở thành cách gọi riêng quen thuộc trong cộng đồng chơi đồng hồ cổ ở nước ta.

Còn các bác, lần đầu nhìn thấy chiếc đồng hồ này, các bác biết nó với cái tên “ông Tây đánh chuông” hay Jacquemart?

#ĐồngHồCổ #Jacquemart #ĐồngHồPháp #SưuTầmĐồngHồCổ",22,"10/07/2026 00:13",https://www.facebook.com/reel/4363793887266582/,"Thước phim",,"Trọn đời",6,+8.9x,0,0,0,651,9,1,3,0,0,564,671,4.879,2981.221,,
1701477768205901,100050310827163,"Đồng hồ Nhà kho","“Ông Tây Đánh Chuông” – Một Cái Tên Rất Việt Nam

Ở Việt Nam, người chơi đồng hồ cổ vẫn quen gọi những chiếc đồng hồ có hình nhân cầm búa gõ chuông là “ông Tây đánh chuông”. Nghe gần gũi, dễ nhớ, nhìn qua cũng hiểu ngay vì sao lại có cái tên ấy.

Nhưng đây chủ yếu là cách gọi dân gian trong giới chơi đồng hồ tại Việt Nam. Ở châu Âu, hình nhân cơ khí thực hiện động tác đánh chuông thường được biết đến với tên Jacquemart.

Cùng một chiếc đồng hồ, nhưng khi về Việt Nam lại có thêm một cái tên rất riêng. Có lẽ chính những cách gọi mộc mạc như vậy cũng tạo nên nét thú vị của thú chơi đồng hồ cổ ở nước mình.

#Jacquemart #ĐồngHồCổ #ĐồngHồPháp #SưuTầmĐồngHồCổ",0,"10/07/2026 00:18",https://www.facebook.com/donghonhakho.vn/posts/pfbid02eJKVAxUxtigJgbG1oPnzUFy2qK2Pt7zUhdCskTVhxEDZiGay1ALSeqHfKT69oDLVl,Ảnh,,"Trọn đời",0,--,0,0,0,483,2,0,1,0,1,481,676,,,,
1701493868204291,100050310827163,"Đồng hồ Nhà kho","Đồng hồ Ô Đô Ông Tây đánh chuông- Âm ngân cực tốt- Mã số #1236

✨ Một mẫu đồng hồ cổ Pháp rất thú vị dành cho các bác thích những món có cơ cấu chuyển động đặc biệt. Điểm hút mắt nhất chính là hình tượng ông Tây cầm búa đánh vào quả chuông thật phía trên mặt số – mỗi lần chuông hoạt động lại tạo nên một màn trình diễn cơ khí vui mắt.

✨ Thùng gỗ dáng vuông gọn gàng, kích thước 41 x 34,5 cm, mặt số phong cách Art Deco với bộ số lớn, viền kim loại vàng và phần kính trang trí họa tiết ngôi sao. Tổng thể mang đậm nét đồ cổ châu Âu, vừa cổ điển vừa lạ mắt.

⚙️ Cơ cấu hoạt động: máy cơ lên cót 2 ổ, bộ máy zin vận hành tốt. Đồng hồ 30 phút điểm chuông một lần, vừa báo thời gian vừa tạo chuyển động cơ khí rất sinh động.

🔔 Âm thanh: chuông cho tiếng ngân rõ, vang và có độ dư âm tốt. Cái hay của mẫu này không chỉ nằm ở chất âm đồng hồ cổ, mà còn ở việc được tận mắt nhìn cơ cấu đánh chuông hoạt động.

⭐ Với người sưu tầm đồng hồ cổ, đây là mẫu đáng chú ý bởi sự kết hợp giữa đồng hồ cơ, chuông thật và tượng chuyển động. Kiểu thiết kế này tạo cá tính riêng, trưng bày đẹp và có giá trị sưu tầm hơn những mẫu đồng hồ báo chuông thông thường.

📐 Kích thước: 41 x 34,5 cm

🏠 Địa chỉ:  khu đô thị Văn Phú, Hà Đông, Hà Nội. 
☎️ 0963.456.963 

#donghoco #donghocoPhap #donghoOdo #Odo #ongTaydanhchuong #donghocochoichuong #donghocoquyen #donghocochauAu #donghococo #donghocoSuutam #suutamdonghoco #amthanhdonghoco #chatamdonghoco #docochauAu #giatrisuutam",0,"10/07/2026 00:40",https://www.facebook.com/donghonhakho.vn/posts/pfbid02ac3p7Kh9RvKYrSdLpLBSeV6j9ac19cJTGGbSXb74FxRL89bhxMNM1yE31SoB4VWJl,Ảnh,,"Trọn đời",1,--,0,0,0,233,3,0,1,0,1,226,326,,,,
1701498598203818,100050310827163,"Đồng hồ Nhà kho","ÔĐô 24 Đời 1954 – 6 Côn 10 Búa Đánh Mượn Sonodo

ÔĐô 24 đời 1954 có một cấu hình khá thú vị: 6 côn nhưng sử dụng tới 10 búa, thường được người chơi gọi là kiểu đánh mượn. Bộ máy chơi bản nhạc Sonodo, tạo nên nét riêng của phiên bản này.

Nhìn bộ côn chỉ có 6 thanh nhưng phía trên lại bố trí tới 10 búa cũng là điểm khiến chiếc máy này khá dễ nhớ khi tìm hiểu ÔĐô 24 đời 1954.

#ÔĐô #Odo24 #Sonodo #ĐồngHồCổ #am_thanh_dong_ho",0,"10/07/2026 00:45",https://www.facebook.com/donghonhakho.vn/posts/pfbid0RgiqEWQuB5oXzRVTT2RXL9kKEG2B8ad3UHwBqs8PQfYhUh9haSShJniuKjtT2Jkfl,Ảnh,,"Trọn đời",0,--,0,0,0,900,4,1,3,0,1,857,1164,,,,
1701558494864495,100050310827163,"Đồng hồ Nhà kho","Liên tục cập nhật đồng hồ cổ đẹp đến từ châu Âu.
Hàng nguyên bản, rõ ràng từng chi tiết, sẵn sàng bao các bác thợ check – test trực tiếp.
Mong muốn đơn giản là để mỗi chiếc đồng hồ đến tay người chơi đều chuẩn chỉ, đúng với những gì được giới thiệu và xứng đáng để sưu tầm lâu dài.

#ĐồngHồCổ #ĐồngHồChâuÂu #ĐồngHồNguyênBản #SưuTầmĐồngHồCổ",0,"10/07/2026 02:27",https://www.facebook.com/donghonhakho.vn/posts/pfbid02szVgvkv3zhrmELZBZbBdMZBD16LHJeGJHngP3GH2VEsYnYri57Gv2Hj1h5fFYGEUl,Ảnh,,"Trọn đời",1,--,0,0,0,801,17,-1,5,0,11,785,1156,,,,
1701576668196011,100050310827163,"Đồng hồ Nhà kho","Người Việt mình gọi là “ông Tây đánh chuông”, thế sang bên Tây không biết họ gọi là “ông Ta đánh chuông”, “ông Mình đánh chuông” hay ông gì các bác nhỉ? 😂🔔",16,"10/07/2026 02:56",https://www.facebook.com/reel/4579852225579968/,"Thước phim",,"Trọn đời",2,+3.1x,0,0,0,981,5,0,2,1,0,915,1090,5.851,5470.892,,
1701578211529190,100050310827163,"Đồng hồ Nhà kho","Ai vẫn nghĩ ÔĐô 36/10 là đỉnh về chất âm thì có lẽ phải nghe lại sau chiếc ÔĐô 30/10 này. 😁 Hai bản nhạc, luyến láy nhẹ nhàng, nghe rồi mới hiểu vì sao 30/10 cũng có cái hay rất riêng.

#ÔĐô #Odo30_10 #ĐồngHồCổ #chatamdonghoco",22,"10/07/2026 02:59",https://www.facebook.com/reel/2410095139517372/,"Thước phim",,"Trọn đời",0,+0.3x,0,0,0,184,0,0,0,0,0,158,223,8.551,1522.096,,
1701581074862237,100050310827163,"Đồng hồ Nhà kho","ÔĐô 36/10 thùng xương cá – một kiểu thùng rất được lòng người chơi Việt

Với cấu hình 10 côn 10 búa, kết hợp cùng bộ thùng mang họa tiết xương cá, ÔĐô 36/10 là phiên bản được nhiều người sưu tầm tại Việt Nam đặc biệt ưa chuộng. Dáng thùng cổ điển, vân gỗ xương cá nổi bật, đi cùng bộ máy 36/10 tạo nên một tổng thể vừa đẹp để trưng bày, vừa thú vị để thưởng thức tiếng chuông.

Có những chiếc được yêu thích không chỉ vì bộ máy, mà còn bởi đúng bộ thùng mà người chơi đang tìm.

#ÔĐô #Odo36_10 #10con10bua #ĐồngHồCổ #SưuTầmĐồngHồCổ",37,"10/07/2026 03:04",https://www.facebook.com/reel/1354581687740775/,"Thước phim",,"Trọn đời",0,+0.4x,0,0,0,268,2,0,1,1,0,247,308,9.219,2526.14,,
3661058377384731,100050310827163,"Đồng hồ Nhà kho","ÔĐô 36/10 thùng xương cá – một kiểu thùng rất được lòng người chơi Việt

Với cấu hình 10 côn 10 búa, kết hợp cùng bộ thùng mang họa tiết xương cá, ÔĐô 36/10 là phiên bản được nhiều người sưu tầm tại Việt Nam đặc biệt ưa chuộng. Dáng thùng cổ điển, vân gỗ xương cá nổi bật, đi cùng bộ máy 36/10 tạo nên một tổng thể vừa đẹp để trưng bày, vừa thú vị để thưởng thức tiếng chuông.

Có những chiếc được yêu thích không chỉ vì bộ máy, mà còn bởi đúng bộ thùng mà người chơi đang tìm.

#ÔĐô #Odo36_10 #10con10bua #ĐồngHồCổ #SưuTầmĐồngHồCổ",37,"10/07/2026 03:05",https://www.facebook.com/groups/621233334700599/permalink/3661058377384731/,"Thước phim",,"Trọn đời",2,+3x,0,0,0,95,3,0,1,0,0,82,85,5.139,442.039,,
1783417782966838,100050310827163,"Đồng hồ Nhà kho","ÔĐô 36/10 thùng xương cá – một kiểu thùng rất được lòng người chơi Việt

Với cấu hình 10 côn 10 búa, kết hợp cùng bộ thùng mang họa tiết xương cá, ÔĐô 36/10 là phiên bản được nhiều người sưu tầm tại Việt Nam đặc biệt ưa chuộng. Dáng thùng cổ điển, vân gỗ xương cá nổi bật, đi cùng bộ máy 36/10 tạo nên một tổng thể vừa đẹp để trưng bày, vừa thú vị để thưởng thức tiếng chuông.

Có những chiếc được yêu thích không chỉ vì bộ máy, mà còn bởi đúng bộ thùng mà người chơi đang tìm.

#ÔĐô #Odo36_10 #10con10bua #ĐồngHồCổ #SưuTầmĐồngHồCổ",37,"10/07/2026 03:05",https://www.facebook.com/groups/318070586168239/permalink/1783417782966838/,"Thước phim",,"Trọn đời",0,+0.2x,0,0,0,93,0,0,0,0,0,82,83,7.007,581.64,,
1409779687938186,100050310827163,"Đồng hồ Nhà kho","ÔĐô 36/10 thùng xương cá – một kiểu thùng rất được lòng người chơi Việt

Với cấu hình 10 côn 10 búa, kết hợp cùng bộ thùng mang họa tiết xương cá, ÔĐô 36/10 là phiên bản được nhiều người sưu tầm tại Việt Nam đặc biệt ưa chuộng. Dáng thùng cổ điển, vân gỗ xương cá nổi bật, đi cùng bộ máy 36/10 tạo nên một tổng thể vừa đẹp để trưng bày, vừa thú vị để thưởng thức tiếng chuông.

Có những chiếc được yêu thích không chỉ vì bộ máy, mà còn bởi đúng bộ thùng mà người chơi đang tìm.

#ÔĐô #Odo36_10 #10con10bua #ĐồngHồCổ #SưuTầmĐồngHồCổ",37,"10/07/2026 03:05",https://www.facebook.com/groups/648485240734305/permalink/1409779687938186/,"Thước phim",,"Trọn đời",0,+0.2x,0,0,0,98,0,0,0,0,0,89,96,5.322,479.003,,
4501822423296932,100050310827163,"Đồng hồ Nhà kho","ÔĐô 36/10 thùng xương cá – một kiểu thùng rất được lòng người chơi Việt

Với cấu hình 10 côn 10 búa, kết hợp cùng bộ thùng mang họa tiết xương cá, ÔĐô 36/10 là phiên bản được nhiều người sưu tầm tại Việt Nam đặc biệt ưa chuộng. Dáng thùng cổ điển, vân gỗ xương cá nổi bật, đi cùng bộ máy 36/10 tạo nên một tổng thể vừa đẹp để trưng bày, vừa thú vị để thưởng thức tiếng chuông.

Có những chiếc được yêu thích không chỉ vì bộ máy, mà còn bởi đúng bộ thùng mà người chơi đang tìm.

#ÔĐô #Odo36_10 #10con10bua #ĐồngHồCổ #SưuTầmĐồngHồCổ",37,"10/07/2026 03:05",https://www.facebook.com/groups/2045274432285089/permalink/4501822423296932/,"Thước phim",,"Trọn đời",0,-0.2x,0,0,0,92,0,0,0,0,0,78,86,5.002,415.184,,
28590893233947060,100050310827163,"Đồng hồ Nhà kho","ÔĐô 36/10 thùng xương cá – một kiểu thùng rất được lòng người chơi Việt

Với cấu hình 10 côn 10 búa, kết hợp cùng bộ thùng mang họa tiết xương cá, ÔĐô 36/10 là phiên bản được nhiều người sưu tầm tại Việt Nam đặc biệt ưa chuộng. Dáng thùng cổ điển, vân gỗ xương cá nổi bật, đi cùng bộ máy 36/10 tạo nên một tổng thể vừa đẹp để trưng bày, vừa thú vị để thưởng thức tiếng chuông.

Có những chiếc được yêu thích không chỉ vì bộ máy, mà còn bởi đúng bộ thùng mà người chơi đang tìm.

#ÔĐô #Odo36_10 #10con10bua #ĐồngHồCổ #SưuTầmĐồngHồCổ",37,"10/07/2026 03:05",https://www.facebook.com/groups/3608168099312919/permalink/28590893233947060/,"Thước phim",,"Trọn đời",0,-0.3x,0,0,0,112,0,0,0,0,0,101,102,5.004,510.463,,
1701717598181918,100050310827163,"Đồng hồ Nhà kho","Đồng hồ để bàn 𝓚𝓲𝓮𝓷𝔃𝓵𝓮 tạo dáng lồng đèn

Một thiết kế khá duyên khi chiếc đồng hồ để bàn được tạo hình như một chiếc lồng đèn nhỏ. Dáng thanh thoát, cổ điển nhưng không quá cầu kỳ, đặt trên bàn làm việc, tủ trưng bày hay góc phòng đều tạo được điểm nhấn riêng.

Đôi khi chơi đồng hồ cổ không chỉ để xem giờ hay nghe máy chạy, mà còn để thưởng thức cái cách người xưa biến một chiếc đồng hồ thành món đồ trang trí đẹp mắt.

#𝓚𝓲𝓮𝓷𝔃𝓵𝓮 #ĐồngHồĐểBàn #ĐồngHồCổ #ĐồCổChâuÂu",78,"10/07/2026 06:19",https://www.facebook.com/reel/4533222126943952/,"Thước phim",,"Trọn đời",2,+2.6x,0,0,0,414,3,0,1,0,0,390,427,3.874,1592.412,,
3661235980700304,100050310827163,"Đồng hồ Nhà kho","Đồng hồ để bàn 𝓚𝓲𝓮𝓷𝔃𝓵𝓮 tạo dáng lồng đèn

Một thiết kế khá duyên khi chiếc đồng hồ để bàn được tạo hình như một chiếc lồng đèn nhỏ. Dáng thanh thoát, cổ điển nhưng không quá cầu kỳ, đặt trên bàn làm việc, tủ trưng bày hay góc phòng đều tạo được điểm nhấn riêng.

Đôi khi chơi đồng hồ cổ không chỉ để xem giờ hay nghe máy chạy, mà còn để thưởng thức cái cách người xưa biến một chiếc đồng hồ thành món đồ trang trí đẹp mắt.

#𝓚𝓲𝓮𝓷𝔃𝓵𝓮 #ĐồngHồĐểBàn #ĐồngHồCổ #ĐồCổChâuÂu",78,"10/07/2026 06:21",https://www.facebook.com/groups/621233334700599/permalink/3661235980700304/,"Thước phim",,"Trọn đời",0,-0.8x,0,0,0,77,0,0,0,0,0,67,72,1.908,133.591,,
1783554932953123,100050310827163,"Đồng hồ Nhà kho","Đồng hồ để bàn 𝓚𝓲𝓮𝓷𝔃𝓵𝓮 tạo dáng lồng đèn

Một thiết kế khá duyên khi chiếc đồng hồ để bàn được tạo hình như một chiếc lồng đèn nhỏ. Dáng thanh thoát, cổ điển nhưng không quá cầu kỳ, đặt trên bàn làm việc, tủ trưng bày hay góc phòng đều tạo được điểm nhấn riêng.

Đôi khi chơi đồng hồ cổ không chỉ để xem giờ hay nghe máy chạy, mà còn để thưởng thức cái cách người xưa biến một chiếc đồng hồ thành món đồ trang trí đẹp mắt.

#𝓚𝓲𝓮𝓷𝔃𝓵𝓮 #ĐồngHồĐểBàn #ĐồngHồCổ #ĐồCổChâuÂu",78,"10/07/2026 06:21",https://www.facebook.com/groups/318070586168239/permalink/1783554932953123/,"Thước phim",,"Trọn đời",0,-1.7x,0,0,0,56,0,0,0,0,0,49,48,1.147,57.385,,
1409912981258190,100050310827163,"Đồng hồ Nhà kho","Đồng hồ để bàn 𝓚𝓲𝓮𝓷𝔃𝓵𝓮 tạo dáng lồng đèn

Một thiết kế khá duyên khi chiếc đồng hồ để bàn được tạo hình như một chiếc lồng đèn nhỏ. Dáng thanh thoát, cổ điển nhưng không quá cầu kỳ, đặt trên bàn làm việc, tủ trưng bày hay góc phòng đều tạo được điểm nhấn riêng.

Đôi khi chơi đồng hồ cổ không chỉ để xem giờ hay nghe máy chạy, mà còn để thưởng thức cái cách người xưa biến một chiếc đồng hồ thành món đồ trang trí đẹp mắt.

#𝓚𝓲𝓮𝓷𝔃𝓵𝓮 #ĐồngHồĐểBàn #ĐồngHồCổ #ĐồCổChâuÂu",78,"10/07/2026 06:21",https://www.facebook.com/groups/648485240734305/permalink/1409912981258190/,"Thước phim",,"Trọn đời",0,-1x,0,0,0,48,0,0,0,0,0,41,43,1.885,79.205,,
2531874250655430,100050310827163,"Đồng hồ Nhà kho","Đồng hồ để bàn 𝓚𝓲𝓮𝓷𝔃𝓵𝓮 tạo dáng lồng đèn

Một thiết kế khá duyên khi chiếc đồng hồ để bàn được tạo hình như một chiếc lồng đèn nhỏ. Dáng thanh thoát, cổ điển nhưng không quá cầu kỳ, đặt trên bàn làm việc, tủ trưng bày hay góc phòng đều tạo được điểm nhấn riêng.

Đôi khi chơi đồng hồ cổ không chỉ để xem giờ hay nghe máy chạy, mà còn để thưởng thức cái cách người xưa biến một chiếc đồng hồ thành món đồ trang trí đẹp mắt.

#𝓚𝓲𝓮𝓷𝔃𝓵𝓮 #ĐồngHồĐểBàn #ĐồngHồCổ #ĐồCổChâuÂu",78,"10/07/2026 06:22",https://www.facebook.com/groups/1100909847085218/permalink/2531874250655430/,"Thước phim",,"Trọn đời",0,-0.5x,0,0,0,104,0,0,0,0,0,92,87,2.189,201.433,,
1448245623845068,100050310827163,"Đồng hồ Nhà kho","Đồng hồ để bàn 𝓚𝓲𝓮𝓷𝔃𝓵𝓮 tạo dáng lồng đèn

Một thiết kế khá duyên khi chiếc đồng hồ để bàn được tạo hình như một chiếc lồng đèn nhỏ. Dáng thanh thoát, cổ điển nhưng không quá cầu kỳ, đặt trên bàn làm việc, tủ trưng bày hay góc phòng đều tạo được điểm nhấn riêng.

Đôi khi chơi đồng hồ cổ không chỉ để xem giờ hay nghe máy chạy, mà còn để thưởng thức cái cách người xưa biến một chiếc đồng hồ thành món đồ trang trí đẹp mắt.

#𝓚𝓲𝓮𝓷𝔃𝓵𝓮 #ĐồngHồĐểBàn #ĐồngHồCổ #ĐồCổChâuÂu",78,"10/07/2026 06:22",https://www.facebook.com/groups/799627422040228/permalink/1448245623845068/,"Thước phim",,"Trọn đời",0,-1.7x,0,0,0,172,1,0,1,0,0,158,174,2.896,483.741,,
1701742134846131,100050310827163,"Đồng hồ Nhà kho","Trục nối hai vách máy ÔĐô: bằng đồng hay bằng thép tốt hơn?

Nhiều bác hỏi em chi tiết trục nối giữa hai vách máy ÔĐô là đồng hay thép. Thực tế em quan sát thấy có cả hai loại. Những máy đời sớm như vách cam, một vách xoáy thường gặp trục đồng; còn các đời vách sau như ba vách bệt thường gặp trục thép.

Còn hỏi loại nào bền hơn thì theo trải nghiệm của em, không cần quá đặt nặng chuyện đồng hay thép. Bởi ngay bên trong máy, những trục bánh răng nhỏ hơn rất nhiều vẫn chủ yếu làm bằng thép. Cái trục nối này to gần bằng đầu đũa, nên chuyện nó là đồng hay thép không phải yếu tố quyết định độ bền của cả bộ máy.

Cuối cùng vẫn là gu người chơi: bác thích đồng thì chọn đồng, thích thép thì chọn thép.

#ÔĐô #MayOdo #ĐồngHồCổ #KienThucDongHo #SưuTầmĐồngHồCổ",65,"10/07/2026 06:52",https://www.facebook.com/reel/1586239759429053/,"Thước phim",,"Trọn đời",0,+3.5x,0,0,0,529,2,0,3,0,0,468,532,11.689,5891.331,,
1702206748133003,100050310827163,"Đồng hồ Nhà kho","Tủ đài Victor Stereo Audiola – Nét đẹp âm thanh xưa đến từ Nhật Bản

Một chiếc tủ đài cổ mang thương hiệu Victor Stereo Audiola, thiết kế thùng gỗ sang trọng, đậm nét hoài cổ.

Tủ tích hợp hai chức năng nghe Radio và phát đĩa than, hiện cả hai đều hoạt động tốt. Vừa có thể thưởng thức những bản nhạc yêu thích, vừa là món đồ trang trí đẹp mắt trong không gian sống.

Một lựa chọn thú vị dành cho các bác yêu thích âm thanh và đồ điện tử cổ Nhật Bản.

#Victor #StereoAudiola #TủĐàiCổ #MáyĐĩaThan #ĐồCổNhậtBản",48,"10/07/2026 18:28",https://www.facebook.com/reel/1077447715116268/,"Thước phim",,"Trọn đời",0,+0.2x,0,0,0,184,1,0,1,0,0,163,200,8.515,1498.642,,
1702206898132988,100050310827163,"Đồng hồ Nhà kho","Odo 24 bản 1954 – Dấu ấn riêng trên những mặt số cổ

Odo 24 bản 1954 là dòng đồng hồ sở hữu nhiều nét đặc trưng thú vị. Với những mẫu chỉ chơi các bản nhạc solo thông thường, chữ Sono thường được ghi trực tiếp trên mặt số.

Chính chi tiết này tạo nên dấu hiệu nhận diện rất riêng cho từng loại mặt số, đặc biệt là những mặt số và nắp dùng cho đồng hồ cổ. Đây cũng là điểm được các bác yêu thích đồng hồ cổ quan tâm khi tìm hiểu, sưu tầm và phân biệt các phiên bản Odo 24 bản 1954.

#Odo24 #Odo1954 #ĐồngHồCổ #MặtSốCổ #ĐồCổ SưuTầm",22,"10/07/2026 18:28",https://www.facebook.com/reel/3296961330499985/,"Thước phim",,"Trọn đời",0,+0.4x,0,0,0,212,0,0,0,0,0,180,233,7.63,1449.834,,
1702211188132559,100050310827163,"Đồng hồ Nhà kho","ÔĐô 30/10 vách bệt – Chất âm hay, máy móc bền bỉ

Những phiên bản ÔĐô 30/10 với cấu hình 10 côn 10 búa, máy vách bệt luôn được nhiều bác chơi đồng hồ cổ yêu thích.

Điểm hấp dẫn nằm ở chất âm nhẹ nhàng, có độ luyến láy, nghe êm tai và dễ chịu. Bên cạnh đó là kết cấu máy chắc chắn, vận hành bền bỉ khi được bảo dưỡng đúng cách.

Không cần quá cầu kỳ, chỉ riêng tiếng chuông và bộ máy cũng đủ khiến nhiều bác muốn sở hữu một chiếc trong bộ sưu tập.

#ÔĐô #Odo30_10 #10Con10Bua #ĐồngHồCổ #SưuTầmĐồngHồCổ",26,"10/07/2026 18:35",https://www.facebook.com/reel/1116981030717165/,"Thước phim",,"Trọn đời",0,+0.3x,0,0,0,178,1,0,1,0,0,150,195,6.577,1085.328,,
3661861547304414,100050310827163,"Đồng hồ Nhà kho","ÔĐô 30/10 vách bệt – Chất âm hay, máy móc bền bỉ

Những phiên bản ÔĐô 30/10 với cấu hình 10 côn 10 búa, máy vách bệt luôn được nhiều bác chơi đồng hồ cổ yêu thích.

Điểm hấp dẫn nằm ở chất âm nhẹ nhàng, có độ luyến láy, nghe êm tai và dễ chịu. Bên cạnh đó là kết cấu máy chắc chắn, vận hành bền bỉ khi được bảo dưỡng đúng cách.

Không cần quá cầu kỳ, chỉ riêng tiếng chuông và bộ máy cũng đủ khiến nhiều bác muốn sở hữu một chiếc trong bộ sưu tập.

#ÔĐô #Odo30_10 #10Con10Bua #ĐồngHồCổ #SưuTầmĐồngHồCổ",26,"10/07/2026 18:36",https://www.facebook.com/groups/621233334700599/permalink/3661861547304414/,"Thước phim",,"Trọn đời",0,-0.3x,0,0,0,76,0,0,0,0,0,61,66,3.986,243.197,,
1784009706240979,100050310827163,"Đồng hồ Nhà kho","ÔĐô 30/10 vách bệt – Chất âm hay, máy móc bền bỉ

Những phiên bản ÔĐô 30/10 với cấu hình 10 côn 10 búa, máy vách bệt luôn được nhiều bác chơi đồng hồ cổ yêu thích.

Điểm hấp dẫn nằm ở chất âm nhẹ nhàng, có độ luyến láy, nghe êm tai và dễ chịu. Bên cạnh đó là kết cấu máy chắc chắn, vận hành bền bỉ khi được bảo dưỡng đúng cách.

Không cần quá cầu kỳ, chỉ riêng tiếng chuông và bộ máy cũng đủ khiến nhiều bác muốn sở hữu một chiếc trong bộ sưu tập.

#ÔĐô #Odo30_10 #10Con10Bua #ĐồngHồCổ #SưuTầmĐồngHồCổ",26,"10/07/2026 18:36",https://www.facebook.com/groups/318070586168239/permalink/1784009706240979/,"Thước phim",,"Trọn đời",0,-0.6x,0,0,0,72,0,0,0,0,0,60,64,3.4,210.819,,
1410351677880987,100050310827163,"Đồng hồ Nhà kho","ÔĐô 30/10 vách bệt – Chất âm hay, máy móc bền bỉ

Những phiên bản ÔĐô 30/10 với cấu hình 10 côn 10 búa, máy vách bệt luôn được nhiều bác chơi đồng hồ cổ yêu thích.

Điểm hấp dẫn nằm ở chất âm nhẹ nhàng, có độ luyến láy, nghe êm tai và dễ chịu. Bên cạnh đó là kết cấu máy chắc chắn, vận hành bền bỉ khi được bảo dưỡng đúng cách.

Không cần quá cầu kỳ, chỉ riêng tiếng chuông và bộ máy cũng đủ khiến nhiều bác muốn sở hữu một chiếc trong bộ sưu tập.

#ÔĐô #Odo30_10 #10Con10Bua #ĐồngHồCổ #SưuTầmĐồngHồCổ",26,"10/07/2026 18:37",https://www.facebook.com/groups/648485240734305/permalink/1410351677880987/,"Thước phim",,"Trọn đời",0,+0.3x,0,0,0,211,1,0,1,0,0,176,209,8.035,1422.213,,
28599770229726027,100050310827163,"Đồng hồ Nhà kho","ÔĐô 30/10 vách bệt – Chất âm hay, máy móc bền bỉ

Những phiên bản ÔĐô 30/10 với cấu hình 10 côn 10 búa, máy vách bệt luôn được nhiều bác chơi đồng hồ cổ yêu thích.

Điểm hấp dẫn nằm ở chất âm nhẹ nhàng, có độ luyến láy, nghe êm tai và dễ chịu. Bên cạnh đó là kết cấu máy chắc chắn, vận hành bền bỉ khi được bảo dưỡng đúng cách.

Không cần quá cầu kỳ, chỉ riêng tiếng chuông và bộ máy cũng đủ khiến nhiều bác muốn sở hữu một chiếc trong bộ sưu tập.

#ÔĐô #Odo30_10 #10Con10Bua #ĐồngHồCổ #SưuTầmĐồngHồCổ",26,"10/07/2026 18:37",https://www.facebook.com/groups/3608168099312919/permalink/28599770229726027/,"Thước phim",,"Trọn đời",0,-0.2x,0,0,0,99,0,0,0,0,0,88,96,2.861,257.501,,
1096216116521834,100050310827163,"Đồng hồ Nhà kho","ÔĐô 30/10 vách bệt – Chất âm hay, máy móc bền bỉ

Những phiên bản ÔĐô 30/10 với cấu hình 10 côn 10 búa, máy vách bệt luôn được nhiều bác chơi đồng hồ cổ yêu thích.

Điểm hấp dẫn nằm ở chất âm nhẹ nhàng, có độ luyến láy, nghe êm tai và dễ chịu. Bên cạnh đó là kết cấu máy chắc chắn, vận hành bền bỉ khi được bảo dưỡng đúng cách.

Không cần quá cầu kỳ, chỉ riêng tiếng chuông và bộ máy cũng đủ khiến nhiều bác muốn sở hữu một chiếc trong bộ sưu tập.

#ÔĐô #Odo30_10 #10Con10Bua #ĐồngHồCổ #SưuTầmĐồngHồCổ",26,"10/07/2026 18:37",https://www.facebook.com/groups/273029195507201/permalink/1096216116521834/,"Thước phim",,"Trọn đời",0,+0.3x,0,0,0,236,3,0,3,0,0,211,240,5.117,1100.255,,
1702213001465711,100050310827163,"Đồng hồ Nhà kho","ÔĐô 36/8 – Chất âm Westminster khiến nhiều người mê mẩn

Nhắc đến ÔĐô 36/8, nhiều bác chơi đồng hồ cổ đặc biệt yêu thích chất âm trong trẻo, ngân nga và giàu cảm xúc, nhất là bản nhạc Westminster quen thuộc.

Không chỉ hấp dẫn ở tiếng chuông, những chiếc ÔĐô 36/8 có bộ máy nguyên bản, thùng đẹp và tình trạng bảo tồn tốt còn được giới sưu tầm đánh giá cao.

Theo quan sát của người chơi, những chiếc đẹp, nguyên bản ngày càng khó tìm, bởi vậy mỗi khi xuất hiện đều nhận được sự quan tâm của nhiều bác đam mê đồng hồ cổ.

#ÔĐô #Odo36_8 #Westminster #ĐồngHồCổ #SưuTầmĐồngHồCổ",29,"10/07/2026 18:37",https://www.facebook.com/reel/1717433846024046/,"Thước phim",,"Trọn đời",0,+0.2x,0,0,0,141,1,0,1,0,0,121,158,5.958,816.294,,
3661864733970762,100050310827163,"Đồng hồ Nhà kho","ÔĐô 36/8 – Chất âm Westminster khiến nhiều người mê mẩn

Nhắc đến ÔĐô 36/8, nhiều bác chơi đồng hồ cổ đặc biệt yêu thích chất âm trong trẻo, ngân nga và giàu cảm xúc, nhất là bản nhạc Westminster quen thuộc.

Không chỉ hấp dẫn ở tiếng chuông, những chiếc ÔĐô 36/8 có bộ máy nguyên bản, thùng đẹp và tình trạng bảo tồn tốt còn được giới sưu tầm đánh giá cao.

Theo quan sát của người chơi, những chiếc đẹp, nguyên bản ngày càng khó tìm, bởi vậy mỗi khi xuất hiện đều nhận được sự quan tâm của nhiều bác đam mê đồng hồ cổ.

#ÔĐô #Odo36_8 #Westminster #ĐồngHồCổ #SưuTầmĐồngHồCổ",29,"10/07/2026 18:40",https://www.facebook.com/groups/621233334700599/permalink/3661864733970762/,"Thước phim",,"Trọn đời",0,-0.5x,0,0,0,80,0,0,0,0,0,67,70,2.802,187.774,,
1784011542907462,100050310827163,"Đồng hồ Nhà kho","ÔĐô 36/8 – Chất âm Westminster khiến nhiều người mê mẩn

Nhắc đến ÔĐô 36/8, nhiều bác chơi đồng hồ cổ đặc biệt yêu thích chất âm trong trẻo, ngân nga và giàu cảm xúc, nhất là bản nhạc Westminster quen thuộc.

Không chỉ hấp dẫn ở tiếng chuông, những chiếc ÔĐô 36/8 có bộ máy nguyên bản, thùng đẹp và tình trạng bảo tồn tốt còn được giới sưu tầm đánh giá cao.

Theo quan sát của người chơi, những chiếc đẹp, nguyên bản ngày càng khó tìm, bởi vậy mỗi khi xuất hiện đều nhận được sự quan tâm của nhiều bác đam mê đồng hồ cổ.

#ÔĐô #Odo36_8 #Westminster #ĐồngHồCổ #SưuTầmĐồngHồCổ",29,"10/07/2026 18:40",https://www.facebook.com/groups/318070586168239/permalink/1784011542907462/,"Thước phim",,"Trọn đời",0,-0.3x,0,0,0,85,0,0,0,0,0,73,78,3.182,235.481,,
1410354017880753,100050310827163,"Đồng hồ Nhà kho","ÔĐô 36/8 – Chất âm Westminster khiến nhiều người mê mẩn

Nhắc đến ÔĐô 36/8, nhiều bác chơi đồng hồ cổ đặc biệt yêu thích chất âm trong trẻo, ngân nga và giàu cảm xúc, nhất là bản nhạc Westminster quen thuộc.

Không chỉ hấp dẫn ở tiếng chuông, những chiếc ÔĐô 36/8 có bộ máy nguyên bản, thùng đẹp và tình trạng bảo tồn tốt còn được giới sưu tầm đánh giá cao.

Theo quan sát của người chơi, những chiếc đẹp, nguyên bản ngày càng khó tìm, bởi vậy mỗi khi xuất hiện đều nhận được sự quan tâm của nhiều bác đam mê đồng hồ cổ.

#ÔĐô #Odo36_8 #Westminster #ĐồngHồCổ #SưuTầmĐồngHồCổ",29,"10/07/2026 18:40",https://www.facebook.com/groups/648485240734305/permalink/1410354017880753/,"Thước phim",,"Trọn đời",0,-0.2x,0,0,0,164,0,0,0,0,0,151,172,4.79,728.154,,
28599803133056070,100050310827163,"Đồng hồ Nhà kho","ÔĐô 36/8 – Chất âm Westminster khiến nhiều người mê mẩn

Nhắc đến ÔĐô 36/8, nhiều bác chơi đồng hồ cổ đặc biệt yêu thích chất âm trong trẻo, ngân nga và giàu cảm xúc, nhất là bản nhạc Westminster quen thuộc.

Không chỉ hấp dẫn ở tiếng chuông, những chiếc ÔĐô 36/8 có bộ máy nguyên bản, thùng đẹp và tình trạng bảo tồn tốt còn được giới sưu tầm đánh giá cao.

Theo quan sát của người chơi, những chiếc đẹp, nguyên bản ngày càng khó tìm, bởi vậy mỗi khi xuất hiện đều nhận được sự quan tâm của nhiều bác đam mê đồng hồ cổ.

#ÔĐô #Odo36_8 #Westminster #ĐồngHồCổ #SưuTầmĐồngHồCổ",29,"10/07/2026 18:40",https://www.facebook.com/groups/3608168099312919/permalink/28599803133056070/,"Thước phim",,"Trọn đời",0,-0.2x,0,0,0,158,1,0,1,0,0,139,153,4.363,610.842,,
1448699117133052,100050310827163,"Đồng hồ Nhà kho","ÔĐô 36/8 – Chất âm Westminster khiến nhiều người mê mẩn

Nhắc đến ÔĐô 36/8, nhiều bác chơi đồng hồ cổ đặc biệt yêu thích chất âm trong trẻo, ngân nga và giàu cảm xúc, nhất là bản nhạc Westminster quen thuộc.

Không chỉ hấp dẫn ở tiếng chuông, những chiếc ÔĐô 36/8 có bộ máy nguyên bản, thùng đẹp và tình trạng bảo tồn tốt còn được giới sưu tầm đánh giá cao.

Theo quan sát của người chơi, những chiếc đẹp, nguyên bản ngày càng khó tìm, bởi vậy mỗi khi xuất hiện đều nhận được sự quan tâm của nhiều bác đam mê đồng hồ cổ.

#ÔĐô #Odo36_8 #Westminster #ĐồngHồCổ #SưuTầmĐồngHồCổ",29,"10/07/2026 18:41",https://www.facebook.com/groups/799627422040228/permalink/1448699117133052/,"Thước phim",,"Trọn đời",1,+1.3x,0,0,0,332,4,0,3,0,0,299,343,4.617,1431.496,,
1702258551461156,100050310827163,"Đồng hồ Nhà kho","Đồng Hồ Vai Bò Junhan 4 Côn Máy W200, Có Hộp Âm Cộng Hưởng- Dáng đẹp âm cực ngân- Mã số #1114

✨ Một mẫu đồng hồ vai bò Đức có dáng trải ngang rất đẹp, thân thùng cân đối kết hợp các đường chỉ tạo điểm nhấn. Vân gỗ hai bên nổi rõ, nước màu nâu vàng ấm tạo cảm giác sang nhưng vẫn giữ nét cổ điển của dòng đồng hồ châu Âu cổ.

⚙️ Bộ máy W200 – cấu hình 4 côn. Máy cơ hoàn thiện chắc chắn. Điểm đáng chú ý là bộ côn kết hợp hộp âm cộng hưởng, giúp tiếng gõ có độ đầy và chiều sâu hơn so với kiểu côn đặt trực tiếp trên thùng.

🔔 Tiếng chuông ngân khá dài, âm vang tròn và có độ dày. Hộp cộng hưởng giúp phần âm cuối lan đều, nghe êm tai, phù hợp với người thích chất âm đồng hồ cổ thiên về độ ngân hơn là tiếng gõ khô, sắc.

✨ Tổng thể đây là một chiếc đồng hồ cơ cổ vừa đẹp về hình thức, vừa có cấu hình máy và âm thanh đáng để trải nghiệm.

📐 Kích thước: 71× 24 cm

📍 Địa chỉ: KĐT Văn Phú – Kiến Hưng – Hà Nội
☎️ Liên hệ: 𝟶𝟿𝟼𝟥 • 𝟜𝟝𝟞 • 𝟿𝟞𝟥

#donghoco #donghovaiBo #donghocoDuc #donghocoChauAu #donghocoNguyenBan #donghocoSuutam #mayW200 #donghoconDong #amthanhdonghoco #chatamDongHoCo #donghocoQuaLac #suutamdonghoco #docochauau #giaTriSuuTam",0,"10/07/2026 19:55",https://www.facebook.com/donghonhakho.vn/posts/pfbid0223b3DZBCE1dj3nPMtY6qsJNsCrdPyVmSW56daCucHg78hnNoP6q7H4S6n24pHU9Al,Ảnh,,"Trọn đời",3,--,0,0,0,792,7,0,3,0,1,772,1124,,,,
1702681514752193,100050310827163,"Đồng hồ Nhà kho","Đồng hồ để bàn dáng tháp Big Ben – Nhỏ gọn mà đầy cuốn hút

Một mẫu đồng hồ để bàn được tạo dáng theo tháp Big Ben nổi tiếng, mang vẻ đẹp cổ điển và khá độc đáo. Điểm thú vị là cơ cấu chuông chén, cứ mỗi tiếng lại điểm chuông một lần, cho âm thanh trong trẻo, thanh thoát và dễ nghe.

Không chỉ để xem giờ, chiếc đồng hồ còn là món đồ trang trí duyên dáng, phù hợp với bàn làm việc hay tủ trưng bày của các bác yêu thích đồng hồ cổ.

#DongHoBigBen #DongHoDeBan #ChuongChen #ĐồngHồCổ #SưuTầmĐồngHồCổ",33,"10/08/2026 06:45",https://www.facebook.com/reel/1832047348212764/,"Thước phim",,"Trọn đời",0,+0.3x,0,0,0,225,5,0,5,0,0,207,248,6.828,1488.617,,
1702689464751398,100050310827163,"Đồng hồ Nhà kho","Đồng hồ để bàn Đức – Chuông chén kép, có quả lắc

Một mẫu đồng hồ để bàn xuất xứ Đức với thiết kế cổ điển, dáng bày đẹp và tình trạng nguyên bản đáng quý. Điểm hấp dẫn là bộ chuông chén kép kết hợp cùng quả lắc chuyển động nhịp nhàng, tạo nên nét thú vị riêng của đồng hồ cơ xưa.

Tiếng chuông trong trẻo, ngân vang và dễ nghe, vừa để thưởng thức âm thanh, vừa làm món đồ trang trí đẹp mắt trên bàn làm việc hay tủ trưng bày. Một lựa chọn đáng tham khảo dành cho các bác yêu thích đồng hồ cổ Đức.

#ĐồngHồĐức #ĐồngHồĐểBàn #ChuôngChénKép #ĐồngHồCổ #SưuTầmĐồngHồCổ",66,"10/08/2026 06:55",https://www.facebook.com/reel/1433829688944977/,"Thước phim",,"Trọn đời",0,-0.3x,0,0,0,357,1,0,1,0,0,335,360,4.299,1500.637,,
1702697838083894,100050310827163,"Đồng hồ Nhà kho","ÔĐô 24 đời 1962 – 6 côn 10 búa, chơi 2 bản nhạc

Một phiên bản ÔĐô 24 đời 1962 khá thú vị với cấu hình 6 côn 10 búa, sử dụng cơ chế đánh mượn để thể hiện hai bản nhạc Westminster và Sonodo.

Điểm đặc biệt là chỉ với 6 thanh côn nhưng bộ máy vẫn phối hợp cùng 10 búa để tạo nên những giai điệu có nét riêng. Hai bản nhạc mang đến hai cách thưởng thức khác nhau, khiến chiếc đồng hồ càng thêm hấp dẫn với các bác yêu thích tìm hiểu máy móc và âm thanh đồng hồ cổ.

#ÔĐô #Odo24 #Sonodo #Westminster #ĐồngHồCổ",172,"10/08/2026 07:06",https://www.facebook.com/reel/2062082001088845/,"Thước phim",,"Trọn đời",0,+2.4x,0,0,0,505,6,0,6,0,0,436,508,10.889,4998.191,,
3662491383908097,100050310827163,"Đồng hồ Nhà kho","ÔĐô 24 đời 1962 – 6 côn 10 búa, chơi 2 bản nhạc

Một phiên bản ÔĐô 24 đời 1962 khá thú vị với cấu hình 6 côn 10 búa, sử dụng cơ chế đánh mượn để thể hiện hai bản nhạc Westminster và Sonodo.

Điểm đặc biệt là chỉ với 6 thanh côn nhưng bộ máy vẫn phối hợp cùng 10 búa để tạo nên những giai điệu có nét riêng. Hai bản nhạc mang đến hai cách thưởng thức khác nhau, khiến chiếc đồng hồ càng thêm hấp dẫn với các bác yêu thích tìm hiểu máy móc và âm thanh đồng hồ cổ.

#ÔĐô #Odo24 #Sonodo #Westminster #ĐồngHồCổ",172,"10/08/2026 07:08",https://www.facebook.com/groups/621233334700599/permalink/3662491383908097/,"Thước phim",,"Trọn đời",0,-0.5x,0,0,0,82,0,0,0,0,0,72,78,2.914,218.552,,
1410832951166193,100050310827163,"Đồng hồ Nhà kho","ÔĐô 24 đời 1962 – 6 côn 10 búa, chơi 2 bản nhạc

Một phiên bản ÔĐô 24 đời 1962 khá thú vị với cấu hình 6 côn 10 búa, sử dụng cơ chế đánh mượn để thể hiện hai bản nhạc Westminster và Sonodo.

Điểm đặc biệt là chỉ với 6 thanh côn nhưng bộ máy vẫn phối hợp cùng 10 búa để tạo nên những giai điệu có nét riêng. Hai bản nhạc mang đến hai cách thưởng thức khác nhau, khiến chiếc đồng hồ càng thêm hấp dẫn với các bác yêu thích tìm hiểu máy móc và âm thanh đồng hồ cổ.

#ÔĐô #Odo24 #Sonodo #Westminster #ĐồngHồCổ",172,"10/08/2026 07:08",https://www.facebook.com/groups/648485240734305/permalink/1410832951166193/,"Thước phim",,"Trọn đời",0,-0.4x,0,0,0,163,0,0,0,0,0,138,147,7.597,1078.876,,
28607194082316975,100050310827163,"Đồng hồ Nhà kho","ÔĐô 24 đời 1962 – 6 côn 10 búa, chơi 2 bản nhạc

Một phiên bản ÔĐô 24 đời 1962 khá thú vị với cấu hình 6 côn 10 búa, sử dụng cơ chế đánh mượn để thể hiện hai bản nhạc Westminster và Sonodo.

Điểm đặc biệt là chỉ với 6 thanh côn nhưng bộ máy vẫn phối hợp cùng 10 búa để tạo nên những giai điệu có nét riêng. Hai bản nhạc mang đến hai cách thưởng thức khác nhau, khiến chiếc đồng hồ càng thêm hấp dẫn với các bác yêu thích tìm hiểu máy móc và âm thanh đồng hồ cổ.

#ÔĐô #Odo24 #Sonodo #Westminster #ĐồngHồCổ",172,"10/08/2026 07:09",https://www.facebook.com/groups/3608168099312919/permalink/28607194082316975/,"Thước phim",,"Trọn đời",0,-3.2x,0,0,0,82,0,0,0,0,0,71,77,3.695,273.473,,
1096695253140587,100050310827163,"Đồng hồ Nhà kho","ÔĐô 24 đời 1962 – 6 côn 10 búa, chơi 2 bản nhạc

Một phiên bản ÔĐô 24 đời 1962 khá thú vị với cấu hình 6 côn 10 búa, sử dụng cơ chế đánh mượn để thể hiện hai bản nhạc Westminster và Sonodo.

Điểm đặc biệt là chỉ với 6 thanh côn nhưng bộ máy vẫn phối hợp cùng 10 búa để tạo nên những giai điệu có nét riêng. Hai bản nhạc mang đến hai cách thưởng thức khác nhau, khiến chiếc đồng hồ càng thêm hấp dẫn với các bác yêu thích tìm hiểu máy móc và âm thanh đồng hồ cổ.

#ÔĐô #Odo24 #Sonodo #Westminster #ĐồngHồCổ",172,"10/08/2026 07:09",https://www.facebook.com/groups/273029195507201/permalink/1096695253140587/,"Thước phim",,"Trọn đời",0,-0.5x,0,0,0,97,0,0,0,0,0,87,90,2.673,240.635,,
1449155347087429,100050310827163,"Đồng hồ Nhà kho","ÔĐô 24 đời 1962 – 6 côn 10 búa, chơi 2 bản nhạc

Một phiên bản ÔĐô 24 đời 1962 khá thú vị với cấu hình 6 côn 10 búa, sử dụng cơ chế đánh mượn để thể hiện hai bản nhạc Westminster và Sonodo.

Điểm đặc biệt là chỉ với 6 thanh côn nhưng bộ máy vẫn phối hợp cùng 10 búa để tạo nên những giai điệu có nét riêng. Hai bản nhạc mang đến hai cách thưởng thức khác nhau, khiến chiếc đồng hồ càng thêm hấp dẫn với các bác yêu thích tìm hiểu máy móc và âm thanh đồng hồ cổ.

#ÔĐô #Odo24 #Sonodo #Westminster #ĐồngHồCổ",172,"10/08/2026 07:09",https://www.facebook.com/groups/799627422040228/permalink/1449155347087429/,"Thước phim",,"Trọn đời",0,-1.6x,0,0,0,206,1,0,1,0,0,189,208,4.987,982.439,,
1702732318080446,100050310827163,"Đồng hồ Nhà kho","Ba phiên bản vách máy ÔĐô 36 được người chơi đồng hồ cổ quan tâm

Cùng thuộc dòng ÔĐô 36 nhưng có ba kiểu vách máy thường gặp: vách sơn, vách xoáy và ba vách bệt. Vách sơn có bề mặt phẳng phủ màu vàng, vách xoáy nổi bật với những đường vân tròn đồng tâm, còn ba vách bệt có kết cấu chia thành ba phần riêng biệt.

Mỗi phiên bản mang một nét đặc trưng về kết cấu và hình thức chế tạo, tạo thêm sự thú vị cho các bác yêu thích tìm hiểu máy móc đồng hồ cổ.

Các bác đang sở hữu phiên bản vách máy nào?

#ÔĐô #Odo36 #MayVachXoay #ĐồngHồCổ #SưuTầmĐồngHồCổ",55,"10/08/2026 07:48",https://www.facebook.com/reel/27740514828956613/,"Thước phim",,"Trọn đời",0,+0.9x,0,0,0,1182,10,1,7,3,0,1079,1362,16.512,18692.456,,
1702750161411995,100050310827163,"Đồng hồ Nhà kho","Bộ sưu tập ÔĐô 36 – Mỗi chiếc một vẻ đẹp riêng

Cùng thuộc dòng ÔĐô 36 nhưng mỗi chiếc lại mang một nét cuốn hút khác nhau, từ kiểu dáng thùng, mặt số cho đến kết cấu bộ máy và chất âm. Có chiếc 8 côn nhẹ nhàng, ngân nga, có chiếc 10 côn với những giai điệu đầy cảm xúc. Đặt cạnh nhau mới thấy sự đa dạng và thú vị của dòng đồng hồ cổ Pháp này. Với người đam mê, sưu tầm ÔĐô 36 không chỉ là sở hữu đồng hồ mà còn là thưởng thức những giá trị xưa.

#ÔĐô #Odo36 #ĐồngHồCổPháp #BộSưuTậpĐồngHồ #ĐamMêĐồngHồCổ",44,"10/08/2026 08:05",https://www.facebook.com/reel/1069755099379949/,"Thước phim",,"Trọn đời",0,+0.3x,0,0,0,202,1,0,1,0,0,193,220,7.119,1423.955,,
3662550367235532,100050310827163,"Đồng hồ Nhà kho","Bộ sưu tập ÔĐô 36 – Mỗi chiếc một vẻ đẹp riêng

Cùng thuộc dòng ÔĐô 36 nhưng mỗi chiếc lại mang một nét cuốn hút khác nhau, từ kiểu dáng thùng, mặt số cho đến kết cấu bộ máy và chất âm. Có chiếc 8 côn nhẹ nhàng, ngân nga, có chiếc 10 côn với những giai điệu đầy cảm xúc. Đặt cạnh nhau mới thấy sự đa dạng và thú vị của dòng đồng hồ cổ Pháp này. Với người đam mê, sưu tầm ÔĐô 36 không chỉ là sở hữu đồng hồ mà còn là thưởng thức những giá trị xưa.

#ÔĐô #Odo36 #ĐồngHồCổPháp #BộSưuTậpĐồngHồ #ĐamMêĐồngHồCổ",44,"10/08/2026 08:06",https://www.facebook.com/groups/621233334700599/permalink/3662550367235532/,"Thước phim",,"Trọn đời",0,-0.5x,0,0,0,79,0,0,0,0,0,66,69,4.108,283.506,,
1410875554495266,100050310827163,"Đồng hồ Nhà kho","Bộ sưu tập ÔĐô 36 – Mỗi chiếc một vẻ đẹp riêng

Cùng thuộc dòng ÔĐô 36 nhưng mỗi chiếc lại mang một nét cuốn hút khác nhau, từ kiểu dáng thùng, mặt số cho đến kết cấu bộ máy và chất âm. Có chiếc 8 côn nhẹ nhàng, ngân nga, có chiếc 10 côn với những giai điệu đầy cảm xúc. Đặt cạnh nhau mới thấy sự đa dạng và thú vị của dòng đồng hồ cổ Pháp này. Với người đam mê, sưu tầm ÔĐô 36 không chỉ là sở hữu đồng hồ mà còn là thưởng thức những giá trị xưa.

#ÔĐô #Odo36 #ĐồngHồCổPháp #BộSưuTậpĐồngHồ #ĐamMêĐồngHồCổ",44,"10/08/2026 08:07",https://www.facebook.com/groups/648485240734305/permalink/1410875554495266/,"Thước phim",,"Trọn đời",0,+0.3x,0,0,0,113,0,0,0,0,0,89,103,6.552,609.342,,
1449197493749881,100050310827163,"Đồng hồ Nhà kho","Bộ sưu tập ÔĐô 36 – Mỗi chiếc một vẻ đẹp riêng

Cùng thuộc dòng ÔĐô 36 nhưng mỗi chiếc lại mang một nét cuốn hút khác nhau, từ kiểu dáng thùng, mặt số cho đến kết cấu bộ máy và chất âm. Có chiếc 8 côn nhẹ nhàng, ngân nga, có chiếc 10 côn với những giai điệu đầy cảm xúc. Đặt cạnh nhau mới thấy sự đa dạng và thú vị của dòng đồng hồ cổ Pháp này. Với người đam mê, sưu tầm ÔĐô 36 không chỉ là sở hữu đồng hồ mà còn là thưởng thức những giá trị xưa.

#ÔĐô #Odo36 #ĐồngHồCổPháp #BộSưuTậpĐồngHồ #ĐamMêĐồngHồCổ",44,"10/08/2026 08:07",https://www.facebook.com/groups/799627422040228/permalink/1449197493749881/,"Thước phim",,"Trọn đời",0,-0.2x,0,0,0,68,0,0,0,0,0,59,68,4.13,264.357,,
28607919845577732,100050310827163,"Đồng hồ Nhà kho","Bộ sưu tập ÔĐô 36 – Mỗi chiếc một vẻ đẹp riêng

Cùng thuộc dòng ÔĐô 36 nhưng mỗi chiếc lại mang một nét cuốn hút khác nhau, từ kiểu dáng thùng, mặt số cho đến kết cấu bộ máy và chất âm. Có chiếc 8 côn nhẹ nhàng, ngân nga, có chiếc 10 côn với những giai điệu đầy cảm xúc. Đặt cạnh nhau mới thấy sự đa dạng và thú vị của dòng đồng hồ cổ Pháp này. Với người đam mê, sưu tầm ÔĐô 36 không chỉ là sở hữu đồng hồ mà còn là thưởng thức những giá trị xưa.

#ÔĐô #Odo36 #ĐồngHồCổPháp #BộSưuTậpĐồngHồ #ĐamMêĐồngHồCổ",44,"10/08/2026 08:07",https://www.facebook.com/groups/3608168099312919/permalink/28607919845577732/,"Thước phim",,"Trọn đời",0,+0.3x,0,0,0,184,0,0,0,0,0,172,185,7.131,1255.163,,
1702762931410718,100050310827163,"Đồng hồ Nhà kho","Đồng hồ chim Cúc Cu – Âm thanh thân thuộc từ Rừng Đen nước Đức

Những chiếc đồng hồ chim Cúc Cu luôn có sức hút riêng bởi kiểu dáng ngôi nhà nhỏ xinh và tiếng chim gọi giờ vui tai. Mỗi khi đến giờ, chú chim lại xuất hiện sau cánh cửa, cất tiếng Cúc Cu đặc trưng nhờ cơ cấu cơ khí bên trong.

Không chỉ để xem giờ, đồng hồ Cúc Cu còn là món đồ trang trí mang nét đẹp mộc mạc, gợi cảm giác ấm áp và bình yên trong không gian sống.

#ĐồngHồCúcCu #CuckooClock #ĐồngHồĐức #ĐồngHồCổ #SưuTầmĐồngHồCổ",16,"10/08/2026 08:12",https://www.facebook.com/reel/1126450906473438/,"Thước phim",,"Trọn đời",0,-0.2x,0,0,0,262,1,0,1,0,0,238,272,3.25,802.975,,
1702771544743190,100050310827163,"Đồng hồ Nhà kho","ÔĐô 36 – Chất âm khiến người chơi say mê

Có những tiếng chuông nghe một lần là nhớ, và ÔĐô 36 chính là một trong những dòng đồng hồ mang lại cảm giác ấy. Âm thanh ngân nga, trong trẻo, từng nốt nhạc nối tiếp nhau nhẹ nhàng và đầy cảm xúc. Đặc biệt khi được nghe trực tiếp trong không gian yên tĩnh, các bác sẽ cảm nhận rõ hơn cái hay của từng tiếng chuông. Cũng chính chất âm đặc trưng ấy đã khiến ÔĐô 36 luôn có sức hút với nhiều người yêu đồng hồ cổ.

#ÔĐô #Odo36 #ChấtÂmĐồngHồ #ĐồngHồCổ #ĐamMêĐồngHồCổ",11,"10/08/2026 08:20",https://www.facebook.com/reel/2052898868692728/,"Thước phim",,"Trọn đời",2,+3.7x,0,0,0,2537,41,0,36,3,0,2482,3572,8.535,20919.507,,
1703082051378806,100050310827163,"Đồng hồ Nhà kho","So sánh chất âm ÔĐô 36 vách cam và ba vách bệt

Cùng thuộc dòng ÔĐô 36 nhưng hai phiên bản vách cam và ba vách bệt luôn mang đến sự tò mò cho người chơi. Liệu kết cấu vách máy khác nhau có tạo nên sự khác biệt về chất âm?

Đặt hai chiếc cạnh nhau, cùng nghe một bản nhạc để cảm nhận độ trong, độ ngân và cách luyến láy của từng bộ côn. Bởi âm thanh còn phụ thuộc vào tình trạng máy, bộ côn và cách căn chỉnh, không thể chỉ nhìn kiểu vách mà kết luận chiếc nào hay hơn.

Theo tai các bác, phiên bản nào nghe cuốn hút hơn?

#ÔĐô #Odo36 #VachCam #BaVachBet #ChatAmDongHo",125,"10/08/2026 16:27",https://www.facebook.com/reel/1080706934816758/,"Thước phim",,"Trọn đời",0,+4.5x,0,0,0,341,4,0,4,0,0,305,361,20.462,6527.531,,
1703082524712092,100050310827163,"Đồng hồ Nhà kho","ÔĐô 36/10 – Chất âm khiến bao người mê đồng hồ cổ say đắm

Với cấu hình 10 côn 10 búa, ÔĐô 36/10 mang đến những giai điệu ngân nga, có chiều sâu và độ luyến láy rất cuốn hút. Từng tiếng chuông nối tiếp nhau, lúc nhẹ nhàng, lúc rộn ràng, tạo nên nét hấp dẫn riêng của dòng đồng hồ cổ Pháp này. Đặc biệt, khi được nghe trực tiếp một bộ máy căn chỉnh tốt, các bác sẽ cảm nhận rõ hơn sự hòa quyện giữa các nốt nhạc. Một chất âm rất đáng để thưởng thức!

#ÔĐô #Odo36_10 #10Con10Bua #ChấtÂmĐồngHồ #ĐồngHồCổ",8,"10/08/2026 16:27",https://www.facebook.com/reel/1134450502858964/,"Thước phim",,"Trọn đời",0,+0.3x,0,0,0,427,2,0,2,0,0,391,653,7.372,2971.037,,
4596663100655513,100050310827163,"Đồng hồ Nhà kho","So sánh chất âm ÔĐô 36 vách cam và ba vách bệt

Cùng thuộc dòng ÔĐô 36 nhưng hai phiên bản vách cam và ba vách bệt luôn mang đến sự tò mò cho người chơi. Liệu kết cấu vách máy khác nhau có tạo nên sự khác biệt về chất âm?

Đặt hai chiếc cạnh nhau, cùng nghe một bản nhạc để cảm nhận độ trong, độ ngân và cách luyến láy của từng bộ côn. Bởi âm thanh còn phụ thuộc vào tình trạng máy, bộ côn và cách căn chỉnh, không thể chỉ nhìn kiểu vách mà kết luận chiếc nào hay hơn.

Theo tai các bác, phiên bản nào nghe cuốn hút hơn?

#ÔĐô #Odo36 #VachCam #BaVachBet #ChatAmDongHo",125,"10/08/2026 16:28",https://www.facebook.com/groups/1545121732476347/permalink/4596663100655513/,"Thước phim",,"Trọn đời",0,+2.8x,0,0,0,109,1,0,1,0,0,179,190,18.785,3400.144,,
1655048476139010,100050310827163,"Đồng hồ Nhà kho","So sánh chất âm ÔĐô 36 vách cam và ba vách bệt

Cùng thuộc dòng ÔĐô 36 nhưng hai phiên bản vách cam và ba vách bệt luôn mang đến sự tò mò cho người chơi. Liệu kết cấu vách máy khác nhau có tạo nên sự khác biệt về chất âm?

Đặt hai chiếc cạnh nhau, cùng nghe một bản nhạc để cảm nhận độ trong, độ ngân và cách luyến láy của từng bộ côn. Bởi âm thanh còn phụ thuộc vào tình trạng máy, bộ côn và cách căn chỉnh, không thể chỉ nhìn kiểu vách mà kết luận chiếc nào hay hơn.

Theo tai các bác, phiên bản nào nghe cuốn hút hơn?

#ÔĐô #Odo36 #VachCam #BaVachBet #ChatAmDongHo",125,"10/08/2026 16:29",https://www.facebook.com/groups/623746575935877/permalink/1655048476139010/,"Thước phim",,"Trọn đời",0,-0.7x,0,0,0,92,2,0,2,0,0,200,219,5.377,1096.984,,
1439803088218869,100050310827163,"Đồng hồ Nhà kho","So sánh chất âm ÔĐô 36 vách cam và ba vách bệt

Cùng thuộc dòng ÔĐô 36 nhưng hai phiên bản vách cam và ba vách bệt luôn mang đến sự tò mò cho người chơi. Liệu kết cấu vách máy khác nhau có tạo nên sự khác biệt về chất âm?

Đặt hai chiếc cạnh nhau, cùng nghe một bản nhạc để cảm nhận độ trong, độ ngân và cách luyến láy của từng bộ côn. Bởi âm thanh còn phụ thuộc vào tình trạng máy, bộ côn và cách căn chỉnh, không thể chỉ nhìn kiểu vách mà kết luận chiếc nào hay hơn.

Theo tai các bác, phiên bản nào nghe cuốn hút hơn?

#ÔĐô #Odo36 #VachCam #BaVachBet #ChatAmDongHo",125,"10/08/2026 16:29",https://www.facebook.com/groups/449924067206781/permalink/1439803088218869/,"Thước phim",,"Trọn đời",0,+1.4x,0,0,0,75,0,0,0,0,0,165,176,11.378,1877.399,,
29219412980996947,100050310827163,"Đồng hồ Nhà kho","So sánh chất âm ÔĐô 36 vách cam và ba vách bệt

Cùng thuộc dòng ÔĐô 36 nhưng hai phiên bản vách cam và ba vách bệt luôn mang đến sự tò mò cho người chơi. Liệu kết cấu vách máy khác nhau có tạo nên sự khác biệt về chất âm?

Đặt hai chiếc cạnh nhau, cùng nghe một bản nhạc để cảm nhận độ trong, độ ngân và cách luyến láy của từng bộ côn. Bởi âm thanh còn phụ thuộc vào tình trạng máy, bộ côn và cách căn chỉnh, không thể chỉ nhìn kiểu vách mà kết luận chiếc nào hay hơn.

Theo tai các bác, phiên bản nào nghe cuốn hút hơn?

#ÔĐô #Odo36 #VachCam #BaVachBet #ChatAmDongHo",125,"10/08/2026 16:29",https://www.facebook.com/groups/825438587487766/permalink/29219412980996947/,"Thước phim",,"Trọn đời",0,-0.2x,0,0,0,74,2,0,2,0,0,124,136,4.354,544.293,,
28580861001556618,100050310827163,"Đồng hồ Nhà kho","So sánh chất âm ÔĐô 36 vách cam và ba vách bệt

Cùng thuộc dòng ÔĐô 36 nhưng hai phiên bản vách cam và ba vách bệt luôn mang đến sự tò mò cho người chơi. Liệu kết cấu vách máy khác nhau có tạo nên sự khác biệt về chất âm?

Đặt hai chiếc cạnh nhau, cùng nghe một bản nhạc để cảm nhận độ trong, độ ngân và cách luyến láy của từng bộ côn. Bởi âm thanh còn phụ thuộc vào tình trạng máy, bộ côn và cách căn chỉnh, không thể chỉ nhìn kiểu vách mà kết luận chiếc nào hay hơn.

Theo tai các bác, phiên bản nào nghe cuốn hút hơn?

#ÔĐô #Odo36 #VachCam #BaVachBet #ChatAmDongHo",125,"10/08/2026 16:29",https://www.facebook.com/groups/741840179218741/permalink/28580861001556618/,"Thước phim",,"Trọn đời",0,+1.3x,0,0,0,108,0,0,0,0,0,169,182,10.87,1869.806,,
1703114798042198,100050310827163,"Đồng hồ Nhà kho","Ngựa đồng hồ – Chi tiết nhỏ nhưng giữ vai trò quan trọng

Trong bộ máy đồng hồ cơ cổ, ngựa là chi tiết phối hợp với bánh xe thoát và quả lắc để điều tiết chuyển động, tạo nên tiếng tích tắc quen thuộc. Khi ngựa hoạt động đúng nhịp, đồng hồ sẽ vận hành đều đặn và ổn định hơn.

Nếu ngựa bị lệch hoặc ăn khớp không chuẩn, đồng hồ có thể chạy không đều, thậm chí dừng máy. Vì vậy, đây là một trong những bộ phận cần được kiểm tra kỹ khi căn chỉnh và bảo dưỡng đồng hồ cổ.

#NguaDongHo #DongHoCo #KyThuatDongHo #SuaChuaDongHo #DongHoQuaLac",9,"10/08/2026 17:30",https://www.facebook.com/reel/1114084044891160/,"Thước phim",,"Trọn đời",0,-0.2x,0,0,0,391,1,0,1,0,0,338,444,4.61,1609.025,,
1703115801375431,100050310827163,"Đồng hồ Nhà kho","Ông Tây đánh chuông – Nét độc đáo của đồng hồ cổ ÔĐô

Ở Việt Nam, người chơi quen gọi những chiếc đồng hồ có hình nhân cầm búa gõ chuông là “ông Tây đánh chuông”, còn trong thuật ngữ châu Âu, hình nhân này được gọi là Jacquemart.

Điểm thú vị là mỗi khi đến giờ, ông Tây lại chuyển động, thực hiện động tác đánh chuông rất sinh động. Sự kết hợp giữa cơ khí, âm thanh và hình ảnh khiến chiếc đồng hồ trở nên cuốn hút, vừa để thưởng thức vừa mang giá trị sưu tầm đối với những bác yêu thích đồng hồ cổ.

#ÔĐô #OngTayDanhChuong #Jacquemart #ĐồngHồCổ #SưuTầmĐồngHồCổ",12,"10/08/2026 17:33",https://www.facebook.com/reel/1048284331595172/,"Thước phim",,"Trọn đời",0,+1.3x,0,0,0,319,4,0,1,0,3,319,395,4.108,1351.657,,
1703193401367671,100050310827163,"Đồng hồ Nhà kho","ÔĐô 36/8 – Tiếng chuông ấm áp, nghe là thấy mê

Âm thanh ÔĐô 36/8 có cái hay rất riêng, không quá rộn ràng mà ấm áp, đậm đà và ngân nga đầy cảm xúc. Đặc biệt, bản nhạc Westminster vang lên nhẹ nhàng, từng nốt nối tiếp nhau tạo cảm giác thư thái, dễ chịu. Với nhiều bác yêu đồng hồ cổ, đây là chất âm có thể nghe đi nghe lại mà không thấy chán. Một chiếc đồng hồ đẹp không chỉ để ngắm mà còn để thưởng thức bằng đôi tai.

#ÔĐô #Odo36_8 #Westminster #ChấtÂmĐồngHồ #ĐồngHồCổ",10,"10/08/2026 19:46",https://www.facebook.com/reel/1103652538941142/,"Thước phim",,"Trọn đời",2,+3.6x,0,0,0,464,7,0,4,1,0,412,587,5.854,2558.312,,
1703234774696867,100050310827163,"Đồng hồ Nhà kho","ÔĐô 36 – Sức hút bền bỉ với người yêu đồng hồ cổ

ÔĐô 36 vẫn luôn là lựa chọn được nhiều bác sưu tầm yêu thích nhờ chất âm hay, kết cấu máy chắc chắn và tên tuổi quen thuộc trong giới đồng hồ cổ Pháp. Đặc biệt, bản nhạc Westminster được thể hiện rất tròn trịa, từng nốt chuông rõ ràng, ngân nga và đầy cảm xúc. Một chiếc đồng hồ vừa đẹp để trưng bày, vừa thú vị để thưởng thức âm thanh mỗi ngày. Cũng vì thế mà sau nhiều năm, ÔĐô 36 vẫn giữ được sức hút riêng trong lòng người chơi.

#ÔĐô #Odo36 #Westminster #ĐồngHồCổ #SưuTầmĐồngHồCổ",89,"10/08/2026 20:59",https://www.facebook.com/reel/1143724354979512/,"Thước phim",,"Trọn đời",0,-1.1x,0,0,0,146,3,0,3,0,0,127,157,6.91,981.308,,
3663194610504441,100050310827163,"Đồng hồ Nhà kho","ÔĐô 36 – Sức hút bền bỉ với người yêu đồng hồ cổ

ÔĐô 36 vẫn luôn là lựa chọn được nhiều bác sưu tầm yêu thích nhờ chất âm hay, kết cấu máy chắc chắn và tên tuổi quen thuộc trong giới đồng hồ cổ Pháp. Đặc biệt, bản nhạc Westminster được thể hiện rất tròn trịa, từng nốt chuông rõ ràng, ngân nga và đầy cảm xúc. Một chiếc đồng hồ vừa đẹp để trưng bày, vừa thú vị để thưởng thức âm thanh mỗi ngày. Cũng vì thế mà sau nhiều năm, ÔĐô 36 vẫn giữ được sức hút riêng trong lòng người chơi.

#ÔĐô #Odo36 #Westminster #ĐồngHồCổ #SưuTầmĐồngHồCổ",89,"10/08/2026 21:01",https://www.facebook.com/groups/621233334700599/permalink/3663194610504441/,"Thước phim",,"Trọn đời",0,-0.3x,0,0,0,91,1,0,1,0,0,85,93,4.319,384.395,,
1411320734450748,100050310827163,"Đồng hồ Nhà kho","ÔĐô 36 – Sức hút bền bỉ với người yêu đồng hồ cổ

ÔĐô 36 vẫn luôn là lựa chọn được nhiều bác sưu tầm yêu thích nhờ chất âm hay, kết cấu máy chắc chắn và tên tuổi quen thuộc trong giới đồng hồ cổ Pháp. Đặc biệt, bản nhạc Westminster được thể hiện rất tròn trịa, từng nốt chuông rõ ràng, ngân nga và đầy cảm xúc. Một chiếc đồng hồ vừa đẹp để trưng bày, vừa thú vị để thưởng thức âm thanh mỗi ngày. Cũng vì thế mà sau nhiều năm, ÔĐô 36 vẫn giữ được sức hút riêng trong lòng người chơi.

#ÔĐô #Odo36 #Westminster #ĐồngHồCổ #SưuTầmĐồngHồCổ",89,"10/08/2026 21:01",https://www.facebook.com/groups/648485240734305/permalink/1411320734450748/,"Thước phim",,"Trọn đời",0,-0.3x,0,0,0,69,0,0,0,0,0,57,61,4.083,240.918,,
28615601094809607,100050310827163,"Đồng hồ Nhà kho","ÔĐô 36 – Sức hút bền bỉ với người yêu đồng hồ cổ

ÔĐô 36 vẫn luôn là lựa chọn được nhiều bác sưu tầm yêu thích nhờ chất âm hay, kết cấu máy chắc chắn và tên tuổi quen thuộc trong giới đồng hồ cổ Pháp. Đặc biệt, bản nhạc Westminster được thể hiện rất tròn trịa, từng nốt chuông rõ ràng, ngân nga và đầy cảm xúc. Một chiếc đồng hồ vừa đẹp để trưng bày, vừa thú vị để thưởng thức âm thanh mỗi ngày. Cũng vì thế mà sau nhiều năm, ÔĐô 36 vẫn giữ được sức hút riêng trong lòng người chơi.

#ÔĐô #Odo36 #Westminster #ĐồngHồCổ #SưuTầmĐồngHồCổ",89,"10/08/2026 21:01",https://www.facebook.com/groups/3608168099312919/permalink/28615601094809607/,"Thước phim",,"Trọn đời",0,-0.3x,0,0,0,123,0,0,0,0,0,107,120,8.675,945.615,,
1449633160372981,100050310827163,"Đồng hồ Nhà kho","ÔĐô 36 – Sức hút bền bỉ với người yêu đồng hồ cổ

ÔĐô 36 vẫn luôn là lựa chọn được nhiều bác sưu tầm yêu thích nhờ chất âm hay, kết cấu máy chắc chắn và tên tuổi quen thuộc trong giới đồng hồ cổ Pháp. Đặc biệt, bản nhạc Westminster được thể hiện rất tròn trịa, từng nốt chuông rõ ràng, ngân nga và đầy cảm xúc. Một chiếc đồng hồ vừa đẹp để trưng bày, vừa thú vị để thưởng thức âm thanh mỗi ngày. Cũng vì thế mà sau nhiều năm, ÔĐô 36 vẫn giữ được sức hút riêng trong lòng người chơi.

#ÔĐô #Odo36 #Westminster #ĐồngHồCổ #SưuTầmĐồngHồCổ",89,"10/08/2026 21:01",https://www.facebook.com/groups/799627422040228/permalink/1449633160372981/,"Thước phim",,"Trọn đời",0,-0.7x,0,0,0,187,0,0,0,0,0,165,181,7.054,1192.289,,
1703263168027361,100050310827163,"Đồng hồ Nhà kho","ÔĐô 36 – Sức hút bền bỉ với người yêu đồng hồ cổ

ÔĐô 36 vẫn luôn là lựa chọn được nhiều bác sưu tầm yêu thích nhờ chất âm hay, kết cấu máy chắc chắn và tên tuổi quen thuộc trong giới đồng hồ cổ Pháp. Đặc biệt, bản nhạc Westminster được thể hiện rất tròn trịa, từng nốt chuông rõ ràng, ngân nga và đầy cảm xúc. Một chiếc đồng hồ vừa đẹp để trưng bày, vừa thú vị để thưởng thức âm thanh mỗi ngày. Cũng vì thế mà sau nhiều năm, ÔĐô 36 vẫn giữ được sức hút riêng trong lòng người chơi.

#ÔĐô #Odo36 #Westminster #ĐồngHồCổ #SưuTầmĐồngHồCổ",83,"10/08/2026 21:47",https://www.facebook.com/reel/29068892186047950/,"Thước phim",,"Trọn đời",0,+1.2x,0,0,0,233,2,0,2,0,0,213,253,9.004,2008.028,,
1703352881351723,100050310827163,"Đồng hồ Nhà kho","Đồng Hồ Cổ – Mỗi Chiếc Một Dấu Ấn Riêng

Cái thú vị của đồng hồ cổ là không phải chiếc nào cũng giống chiếc nào. Có những bộ máy được chủ nhân xưa đặt đóng thùng riêng theo sở thích, từ kiểu dáng, màu sắc đến cách trang trí. Có thể họ chỉ đơn giản muốn một chiếc đồng hồ đẹp đẽ, sạch sẽ và hợp với không gian sống của mình. Chính những lựa chọn rất cá nhân ấy lại tạo nên nét duyên riêng, khiến mỗi chiếc đồng hồ cổ như mang theo một câu chuyện.

#DongHoCo #DongHoCoChauAu #ThungDongHoCo #SuuTamDongHo #ThuChoiDongHo",48,"10/09/2026 00:18",https://www.facebook.com/reel/1082792161125460/,"Thước phim",,"Trọn đời",0,+0.4x,0,0,0,292,1,0,1,0,0,275,316,8.865,2446.97,,
3663345493822686,100050310827163,"Đồng hồ Nhà kho","Đồng Hồ Cổ – Mỗi Chiếc Một Dấu Ấn Riêng

Cái thú vị của đồng hồ cổ là không phải chiếc nào cũng giống chiếc nào. Có những bộ máy được chủ nhân xưa đặt đóng thùng riêng theo sở thích, từ kiểu dáng, màu sắc đến cách trang trí. Có thể họ chỉ đơn giản muốn một chiếc đồng hồ đẹp đẽ, sạch sẽ và hợp với không gian sống của mình. Chính những lựa chọn rất cá nhân ấy lại tạo nên nét duyên riêng, khiến mỗi chiếc đồng hồ cổ như mang theo một câu chuyện.

#DongHoCo #DongHoCoChauAu #ThungDongHoCo #SuuTamDongHo #ThuChoiDongHo",48,"10/09/2026 00:20",https://www.facebook.com/groups/621233334700599/permalink/3663345493822686/,"Thước phim",,"Trọn đời",0,-0.2x,0,0,0,49,0,0,0,0,0,40,41,4.7,188.033,,
1785085986133351,100050310827163,"Đồng hồ Nhà kho","Đồng Hồ Cổ – Mỗi Chiếc Một Dấu Ấn Riêng

Cái thú vị của đồng hồ cổ là không phải chiếc nào cũng giống chiếc nào. Có những bộ máy được chủ nhân xưa đặt đóng thùng riêng theo sở thích, từ kiểu dáng, màu sắc đến cách trang trí. Có thể họ chỉ đơn giản muốn một chiếc đồng hồ đẹp đẽ, sạch sẽ và hợp với không gian sống của mình. Chính những lựa chọn rất cá nhân ấy lại tạo nên nét duyên riêng, khiến mỗi chiếc đồng hồ cổ như mang theo một câu chuyện.

#DongHoCo #DongHoCoChauAu #ThungDongHoCo #SuuTamDongHo #ThuChoiDongHo",48,"10/09/2026 00:20",https://www.facebook.com/groups/318070586168239/permalink/1785085986133351/,"Thước phim",,"Trọn đời",0,-0.2x,0,0,0,79,0,0,0,0,0,67,71,3.762,252.061,,
1411431634439658,100050310827163,"Đồng hồ Nhà kho","Đồng Hồ Cổ – Mỗi Chiếc Một Dấu Ấn Riêng

Cái thú vị của đồng hồ cổ là không phải chiếc nào cũng giống chiếc nào. Có những bộ máy được chủ nhân xưa đặt đóng thùng riêng theo sở thích, từ kiểu dáng, màu sắc đến cách trang trí. Có thể họ chỉ đơn giản muốn một chiếc đồng hồ đẹp đẽ, sạch sẽ và hợp với không gian sống của mình. Chính những lựa chọn rất cá nhân ấy lại tạo nên nét duyên riêng, khiến mỗi chiếc đồng hồ cổ như mang theo một câu chuyện.

#DongHoCo #DongHoCoChauAu #ThungDongHoCo #SuuTamDongHo #ThuChoiDongHo",48,"10/09/2026 00:21",https://www.facebook.com/groups/648485240734305/permalink/1411431634439658/,"Thước phim",,"Trọn đời",0,+0.2x,0,0,0,55,0,0,0,0,0,45,49,7.791,358.411,,
28617399744629742,100050310827163,"Đồng hồ Nhà kho","Đồng Hồ Cổ – Mỗi Chiếc Một Dấu Ấn Riêng

Cái thú vị của đồng hồ cổ là không phải chiếc nào cũng giống chiếc nào. Có những bộ máy được chủ nhân xưa đặt đóng thùng riêng theo sở thích, từ kiểu dáng, màu sắc đến cách trang trí. Có thể họ chỉ đơn giản muốn một chiếc đồng hồ đẹp đẽ, sạch sẽ và hợp với không gian sống của mình. Chính những lựa chọn rất cá nhân ấy lại tạo nên nét duyên riêng, khiến mỗi chiếc đồng hồ cổ như mang theo một câu chuyện.

#DongHoCo #DongHoCoChauAu #ThungDongHoCo #SuuTamDongHo #ThuChoiDongHo",48,"10/09/2026 00:21",https://www.facebook.com/groups/3608168099312919/permalink/28617399744629742/,"Thước phim",,"Trọn đời",0,-0.2x,0,0,0,99,0,0,0,0,0,85,102,7.595,668.429,,
2320181158730941,100050310827163,"Đồng hồ Nhà kho","Đồng Hồ Cổ – Mỗi Chiếc Một Dấu Ấn Riêng

Cái thú vị của đồng hồ cổ là không phải chiếc nào cũng giống chiếc nào. Có những bộ máy được chủ nhân xưa đặt đóng thùng riêng theo sở thích, từ kiểu dáng, màu sắc đến cách trang trí. Có thể họ chỉ đơn giản muốn một chiếc đồng hồ đẹp đẽ, sạch sẽ và hợp với không gian sống của mình. Chính những lựa chọn rất cá nhân ấy lại tạo nên nét duyên riêng, khiến mỗi chiếc đồng hồ cổ như mang theo một câu chuyện.

#DongHoCo #DongHoCoChauAu #ThungDongHoCo #SuuTamDongHo #ThuChoiDongHo",48,"10/09/2026 00:21",https://www.facebook.com/groups/507851113297297/permalink/2320181158730941/,"Thước phim",,"Trọn đời",0,+0.4x,0,0,0,231,0,-1,0,0,0,208,238,9.039,1925.361,,
1703375431349468,100050310827163,"Đồng hồ Nhà kho","Đồng hồ Ô Đô 36/8 côn- Nữ hoàng âm thanh- Thùng vân gỗ cực sang- Mã số #1237

✨ Thùng gỗ dáng sang trọng, phần đỉnh chạm khắc tạo điểm nhấn cho chiếc đồng hồ cổ Pháp. Vân gỗ uốn lượn bắt mắt, sắc gỗ ấm làm nổi bật vẻ đẹp của thùng. Tay cầm sáng nổi bật, hài hòa với tổng thể cổ điển.

⚙️ Bộ máy cơ bền bỉ, cơ cấu chắc chắn mang nét cuốn hút của dòng đồng hồ quả lắc.

🎶 Bộ côn lòng máng cho trường âm ổn định, chuẩn tông và ngân sâu, rất được người chơi ưa chuộng.

⭐️ Vẻ đẹp thùng vân cùng chất âm cuốn hút tạo nên sức hấp dẫn và giá trị sưu tầm.

📏 Kích thước: 72 × 39 cm.

📍 Địa chỉ nhà kho: KĐT Văn Phú, Hà Đông, Hà Nội
☎️ 0963.456.963 

#donghoco #donghocoPhap #donghoqualac #dongho36_8 #suutamdonghoco",0,"10/09/2026 00:55",https://www.facebook.com/donghonhakho.vn/posts/pfbid0aj3EeHFnSRUfBL754Qn1QSdZtN96cxtktrwMd1AZdyz3KTp7BrLJqnJUGhNA6GeLl,Ảnh,,"Trọn đời",1,--,0,0,0,490,5,0,3,0,1,484,733,,,,
1703389314681413,100050310827163,"Đồng hồ Nhà kho","Đồng hồ vai bò Đức 3 côn – Dáng Napoleon cổ kính – Điểm chuông bính boong- Mã số #831

✨ Dáng Napoleon với đỉnh vòm cao, hai vai cong mềm mại trải rộng cân đối. Thùng gỗ sắc nâu ấm, vân gỗ nổi rõ, mặt số tròn viền vàng cùng ô cửa lắc tạo nét duyên cổ điển.

⚙️ Bộ máy cơ lên cót hai lỗ, kết cấu đơn giản dễ sửa chữa, mang nét đặc trưng của dòng đồng hồ cổ Đức.

🎶 Bộ 3 côn điểm tiếng bính boong thân thuộc, cứ 30 phút điểm chuông một lần, mang âm thanh đồng hồ cổ vào không gian sống.

⭐️ Kiểu dáng trang nhã, dễ bày trên bàn hoặc kệ, phù hợp trang trí và sưu tầm đồng hồ cơ cổ.

📏 Kích thước: 47 × 28 cm.

📍 Địa chỉ nhà kho: KĐT Văn Phú, Hà Đông, Hà Nội
☎️ 0963.456.963

#donghoco #donghocoDuc #donghovaibo #donghoNapoleon #suutamdonghoco",0,"10/09/2026 01:14",https://www.facebook.com/donghonhakho.vn/posts/pfbid04U9Dnr4QJhPYifto4wdGP48SupLw5NrgqPxCgrYdTQRALxvBbJTa6pZw7MPMdm1Al,Ảnh,,"Trọn đời",1,--,0,0,0,314,3,0,1,0,1,302,391,,,,
1703403078013370,100050310827163,"Đồng hồ Nhà kho","Đồng Hồ Tủ Góc Cổ – Vẻ Đẹp Nguyên Bản Theo Năm Tháng

Một chiếc đồng hồ tủ góc cổ với kiểu dáng đẹp, thùng tủ còn giữ được nét nguyên bản rất đáng quý. Thiết kế dành riêng cho vị trí góc nhà, vừa tận dụng không gian vừa tạo điểm nhấn sang trọng, ấm cúng. Cái hay của đồng hồ cổ không chỉ nằm ở bộ máy hay tiếng chuông mà còn ở vẻ đẹp của thùng gỗ, những dấu ấn thời gian và cảm giác gần gũi khi trưng bày. Mời các bác cùng ngắm và cảm nhận!

#DongHoTuGoc #DongHoCo #DongHoNguyenBan #DongHoCoChauAu #SuuTamDongHo",19,"10/09/2026 01:37",https://www.facebook.com/reel/1585339662715605/,"Thước phim",,"Trọn đời",1,+2.3x,0,0,0,568,4,0,3,0,0,539,639,4.354,2429.653,,
1703405621346449,100050310827163,"Đồng hồ Nhà kho","Đồng hồ Gi rô 8 côn – Thùng chạm khắc đẹp – Chất âm ngân nga- Mã số #1027

✨ Thùng gỗ sắc vàng nâu ấm áp, vân gỗ nổi bật cùng hoa văn chạm nổi đối xứng hai bên. Mặt số lớn, chữ số rõ nét, kính vát và ô cửa lắc uốn cong tạo vẻ đẹp duyên dáng cho chiếc đồng hồ cổ Pháp.

⚙️ Bộ máy cơ lên cót ba lỗ, bản máy đồng cùng hệ thống bánh răng và cơ cấu búa gõ chuông thể hiện nét cuốn hút của đồng hồ cơ cổ.

🎶 Dàn 8 côn đồng cho chất âm ngân nga, êm tai, dễ nghe. Từng tiếng chuông vang lên mang cảm giác thư thái, làm ấm thêm không gian sống.

⭐️ Thùng chạm khắc đẹp kết hợp âm thanh cuốn hút, phù hợp treo trang trí phòng khách và sưu tầm đồng hồ cổ.

📏 Kích thước: 57 × 45 cm.

📍 Địa chỉ nhà kho: KĐT Văn Phú, Hà Đông, Hà Nội
☎️ 0963.456.963

#donghoco #donghocophap #donghogiro #dongho8con #suutamdonghoco",0,"10/09/2026 01:40",https://www.facebook.com/donghonhakho.vn/posts/pfbid0B1RpqUcahEZRzwXuGcNzohjT923cwromQgEgZH19f8oKXgQZwoX5SGYdHctdqmyUl,Ảnh,,"Trọn đời",1,--,0,0,0,397,5,0,3,0,1,390,537,,,,
1703429104677434,100050310827163,"Đồng hồ Nhà kho","Đồng hồ Junhan 8 côn – Thùng đẹp cổ điển – Chất âm ngân nga- Mã số #1136

✨ Thùng gỗ dáng cân đối, mang nét đẹp cổ điển và sang trọng. Tổng thể hài hòa tạo sức hút cho chiếc đồng hồ cổ Đức, phù hợp treo trong phòng khách hoặc không gian trưng bày.

⚙️ Bộ máy cơ bền bỉ, vận hành bằng cơ cấu lên cót, mang nét cuốn hút của dòng đồng hồ cơ cổ qua từng nhịp chuyển động.

🎶 Dàn 8 côn kết hợp củ côn hoa thị cho chất âm hay, ngân nga và giàu sức hút. Từng tiếng chuông vang lên làm ấm không gian, mang đến thú thưởng thức âm thanh đồng hồ cổ.

⭐️ Thùng đẹp kết hợp tiếng chuông cuốn hút, là lựa chọn đáng cân nhắc để trang trí và sưu tầm đồng hồ cổ.

📏 Kích thước: 68 × 32 cm.

📍 Địa chỉ nhà kho: KĐT Văn Phú, Hà Đông, Hà Nội
☎️ 0963.456.963

#donghoco #donghocoduc #donghojunhan #dongho8con #suutamdonghoco",0,"10/09/2026 02:18",https://www.facebook.com/donghonhakho.vn/posts/pfbid0j4Bhc7qqPL9qUkb2DnMbBeWzFFwXtF5npG3p2s85DnQt8KDneQCqM8MbqxdXrbmol,Ảnh,,"Trọn đời",1,--,0,0,0,486,5,0,3,0,1,485,670,,,,
1703608961326115,100050310827163,"Đồng hồ Nhà kho","ÔĐô 24 Sonodo 1954 – Giai Điệu Đặc Biệt Của Đồng Hồ Cổ Pháp

ÔĐô 24 đời 1954 với dàn 6 côn 10 búa, nổi bật bởi khả năng chơi bản nhạc Sonodo bên cạnh giai điệu Westminster quen thuộc. Điểm thú vị nằm ở cách phối hợp các búa gõ trên dàn côn, tạo nên những tiếng chuông có nét riêng, nghe rất cuốn hút. Với những bác yêu thích tìm hiểu các phiên bản máy ÔĐô 24, Sonodo 1954 là một mẫu đáng để trải nghiệm và thưởng thức âm thanh thực tế.

#ÔĐô24 #Sonodo #ÔĐô1954 #ĐồngHồCổPháp #ÂmThanhĐồngHồ",61,"10/09/2026 06:40",https://www.facebook.com/reel/3090598694475983/,"Thước phim",,"Trọn đời",0,+1.4x,0,0,0,367,6,0,6,0,0,336,385,8.591,3084.515,,
1703679581319053,100050310827163,"Đồng hồ Nhà kho","ÔĐô 24 Đời 1954 – 8 Côn 8 Búa, Chất Âm Đồng Hồ Cổ Pháp

ÔĐô 24 đời 1954 với cấu hình 8 côn 8 búa, mang nét đặc trưng của dòng đồng hồ cơ cổ Pháp. Bộ máy có kết cấu cơ khí thú vị, kết hợp cùng dàn côn tạo nên những tiếng chuông rõ ràng, ấm áp và ngân nga dễ nghe. Không chỉ hấp dẫn bởi âm thanh, phiên bản 1954 còn được nhiều bác chơi đồng hồ quan tâm bởi những đặc điểm riêng trong thiết kế bộ máy. Mời các bác cùng thưởng thức và cảm nhận chất âm của chiếc ÔĐô 24 này!

#ÔĐô24 #ÔĐô1954 #8Côn8Búa #ĐồngHồCổPháp #ÂmThanhĐồngHồ",30,"10/09/2026 08:14",https://www.facebook.com/reel/1434068905540089/,"Thước phim",,"Trọn đời",0,+0.2x,0,0,0,172,2,0,2,0,0,161,180,4.156,673.328,,
3663779157112653,100050310827163,"Đồng hồ Nhà kho","ÔĐô 24 Đời 1954 – 8 Côn 8 Búa, Chất Âm Đồng Hồ Cổ Pháp

ÔĐô 24 đời 1954 với cấu hình 8 côn 8 búa, mang nét đặc trưng của dòng đồng hồ cơ cổ Pháp. Bộ máy có kết cấu cơ khí thú vị, kết hợp cùng dàn côn tạo nên những tiếng chuông rõ ràng, ấm áp và ngân nga dễ nghe. Không chỉ hấp dẫn bởi âm thanh, phiên bản 1954 còn được nhiều bác chơi đồng hồ quan tâm bởi những đặc điểm riêng trong thiết kế bộ máy. Mời các bác cùng thưởng thức và cảm nhận chất âm của chiếc ÔĐô 24 này!

#ÔĐô24 #ÔĐô1954 #8Côn8Búa #ĐồngHồCổPháp #ÂmThanhĐồngHồ",30,"10/09/2026 08:17",https://www.facebook.com/groups/621233334700599/permalink/3663779157112653/,"Thước phim",,"Trọn đời",1,+1.7x,0,0,0,94,1,0,0,0,0,79,92,3.849,311.806,,
1785408896101060,100050310827163,"Đồng hồ Nhà kho","ÔĐô 24 Đời 1954 – 8 Côn 8 Búa, Chất Âm Đồng Hồ Cổ Pháp

ÔĐô 24 đời 1954 với cấu hình 8 côn 8 búa, mang nét đặc trưng của dòng đồng hồ cơ cổ Pháp. Bộ máy có kết cấu cơ khí thú vị, kết hợp cùng dàn côn tạo nên những tiếng chuông rõ ràng, ấm áp và ngân nga dễ nghe. Không chỉ hấp dẫn bởi âm thanh, phiên bản 1954 còn được nhiều bác chơi đồng hồ quan tâm bởi những đặc điểm riêng trong thiết kế bộ máy. Mời các bác cùng thưởng thức và cảm nhận chất âm của chiếc ÔĐô 24 này!

#ÔĐô24 #ÔĐô1954 #8Côn8Búa #ĐồngHồCổPháp #ÂmThanhĐồngHồ",30,"10/09/2026 08:17",https://www.facebook.com/groups/318070586168239/permalink/1785408896101060/,"Thước phim",,"Trọn đời",2,+4.3x,0,0,0,196,2,0,0,0,0,167,201,6.718,1162.339,,
1411759634406858,100050310827163,"Đồng hồ Nhà kho","ÔĐô 24 Đời 1954 – 8 Côn 8 Búa, Chất Âm Đồng Hồ Cổ Pháp

ÔĐô 24 đời 1954 với cấu hình 8 côn 8 búa, mang nét đặc trưng của dòng đồng hồ cơ cổ Pháp. Bộ máy có kết cấu cơ khí thú vị, kết hợp cùng dàn côn tạo nên những tiếng chuông rõ ràng, ấm áp và ngân nga dễ nghe. Không chỉ hấp dẫn bởi âm thanh, phiên bản 1954 còn được nhiều bác chơi đồng hồ quan tâm bởi những đặc điểm riêng trong thiết kế bộ máy. Mời các bác cùng thưởng thức và cảm nhận chất âm của chiếc ÔĐô 24 này!

#ÔĐô24 #ÔĐô1954 #8Côn8Búa #ĐồngHồCổPháp #ÂmThanhĐồngHồ",30,"10/09/2026 08:17",https://www.facebook.com/groups/648485240734305/permalink/1411759634406858/,"Thước phim",,"Trọn đời",0,-0.5x,0,0,0,69,1,0,1,0,0,63,70,2.774,177.538,,
28622325527470497,100050310827163,"Đồng hồ Nhà kho","ÔĐô 24 Đời 1954 – 8 Côn 8 Búa, Chất Âm Đồng Hồ Cổ Pháp

ÔĐô 24 đời 1954 với cấu hình 8 côn 8 búa, mang nét đặc trưng của dòng đồng hồ cơ cổ Pháp. Bộ máy có kết cấu cơ khí thú vị, kết hợp cùng dàn côn tạo nên những tiếng chuông rõ ràng, ấm áp và ngân nga dễ nghe. Không chỉ hấp dẫn bởi âm thanh, phiên bản 1954 còn được nhiều bác chơi đồng hồ quan tâm bởi những đặc điểm riêng trong thiết kế bộ máy. Mời các bác cùng thưởng thức và cảm nhận chất âm của chiếc ÔĐô 24 này!

#ÔĐô24 #ÔĐô1954 #8Côn8Búa #ĐồngHồCổPháp #ÂmThanhĐồngHồ",30,"10/09/2026 08:17",https://www.facebook.com/groups/3608168099312919/permalink/28622325527470497/,"Thước phim",,"Trọn đời",0,+0.4x,0,0,0,268,3,0,3,0,0,248,303,7.643,1941.369,,
1097642863045826,100050310827163,"Đồng hồ Nhà kho","ÔĐô 24 Đời 1954 – 8 Côn 8 Búa, Chất Âm Đồng Hồ Cổ Pháp

ÔĐô 24 đời 1954 với cấu hình 8 côn 8 búa, mang nét đặc trưng của dòng đồng hồ cơ cổ Pháp. Bộ máy có kết cấu cơ khí thú vị, kết hợp cùng dàn côn tạo nên những tiếng chuông rõ ràng, ấm áp và ngân nga dễ nghe. Không chỉ hấp dẫn bởi âm thanh, phiên bản 1954 còn được nhiều bác chơi đồng hồ quan tâm bởi những đặc điểm riêng trong thiết kế bộ máy. Mời các bác cùng thưởng thức và cảm nhận chất âm của chiếc ÔĐô 24 này!

#ÔĐô24 #ÔĐô1954 #8Côn8Búa #ĐồngHồCổPháp #ÂmThanhĐồngHồ",30,"10/09/2026 08:18",https://www.facebook.com/groups/273029195507201/permalink/1097642863045826/,"Thước phim",,"Trọn đời",0,-0.2x,0,0,0,85,0,0,0,0,0,75,83,3.211,256.903,,
1704072944613050,100050310827163,"Đồng hồ Nhà kho","Số 1027 – Đồng Hồ 𝓖𝓲𝓻𝓸𝓭 Pháp, Thùng Đẹp, Âm Hay, Giá Hợp Lý

Một mẫu đồng hồ cổ Pháp có ngoại hình ưa nhìn, thùng gỗ đẹp, kiểu dáng hài hòa và dễ trưng bày. Bộ máy cơ bền bỉ, đã được lau dầu, căn chỉnh để hoạt động ổn định. Tiếng chuông trong trẻo, ngân nga dễ nghe, mang nét duyên riêng của đồng hồ cổ. Với mức giá hợp lý, đây là lựa chọn đáng tham khảo cho các bác muốn sở hữu một chiếc đồng hồ vừa đẹp để ngắm, vừa hay để nghe.

#Girod #DongHoCoPhap #DongHoQuaLac #AmThanhDongHo #SuuTamDongHo",52,"10/09/2026 18:55",https://www.facebook.com/reel/1799403557777915/,"Thước phim",,"Trọn đời",0,+0.3x,0,0,0,95,2,0,2,0,0,89,94,5.364,477.416,,
1704073077946370,100050310827163,"Đồng hồ Nhà kho","Quả Lắc Đồng Hồ Cổ – Nhẹ Nhưng Rất Nhạy Với Gió

Quả lắc của một số dòng đồng hồ cổ khá nhẹ nên dễ bị ảnh hưởng bởi luồng gió từ cửa sổ, quạt điện hay điều hòa. Khi gió thổi trực tiếp vào, dao động của quả lắc có thể bị xáo trộn, khiến đồng hồ chạy sai giờ, thậm chí dừng bất chợt, hay còn gọi là chết vặt. Vì vậy, các bác nên đặt đồng hồ ở vị trí ổn định, tránh gió lùa để máy hoạt động đều đặn và giữ giờ chính xác hơn.

#DongHoCo #QuaLacDongHo #KienThucDongHo #DongHoCoKhi #ChamSocDongHo",64,"10/09/2026 18:55",https://www.facebook.com/reel/2224053974823803/,"Thước phim",,"Trọn đời",0,-0.3x,0,0,0,89,3,0,3,0,0,80,86,6.46,516.831,,
3664328577057711,100050310827163,"Đồng hồ Nhà kho","Số 1027 – Đồng Hồ 𝓖𝓲𝓻𝓸𝓭 Pháp, Thùng Đẹp, Âm Hay, Giá Hợp Lý

Một mẫu đồng hồ cổ Pháp có ngoại hình ưa nhìn, thùng gỗ đẹp, kiểu dáng hài hòa và dễ trưng bày. Bộ máy cơ bền bỉ, đã được lau dầu, căn chỉnh để hoạt động ổn định. Tiếng chuông trong trẻo, ngân nga dễ nghe, mang nét duyên riêng của đồng hồ cổ. Với mức giá hợp lý, đây là lựa chọn đáng tham khảo cho các bác muốn sở hữu một chiếc đồng hồ vừa đẹp để ngắm, vừa hay để nghe.

#Girod #DongHoCoPhap #DongHoQuaLac #AmThanhDongHo #SuuTamDongHo",52,"10/09/2026 18:58",https://www.facebook.com/groups/621233334700599/permalink/3664328577057711/,"Thước phim",,"Trọn đời",0,-0.6x,0,0,0,15,0,0,0,0,0,12,14,2.119,25.428,,
1785787579396525,100050310827163,"Đồng hồ Nhà kho","Số 1027 – Đồng Hồ 𝓖𝓲𝓻𝓸𝓭 Pháp, Thùng Đẹp, Âm Hay, Giá Hợp Lý

Một mẫu đồng hồ cổ Pháp có ngoại hình ưa nhìn, thùng gỗ đẹp, kiểu dáng hài hòa và dễ trưng bày. Bộ máy cơ bền bỉ, đã được lau dầu, căn chỉnh để hoạt động ổn định. Tiếng chuông trong trẻo, ngân nga dễ nghe, mang nét duyên riêng của đồng hồ cổ. Với mức giá hợp lý, đây là lựa chọn đáng tham khảo cho các bác muốn sở hữu một chiếc đồng hồ vừa đẹp để ngắm, vừa hay để nghe.

#Girod #DongHoCoPhap #DongHoQuaLac #AmThanhDongHo #SuuTamDongHo",52,"10/09/2026 18:58",https://www.facebook.com/groups/318070586168239/permalink/1785787579396525/,"Thước phim",,"Trọn đời",0,-0.7x,0,0,0,26,0,0,0,0,0,23,23,1.694,38.977,,
1412140354368786,100050310827163,"Đồng hồ Nhà kho","Số 1027 – Đồng Hồ 𝓖𝓲𝓻𝓸𝓭 Pháp, Thùng Đẹp, Âm Hay, Giá Hợp Lý

Một mẫu đồng hồ cổ Pháp có ngoại hình ưa nhìn, thùng gỗ đẹp, kiểu dáng hài hòa và dễ trưng bày. Bộ máy cơ bền bỉ, đã được lau dầu, căn chỉnh để hoạt động ổn định. Tiếng chuông trong trẻo, ngân nga dễ nghe, mang nét duyên riêng của đồng hồ cổ. Với mức giá hợp lý, đây là lựa chọn đáng tham khảo cho các bác muốn sở hữu một chiếc đồng hồ vừa đẹp để ngắm, vừa hay để nghe.

#Girod #DongHoCoPhap #DongHoQuaLac #AmThanhDongHo #SuuTamDongHo",52,"10/09/2026 18:58",https://www.facebook.com/groups/648485240734305/permalink/1412140354368786/,"Thước phim",,"Trọn đời",0,-0.2x,0,0,0,34,0,0,0,0,0,29,29,4.25,123.278,,
28628885240147859,100050310827163,"Đồng hồ Nhà kho","Số 1027 – Đồng Hồ 𝓖𝓲𝓻𝓸𝓭 Pháp, Thùng Đẹp, Âm Hay, Giá Hợp Lý

Một mẫu đồng hồ cổ Pháp có ngoại hình ưa nhìn, thùng gỗ đẹp, kiểu dáng hài hòa và dễ trưng bày. Bộ máy cơ bền bỉ, đã được lau dầu, căn chỉnh để hoạt động ổn định. Tiếng chuông trong trẻo, ngân nga dễ nghe, mang nét duyên riêng của đồng hồ cổ. Với mức giá hợp lý, đây là lựa chọn đáng tham khảo cho các bác muốn sở hữu một chiếc đồng hồ vừa đẹp để ngắm, vừa hay để nghe.

#Girod #DongHoCoPhap #DongHoQuaLac #AmThanhDongHo #SuuTamDongHo",52,"10/09/2026 18:58",https://www.facebook.com/groups/3608168099312919/permalink/28628885240147859/,"Thước phim",,"Trọn đời",0,-0.4x,0,0,0,26,0,0,0,0,0,22,22,2.328,51.219,,
1098031883006924,100050310827163,"Đồng hồ Nhà kho","Số 1027 – Đồng Hồ 𝓖𝓲𝓻𝓸𝓭 Pháp, Thùng Đẹp, Âm Hay, Giá Hợp Lý

Một mẫu đồng hồ cổ Pháp có ngoại hình ưa nhìn, thùng gỗ đẹp, kiểu dáng hài hòa và dễ trưng bày. Bộ máy cơ bền bỉ, đã được lau dầu, căn chỉnh để hoạt động ổn định. Tiếng chuông trong trẻo, ngân nga dễ nghe, mang nét duyên riêng của đồng hồ cổ. Với mức giá hợp lý, đây là lựa chọn đáng tham khảo cho các bác muốn sở hữu một chiếc đồng hồ vừa đẹp để ngắm, vừa hay để nghe.

#Girod #DongHoCoPhap #DongHoQuaLac #AmThanhDongHo #SuuTamDongHo",52,"10/09/2026 18:58",https://www.facebook.com/groups/273029195507201/permalink/1098031883006924/,"Thước phim",,"Trọn đời",0,+0.4x,0,0,0,35,0,0,0,0,0,30,33,5.515,170.977,,
1704084821278529,100050310827163,"Đồng hồ Nhà kho","Nhận Biết Các Đời Máy ÔĐô Qua Bộ Kim Và Mặt Số

Với những bác chơi ÔĐô lâu năm, đôi khi chỉ cần nhìn bộ kim và mặt số đã có thể nhận biết tương đối chiếc đồng hồ thuộc dòng máy nào. Từ ÔĐô 24 đời 1954, 1957, 1962 cho đến ÔĐô 30, mỗi dòng đều có những nét đặc trưng riêng trong thiết kế kim và mặt số. Đây là những chi tiết thú vị giúp người chơi có thêm cơ sở nhận diện, tuy nhiên vẫn cần đối chiếu bộ máy thực tế để xác định chính xác.

#ÔĐô #ÔĐô24 #ÔĐô30 #NhậnBiếtĐồngHồCổ #ĐồngHồCổPháp",47,"10/09/2026 19:11",https://www.facebook.com/reel/2073964196599514/,"Thước phim",,"Trọn đời",0,-0.2x,0,0,0,72,0,0,0,0,0,61,68,6.29,389.985,,
1704088771278134,100050310827163,"Đồng hồ Nhà kho","Nhận Biết Các Đời ÔĐô Qua Bộ Kim Và Mặt Số

Khi mới tìm hiểu đồng hồ cổ ÔĐô, có rất nhiều chi tiết thú vị để chúng ta khám phá. Chỉ riêng bộ kim và mặt số cũng đã mang những dấu hiệu giúp phân biệt tương đối các dòng ÔĐô 24 đời 1954, 1957, 1962 và ÔĐô 30. Mỗi phiên bản lại có những nét riêng đáng để quan sát và tìm hiểu. Hy vọng những chia sẻ nhỏ này sẽ giúp các bác mới chơi dễ nhận biết hơn, thêm yêu thích và có nhiều cảm hứng trên hành trình khám phá đồng hồ cổ.

#ÔĐô #ÔĐô24 #ÔĐô30 #KiếnThứcĐồngHồCổ #ĐamMêĐồngHồCổ",0,"10/09/2026 19:17",https://www.facebook.com/donghonhakho.vn/posts/pfbid0B2XC6joRpLVyDfeZGNNDLydQYZ8Jzv9AxBXDLBAmzzDkucuoArQVuMAPeamoAdiwl,Ảnh,,"Trọn đời",0,--,0,0,0,265,1,0,0,0,1,260,292,,,,
1704095001277511,100050310827163,"Đồng hồ Nhà kho","Đồng Hồ Công Cộng – Tiếng Chuông Lớn Vang Vọng Một Thời

Khác với những chiếc đồng hồ trong gia đình, đồng hồ công cộng thường được thiết kế với bộ chuông lớn, âm thanh vang xa để nhiều người cùng nghe được tiếng báo giờ. Ngày xưa, tiếng chuông từ tháp đồng hồ, nhà ga hay những công trình công cộng đã trở thành âm thanh quen thuộc trong đời sống. Ngày nay, tìm hiểu những bộ máy và quả chuông lớn ấy cũng là một cách thú vị để khám phá lịch sử của đồng hồ cơ khí.

#DongHoCongCong #DongHoChuongLon #DongHoCo #ThapDongHo #KhamPhaDongHo",27,"10/09/2026 19:27",https://www.facebook.com/reel/2138753027517676/,"Thước phim",,"Trọn đời",0,+0.2x,0,0,0,173,0,0,0,0,0,159,176,4.998,799.773,,
1704165374603807,100050310827163,"Đồng hồ Nhà kho","Băng Cối Tự Hành Sony – Đầy Đủ Bộ Loa, Chỉ Việc Thưởng Thức

Một bộ băng cối tự hành Sony mang đậm nét hoài cổ, thiết kế đẹp mắt, đầy đủ bộ loa đi kèm, sẵn sàng phục vụ các bác yêu thích âm thanh xưa. Cái thú của băng cối không chỉ nằm ở chất âm mà còn ở cảm giác ngắm những cuộn băng quay đều, nghe từng bản nhạc trong không gian yên tĩnh. Một món đồ vừa để nghe nhạc, vừa để trưng bày và tận hưởng thú chơi vintage.

#BangCoiSony #BangCoiTuHanh #AmThanhVintage #MayBangCoi #DoXua",31,"10/09/2026 21:26",https://www.facebook.com/reel/28558140817186769/,"Thước phim",,"Trọn đời",0,+0.4x,0,0,0,45,1,0,1,0,0,36,48,5.942,219.854,,
1704171967936481,100050310827163,"Đồng hồ Nhà kho","Băng Cối Tự Hành Sony – Đủ Bộ Loa, Mang Về Chỉ Việc Nghe

Một bộ băng cối Sony mang vẻ đẹp hoài cổ, đầy đủ loa đi kèm, rất tiện cho các bác muốn trải nghiệm thú chơi âm thanh xưa. Ngắm hai cuộn băng quay đều, thưởng thức những bản nhạc yêu thích cũng đủ mang lại cảm giác thư giãn sau một ngày làm việc. Không cần mất công tìm kiếm từng món để ghép bộ, có sẵn cả máy và loa cho các bác tham khảo. Vừa nghe nhạc, vừa làm đẹp không gian trưng bày.

#BangCoiSony #BangCoiTuHanh #SonyVintage #AmThanhCo #DoXua",20,"10/09/2026 21:39",https://www.facebook.com/reel/4454088748192406/,"Thước phim",,"Trọn đời",0,+0.2x,0,0,0,91,0,0,0,0,0,46,132,10.648,841.198,,
1704176681269343,100050310827163,"Đồng hồ Nhà kho","Băng Cối Sony Tự Hành – Đủ Máy, Đủ Loa, Sẵn Sàng Thưởng Thức

Các bác thích nghe nhạc xưa mà ngại tìm máy, ghép loa thì tham khảo bộ băng cối tự hành Sony này nhé. Máy và loa đã có đủ bộ, mang về là có thể thưởng thức những bản nhạc mình yêu thích. Vừa nghe tiếng nhạc, vừa ngắm hai cuộn băng quay đều cũng là một cái thú rất riêng. Ngoại hình cổ điển, trưng bày đẹp, phù hợp với những bác yêu thích đồ âm thanh vintage.

#BangCoiSony #BangCoiTuHanh #SonyVintage #AmThanhXua #DoCo",10,"10/09/2026 21:47",https://www.facebook.com/reel/1122586166827685/,"Thước phim",,"Trọn đời",0,-0.5x,0,0,0,46,0,0,0,0,0,13,50,2.467,101.165,,
1440868501445661,100050310827163,"Đồng hồ Nhà kho","Băng Cối Sony Tự Hành – Đủ Máy, Đủ Loa, Sẵn Sàng Thưởng Thức

Các bác thích nghe nhạc xưa mà ngại tìm máy, ghép loa thì tham khảo bộ băng cối tự hành Sony này nhé. Máy và loa đã có đủ bộ, mang về là có thể thưởng thức những bản nhạc mình yêu thích. Vừa nghe tiếng nhạc, vừa ngắm hai cuộn băng quay đều cũng là một cái thú rất riêng. Ngoại hình cổ điển, trưng bày đẹp, phù hợp với những bác yêu thích đồ âm thanh vintage.

#BangCoiSony #BangCoiTuHanh #SonyVintage #AmThanhXua #DoCo",10,"10/09/2026 21:49",https://www.facebook.com/groups/449924067206781/permalink/1440868501445661/,"Thước phim",,"Trọn đời",0,-1.2x,0,0,0,12,0,0,0,0,0,6,18,2.021,22.236,,
3766603996821912,100050310827163,"Đồng hồ Nhà kho","Băng Cối Sony Tự Hành – Đủ Máy, Đủ Loa, Sẵn Sàng Thưởng Thức

Các bác thích nghe nhạc xưa mà ngại tìm máy, ghép loa thì tham khảo bộ băng cối tự hành Sony này nhé. Máy và loa đã có đủ bộ, mang về là có thể thưởng thức những bản nhạc mình yêu thích. Vừa nghe tiếng nhạc, vừa ngắm hai cuộn băng quay đều cũng là một cái thú rất riêng. Ngoại hình cổ điển, trưng bày đẹp, phù hợp với những bác yêu thích đồ âm thanh vintage.

#BangCoiSony #BangCoiTuHanh #SonyVintage #AmThanhXua #DoCo",10,"10/09/2026 21:49",https://www.facebook.com/groups/2202046236611037/pending_posts/3766603996821912/,"Thước phim",,"Trọn đời",0,--,0,0,0,1,0,0,0,0,0,0,0,0,0,,
1061307513611544,100050310827163,"Đồng hồ Nhà kho","Băng Cối Sony Tự Hành – Đủ Máy, Đủ Loa, Sẵn Sàng Thưởng Thức

Các bác thích nghe nhạc xưa mà ngại tìm máy, ghép loa thì tham khảo bộ băng cối tự hành Sony này nhé. Máy và loa đã có đủ bộ, mang về là có thể thưởng thức những bản nhạc mình yêu thích. Vừa nghe tiếng nhạc, vừa ngắm hai cuộn băng quay đều cũng là một cái thú rất riêng. Ngoại hình cổ điển, trưng bày đẹp, phù hợp với những bác yêu thích đồ âm thanh vintage.

#BangCoiSony #BangCoiTuHanh #SonyVintage #AmThanhXua #DoCo",10,"10/09/2026 21:49",https://www.facebook.com/groups/145168941892077/permalink/1061307513611544/,"Thước phim",,"Trọn đời",0,-0.5x,0,0,0,29,0,0,0,0,0,7,37,2.981,80.499,,
2271335050380756,100050310827163,"Đồng hồ Nhà kho","Băng Cối Sony Tự Hành – Đủ Máy, Đủ Loa, Sẵn Sàng Thưởng Thức

Các bác thích nghe nhạc xưa mà ngại tìm máy, ghép loa thì tham khảo bộ băng cối tự hành Sony này nhé. Máy và loa đã có đủ bộ, mang về là có thể thưởng thức những bản nhạc mình yêu thích. Vừa nghe tiếng nhạc, vừa ngắm hai cuộn băng quay đều cũng là một cái thú rất riêng. Ngoại hình cổ điển, trưng bày đẹp, phù hợp với những bác yêu thích đồ âm thanh vintage.

#BangCoiSony #BangCoiTuHanh #SonyVintage #AmThanhXua #DoCo",10,"10/09/2026 21:49",https://www.facebook.com/groups/ministudio/permalink/2271335050380756/,"Thước phim",,"Trọn đời",0,-1.8x,0,0,0,16,0,0,0,0,0,4,22,1.37,19.192,,
1888309719200746,100050310827163,"Đồng hồ Nhà kho","Băng Cối Sony Tự Hành – Đủ Máy, Đủ Loa, Sẵn Sàng Thưởng Thức

Các bác thích nghe nhạc xưa mà ngại tìm máy, ghép loa thì tham khảo bộ băng cối tự hành Sony này nhé. Máy và loa đã có đủ bộ, mang về là có thể thưởng thức những bản nhạc mình yêu thích. Vừa nghe tiếng nhạc, vừa ngắm hai cuộn băng quay đều cũng là một cái thú rất riêng. Ngoại hình cổ điển, trưng bày đẹp, phù hợp với những bác yêu thích đồ âm thanh vintage.

#BangCoiSony #BangCoiTuHanh #SonyVintage #AmThanhXua #DoCo",10,"10/09/2026 21:49",https://www.facebook.com/groups/1427665958598460/permalink/1888309719200746/,"Thước phim",,"Trọn đời",0,-2.5x,0,0,0,11,0,0,0,0,0,6,25,0.993,8.942,,
1704179181269093,100050310827163,"Đồng hồ Nhà kho","Băng Cối Tự Hành Sony – Trọn Bộ Loa, Mang Về Chỉ Việc Nghe

Một chút hoài niệm dành cho các bác yêu âm thanh xưa! Bộ băng cối tự hành Sony với thiết kế cổ điển, đầy đủ máy và loa, không cần mất công tìm kiếm hay phối ghép thêm. Cái thú là được ngồi nhâm nhi chén trà, ngắm những cuộn băng quay và thưởng thức giai điệu mình yêu thích. Một bộ máy vừa phục vụ nhu cầu nghe nhạc, vừa là điểm nhấn đẹp mắt trong không gian sống.

#BangCoiSony #BangCoiTuHanh #SonyVintage #AmThanhXua #ThuChoiDoXua",0,"10/09/2026 21:51",https://www.facebook.com/donghonhakho.vn/posts/pfbid04bgHCq8rNAU1wbx19PbzUoAheeCCYRdEixSKAFYkQYVkfvKvY92gsZK5q6nfVGfrl,Ảnh,,"Trọn đời",0,--,0,0,0,55,1,0,0,0,1,0,0,,,,
4501378196674688,100050310827163,"Đồng hồ Nhà kho","Côn đồng và côn thép

Côn đồng cho tiếng trầm, ấm, mềm và ngân nga hơn, nhưng đôi khi hơi ồn vì tiếng trước chưa dứt thì tiếng sau đã gõ.

Côn thép cho tiếng trong, sáng và cao hơn, nghe tách tiếng rõ hơn.

Còn loại nào hay hơn thì khó nói, mỗi người một đôi tai, một sở thích. Không có công thức chung cho tất cả.

#CônĐồng #CônThép #chatamdonghoco #ĐồngHồCổ",152,"10/06/2026 19:04",https://www.facebook.com/groups/2045274432285089/permalink/4501378196674688/,"Thước phim",,"Trọn đời",0,+1.9x,0,0,0,300,0,0,0,0,0,268,293,11.525,3157.978,,
1406394464943375,100050310827163,"Đồng hồ Nhà kho","Hai Nhóm Đồng Hồ Cúc Cu – Mỗi Dòng Một Cái Hay

Nếu chia theo cách chơi và sưu tầm, có thể tạm nhìn đồng hồ Cúc Cu thành hai nhóm lớn. Nhóm đầu là những chiếc Cúc Cu cổ mang nhiều dấu ấn thủ công của vùng Black Forest – Rừng Đen, Đức. Từ giữa thế kỷ XVIII, khu vực này đã có nhiều xưởng đồng hồ nhỏ; về sau việc sản xuất còn được chia cho nhiều thợ chuyên môn khác nhau. Vì vậy đồ cổ có thể gặp nhiều khác biệt về kết cấu, chạm khắc và hoàn thiện, nhưng không nên hiểu rằng tất cả đều “không thương hiệu”. 

Nhóm sau là những chiếc được sản xuất theo mô hình xưởng và nhà sản xuất có tên tuổi, bố cục và linh kiện có tính tiêu chuẩn hóa cao hơn. Hiện nay có thể gặp các hãng Cúc Cu Black Forest như Hönes, Anton Schneider, August Schwer, Hekas, Rombach & Haas; riêng máy Regula có nhiều cấu hình 1 ngày, 8 ngày, có nhạc và hoạt cảnh. 

Người thích dấu vết thời gian, nét thủ công và sự khác biệt giữa từng chiếc thường tìm đồ cổ sâu tuổi. Người thích hình thức cân đối, tình trạng đẹp và thuận tiện hơn khi bảo dưỡng, thay thế linh kiện có thể chọn những đời sản xuất về sau. Không có nhóm nào hơn nhóm nào, quan trọng là đúng sở thích của người chơi.

#ĐồngHồCúcCu #CúcCuĐức #BlackForestClock #ĐồngHồCổĐức #SưuTầmĐồngHồCổ",178,"10/03/2026 05:35",https://www.facebook.com/groups/648485240734305/permalink/1406394464943375/,"Thước phim",,"Trọn đời",0,-0.2x,0,0,0,184,0,0,0,0,0,169,188,16.461,2831.425,,
3656263394530896,100050310827163,"Đồng hồ Nhà kho","Hai Nhóm Đồng Hồ Cúc Cu – Mỗi Dòng Một Cái Hay

Nếu chia theo cách chơi và sưu tầm, có thể tạm nhìn đồng hồ Cúc Cu thành hai nhóm lớn. Nhóm đầu là những chiếc Cúc Cu cổ mang nhiều dấu ấn thủ công của vùng Black Forest – Rừng Đen, Đức. Từ giữa thế kỷ XVIII, khu vực này đã có nhiều xưởng đồng hồ nhỏ; về sau việc sản xuất còn được chia cho nhiều thợ chuyên môn khác nhau. Vì vậy đồ cổ có thể gặp nhiều khác biệt về kết cấu, chạm khắc và hoàn thiện, nhưng không nên hiểu rằng tất cả đều “không thương hiệu”. 

Nhóm sau là những chiếc được sản xuất theo mô hình xưởng và nhà sản xuất có tên tuổi, bố cục và linh kiện có tính tiêu chuẩn hóa cao hơn. Hiện nay có thể gặp các hãng Cúc Cu Black Forest như Hönes, Anton Schneider, August Schwer, Hekas, Rombach & Haas; riêng máy Regula có nhiều cấu hình 1 ngày, 8 ngày, có nhạc và hoạt cảnh. 

Người thích dấu vết thời gian, nét thủ công và sự khác biệt giữa từng chiếc thường tìm đồ cổ sâu tuổi. Người thích hình thức cân đối, tình trạng đẹp và thuận tiện hơn khi bảo dưỡng, thay thế linh kiện có thể chọn những đời sản xuất về sau. Không có nhóm nào hơn nhóm nào, quan trọng là đúng sở thích của người chơi.

#ĐồngHồCúcCu #CúcCuĐức #BlackForestClock #ĐồngHồCổĐức #SưuTầmĐồngHồCổ",178,"10/03/2026 05:36",https://www.facebook.com/groups/621233334700599/permalink/3656263394530896/,"Thước phim",,"Trọn đời",0,-0.4x,0,0,0,86,0,0,0,0,0,76,88,3.468,274.044,,
1780013263307290,100050310827163,"Đồng hồ Nhà kho","Hai Nhóm Đồng Hồ Cúc Cu – Mỗi Dòng Một Cái Hay

Nếu chia theo cách chơi và sưu tầm, có thể tạm nhìn đồng hồ Cúc Cu thành hai nhóm lớn. Nhóm đầu là những chiếc Cúc Cu cổ mang nhiều dấu ấn thủ công của vùng Black Forest – Rừng Đen, Đức. Từ giữa thế kỷ XVIII, khu vực này đã có nhiều xưởng đồng hồ nhỏ; về sau việc sản xuất còn được chia cho nhiều thợ chuyên môn khác nhau. Vì vậy đồ cổ có thể gặp nhiều khác biệt về kết cấu, chạm khắc và hoàn thiện, nhưng không nên hiểu rằng tất cả đều “không thương hiệu”. 

Nhóm sau là những chiếc được sản xuất theo mô hình xưởng và nhà sản xuất có tên tuổi, bố cục và linh kiện có tính tiêu chuẩn hóa cao hơn. Hiện nay có thể gặp các hãng Cúc Cu Black Forest như Hönes, Anton Schneider, August Schwer, Hekas, Rombach & Haas; riêng máy Regula có nhiều cấu hình 1 ngày, 8 ngày, có nhạc và hoạt cảnh. 

Người thích dấu vết thời gian, nét thủ công và sự khác biệt giữa từng chiếc thường tìm đồ cổ sâu tuổi. Người thích hình thức cân đối, tình trạng đẹp và thuận tiện hơn khi bảo dưỡng, thay thế linh kiện có thể chọn những đời sản xuất về sau. Không có nhóm nào hơn nhóm nào, quan trọng là đúng sở thích của người chơi.

#ĐồngHồCúcCu #CúcCuĐức #BlackForestClock #ĐồngHồCổĐức #SưuTầmĐồngHồCổ",178,"10/03/2026 05:36",https://www.facebook.com/groups/318070586168239/permalink/1780013263307290/,"Thước phim",,"Trọn đời",0,-0.6x,0,0,0,147,2,0,2,0,0,146,158,5.656,837.17,,
1698043338549344,100050310827163,"Đồng hồ Nhà kho","Đồng Hồ Chạy Tạ – Lấy Trọng Lực Làm Nguồn Năng Lượng

Một số dòng đồng hồ cơ như Cúc Cu và đồng hồ tủ không sử dụng dây cót mà dùng quả tạ treo trên sợi xích để tạo lực cho bộ máy hoạt động. Khi đồng hồ chạy, quả tạ từ từ hạ xuống, kéo xích và truyền lực qua hệ thống bánh răng.

Tùy từng cấu hình, có thể có nhiều quả tạ đảm nhiệm riêng cho hệ chạy, hệ chuông, hệ nhạc hoặc hoạt cảnh. Khi tạ xuống thấp, chỉ cần kéo đầu xích còn lại để đưa quả tạ lên cao và tiếp tục một chu trình mới. Cơ chế đơn giản, trực quan nhưng rất thú vị của đồng hồ cơ.

#ĐồngHồChạyTạ #ĐồngHồCúcCu #ĐồngHồTủ #ĐồngHồCơCổ #CơKhíĐồngHồ",33,"10/03/2026 05:52",https://www.facebook.com/reel/1079728671633358/,"Thước phim",,"Trọn đời",0,+2.1x,0,0,0,757,12,0,8,1,3,749,890,8.604,6642.344,,
1698494965170848,100050310827163,"Đồng hồ Nhà kho","Cúc Cu Xưa – Cái Hay Nằm Ở Nét Thủ Công

Những chiếc Cúc Cu xưa hấp dẫn người chơi bởi cảm giác mộc mạc và dấu ấn thủ công còn thể hiện khá rõ. Từ phần thùng gỗ, họa tiết chạm khắc cho tới cách bố trí bộ máy, mỗi chiếc có thể mang những khác biệt nhỏ, vì vậy đôi khi rất khó gặp hai chiếc hoàn toàn giống nhau.

Nhiều phiên bản sử dụng quả tạ kéo xích làm nguồn lực cho bộ máy, kết hợp quả lắc, hệ chim và hai hộp gió tạo tiếng “cúc – cu”. Với người yêu đồ xưa, chính màu thời gian và những nét không quá đồng đều lại tạo nên sức hút riêng.

#ĐồngHồCúcCu #CúcCuXưa #CúcCuĐức #ĐồngHồCổĐức #SưuTầmĐồngHồCổ",48,"10/03/2026 17:48",https://www.facebook.com/reel/1856728215700916/,"Thước phim",,"Trọn đời",0,+1.9x,0,0,0,450,4,0,9,0,3,413,482,4.283,1884.846,,
3656899567800612,100050310827163,"Đồng hồ Nhà kho","Cúc Cu Xưa – Cái Hay Nằm Ở Nét Thủ Công

Những chiếc Cúc Cu xưa hấp dẫn người chơi bởi cảm giác mộc mạc và dấu ấn thủ công còn thể hiện khá rõ. Từ phần thùng gỗ, họa tiết chạm khắc cho tới cách bố trí bộ máy, mỗi chiếc có thể mang những khác biệt nhỏ, vì vậy đôi khi rất khó gặp hai chiếc hoàn toàn giống nhau.

Nhiều phiên bản sử dụng quả tạ kéo xích làm nguồn lực cho bộ máy, kết hợp quả lắc, hệ chim và hai hộp gió tạo tiếng “cúc – cu”. Với người yêu đồ xưa, chính màu thời gian và những nét không quá đồng đều lại tạo nên sức hút riêng.

#ĐồngHồCúcCu #CúcCuXưa #CúcCuĐức #ĐồngHồCổĐức #SưuTầmĐồngHồCổ",48,"10/03/2026 17:49",https://www.facebook.com/groups/621233334700599/permalink/3656899567800612/,"Thước phim",,"Trọn đời",0,-0.5x,0,0,0,69,1,0,1,0,0,63,66,2.395,153.34,,
1406841774898644,100050310827163,"Đồng hồ Nhà kho","Cúc Cu Xưa – Cái Hay Nằm Ở Nét Thủ Công

Những chiếc Cúc Cu xưa hấp dẫn người chơi bởi cảm giác mộc mạc và dấu ấn thủ công còn thể hiện khá rõ. Từ phần thùng gỗ, họa tiết chạm khắc cho tới cách bố trí bộ máy, mỗi chiếc có thể mang những khác biệt nhỏ, vì vậy đôi khi rất khó gặp hai chiếc hoàn toàn giống nhau.

Nhiều phiên bản sử dụng quả tạ kéo xích làm nguồn lực cho bộ máy, kết hợp quả lắc, hệ chim và hai hộp gió tạo tiếng “cúc – cu”. Với người yêu đồ xưa, chính màu thời gian và những nét không quá đồng đều lại tạo nên sức hút riêng.

#ĐồngHồCúcCu #CúcCuXưa #CúcCuĐức #ĐồngHồCổĐức #SưuTầmĐồngHồCổ",48,"10/03/2026 17:49",https://www.facebook.com/groups/648485240734305/permalink/1406841774898644/,"Thước phim",,"Trọn đời",0,-0.4x,0,0,0,39,0,0,0,0,0,34,38,3.319,119.502,,
1780462639929019,100050310827163,"Đồng hồ Nhà kho","Cúc Cu Xưa – Cái Hay Nằm Ở Nét Thủ Công

Những chiếc Cúc Cu xưa hấp dẫn người chơi bởi cảm giác mộc mạc và dấu ấn thủ công còn thể hiện khá rõ. Từ phần thùng gỗ, họa tiết chạm khắc cho tới cách bố trí bộ máy, mỗi chiếc có thể mang những khác biệt nhỏ, vì vậy đôi khi rất khó gặp hai chiếc hoàn toàn giống nhau.

Nhiều phiên bản sử dụng quả tạ kéo xích làm nguồn lực cho bộ máy, kết hợp quả lắc, hệ chim và hai hộp gió tạo tiếng “cúc – cu”. Với người yêu đồ xưa, chính màu thời gian và những nét không quá đồng đều lại tạo nên sức hút riêng.

#ĐồngHồCúcCu #CúcCuXưa #CúcCuĐức #ĐồngHồCổĐức #SưuTầmĐồngHồCổ",48,"10/03/2026 17:50",https://www.facebook.com/groups/318070586168239/permalink/1780462639929019/,"Thước phim",,"Trọn đời",0,-0.2x,0,0,0,70,1,0,1,0,0,60,63,4.135,252.271,,
28546929925010058,100050310827163,"Đồng hồ Nhà kho","Cúc Cu Xưa – Cái Hay Nằm Ở Nét Thủ Công

Những chiếc Cúc Cu xưa hấp dẫn người chơi bởi cảm giác mộc mạc và dấu ấn thủ công còn thể hiện khá rõ. Từ phần thùng gỗ, họa tiết chạm khắc cho tới cách bố trí bộ máy, mỗi chiếc có thể mang những khác biệt nhỏ, vì vậy đôi khi rất khó gặp hai chiếc hoàn toàn giống nhau.

Nhiều phiên bản sử dụng quả tạ kéo xích làm nguồn lực cho bộ máy, kết hợp quả lắc, hệ chim và hai hộp gió tạo tiếng “cúc – cu”. Với người yêu đồ xưa, chính màu thời gian và những nét không quá đồng đều lại tạo nên sức hút riêng.

#ĐồngHồCúcCu #CúcCuXưa #CúcCuĐức #ĐồngHồCổĐức #SưuTầmĐồngHồCổ",48,"10/03/2026 17:50",https://www.facebook.com/groups/3608168099312919/permalink/28546929925010058/,"Thước phim",,"Trọn đời",0,-0.4x,0,0,0,56,0,0,0,0,0,50,54,4.051,210.683,,
1698527551834256,100050310827163,"Đồng hồ Nhà kho","ÔĐô 36/8 – Chất Âm Nhẹ Nhàng, Dễ Nghe

ÔĐô 36/8 là cấu hình được khá nhiều người chơi đồng hồ cổ yêu thích. Bộ máy sử dụng 8 côn 8 búa, chơi bản nhạc Westminster với nhịp điệu thong thả, tiếng côn ngân và nghe khá dễ chịu.

Dòng 36/8 cũng có nhiều phiên bản máy và kiểu thùng khác nhau như vách sơn, vách xoáy, 3 vách, mặt số tròn hay bát giác tùy mẫu. Chính sự đa dạng về hình thức cùng chất âm đặc trưng khiến 36/8 phù hợp cả với người mới chơi lẫn người đã sưu tầm lâu năm.

#ÔĐô #Odo36_8 #ĐồngHồCổPháp #ĐồngHồQuảLắc #am_thanh_dong_ho",72,"10/03/2026 18:46",https://www.facebook.com/reel/1801192054634394/,"Thước phim",,"Trọn đời",0,+3.8x,0,0,0,447,4,0,1,0,3,426,487,7.073,3168.779,,
3656944907796078,100050310827163,"Đồng hồ Nhà kho","ÔĐô 36/8 – Chất Âm Nhẹ Nhàng, Dễ Nghe

ÔĐô 36/8 là cấu hình được khá nhiều người chơi đồng hồ cổ yêu thích. Bộ máy sử dụng 8 côn 8 búa, chơi bản nhạc Westminster với nhịp điệu thong thả, tiếng côn ngân và nghe khá dễ chịu.

Dòng 36/8 cũng có nhiều phiên bản máy và kiểu thùng khác nhau như vách sơn, vách xoáy, 3 vách, mặt số tròn hay bát giác tùy mẫu. Chính sự đa dạng về hình thức cùng chất âm đặc trưng khiến 36/8 phù hợp cả với người mới chơi lẫn người đã sưu tầm lâu năm.

#ÔĐô #Odo36_8 #ĐồngHồCổPháp #ĐồngHồQuảLắc #am_thanh_dong_ho",72,"10/03/2026 18:47",https://www.facebook.com/groups/621233334700599/permalink/3656944907796078/,"Thước phim",,"Trọn đời",0,-0.4x,0,0,0,31,0,0,0,0,0,28,30,4.347,121.727,,
1406872834895538,100050310827163,"Đồng hồ Nhà kho","ÔĐô 36/8 – Chất Âm Nhẹ Nhàng, Dễ Nghe

ÔĐô 36/8 là cấu hình được khá nhiều người chơi đồng hồ cổ yêu thích. Bộ máy sử dụng 8 côn 8 búa, chơi bản nhạc Westminster với nhịp điệu thong thả, tiếng côn ngân và nghe khá dễ chịu.

Dòng 36/8 cũng có nhiều phiên bản máy và kiểu thùng khác nhau như vách sơn, vách xoáy, 3 vách, mặt số tròn hay bát giác tùy mẫu. Chính sự đa dạng về hình thức cùng chất âm đặc trưng khiến 36/8 phù hợp cả với người mới chơi lẫn người đã sưu tầm lâu năm.

#ÔĐô #Odo36_8 #ĐồngHồCổPháp #ĐồngHồQuảLắc #am_thanh_dong_ho",72,"10/03/2026 18:47",https://www.facebook.com/groups/648485240734305/permalink/1406872834895538/,"Thước phim",,"Trọn đời",0,-3.1x,0,0,0,47,0,0,0,0,0,38,39,6.089,231.411,,
1780494916592458,100050310827163,"Đồng hồ Nhà kho","ÔĐô 36/8 – Chất Âm Nhẹ Nhàng, Dễ Nghe

ÔĐô 36/8 là cấu hình được khá nhiều người chơi đồng hồ cổ yêu thích. Bộ máy sử dụng 8 côn 8 búa, chơi bản nhạc Westminster với nhịp điệu thong thả, tiếng côn ngân và nghe khá dễ chịu.

Dòng 36/8 cũng có nhiều phiên bản máy và kiểu thùng khác nhau như vách sơn, vách xoáy, 3 vách, mặt số tròn hay bát giác tùy mẫu. Chính sự đa dạng về hình thức cùng chất âm đặc trưng khiến 36/8 phù hợp cả với người mới chơi lẫn người đã sưu tầm lâu năm.

#ÔĐô #Odo36_8 #ĐồngHồCổPháp #ĐồngHồQuảLắc #am_thanh_dong_ho",72,"10/03/2026 18:48",https://www.facebook.com/groups/318070586168239/permalink/1780494916592458/,"Thước phim",,"Trọn đời",0,-3.2x,0,0,0,44,0,0,0,0,0,44,44,3.815,167.89,,
3718142751659575,100050310827163,"Đồng hồ Nhà kho","ÔĐô 36/8 – Chất Âm Nhẹ Nhàng, Dễ Nghe

ÔĐô 36/8 là cấu hình được khá nhiều người chơi đồng hồ cổ yêu thích. Bộ máy sử dụng 8 côn 8 búa, chơi bản nhạc Westminster với nhịp điệu thong thả, tiếng côn ngân và nghe khá dễ chịu.

Dòng 36/8 cũng có nhiều phiên bản máy và kiểu thùng khác nhau như vách sơn, vách xoáy, 3 vách, mặt số tròn hay bát giác tùy mẫu. Chính sự đa dạng về hình thức cùng chất âm đặc trưng khiến 36/8 phù hợp cả với người mới chơi lẫn người đã sưu tầm lâu năm.

#ÔĐô #Odo36_8 #ĐồngHồCổPháp #ĐồngHồQuảLắc #am_thanh_dong_ho",72,"10/03/2026 18:48",https://www.facebook.com/groups/705335262940354/permalink/3718142751659575/,"Thước phim",,"Trọn đời",0,-1.2x,0,0,0,71,0,0,0,0,0,64,70,5.6,369.622,,
1698557008497977,100050310827163,"Đồng hồ Nhà kho","Đồng Hồ Cổ ÔĐô – Đẹp Cả Hình Thức Lẫn Âm Thanh

Một chiếc ÔĐô cổ có hình thức còn rất mới, thùng đẹp, tổng thể cân đối và bắt mắt. Điểm đáng chú ý vẫn là chất âm ngân nga, rõ tiếng, nghe nhẹ nhàng và dễ chịu – nét khiến nhiều bác yêu thích dòng đồng hồ này.

Đồng hồ đã được lau dầu, căn chỉnh, vận hành ổn định và bảo hành 2 năm, phù hợp với các bác muốn chơi đồng hồ cổ nhưng vẫn ưu tiên hình thức đẹp và sự yên tâm khi sử dụng.

#ÔĐô #ĐồngHồCổPháp #ĐồngHồQuảLắc #am_thanh_dong_ho #ĐamMêĐồngHồCổ",42,"10/03/2026 19:36",https://www.facebook.com/reel/1298596572314152/,"Thước phim",,"Trọn đời",2,+4.9x,0,0,0,551,8,0,4,0,3,522,627,7.681,4301.91,,
1698559465164398,100050310827163,"Đồng hồ Nhà kho","Đồng Hồ Cổ ÔĐô – Hình Thức Đẹp, Âm Thanh Dễ Nghe

Một chiếc ÔĐô cổ nhưng ngoại hình còn rất mới, thùng lên màu đẹp, tổng thể gọn gàng và cân đối. Bộ máy được căn chỉnh kỹ, tiếng chuông ngân, rõ nốt và nghe rất dễ chịu, phù hợp để vừa sử dụng vừa thưởng thức âm thanh mỗi ngày.

Đồng hồ được bảo hành 2 năm, nên các bác có thể yên tâm hơn trong quá trình chơi và trải nghiệm. Một lựa chọn đáng tham khảo cho bác nào thích đồng hồ cổ nhưng vẫn muốn hình thức đẹp, sạch sẽ và chỉn chu.

#ÔĐô #ĐồngHồCổPháp #ĐồngHồQuảLắc #am_thanh_dong_ho #ĐamMêĐồngHồCổ",8,"10/03/2026 19:40",https://www.facebook.com/reel/1649427980245510/,"Thước phim",,"Trọn đời",0,+0.2x,0,0,0,289,2,0,2,0,0,262,370,4.059,1152.82,,
3438823349649037,100050310827163,"Đồng hồ Nhà kho","Đồng Hồ Cổ ÔĐô – Hình Thức Đẹp, Âm Thanh Dễ Nghe

Một chiếc ÔĐô cổ nhưng ngoại hình còn rất mới, thùng lên màu đẹp, tổng thể gọn gàng và cân đối. Bộ máy được căn chỉnh kỹ, tiếng chuông ngân, rõ nốt và nghe rất dễ chịu, phù hợp để vừa sử dụng vừa thưởng thức âm thanh mỗi ngày.

Đồng hồ được bảo hành 2 năm, nên các bác có thể yên tâm hơn trong quá trình chơi và trải nghiệm. Một lựa chọn đáng tham khảo cho bác nào thích đồng hồ cổ nhưng vẫn muốn hình thức đẹp, sạch sẽ và chỉn chu.

#ÔĐô #ĐồngHồCổPháp #ĐồngHồQuảLắc #am_thanh_dong_ho #ĐamMêĐồngHồCổ",8,"10/03/2026 19:41",https://www.facebook.com/groups/1584528568411867/permalink/3438823349649037/,"Thước phim",,"Trọn đời",0,-0.5x,0,0,0,95,1,0,1,0,0,83,95,2.48,213.295,,
3656993567791212,100050310827163,"Đồng hồ Nhà kho","Đồng Hồ Cổ ÔĐô – Hình Thức Đẹp, Âm Thanh Dễ Nghe

Một chiếc ÔĐô cổ nhưng ngoại hình còn rất mới, thùng lên màu đẹp, tổng thể gọn gàng và cân đối. Bộ máy được căn chỉnh kỹ, tiếng chuông ngân, rõ nốt và nghe rất dễ chịu, phù hợp để vừa sử dụng vừa thưởng thức âm thanh mỗi ngày.

Đồng hồ được bảo hành 2 năm, nên các bác có thể yên tâm hơn trong quá trình chơi và trải nghiệm. Một lựa chọn đáng tham khảo cho bác nào thích đồng hồ cổ nhưng vẫn muốn hình thức đẹp, sạch sẽ và chỉn chu.

#ÔĐô #ĐồngHồCổPháp #ĐồngHồQuảLắc #am_thanh_dong_ho #ĐamMêĐồngHồCổ",8,"10/03/2026 19:42",https://www.facebook.com/groups/621233334700599/permalink/3656993567791212/,"Thước phim",,"Trọn đời",0,-0.7x,0,0,0,63,0,0,0,0,0,55,57,1.614,90.389,,
2500182780466239,100050310827163,"Đồng hồ Nhà kho","Đồng Hồ Cổ ÔĐô – Hình Thức Đẹp, Âm Thanh Dễ Nghe

Một chiếc ÔĐô cổ nhưng ngoại hình còn rất mới, thùng lên màu đẹp, tổng thể gọn gàng và cân đối. Bộ máy được căn chỉnh kỹ, tiếng chuông ngân, rõ nốt và nghe rất dễ chịu, phù hợp để vừa sử dụng vừa thưởng thức âm thanh mỗi ngày.

Đồng hồ được bảo hành 2 năm, nên các bác có thể yên tâm hơn trong quá trình chơi và trải nghiệm. Một lựa chọn đáng tham khảo cho bác nào thích đồng hồ cổ nhưng vẫn muốn hình thức đẹp, sạch sẽ và chỉn chu.

#ÔĐô #ĐồngHồCổPháp #ĐồngHồQuảLắc #am_thanh_dong_ho #ĐamMêĐồngHồCổ",8,"10/03/2026 19:42",https://www.facebook.com/groups/580302725787597/permalink/2500182780466239/,"Thước phim",,"Trọn đời",0,-0.5x,0,0,0,88,0,0,0,0,0,82,91,2.059,172.964,,
1406904674892354,100050310827163,"Đồng hồ Nhà kho","Đồng Hồ Cổ ÔĐô – Hình Thức Đẹp, Âm Thanh Dễ Nghe

Một chiếc ÔĐô cổ nhưng ngoại hình còn rất mới, thùng lên màu đẹp, tổng thể gọn gàng và cân đối. Bộ máy được căn chỉnh kỹ, tiếng chuông ngân, rõ nốt và nghe rất dễ chịu, phù hợp để vừa sử dụng vừa thưởng thức âm thanh mỗi ngày.

Đồng hồ được bảo hành 2 năm, nên các bác có thể yên tâm hơn trong quá trình chơi và trải nghiệm. Một lựa chọn đáng tham khảo cho bác nào thích đồng hồ cổ nhưng vẫn muốn hình thức đẹp, sạch sẽ và chỉn chu.

#ÔĐô #ĐồngHồCổPháp #ĐồngHồQuảLắc #am_thanh_dong_ho #ĐamMêĐồngHồCổ",8,"10/03/2026 19:42",https://www.facebook.com/groups/648485240734305/permalink/1406904674892354/,"Thước phim",,"Trọn đời",0,-0.4x,0,0,0,89,1,0,1,0,0,85,95,2.279,200.565,,
1544529251048869,100050310827163,"Đồng hồ Nhà kho","Đồng Hồ Cổ ÔĐô – Hình Thức Đẹp, Âm Thanh Dễ Nghe

Một chiếc ÔĐô cổ nhưng ngoại hình còn rất mới, thùng lên màu đẹp, tổng thể gọn gàng và cân đối. Bộ máy được căn chỉnh kỹ, tiếng chuông ngân, rõ nốt và nghe rất dễ chịu, phù hợp để vừa sử dụng vừa thưởng thức âm thanh mỗi ngày.

Đồng hồ được bảo hành 2 năm, nên các bác có thể yên tâm hơn trong quá trình chơi và trải nghiệm. Một lựa chọn đáng tham khảo cho bác nào thích đồng hồ cổ nhưng vẫn muốn hình thức đẹp, sạch sẽ và chỉn chu.

#ÔĐô #ĐồngHồCổPháp #ĐồngHồQuảLắc #am_thanh_dong_ho #ĐamMêĐồngHồCổ",8,"10/03/2026 19:42",https://www.facebook.com/groups/681670940668042/permalink/1544529251048869/,"Thước phim",,"Trọn đời",0,-0.2x,0,0,0,185,1,-1,1,0,0,173,214,3.525,613.357,,
1698562758497402,100050310827163,"Đồng hồ Nhà kho","Cái bò 5 côn đồng bạch đẹp hết số",0,"10/03/2026 19:44",https://www.facebook.com/donghonhakho.vn/posts/pfbid0263YsjFsbvM8stCjYB9bjpJ8kxHKRXrdR1qZm6Rb2aiENAndrqQqymTNyZEDScVaSl,Ảnh,,"Trọn đời",0,--,0,0,0,362,1,0,0,0,1,353,476,,,,
1698565625163782,100050310827163,"Đồng hồ Nhà kho","Đồng Hồ Chim Cúc Cu – Thú Vị Từ Âm Thanh Đến Chuyển Động

Điểm cuốn hút của đồng hồ chim Cúc Cu nằm ở cách những cơ cấu cơ khí phối hợp với nhau. Đến thời điểm báo giờ, cánh cửa nhỏ mở ra, chú chim xuất hiện và cất tiếng “cúc – cu”.

Âm thanh đặc trưng được tạo ra nhờ hai hộp gió kết hợp với hai ống còi, tạo hai cao độ khác nhau. Nhiều phiên bản còn sử dụng quả tạ kéo xích, kết hợp thêm bộ nhạc và các hoạt cảnh chuyển động. Chính sự mộc mạc, vui mắt và vui tai này khiến Cúc Cu luôn có một nét riêng trong thế giới đồng hồ cơ.

#ĐồngHồCúcCu #CúcCuĐức #ĐồngHồCổĐức #ĐồngHồCơCổ #SưuTầmĐồngHồCổ",14,"10/03/2026 19:49",https://www.facebook.com/reel/4642988332687533/,"Thước phim",,"Trọn đời",6,+8.8x,0,0,0,502,9,0,3,0,0,463,602,4.279,2156.637,,
1698593295161015,100050310827163,"Đồng hồ Nhà kho","Đồng Hồ Vai Bò Dáng Cuốn Sách – Nhỏ Gọn Và Đầy Chất Xưa

Một cách tạo hình khá thú vị trên đồng hồ vai bò là phần thùng được cách điệu như một cuốn sách, tạo cảm giác vừa cổ điển vừa gần gũi. Kích thước nhỏ gọn, bố cục cân đối nên chiếc đồng hồ đặc biệt phù hợp để bày trong phòng làm việc, phòng đọc sách hoặc bên cạnh tủ sách.

Không cần quá cầu kỳ, chính dáng cuốn sách giúp chiếc đồng hồ hòa vào không gian một cách tự nhiên, vừa xem giờ vừa trở thành một món decor mang nét riêng dành cho người yêu đồ xưa.

#ĐồngHồVaiBò #ĐồngHồCổĐức #ĐồngHồCơCổ #DecorPhòngĐọc #ĐamMêĐồngHồCổ",69,"10/03/2026 20:36",https://www.facebook.com/reel/949000881138047/,"Thước phim",,"Trọn đời",0,+1.2x,0,0,0,357,5,0,2,0,3,327,383,5.367,1942.972,,
1698627968490881,100050310827163,"Đồng hồ Nhà kho","ÔĐô 36/10 – Chất Âm Khiến Người Chơi Nhớ Lâu

ÔĐô 36/10 là một trong những cấu hình được nhiều người chơi đồng hồ cổ quan tâm. Bộ máy 10 côn 10 búa, trên một số phiên bản chơi hai bản Westminster và Gai-Carillon, kết hợp tiếng điểm giờ bính boong đặc trưng.

Cái hay của 36/10 không chỉ nằm ở số lượng côn búa mà còn ở cách bộ côn tạo tiếng dày, ngân và có chiều sâu. Khi được căn chỉnh tốt, từng lớp âm nối tiếp nhau nghe rất cuốn hút. Hình thức cổ điển kết hợp cùng hệ nhạc cơ khí cũng tạo nên nét riêng cho dòng này.

#ÔĐô #Odo36_10 #10con10bua #ĐồngHồCổPháp #am_thanh_dong_ho",33,"10/03/2026 21:32",https://www.facebook.com/reel/3054537394908661/,"Thước phim",,"Trọn đời",0,+1.9x,0,0,0,376,6,0,5,0,3,356,435,6.398,2533.698,,
1698631868490491,100050310827163,"Đồng hồ Nhà kho","Dọn Kho Ra Vài Em Vai Bò Đẹp Mời Các Bác 😄

Dọn lại kho mới thấy còn vài chiếc đồng hồ vai bò dáng rất duyên. Mỗi chiếc một kiểu nhưng điểm chung là tổng thể hài hòa, trang nhã, kích thước vừa phải nên khá dễ bố trí trong nhiều không gian.

Bác nào đang thiếu một em vai bò để căn phòng thêm chút chất xưa thì mời ngắm và lựa nhé. Đồ đẹp cứ nằm trong kho mãi cũng phí, phải cho các em ấy ra ngoài tìm chủ nhân mới thôi ạ 😄

#ĐồngHồVaiBò #ĐồngHồCổĐức #ĐồngHồCơCổ #ĐồCổChâuÂu #ĐamMêĐồngHồCổ",0,"10/03/2026 21:38",https://www.facebook.com/donghonhakho.vn/posts/pfbid0C6Sg9ejeCqE94neCrnMB5ktRLnoZ1ewr8nBnwi3QAuYxETm7f4vs7znQi6HXDEHbl,Ảnh,,"Trọn đời",0,--,0,0,0,419,2,0,1,0,1,406,559,,,,
1698636931823318,100050310827163,"Đồng hồ Nhà kho","Ông Tây Đánh Chuông – Một Kiểu Đồng Hồ Cơ Khí Rất Vui Mắt

Điểm thú vị của dòng ÔĐô ông Tây đánh chuông nằm ở nhân vật chuyển động phía trước mặt số. Đến thời điểm báo giờ, ông Tây cử động như đang trực tiếp gõ vào chuông, tạo nên một hoạt cảnh rất vui mắt.

Bên trong vẫn là một bộ máy đồng hồ cơ với quả lắc nhỏ được giấu trong thùng. Ở một số cấu hình, âm thanh thực tế lại được tạo bởi côn đồng bên trong, còn động tác đánh chuông của nhân vật đóng vai trò hoạt cảnh đồng bộ. Chính sự kết hợp giữa xem giờ, âm thanh và chuyển động làm mẫu này rất thú vị khi trưng bày.

#ÔĐô #ÔngTâyĐánhChuông #ĐồngHồCổPháp #ĐồngHồCơCổ #SưuTầmĐồngHồCổ",17,"10/03/2026 21:46",https://www.facebook.com/reel/2074990213903609/,"Thước phim",,"Trọn đời",0,+1.8x,0,0,0,482,8,0,4,1,3,457,540,4.29,2093.982,,
1698686428485035,100050310827163,"Đồng hồ Nhà kho","Cơ Cấu Ngựa Đồng Hồ – Nhìn Rõ Hơn Trên Đồng Hồ Công Cộng

Muốn quan sát cơ cấu ngựa của đồng hồ một cách trực quan, những bộ máy đồng hồ công cộng cỡ lớn là ví dụ rất thú vị. Các chi tiết được làm với kích thước lớn nên có thể nhìn khá rõ bánh xe thoát, ngựa và sự phối hợp với hệ quả lắc.

Mỗi nhịp quả lắc, ngựa lần lượt khóa rồi nhả từng răng của bánh xe thoát, giúp bộ máy giải phóng năng lượng theo từng bước và duy trì nhịp chạy. Về nguyên lý, đây cũng chính là cơ cấu mà ta gặp trên nhiều đồng hồ cơ nhỏ hơn, chỉ khác ở kích thước và kết cấu cụ thể của từng máy.

#CơCấuNgựa #ĐồngHồCôngCộng #ĐồngHồCơCổ #KỹThuậtĐồngHồ #CơKhíĐồngHồ",8,"10/03/2026 23:09",https://www.facebook.com/reel/2784592695260798/,"Thước phim",,"Trọn đời",11,+41.7x,0,0,0,127538,972,136,916,71,28,124170,221227,9.265,1161132.626,,
1698930251793986,100050310827163,"Đồng hồ Nhà kho","ÔĐô 36/10 – “Con Át Chủ Bài” Trong Bộ Sưu Tập

Trong giới chơi đồng hồ cổ, ÔĐô 36/10 được nhiều người sưu tầm ví von là “con át chủ bài” trong bộ sưu tập. Cách gọi này phần nào thể hiện sự yêu thích dành cho cấu hình 10 côn 10 búa, cùng hệ nhạc cơ khí có sức hút riêng.

Ở những phiên bản chơi Westminster và Gai-Carillon, tiếng nhạc kết hợp cùng tiếng điểm giờ bính boong tạo nên chất âm dày, ngân và rất dễ nhận biết. Với người mê ÔĐô, tìm được một chiếc 36/10 đẹp, máy móc chuẩn và âm thanh căn chỉnh tốt thường là một trải nghiệm rất đáng giá.

#ÔĐô #Odo36_10 #10con10bua #ĐồngHồCổPháp #SưuTầmĐồngHồCổ",40,"10/04/2026 05:24",https://www.facebook.com/reel/2144039236499906/,"Thước phim",,"Trọn đời",0,+2x,0,0,0,430,7,1,4,0,3,406,466,8.031,3469.666,,
3657487361075166,100050310827163,"Đồng hồ Nhà kho","ÔĐô 36/10 – “Con Át Chủ Bài” Trong Bộ Sưu Tập

Trong giới chơi đồng hồ cổ, ÔĐô 36/10 được nhiều người sưu tầm ví von là “con át chủ bài” trong bộ sưu tập. Cách gọi này phần nào thể hiện sự yêu thích dành cho cấu hình 10 côn 10 búa, cùng hệ nhạc cơ khí có sức hút riêng.

Ở những phiên bản chơi Westminster và Gai-Carillon, tiếng nhạc kết hợp cùng tiếng điểm giờ bính boong tạo nên chất âm dày, ngân và rất dễ nhận biết. Với người mê ÔĐô, tìm được một chiếc 36/10 đẹp, máy móc chuẩn và âm thanh căn chỉnh tốt thường là một trải nghiệm rất đáng giá.

#ÔĐô #Odo36_10 #10con10bua #ĐồngHồCổPháp #SưuTầmĐồngHồCổ",40,"10/04/2026 05:25",https://www.facebook.com/groups/621233334700599/permalink/3657487361075166/,"Thước phim",,"Trọn đời",0,-0.6x,0,0,0,81,1,0,1,0,0,65,75,2.377,168.772,,
1407256578190497,100050310827163,"Đồng hồ Nhà kho","ÔĐô 36/10 – “Con Át Chủ Bài” Trong Bộ Sưu Tập

Trong giới chơi đồng hồ cổ, ÔĐô 36/10 được nhiều người sưu tầm ví von là “con át chủ bài” trong bộ sưu tập. Cách gọi này phần nào thể hiện sự yêu thích dành cho cấu hình 10 côn 10 búa, cùng hệ nhạc cơ khí có sức hút riêng.

Ở những phiên bản chơi Westminster và Gai-Carillon, tiếng nhạc kết hợp cùng tiếng điểm giờ bính boong tạo nên chất âm dày, ngân và rất dễ nhận biết. Với người mê ÔĐô, tìm được một chiếc 36/10 đẹp, máy móc chuẩn và âm thanh căn chỉnh tốt thường là một trải nghiệm rất đáng giá.

#ÔĐô #Odo36_10 #10con10bua #ĐồngHồCổPháp #SưuTầmĐồngHồCổ",40,"10/04/2026 05:25",https://www.facebook.com/groups/648485240734305/permalink/1407256578190497/,"Thước phim",,"Trọn đời",0,+0.5x,0,0,0,230,2,0,3,0,0,207,244,8.268,1753.02,,
1780884239886859,100050310827163,"Đồng hồ Nhà kho","ÔĐô 36/10 – “Con Át Chủ Bài” Trong Bộ Sưu Tập

Trong giới chơi đồng hồ cổ, ÔĐô 36/10 được nhiều người sưu tầm ví von là “con át chủ bài” trong bộ sưu tập. Cách gọi này phần nào thể hiện sự yêu thích dành cho cấu hình 10 côn 10 búa, cùng hệ nhạc cơ khí có sức hút riêng.

Ở những phiên bản chơi Westminster và Gai-Carillon, tiếng nhạc kết hợp cùng tiếng điểm giờ bính boong tạo nên chất âm dày, ngân và rất dễ nhận biết. Với người mê ÔĐô, tìm được một chiếc 36/10 đẹp, máy móc chuẩn và âm thanh căn chỉnh tốt thường là một trải nghiệm rất đáng giá.

#ÔĐô #Odo36_10 #10con10bua #ĐồngHồCổPháp #SưuTầmĐồngHồCổ",40,"10/04/2026 05:25",https://www.facebook.com/groups/318070586168239/permalink/1780884239886859/,"Thước phim",,"Trọn đời",0,+0.2x,0,0,0,66,1,0,1,0,0,61,73,4.554,296.028,,
4497692553709919,100050310827163,"Đồng hồ Nhà kho","ÔĐô 36/10 – “Con Át Chủ Bài” Trong Bộ Sưu Tập

Trong giới chơi đồng hồ cổ, ÔĐô 36/10 được nhiều người sưu tầm ví von là “con át chủ bài” trong bộ sưu tập. Cách gọi này phần nào thể hiện sự yêu thích dành cho cấu hình 10 côn 10 búa, cùng hệ nhạc cơ khí có sức hút riêng.

Ở những phiên bản chơi Westminster và Gai-Carillon, tiếng nhạc kết hợp cùng tiếng điểm giờ bính boong tạo nên chất âm dày, ngân và rất dễ nhận biết. Với người mê ÔĐô, tìm được một chiếc 36/10 đẹp, máy móc chuẩn và âm thanh căn chỉnh tốt thường là một trải nghiệm rất đáng giá.

#ÔĐô #Odo36_10 #10con10bua #ĐồngHồCổPháp #SưuTầmĐồngHồCổ",40,"10/04/2026 05:25",https://www.facebook.com/groups/2045274432285089/permalink/4497692553709919/,"Thước phim",,"Trọn đời",0,-0.3x,0,0,0,133,1,0,1,0,0,117,138,6.188,748.807,,
1093015960175183,100050310827163,"Đồng hồ Nhà kho","ÔĐô 36/10 – “Con Át Chủ Bài” Trong Bộ Sưu Tập

Trong giới chơi đồng hồ cổ, ÔĐô 36/10 được nhiều người sưu tầm ví von là “con át chủ bài” trong bộ sưu tập. Cách gọi này phần nào thể hiện sự yêu thích dành cho cấu hình 10 côn 10 búa, cùng hệ nhạc cơ khí có sức hút riêng.

Ở những phiên bản chơi Westminster và Gai-Carillon, tiếng nhạc kết hợp cùng tiếng điểm giờ bính boong tạo nên chất âm dày, ngân và rất dễ nhận biết. Với người mê ÔĐô, tìm được một chiếc 36/10 đẹp, máy móc chuẩn và âm thanh căn chỉnh tốt thường là một trải nghiệm rất đáng giá.

#ÔĐô #Odo36_10 #10con10bua #ĐồngHồCổPháp #SưuTầmĐồngHồCổ",40,"10/04/2026 05:26",https://www.facebook.com/groups/273029195507201/permalink/1093015960175183/,"Thước phim",,"Trọn đời",0,+0.4x,0,0,0,195,0,0,0,0,0,182,208,7.353,1404.608,,
1698974118456266,100050310827163,"Đồng hồ Nhà kho","ÔĐô Ông Tây Đánh Chuông – Càng Ngắm Càng Thú Vị

Một trong những kiểu ÔĐô tạo nhiều hứng thú cho người chơi là ông Tây đánh chuông. Điểm đặc biệt nằm ở nhân vật chuyển động phía trước mặt số; đến thời điểm báo giờ, ông Tây cử động như đang trực tiếp gõ chuông, tạo nên một màn trình diễn cơ khí rất vui mắt.

Ẩn phía sau hoạt cảnh ấy vẫn là cả một hệ thống máy cơ, quả lắc và cơ cấu báo giờ phối hợp nhịp nhàng. Vừa xem giờ, vừa nghe âm thanh, lại vừa ngắm chuyển động – đó chính là nét duyên khiến mẫu này có một vị trí rất riêng trong bộ sưu tập.

#ÔĐô #ÔngTâyĐánhChuông #ĐồngHồCổPháp #ĐồngHồCơCổ #SưuTầmĐồngHồCổ",41,"10/04/2026 06:23",https://www.facebook.com/reel/2011259466139449/,"Thước phim",,"Trọn đời",0,+0.4x,0,0,0,394,4,0,4,0,0,361,432,7.529,2914.061,,
3657545331069369,100050310827163,"Đồng hồ Nhà kho","ÔĐô Ông Tây Đánh Chuông – Càng Ngắm Càng Thú Vị

Một trong những kiểu ÔĐô tạo nhiều hứng thú cho người chơi là ông Tây đánh chuông. Điểm đặc biệt nằm ở nhân vật chuyển động phía trước mặt số; đến thời điểm báo giờ, ông Tây cử động như đang trực tiếp gõ chuông, tạo nên một màn trình diễn cơ khí rất vui mắt.

Ẩn phía sau hoạt cảnh ấy vẫn là cả một hệ thống máy cơ, quả lắc và cơ cấu báo giờ phối hợp nhịp nhàng. Vừa xem giờ, vừa nghe âm thanh, lại vừa ngắm chuyển động – đó chính là nét duyên khiến mẫu này có một vị trí rất riêng trong bộ sưu tập.

#ÔĐô #ÔngTâyĐánhChuông #ĐồngHồCổPháp #ĐồngHồCơCổ #SưuTầmĐồngHồCổ",41,"10/04/2026 06:24",https://www.facebook.com/groups/621233334700599/permalink/3657545331069369/,"Thước phim",,"Trọn đời",0,+0.2x,0,0,0,155,0,0,0,0,0,134,149,5.264,721.18,,
1407298661519622,100050310827163,"Đồng hồ Nhà kho","ÔĐô Ông Tây Đánh Chuông – Càng Ngắm Càng Thú Vị

Một trong những kiểu ÔĐô tạo nhiều hứng thú cho người chơi là ông Tây đánh chuông. Điểm đặc biệt nằm ở nhân vật chuyển động phía trước mặt số; đến thời điểm báo giờ, ông Tây cử động như đang trực tiếp gõ chuông, tạo nên một màn trình diễn cơ khí rất vui mắt.

Ẩn phía sau hoạt cảnh ấy vẫn là cả một hệ thống máy cơ, quả lắc và cơ cấu báo giờ phối hợp nhịp nhàng. Vừa xem giờ, vừa nghe âm thanh, lại vừa ngắm chuyển động – đó chính là nét duyên khiến mẫu này có một vị trí rất riêng trong bộ sưu tập.

#ÔĐô #ÔngTâyĐánhChuông #ĐồngHồCổPháp #ĐồngHồCơCổ #SưuTầmĐồngHồCổ",41,"10/04/2026 06:25",https://www.facebook.com/groups/648485240734305/permalink/1407298661519622/,"Thước phim",,"Trọn đời",0,-0.4x,0,0,0,94,0,0,0,0,0,77,94,3.306,277.706,,
1780925616549388,100050310827163,"Đồng hồ Nhà kho","ÔĐô Ông Tây Đánh Chuông – Càng Ngắm Càng Thú Vị

Một trong những kiểu ÔĐô tạo nhiều hứng thú cho người chơi là ông Tây đánh chuông. Điểm đặc biệt nằm ở nhân vật chuyển động phía trước mặt số; đến thời điểm báo giờ, ông Tây cử động như đang trực tiếp gõ chuông, tạo nên một màn trình diễn cơ khí rất vui mắt.

Ẩn phía sau hoạt cảnh ấy vẫn là cả một hệ thống máy cơ, quả lắc và cơ cấu báo giờ phối hợp nhịp nhàng. Vừa xem giờ, vừa nghe âm thanh, lại vừa ngắm chuyển động – đó chính là nét duyên khiến mẫu này có một vị trí rất riêng trong bộ sưu tập.

#ÔĐô #ÔngTâyĐánhChuông #ĐồngHồCổPháp #ĐồngHồCơCổ #SưuTầmĐồngHồCổ",41,"10/04/2026 06:25",https://www.facebook.com/groups/318070586168239/permalink/1780925616549388/,"Thước phim",,"Trọn đời",0,-0.4x,0,0,0,83,0,0,0,0,0,71,79,2.294,169.824,,
28553291711040546,100050310827163,"Đồng hồ Nhà kho","ÔĐô Ông Tây Đánh Chuông – Càng Ngắm Càng Thú Vị

Một trong những kiểu ÔĐô tạo nhiều hứng thú cho người chơi là ông Tây đánh chuông. Điểm đặc biệt nằm ở nhân vật chuyển động phía trước mặt số; đến thời điểm báo giờ, ông Tây cử động như đang trực tiếp gõ chuông, tạo nên một màn trình diễn cơ khí rất vui mắt.

Ẩn phía sau hoạt cảnh ấy vẫn là cả một hệ thống máy cơ, quả lắc và cơ cấu báo giờ phối hợp nhịp nhàng. Vừa xem giờ, vừa nghe âm thanh, lại vừa ngắm chuyển động – đó chính là nét duyên khiến mẫu này có một vị trí rất riêng trong bộ sưu tập.

#ÔĐô #ÔngTâyĐánhChuông #ĐồngHồCổPháp #ĐồngHồCơCổ #SưuTầmĐồngHồCổ",41,"10/04/2026 06:25",https://www.facebook.com/groups/3608168099312919/permalink/28553291711040546/,"Thước phim",,"Trọn đời",0,-0.2x,0,0,0,149,0,0,0,0,0,126,138,3.776,494.758,,
2529041887605333,100050310827163,"Đồng hồ Nhà kho","ÔĐô Ông Tây Đánh Chuông – Càng Ngắm Càng Thú Vị

Một trong những kiểu ÔĐô tạo nhiều hứng thú cho người chơi là ông Tây đánh chuông. Điểm đặc biệt nằm ở nhân vật chuyển động phía trước mặt số; đến thời điểm báo giờ, ông Tây cử động như đang trực tiếp gõ chuông, tạo nên một màn trình diễn cơ khí rất vui mắt.

Ẩn phía sau hoạt cảnh ấy vẫn là cả một hệ thống máy cơ, quả lắc và cơ cấu báo giờ phối hợp nhịp nhàng. Vừa xem giờ, vừa nghe âm thanh, lại vừa ngắm chuyển động – đó chính là nét duyên khiến mẫu này có một vị trí rất riêng trong bộ sưu tập.

#ÔĐô #ÔngTâyĐánhChuông #ĐồngHồCổPháp #ĐồngHồCơCổ #SưuTầmĐồngHồCổ",41,"10/04/2026 06:25",https://www.facebook.com/groups/1100909847085218/permalink/2529041887605333/,"Thước phim",,"Trọn đời",0,-0.3x,0,0,0,147,1,0,1,0,0,135,146,3.922,533.433,,
1699021331784878,100050310827163,"Đồng hồ Nhà kho","36/8 Hay 36/10 – Suy Cho Cùng, Chơi Là Chơi Cho Mình

36/8 hay 36/10 đôi khi cũng chỉ là những cái tên để chúng ta phân biệt từng cấu hình. Khi chọn một chiếc đồng hồ cổ, các bác hãy nhìn bằng mắt mình, nghe bằng tai mình và lựa chọn bằng chính cảm xúc của mình.

Đừng để những lời nhận xét, những con số hay quan niệm của người khác lấn át hoàn toàn sở thích cá nhân. Có người mê sự nhẹ nhàng của 36/8, có người lại thích chất âm dày của 36/10.

Suy cho cùng, đồng hồ mình treo, âm thanh mình nghe mỗi ngày – chơi là chơi cho chính mình.

#ÔĐô #Odo36_8 #Odo36_10 #ĐamMêĐồngHồCổ #am_thanh_dong_ho",0,"10/04/2026 07:24",https://www.facebook.com/donghonhakho.vn/posts/pfbid02U8arbKGsrZn3Ve5eongw7uRsHDji8GZfyoPiSPzMyC3EXvzKNgDsVEByRLgaJMynl,Ảnh,,"Trọn đời",0,--,0,0,0,976,7,0,6,0,1,937,1281,,,,
1699092508444427,100050310827163,"Đồng hồ Nhà kho","Côn Hoa Thị – Chất Âm Được Nhiều Người Chơi Yêu Thích

Trong giới sưu tầm tại Việt Nam, côn Hoa thị là một trong những kiểu bộ côn được nhiều người yêu thích. Theo trải nghiệm của người chơi, điểm cuốn hút nằm ở chất âm sáng, trong trẻo, tiếng ngân dài và các nốt tách bạch, kết hợp với nhịp đánh tương đối thong thả nên nghe có cảm xúc riêng.

Côn Hoa thị có thể gặp trên cả đồng hồ treo tường và đồng hồ tủ, đặc biệt ở một số máy Junhan mũi tên và Junhan mỏ neo. Những bộ máy còn tình trạng tốt thường được người chơi đánh giá cao cả về cơ khí lẫn trải nghiệm âm thanh.

#Junhan #CônHoaThị #ĐồngHồCổĐức #am_thanh_dong_ho #SưuTầmĐồngHồCổ",42,"10/04/2026 08:54",https://www.facebook.com/reel/1843454080347430/,"Thước phim",,"Trọn đời",0,+0.4x,0,0,0,538,4,0,4,0,0,504,579,6.14,3211.519,,
1699106775109667,100050310827163,"Đồng hồ Nhà kho","ÔĐô 36/10 – Cái Hay Không Chỉ Nằm Ở 10 Côn 10 Búa

Nếu chỉ nhìn ÔĐô 36/10 qua số lượng côn và búa thì vẫn chưa thấy hết cái thú vị của nó. Đi sâu vào bộ máy mới thấy nhiều chi tiết đáng để khám phá, từ côn chữ M, các phiên bản vách bệt – vách chân kiềng cho tới bánh cam chia nhạc.

Đặc biệt, bánh cam với những bậc và rãnh khác nhau giống như một dạng “bộ nhớ cơ khí”, tham gia điều phối trình tự hoạt động của hệ nhạc theo từng thời điểm. Không điện tử, không phần mềm, nhưng các cơ cấu vẫn phối hợp với nhau theo một chu trình được định sẵn.

Vì thế, chơi 36/10 đôi khi thú vị nhất không phải chỉ để nghe chuông, mà là mở máy ra và hiểu người xưa đã khiến nó hoạt động như thế nào.",17,"10/04/2026 09:13",https://www.facebook.com/reel/1777637506615820/,"Thước phim",,"Trọn đời",5,+7.8x,0,0,0,1811,24,1,18,2,0,1659,2348,8.766,15410.765,,
1699370338416644,100050310827163,"Đồng hồ Nhà kho","ÔĐô 36/10 – Có Những Chiếc Giống Nhau Mà Chưa Chắc Đã Giống

Cùng mang tên ÔĐô 36/10, nhìn bên ngoài đôi khi khá tương đồng, nhưng mở bộ máy ra mới thấy nhiều điểm để người chơi tìm hiểu. Có thể gặp sự khác nhau ở kết cấu vách máy, bộ côn, cách bố trí chi tiết hay từng giai đoạn sản xuất.

Bởi vậy, chơi 36/10 thú vị ở chỗ không nên chỉ nhìn tên máy rồi mặc định mọi chiếc đều như nhau. Một chiếc đáng để khám phá cần nhìn tổng thể từ thùng, mặt số đến bộ máy, rồi cuối cùng nghe chính chất âm thực tế của nó.

Càng quan sát nhiều chiếc, người chơi càng có thêm dữ liệu để nhận ra những khác biệt nhỏ mà ảnh chụp đôi khi không thể hiện hết.

#ÔĐô #Odo36_10 #ĐồngHồCổPháp #SưuTầmĐồngHồCổ #KỹThuậtĐồngHồ",54,"10/04/2026 16:29",https://www.facebook.com/reel/1042859252134208/,"Thước phim",,"Trọn đời",3,+4.9x,0,0,0,729,9,1,6,0,0,661,783,9.572,6729.641,,
1699459061741105,100050310827163,"Đồng hồ Nhà kho","Chiều Dài Tay Lắc Ảnh Hưởng Thế Nào Đến Dáng Thùng ÔĐô?

Ở đồng hồ ÔĐô, các nhóm 24, 30 và 36 khác nhau về chiều dài tay lắc, vì vậy khi quan sát thực tế chúng ta cũng thường thấy sự khác biệt về kết cấu, bố cục và kích thước thùng.

Tay lắc dài hơn cần khoảng không gian hoạt động phù hợp, từ đó ảnh hưởng đến cách nhà sản xuất bố trí mặt số, kính, khoang quả lắc và tỷ lệ tổng thể của thùng. Vì thế, khi đặt ÔĐô 24, 30 và 36 cạnh nhau, người chơi không chỉ nhận ra sự khác biệt ở bộ máy mà còn thấy mỗi nhóm có tỷ lệ hình thể và dáng thùng riêng.

Đây cũng là một dấu hiệu thú vị để quan sát khi tìm hiểu ÔĐô cổ.

#ÔĐô #Odo24 #Odo30 #Odo36 #KỹThuậtĐồngHồ",0,"10/04/2026 19:07",https://www.facebook.com/donghonhakho.vn/posts/pfbid028PqwUBnLXNv5YyrMQwKunBvsdq4Zp1cjUgEnaPxmEQMVVr9ssNQpmTzZgPHBkUxPl,Ảnh,,"Trọn đời",0,--,0,0,0,867,3,0,2,0,1,834,1162,,,,
1699486991738312,100050310827163,"Đồng hồ Nhà kho","Nguyên Bản Thôi Chưa Đủ

Với đồng hồ cổ, nguyên bản là một giá trị, nhưng chưa phải tất cả. Em từng gặp không ít bộ côn hình thức rất đẹp, nguyên bản đầy đủ nhưng khi nghe thực tế thì chất âm lại không đạt. Có những bộ em phải loại khỏi đồng hồ, chỉ giữ lại làm món đồ sưu tầm cho vui vì tiếng không còn đủ sức thuyết phục.

Vì vậy, khi lựa chọn một chiếc đồng hồ, đừng chỉ dừng ở câu “cam kết nguyên bản”. Nếu có điều kiện, các bác nên đến tận nơi, nhìn bằng mắt, nghe bằng tai và tự cảm nhận chất âm. Bởi suy cho cùng, đồng hồ đẹp để ngắm nhưng âm thanh lại là thứ chúng ta sống cùng nó mỗi ngày.

#ĐồngHồCổ #ĐồngHồNguyênBản #chatamdonghoco #SưuTầmĐồngHồCổ #ĐamMêĐồngHồCổ",41,"10/04/2026 19:53",https://www.facebook.com/reel/1515019930434364/,"Thước phim",,"Trọn đời",10,+20.6x,0,0,0,3365,56,1,38,1,10,3166,4265,15.624,52592.498,,
1699492958404382,100050310827163,"Đồng hồ Nhà kho","Đồng Hồ Tủ Junhan Côn Hoa Thị – Dáng Ông Sư Đậm Chất Đức

Một chiếc đồng hồ tủ Junhan mang dáng Ông Sư với phần mái vòm cổ điển, thân tủ cao và tỷ lệ cân đối. Điểm được nhiều người chơi tại Việt Nam yêu thích nằm ở bộ côn Hoa thị, cho tiếng sáng, trong, độ ngân tốt và từng nốt nghe khá rõ ràng.

Khi đặt bộ máy Đức cùng thùng tủ lớn, âm thanh có thêm không gian cộng hưởng, tạo cảm giác đầy đặn và thư thái hơn khi thưởng thức. Vừa có dáng tủ cổ để trưng bày, vừa có bộ côn đáng nghe – đây là kiểu đồng hồ phù hợp với những bác thích cả hình thức lẫn trải nghiệm âm thanh.

#Junhan #CônHoaThị #ĐồngHồTủ #ĐồngHồCổĐức #chatamdonghoco",121,"10/04/2026 20:03",https://www.facebook.com/reel/2304342733676080/,"Thước phim",,"Trọn đời",0,+7.9x,0,0,0,192,16,0,3,0,13,243,296,9.752,2672.127,,
3658280977662471,100050310827163,"Đồng hồ Nhà kho","Đồng Hồ Tủ Junhan Côn Hoa Thị – Dáng Ông Sư Đậm Chất Đức

Một chiếc đồng hồ tủ Junhan mang dáng Ông Sư với phần mái vòm cổ điển, thân tủ cao và tỷ lệ cân đối. Điểm được nhiều người chơi tại Việt Nam yêu thích nằm ở bộ côn Hoa thị, cho tiếng sáng, trong, độ ngân tốt và từng nốt nghe khá rõ ràng.

Khi đặt bộ máy Đức cùng thùng tủ lớn, âm thanh có thêm không gian cộng hưởng, tạo cảm giác đầy đặn và thư thái hơn khi thưởng thức. Vừa có dáng tủ cổ để trưng bày, vừa có bộ côn đáng nghe – đây là kiểu đồng hồ phù hợp với những bác thích cả hình thức lẫn trải nghiệm âm thanh.

#Junhan #CônHoaThị #ĐồngHồTủ #ĐồngHồCổĐức #chatamdonghoco",121,"10/04/2026 20:04",https://www.facebook.com/groups/621233334700599/permalink/3658280977662471/,"Thước phim",,"Trọn đời",0,-0.4x,0,0,0,89,0,0,0,0,0,81,83,3.539,290.209,,
1407788484803973,100050310827163,"Đồng hồ Nhà kho","Đồng Hồ Tủ Junhan Côn Hoa Thị – Dáng Ông Sư Đậm Chất Đức

Một chiếc đồng hồ tủ Junhan mang dáng Ông Sư với phần mái vòm cổ điển, thân tủ cao và tỷ lệ cân đối. Điểm được nhiều người chơi tại Việt Nam yêu thích nằm ở bộ côn Hoa thị, cho tiếng sáng, trong, độ ngân tốt và từng nốt nghe khá rõ ràng.

Khi đặt bộ máy Đức cùng thùng tủ lớn, âm thanh có thêm không gian cộng hưởng, tạo cảm giác đầy đặn và thư thái hơn khi thưởng thức. Vừa có dáng tủ cổ để trưng bày, vừa có bộ côn đáng nghe – đây là kiểu đồng hồ phù hợp với những bác thích cả hình thức lẫn trải nghiệm âm thanh.

#Junhan #CônHoaThị #ĐồngHồTủ #ĐồngHồCổĐức #chatamdonghoco",121,"10/04/2026 20:04",https://www.facebook.com/groups/648485240734305/permalink/1407788484803973/,"Thước phim",,"Trọn đời",0,-3.1x,0,0,0,89,1,0,1,0,0,106,123,4.22,460.052,,
1781429366499013,100050310827163,"Đồng hồ Nhà kho","Đồng Hồ Tủ Junhan Côn Hoa Thị – Dáng Ông Sư Đậm Chất Đức

Một chiếc đồng hồ tủ Junhan mang dáng Ông Sư với phần mái vòm cổ điển, thân tủ cao và tỷ lệ cân đối. Điểm được nhiều người chơi tại Việt Nam yêu thích nằm ở bộ côn Hoa thị, cho tiếng sáng, trong, độ ngân tốt và từng nốt nghe khá rõ ràng.

Khi đặt bộ máy Đức cùng thùng tủ lớn, âm thanh có thêm không gian cộng hưởng, tạo cảm giác đầy đặn và thư thái hơn khi thưởng thức. Vừa có dáng tủ cổ để trưng bày, vừa có bộ côn đáng nghe – đây là kiểu đồng hồ phù hợp với những bác thích cả hình thức lẫn trải nghiệm âm thanh.

#Junhan #CônHoaThị #ĐồngHồTủ #ĐồngHồCổĐức #chatamdonghoco",121,"10/04/2026 20:04",https://www.facebook.com/groups/318070586168239/permalink/1781429366499013/,"Thước phim",,"Trọn đời",0,-0.3x,0,0,0,68,0,0,0,0,0,58,60,4.34,256.072,,
4498576696954838,100050310827163,"Đồng hồ Nhà kho","Đồng Hồ Tủ Junhan Côn Hoa Thị – Dáng Ông Sư Đậm Chất Đức

Một chiếc đồng hồ tủ Junhan mang dáng Ông Sư với phần mái vòm cổ điển, thân tủ cao và tỷ lệ cân đối. Điểm được nhiều người chơi tại Việt Nam yêu thích nằm ở bộ côn Hoa thị, cho tiếng sáng, trong, độ ngân tốt và từng nốt nghe khá rõ ràng.

Khi đặt bộ máy Đức cùng thùng tủ lớn, âm thanh có thêm không gian cộng hưởng, tạo cảm giác đầy đặn và thư thái hơn khi thưởng thức. Vừa có dáng tủ cổ để trưng bày, vừa có bộ côn đáng nghe – đây là kiểu đồng hồ phù hợp với những bác thích cả hình thức lẫn trải nghiệm âm thanh.

#Junhan #CônHoaThị #ĐồngHồTủ #ĐồngHồCổĐức #chatamdonghoco",121,"10/04/2026 20:05",https://www.facebook.com/groups/2045274432285089/permalink/4498576696954838/,"Thước phim",,"Trọn đời",0,-0.4x,0,0,0,48,0,0,0,0,0,42,49,2.858,128.641,,
1093560256787420,100050310827163,"Đồng hồ Nhà kho","Đồng Hồ Tủ Junhan Côn Hoa Thị – Dáng Ông Sư Đậm Chất Đức

Một chiếc đồng hồ tủ Junhan mang dáng Ông Sư với phần mái vòm cổ điển, thân tủ cao và tỷ lệ cân đối. Điểm được nhiều người chơi tại Việt Nam yêu thích nằm ở bộ côn Hoa thị, cho tiếng sáng, trong, độ ngân tốt và từng nốt nghe khá rõ ràng.

Khi đặt bộ máy Đức cùng thùng tủ lớn, âm thanh có thêm không gian cộng hưởng, tạo cảm giác đầy đặn và thư thái hơn khi thưởng thức. Vừa có dáng tủ cổ để trưng bày, vừa có bộ côn đáng nghe – đây là kiểu đồng hồ phù hợp với những bác thích cả hình thức lẫn trải nghiệm âm thanh.

#Junhan #CônHoaThị #ĐồngHồTủ #ĐồngHồCổĐức #chatamdonghoco",121,"10/04/2026 20:05",https://www.facebook.com/groups/273029195507201/permalink/1093560256787420/,"Thước phim",,"Trọn đời",0,-3.3x,0,0,0,78,0,0,0,0,0,69,81,4.141,306.442,,
1699507911736220,100050310827163,"Đồng hồ Nhà kho","Đồng Hồ Tủ Pháp Vê Đét – 10 Côn, 2 Bài Nhạc

Một cấu hình khá thú vị trên đồng hồ tủ Vê Đét của Pháp với bộ máy 10 côn, chơi 2 bài nhạc. Thùng tủ lớn tạo không gian cộng hưởng tốt, giúp tiếng côn khi vang lên có độ đầy và ngân nghe rất cuốn hút.

Điểm nổi bật về hình thức là những chi tiết mạ vàng hồng, tạo sắc màu ấm và sang nhưng vẫn giữ được nét cổ điển của đồng hồ tủ châu Âu. Với dòng này, cái thú không chỉ nằm ở việc xem giờ mà còn ở cảm giác ngồi nghe từng lượt nhạc vang lên trong không gian.

#VêĐét #10con #ĐồngHồTủPháp #ĐồngHồCổPháp #chatamdonghoco",81,"10/04/2026 20:29",https://www.facebook.com/reel/2273148273541967/,"Thước phim",,"Trọn đời",0,+2.4x,0,0,0,195,5,0,2,0,3,190,222,6.403,1331.881,,
3658303170993585,100050310827163,"Đồng hồ Nhà kho","Đồng Hồ Tủ Pháp Vê Đét – 10 Côn, 2 Bài Nhạc

Một cấu hình khá thú vị trên đồng hồ tủ Vê Đét của Pháp với bộ máy 10 côn, chơi 2 bài nhạc. Thùng tủ lớn tạo không gian cộng hưởng tốt, giúp tiếng côn khi vang lên có độ đầy và ngân nghe rất cuốn hút.

Điểm nổi bật về hình thức là những chi tiết mạ vàng hồng, tạo sắc màu ấm và sang nhưng vẫn giữ được nét cổ điển của đồng hồ tủ châu Âu. Với dòng này, cái thú không chỉ nằm ở việc xem giờ mà còn ở cảm giác ngồi nghe từng lượt nhạc vang lên trong không gian.

#VêĐét #10con #ĐồngHồTủPháp #ĐồngHồCổPháp #chatamdonghoco",81,"10/04/2026 20:30",https://www.facebook.com/groups/621233334700599/permalink/3658303170993585/,"Thước phim",,"Trọn đời",0,-0.9x,0,0,0,152,0,0,0,0,0,135,146,4.982,692.566,,
1446199120716385,100050310827163,"Đồng hồ Nhà kho","Đồng Hồ Tủ Pháp Vê Đét – 10 Côn, 2 Bài Nhạc

Một cấu hình khá thú vị trên đồng hồ tủ Vê Đét của Pháp với bộ máy 10 côn, chơi 2 bài nhạc. Thùng tủ lớn tạo không gian cộng hưởng tốt, giúp tiếng côn khi vang lên có độ đầy và ngân nghe rất cuốn hút.

Điểm nổi bật về hình thức là những chi tiết mạ vàng hồng, tạo sắc màu ấm và sang nhưng vẫn giữ được nét cổ điển của đồng hồ tủ châu Âu. Với dòng này, cái thú không chỉ nằm ở việc xem giờ mà còn ở cảm giác ngồi nghe từng lượt nhạc vang lên trong không gian.

#VêĐét #10con #ĐồngHồTủPháp #ĐồngHồCổPháp #chatamdonghoco",81,"10/04/2026 20:30",https://www.facebook.com/groups/799627422040228/permalink/1446199120716385/,"Thước phim",,"Trọn đời",0,-3.2x,0,0,0,79,1,0,1,0,0,67,72,3.765,267.352,,
28560577493645301,100050310827163,"Đồng hồ Nhà kho","Đồng Hồ Tủ Pháp Vê Đét – 10 Côn, 2 Bài Nhạc

Một cấu hình khá thú vị trên đồng hồ tủ Vê Đét của Pháp với bộ máy 10 côn, chơi 2 bài nhạc. Thùng tủ lớn tạo không gian cộng hưởng tốt, giúp tiếng côn khi vang lên có độ đầy và ngân nghe rất cuốn hút.

Điểm nổi bật về hình thức là những chi tiết mạ vàng hồng, tạo sắc màu ấm và sang nhưng vẫn giữ được nét cổ điển của đồng hồ tủ châu Âu. Với dòng này, cái thú không chỉ nằm ở việc xem giờ mà còn ở cảm giác ngồi nghe từng lượt nhạc vang lên trong không gian.

#VêĐét #10con #ĐồngHồTủPháp #ĐồngHồCổPháp #chatamdonghoco",81,"10/04/2026 20:30",https://www.facebook.com/groups/3608168099312919/permalink/28560577493645301/,"Thước phim",,"Trọn đời",0,-1.2x,0,0,0,131,1,0,1,0,0,119,128,4.953,599.371,,
1699524311734580,100050310827163,"Đồng hồ Nhà kho","Bánh Xe Thoát – Nơi Tạo Nên Từng Nhịp Sống Của Đồng Hồ Cơ

Trong một bộ máy đồng hồ cơ, bánh xe thoát là chi tiết rất đáng để quan sát. Nó làm việc cùng ngựa và hệ quả lắc, giúp nguồn năng lượng từ dây cót hoặc quả tạ không giải phóng ào ạt mà được nhả ra từng bước theo nhịp.

Mỗi lần quả lắc dao động, ngựa lần lượt khóa – nhả bánh xe thoát, tạo nên tiếng “tích – tắc” quen thuộc và cho phép hệ bánh răng tiến từng nhịp có kiểm soát.

Ở những bộ máy đồng hồ công cộng kích thước lớn, cơ cấu này càng dễ quan sát: từng chiếc răng, chuyển động của ngựa và bánh xe thoát hiện ra rất rõ. Một cơ cấu tưởng đơn giản nhưng lại là phần cốt lõi giúp đồng hồ cơ duy trì nhịp thời gian.

#BánhXeThoát #CơCấuNgựa #ĐồngHồCơCổ #KỹThuậtĐồngHồ #CơKhíĐồngHồ",13,"10/04/2026 20:56",https://www.facebook.com/reel/2256405058488443/,"Thước phim",,"Trọn đời",2,+13.3x,0,0,0,111740,498,60,477,50,8,111832,159803,9.271,1021195.084,,
1699572718396406,100050310827163,"Đồng hồ Nhà kho","Chuông Đánh Lệch So Với Vị Trí Kim – Có Thể Do Kim Phút

Ở đồng hồ cơ, đôi khi thời điểm đánh chuông không trùng với vị trí của kim phút. Một nguyên nhân thường gặp là lõi kim phút hoặc vị trí lắp kim đã bị xoay lệch trong quá trình sử dụng, tháo lắp hay căn chỉnh.

Nếu cơ cấu chuông vẫn hoạt động đúng, ta có thể đưa kim phút về đúng vị trí tương ứng với thời điểm máy bắt đầu đánh chuông, sau đó kiểm tra lại qua vài chu kỳ. Vì vậy gặp hiện tượng chuông đánh sớm hoặc muộn so với kim, chưa nên vội kết luận bộ máy có vấn đề.

#ĐồngHồCơCổ #KimPhút #ChỉnhĐồngHồ #KỹThuậtĐồngHồ #CơKhíĐồngHồ",49,"10/04/2026 22:20",https://www.facebook.com/reel/1102969588941656/,"Thước phim",,"Trọn đời",0,+1.4x,0,0,0,3503,36,1,34,3,0,3352,4132,18.248,62190.197,,
1699590751727936,100050310827163,"Đồng hồ Nhà kho","ÔĐô 30 Côn Đồng – Kính Kim Cương Tạo Nét Riêng

Một phiên bản ÔĐô 30 khá duyên với bộ côn đồng và phần kính được tạo hình kiểu kim cương, giúp mặt thùng bắt sáng và có chiều sâu hơn khi quan sát trực tiếp.

Điểm hay của dòng này nằm ở sự kết hợp giữa tỷ lệ thùng vừa phải của máy 30 với những chi tiết trang trí mang đậm phong cách đồng hồ Pháp xưa. Bộ côn đồng lại đem đến một sắc âm riêng, nghe ấm và có độ ngân. Với người chơi, đôi khi chính những chi tiết như kính, mặt số, bộ côn và dáng thùng mới tạo nên cá tính cho từng chiếc.

#ÔĐô #Odo30 #CônĐồng #ĐồngHồCổPháp #SưuTầmĐồngHồCổ",0,"10/04/2026 22:52",https://www.facebook.com/donghonhakho.vn/posts/pfbid047Pj4LfDv5MswCrf4581roCaa4gAqw68Ei22dirZFx2KsK1iTUVa68mtJxCTKp7gl,Ảnh,,"Trọn đời",1,--,0,0,0,596,5,0,3,0,1,583,831,,,,
1699676278386050,100050310827163,"Đồng hồ Nhà kho","Đồng hồ vai bò Urgos 4 côn- Dáng nhỏ gọn, âm bính boong dễ nghe- Mã số #782
💵:2tr8
✨ Một mẫu đồng hồ vai bò Đức có dáng khá thanh thoát, kích thước vừa phải, phù hợp trưng trên tủ kệ mà không chiếm nhiều diện tích. Thùng gỗ màu nâu ấm, đường nét bo tròn mềm mại, phần mặt số tròn nổi bật với nền gỗ đồng điệu cùng thân vỏ, tạo tổng thể cổ điển và trang nhã.

✨ Bên trong sử dụng máy Urgos cơ lên cót, kết hợp bộ 4 côn. Máy có kết cấu chắc chắn, các chi tiết cơ khí mang đúng nét đặc trưng của đồng hồ cơ cổ Đức.

🔔 Điểm thú vị nằm ở chất âm bính boong mộc mạc, tiếng chuông rõ nhưng không quá cầu kỳ, nghe nhẹ nhàng và dễ chịu. Cứ 30 phút đồng hồ lại điểm chuông một lần, vừa báo thời gian vừa tạo nét sinh động đặc trưng của đồng hồ cơ cổ.

✨ Một lựa chọn đáng tham khảo cho người thích đồng hồ cổ Đức, đồng hồ cơ cổ có kích thước nhỏ gọn, kiểu dáng đẹp và âm thanh dễ nghe.

📐 Kích thước: 52 × 21 cm
📍 KĐT Văn Phú – Hà Đông – Hà Nội
☎️ 0963.456.963 

#đồng_hồ_cổ, #đồng_hồ_vai_bò, #đồng_hồ_cổ_Đức, #đồng_hồ_cơ_cổ, #đồng_hồ_Urgos, #vai_bò_Urgos, #đồng_hồ_4_côn, #đồng_hồ_bính_boong, #đồng_hồ_châu_Âu_cổ, #đồng_hồ_sưu_tầm, #sưu_tầm_đồng_hồ_cổ, #âm_thanh_đồng_hồ_cổ, #đồ_cổ_châu_Âu",0,"10/05/2026 01:13",https://www.facebook.com/donghonhakho.vn/posts/pfbid022tjSuzSsqB3mqS2H7WwT4VJwWTDpGoxfMfS9aTySwtMi9NawUe7nGhVeWGnyyTjQl,Ảnh,,"Trọn đời",1,--,0,0,0,344,2,0,0,0,1,346,484,,,,
1699727398380938,100050310827163,"Đồng hồ Nhà kho","𝓕𝓕ℜ 11 Côn 11 Búa – Giai Điệu Ma Normandie Đầy Chất Pháp

Một cấu hình khá thú vị của đồng hồ 𝓕𝓕ℜ với bộ máy 11 côn 11 búa, chơi giai điệu Ma Normandie. Số lượng côn nhiều giúp bộ nhạc có thêm khoảng âm để thể hiện giai điệu, tạo cảm giác phong phú hơn khi từng búa lần lượt tác động lên bộ côn.

Điểm đáng nghe ở chiếc này chính là Ma Normandie – một giai điệu mang màu sắc Pháp rất rõ, khi được thể hiện hoàn toàn bằng cơ khí lại có nét mộc mạc và cảm xúc riêng. Đây cũng là kiểu đồng hồ mà người chơi nên nghe trực tiếp để cảm nhận hết chất âm của từng bộ côn.

#𝓕𝓕ℜ #11con11bua #MaNormandie #ĐồngHồCổPháp #chatamdonghoco",50,"10/05/2026 02:32",https://www.facebook.com/reel/2100221577271695/,"Thước phim",,"Trọn đời",0,+2.1x,0,0,0,500,8,0,4,1,3,471,597,9.786,5079.273,,
1699741915046153,100050310827163,"Đồng hồ Nhà kho","ÔĐô 30 Kính Kim Cương – Càng Nhìn Càng Thấy Có Duyên

Một điểm rất đẹp trên chiếc ÔĐô 30 này chính là phần kính kim cương nguyên bản. Những đường chia kính tạo hiệu ứng bắt sáng, khiến mặt thùng có chiều sâu và nổi bật hơn nhưng vẫn giữ được vẻ cổ điển vốn có.

Kết hợp cùng bộ côn đồng, chiếc đồng hồ vừa có nét đẹp về hình thức, vừa mang một sắc âm riêng khi thưởng thức. Với đồng hồ cổ, đôi khi giá trị không nằm ở một chi tiết riêng lẻ mà chính là sự đồng bộ giữa thùng, kính, mặt số, bộ máy và bộ côn còn giữ được trên cùng một chiếc.

#ÔĐô #Odo30 #KínhKimCương #ĐồngHồCổPháp #SưuTầmĐồngHồCổ",43,"10/05/2026 02:55",https://www.facebook.com/reel/1454854486567530/,"Thước phim",,"Trọn đời",0,+1.9x,0,0,0,371,5,0,2,0,3,350,457,8.039,3127.257,,
1699756498378028,100050310827163,"Đồng hồ Nhà kho","Đồng hồ vai bò Đức 5 côn – Dáng nhỏ gọn, chất âm dễ nghe- Mã số #646

✨ Mẫu đồng hồ vai bò Đức mang dáng cổ điển nhưng kích thước khá gọn, rất dễ bố trí trên tủ, kệ hay bàn console. Thùng gỗ lên màu nâu ấm, hai bên tạo vân đẹp, phần mặt số tròn tông vàng kết hợp bộ kim thanh mảnh tạo tổng thể nhẹ nhàng, hài hòa.

✨ Bên trong là bộ máy cơ lên cót 3 lỗ, kết cấu chắc chắn, cơ cấu máy còn khá sạch đẹp. Bộ 5 côn – 5 búa được bố trí gọn phía dưới, đúng kiểu đồng hồ cơ cổ châu Âu. Đây là cấu hình vừa phải, dễ chơi, dễ sử dụng và phù hợp với những ai thích một chiếc đồng hồ cổ Đức có kích thước nhỏ nhưng vẫn đầy đủ phần máy và chuông.

✨ Điểm dễ chịu của chiếc này nằm ở chất âm 5 côn: tiếng chuông trong, vừa tai, độ ngân vừa phải nên nghe lâu không bị nặng tiếng. Đặt trong phòng khách, phòng làm việc hay không gian vừa và nhỏ đều hợp; vừa xem giờ, vừa có âm thanh đồng hồ cổ tạo cảm giác rất riêng của một chiếc đồng hồ sưu tầm lâu năm.

📐 Kích thước: 51 x 21 cm
📍 KĐT Văn Phú, Hà Đông, Hà Nội
☎️ 0963.456.963 

#đồnghồcổ, #đồnghồvaibò, #đồnghồcổĐức, #đồnghồĐức, #đồnghồ5côn, #đồnghồcônđồng, #đồnghồcơcổ, #đồnghồđểbàn, #đồnghồchâuÂucổ, #đồnghồnguyênbản, #đồnghồsưutầm, #sưutầmđồnghồcổ, #âmthanhđồnghồcổ, #chấtâmđồnghồcổ, #đồcổchâuÂu",0,"10/05/2026 03:18",https://www.facebook.com/donghonhakho.vn/posts/pfbid02idW6BrjWJPpxnkNyqsJW8ycReNnx9nWXrkkoPPU7VUXS8WECopJTAbwDQY37LJUfl,Ảnh,,"Trọn đời",1,--,0,0,0,368,5,0,3,0,1,368,551,,,,
1699799301707081,100050310827163,"Đồng hồ Nhà kho","Đồng Hồ ÔĐô Kim Cương Là Gì? Vì Sao Dòng Kính Kim Cương Được Người Chơi Ưa Chuộng?

✨ Trong giới chơi đồng hồ cổ, chúng ta thường nghe những cách gọi như đồng hồ kim cương, ÔĐô kim cương, ÔĐô 30 kim cương hay ÔĐô 36 kim cương. Nghe tên khá đặc biệt nhưng chữ “kim cương” ở đây hoàn toàn không có nghĩa chiếc đồng hồ hay tấm kính có chứa kim cương. Đây là cách người chơi gọi một kiểu thiết kế cửa kính rất đặc trưng trên đồng hồ treo tường cổ.

✨ Điểm dễ nhận biết nhất nằm ở ô kính phía dưới mặt số, nơi chúng ta quan sát quả lắc. Thay vì một tấm kính phẳng đơn giản, phần cửa này được chia thành nhiều mặt hình học. Các mép kính thường được mài vát và sắp xếp đối xứng, tạo cảm giác gần giống những mặt cắt của một viên kim cương. Khi ánh sáng chiếu vào từ những hướng khác nhau, từng cạnh kính phản xạ ánh sáng và tạo nên vẻ lấp lánh khá đẹp mắt.

✨ Hiệu ứng này càng rõ hơn khi đồng hồ đang hoạt động. Quả lắc phía sau liên tục di chuyển qua lại, hình ảnh và ánh sáng phản chiếu qua nhiều mặt kính cũng thay đổi theo. Vì vậy, vẻ đẹp của đồng hồ kim cương không chỉ nằm ở thùng gỗ hay mặt số mà còn nằm ở sự chuyển động giữa quả lắc – kính – ánh sáng.

✨ Trong số những mẫu được người chơi Việt Nam nhắc tới nhiều, ÔĐô 30 kim cương và ÔĐô 36 kim cương là hai cách gọi quen thuộc. Đặc biệt, những chiếc ÔĐô 36 có thùng đẹp, mặt số hài hòa và bộ kính kim cương còn nguyên vẹn thường nhận được nhiều sự quan tâm của người sưu tầm. Tuy nhiên, muốn xác định chính xác một chiếc thuộc máy ÔĐô 30 hay ÔĐô 36 thì vẫn phải kiểm tra bộ máy, không nên chỉ nhìn phần thùng phía ngoài.

✨ Kiểu kính tương tự cũng có thể xuất hiện trên một số đồng hồ thuộc thương hiệu khác, nhưng trong cách nói quen thuộc của giới chơi tại Việt Nam, nhắc đến đồng hồ kim cương người ta thường liên tưởng trước tiên đến những chiếc ÔĐô cổ của Pháp. Chính phần kính nhiều mặt, khả năng bắt sáng tốt và chuyển động của quả lắc đã tạo nên vẻ đẹp riêng khiến dòng này được nhiều người chơi yêu thích.

Ghi nhớ

Kim cương = cách gọi kiểu tạo hình và gia công kính.

Không phải:

kim cương = vật liệu cấu tạo của kính hay đồng hồ.",0,"10/05/2026 04:21",https://www.facebook.com/donghonhakho.vn/posts/pfbid0w5i9aZLNszACyuHQDGTN6EZeQubkxVMb3P3kpnVTR3g8KKAgrpeQg5Teyccmb49Tl,Ảnh,,"Trọn đời",0,--,0,0,0,545,13,0,2,0,11,538,770,,,,
1699814468372231,100050310827163,"Đồng hồ Nhà kho","Đồng Hồ Để Bàn ÔĐô – Khi Đồng Hồ Kết Hợp Cùng Đèn Trang Trí

Một thiết kế khá lạ mắt của ÔĐô để bàn, khi trên cùng một sản phẩm vừa có chức năng xem giờ, vừa kết hợp đèn chiếu sáng trang trí. Khi bật đèn, tổng thể trở thành một món decor có điểm nhấn, rất hợp đặt trên bàn làm việc, tủ trưng bày hay góc phòng khách.

Bên trong là bộ máy vách xoáy, kết hợp hệ chuông cho chất âm ngân và dễ nghe. Cái thú vị của mẫu này chính là sự giao thoa giữa cơ khí đồng hồ, âm thanh và ánh sáng, tạo nên một cách chơi khác hẳn những mẫu ÔĐô treo tường quen thuộc.

#ÔĐô #ĐồngHồĐểBàn #ĐồngHồCổPháp #ĐồCổChâuÂu #SưuTầmĐồngHồCổ",0,"10/05/2026 04:45",https://www.facebook.com/donghonhakho.vn/posts/pfbid0qqfmrL9pJMLdWi5H1VRBhCEWbzvBCnNQ8oTujmQBoZbkbxeSsCeEmSvga3svBMi3l,Ảnh,,"Trọn đời",0,--,0,0,0,265,3,0,2,0,1,260,407,,,,
1699823808371297,100050310827163,"Đồng hồ Nhà kho","ÔĐô 36/10 – Càng Tìm Hiểu Càng Có Nhiều Thứ Để Chơi

Điều thú vị ở ÔĐô 36/10 là cùng một tên máy nhưng trải nghiệm trên từng chiếc chưa chắc giống nhau. Sau nhiều năm sử dụng, tình trạng bộ côn, búa, thùng cộng hưởng và cách căn chỉnh đều có thể ảnh hưởng đến tiếng nghe thực tế.

Bởi vậy, đừng chỉ nhìn thấy “36/10” rồi mặc định chiếc nào cũng cho chất âm như nhau. Có những bộ hình thức rất đẹp nhưng tiếng chưa chắc hợp tai; ngược lại, có chiếc vẻ ngoài mộc mạc nhưng khi lên nhạc lại khiến mình muốn đứng nghe thật lâu.

Tên máy để phân loại, còn chất âm phải nghe bằng chính đôi tai mình.

#ÔĐô #Odo36_10 #10con10bua #chatamdonghoco #SưuTầmĐồngHồCổ",15,"10/05/2026 04:57",https://www.facebook.com/reel/1422667606715629/,"Thước phim",,"Trọn đời",0,+0.4x,0,0,0,480,5,0,5,0,0,429,592,6.856,3195.14,,
3658707227619846,100050310827163,"Đồng hồ Nhà kho","ÔĐô 36/10 – Càng Tìm Hiểu Càng Có Nhiều Thứ Để Chơi

Điều thú vị ở ÔĐô 36/10 là cùng một tên máy nhưng trải nghiệm trên từng chiếc chưa chắc giống nhau. Sau nhiều năm sử dụng, tình trạng bộ côn, búa, thùng cộng hưởng và cách căn chỉnh đều có thể ảnh hưởng đến tiếng nghe thực tế.

Bởi vậy, đừng chỉ nhìn thấy “36/10” rồi mặc định chiếc nào cũng cho chất âm như nhau. Có những bộ hình thức rất đẹp nhưng tiếng chưa chắc hợp tai; ngược lại, có chiếc vẻ ngoài mộc mạc nhưng khi lên nhạc lại khiến mình muốn đứng nghe thật lâu.

Tên máy để phân loại, còn chất âm phải nghe bằng chính đôi tai mình.

#ÔĐô #Odo36_10 #10con10bua #chatamdonghoco #SưuTầmĐồngHồCổ",15,"10/05/2026 04:58",https://www.facebook.com/groups/621233334700599/permalink/3658707227619846/,"Thước phim",,"Trọn đời",0,+0.2x,0,0,0,152,0,0,0,0,0,139,174,4.678,678.319,,
1781751753133441,100050310827163,"Đồng hồ Nhà kho","ÔĐô 36/10 – Càng Tìm Hiểu Càng Có Nhiều Thứ Để Chơi

Điều thú vị ở ÔĐô 36/10 là cùng một tên máy nhưng trải nghiệm trên từng chiếc chưa chắc giống nhau. Sau nhiều năm sử dụng, tình trạng bộ côn, búa, thùng cộng hưởng và cách căn chỉnh đều có thể ảnh hưởng đến tiếng nghe thực tế.

Bởi vậy, đừng chỉ nhìn thấy “36/10” rồi mặc định chiếc nào cũng cho chất âm như nhau. Có những bộ hình thức rất đẹp nhưng tiếng chưa chắc hợp tai; ngược lại, có chiếc vẻ ngoài mộc mạc nhưng khi lên nhạc lại khiến mình muốn đứng nghe thật lâu.

Tên máy để phân loại, còn chất âm phải nghe bằng chính đôi tai mình.

#ÔĐô #Odo36_10 #10con10bua #chatamdonghoco #SưuTầmĐồngHồCổ",15,"10/05/2026 04:58",https://www.facebook.com/groups/318070586168239/permalink/1781751753133441/,"Thước phim",,"Trọn đời",0,+0.3x,0,0,0,343,4,0,4,0,0,321,422,6.587,2200.173,,
1408115584771263,100050310827163,"Đồng hồ Nhà kho","ÔĐô 36/10 – Càng Tìm Hiểu Càng Có Nhiều Thứ Để Chơi

Điều thú vị ở ÔĐô 36/10 là cùng một tên máy nhưng trải nghiệm trên từng chiếc chưa chắc giống nhau. Sau nhiều năm sử dụng, tình trạng bộ côn, búa, thùng cộng hưởng và cách căn chỉnh đều có thể ảnh hưởng đến tiếng nghe thực tế.

Bởi vậy, đừng chỉ nhìn thấy “36/10” rồi mặc định chiếc nào cũng cho chất âm như nhau. Có những bộ hình thức rất đẹp nhưng tiếng chưa chắc hợp tai; ngược lại, có chiếc vẻ ngoài mộc mạc nhưng khi lên nhạc lại khiến mình muốn đứng nghe thật lâu.

Tên máy để phân loại, còn chất âm phải nghe bằng chính đôi tai mình.

#ÔĐô #Odo36_10 #10con10bua #chatamdonghoco #SưuTầmĐồngHồCổ",15,"10/05/2026 04:59",https://www.facebook.com/groups/648485240734305/permalink/1408115584771263/,"Thước phim",,"Trọn đời",0,+0.3x,0,0,0,748,6,0,5,1,0,707,932,6.65,4887.889,,
1763276978273533,100050310827163,"Đồng hồ Nhà kho","ÔĐô 36/10 – Càng Tìm Hiểu Càng Có Nhiều Thứ Để Chơi

Điều thú vị ở ÔĐô 36/10 là cùng một tên máy nhưng trải nghiệm trên từng chiếc chưa chắc giống nhau. Sau nhiều năm sử dụng, tình trạng bộ côn, búa, thùng cộng hưởng và cách căn chỉnh đều có thể ảnh hưởng đến tiếng nghe thực tế.

Bởi vậy, đừng chỉ nhìn thấy “36/10” rồi mặc định chiếc nào cũng cho chất âm như nhau. Có những bộ hình thức rất đẹp nhưng tiếng chưa chắc hợp tai; ngược lại, có chiếc vẻ ngoài mộc mạc nhưng khi lên nhạc lại khiến mình muốn đứng nghe thật lâu.

Tên máy để phân loại, còn chất âm phải nghe bằng chính đôi tai mình.

#ÔĐô #Odo36_10 #10con10bua #chatamdonghoco #SưuTầmĐồngHồCổ",15,"10/05/2026 04:59",https://www.facebook.com/groups/865410864726820/pending_posts/1763276978273533/,"Thước phim",,"Trọn đời",0,--,0,0,0,0,0,0,0,0,0,0,0,0,0,,
3327744817422217,100050310827163,"Đồng hồ Nhà kho","ÔĐô 36/10 – Càng Tìm Hiểu Càng Có Nhiều Thứ Để Chơi

Điều thú vị ở ÔĐô 36/10 là cùng một tên máy nhưng trải nghiệm trên từng chiếc chưa chắc giống nhau. Sau nhiều năm sử dụng, tình trạng bộ côn, búa, thùng cộng hưởng và cách căn chỉnh đều có thể ảnh hưởng đến tiếng nghe thực tế.

Bởi vậy, đừng chỉ nhìn thấy “36/10” rồi mặc định chiếc nào cũng cho chất âm như nhau. Có những bộ hình thức rất đẹp nhưng tiếng chưa chắc hợp tai; ngược lại, có chiếc vẻ ngoài mộc mạc nhưng khi lên nhạc lại khiến mình muốn đứng nghe thật lâu.

Tên máy để phân loại, còn chất âm phải nghe bằng chính đôi tai mình.

#ÔĐô #Odo36_10 #10con10bua #chatamdonghoco #SưuTầmĐồngHồCổ",15,"10/05/2026 06:05",https://www.facebook.com/groups/1896819127181467/permalink/3327744817422217/,"Thước phim",,"Trọn đời",0,-0.4x,0,0,0,68,1,0,1,0,0,63,71,3.415,225.414,,
1699938808359797,100050310827163,"Đồng hồ Nhà kho","Giá Trị Đồng Hồ Cổ Không Chỉ Nằm Ở Bộ Máy

Có những chiếc đồng hồ giá thành cao nhưng nguyên nhân không hoàn toàn nằm ở bộ máy. Giá trị của một chiếc đồng hồ cổ được tạo nên từ nhiều yếu tố: bộ máy, mặt số, kính, độ nguyên bản và đặc biệt là phần thùng.

Thực tế có những chiếc ÔĐô 68, giá trị riêng của bộ thùng thậm chí còn cao hơn cả bộ máy bên trong. Một bộ thùng đẹp, kiểu dáng hiếm, chất liệu tốt, hoàn thiện cầu kỳ và còn giữ được tình trạng đẹp có thể trở thành phần được người sưu tầm đặc biệt quan tâm.

Vì vậy, định giá đồng hồ cổ không nên chỉ nhìn vào máy. Có những chiếc đắt ở âm thanh, có chiếc đắt ở bộ máy, nhưng cũng có chiếc giá trị lại nằm ngay ở chiếc thùng.

#ÔĐô #Odo68 #ĐồngHồCổPháp #SưuTầmĐồngHồCổ #GiáTrịĐồngHồCổ",51,"10/05/2026 07:30",https://www.facebook.com/reel/1837194454096976/,"Thước phim",,"Trọn đời",0,+2.1x,0,0,0,541,10,0,7,0,3,529,641,7.326,4175.969,,
1699946531692358,100050310827163,"Đồng hồ Nhà kho","ÔĐô – Khi Ô Kính Cũng Chuyển Động Cùng Quả Lắc

Trên một số mẫu ÔĐô, phần ô kính phía dưới được tạo dáng cong như một chiếc chuông. Đây là một chi tiết thiết kế khá thú vị, bởi đường cong của ô kính có sự tương đồng với phương chuyển động qua lại của quả lắc phía sau.

Khi đồng hồ hoạt động, quả lắc liên tục đi qua khoảng kính này khiến tổng thể trông mềm mại và sinh động hơn. Thay vì một ô kính vuông đơn thuần, dáng kính hình chuông tạo thêm một nét chấm phá nhẹ nhàng, đồng thời giúp mặt số, thân thùng và khoang quả lắc liên kết với nhau hài hòa hơn.

#ÔĐô #ĐồngHồQuảLắc #ĐồngHồCổPháp #ThiếtKếĐồngHồ #SưuTầmĐồngHồCổ",63,"10/05/2026 07:40",https://www.facebook.com/reel/29602750482645796/,"Thước phim",,"Trọn đời",2,+4.6x,0,0,0,457,8,1,6,0,0,400,494,7.57,3399.313,,
1117423574583828,100050310827163,"Đồng hồ Nhà kho","ÔĐô – Khi Ô Kính Cũng Chuyển Động Cùng Quả Lắc

Trên một số mẫu ÔĐô, phần ô kính phía dưới được tạo dáng cong như một chiếc chuông. Đây là một chi tiết thiết kế khá thú vị, bởi đường cong của ô kính có sự tương đồng với phương chuyển động qua lại của quả lắc phía sau.

Khi đồng hồ hoạt động, quả lắc liên tục đi qua khoảng kính này khiến tổng thể trông mềm mại và sinh động hơn. Thay vì một ô kính vuông đơn thuần, dáng kính hình chuông tạo thêm một nét chấm phá nhẹ nhàng, đồng thời giúp mặt số, thân thùng và khoang quả lắc liên kết với nhau hài hòa hơn.

#ÔĐô #ĐồngHồQuảLắc #ĐồngHồCổPháp #ThiếtKếĐồngHồ #SưuTầmĐồngHồCổ",63,"10/05/2026 07:41",https://www.facebook.com/groups/148680894791439/pending_posts/1117423574583828/,"Thước phim",,"Trọn đời",0,--,0,0,0,0,0,0,0,0,0,0,0,0,0,,
3658864747604094,100050310827163,"Đồng hồ Nhà kho","ÔĐô – Khi Ô Kính Cũng Chuyển Động Cùng Quả Lắc

Trên một số mẫu ÔĐô, phần ô kính phía dưới được tạo dáng cong như một chiếc chuông. Đây là một chi tiết thiết kế khá thú vị, bởi đường cong của ô kính có sự tương đồng với phương chuyển động qua lại của quả lắc phía sau.

Khi đồng hồ hoạt động, quả lắc liên tục đi qua khoảng kính này khiến tổng thể trông mềm mại và sinh động hơn. Thay vì một ô kính vuông đơn thuần, dáng kính hình chuông tạo thêm một nét chấm phá nhẹ nhàng, đồng thời giúp mặt số, thân thùng và khoang quả lắc liên kết với nhau hài hòa hơn.

#ÔĐô #ĐồngHồQuảLắc #ĐồngHồCổPháp #ThiếtKếĐồngHồ #SưuTầmĐồngHồCổ",63,"10/05/2026 07:42",https://www.facebook.com/groups/621233334700599/permalink/3658864747604094/,"Thước phim",,"Trọn đời",0,+0.8x,0,0,0,155,1,0,1,0,0,132,150,8.87,1197.515,,
1408234624759359,100050310827163,"Đồng hồ Nhà kho","ÔĐô – Khi Ô Kính Cũng Chuyển Động Cùng Quả Lắc

Trên một số mẫu ÔĐô, phần ô kính phía dưới được tạo dáng cong như một chiếc chuông. Đây là một chi tiết thiết kế khá thú vị, bởi đường cong của ô kính có sự tương đồng với phương chuyển động qua lại của quả lắc phía sau.

Khi đồng hồ hoạt động, quả lắc liên tục đi qua khoảng kính này khiến tổng thể trông mềm mại và sinh động hơn. Thay vì một ô kính vuông đơn thuần, dáng kính hình chuông tạo thêm một nét chấm phá nhẹ nhàng, đồng thời giúp mặt số, thân thùng và khoang quả lắc liên kết với nhau hài hòa hơn.

#ÔĐô #ĐồngHồQuảLắc #ĐồngHồCổPháp #ThiếtKếĐồngHồ #SưuTầmĐồngHồCổ",63,"10/05/2026 07:42",https://www.facebook.com/groups/648485240734305/permalink/1408234624759359/,"Thước phim",,"Trọn đời",0,-3.1x,0,0,0,57,1,0,1,0,0,52,57,4.409,229.295,,
1763394348261796,100050310827163,"Đồng hồ Nhà kho","ÔĐô – Khi Ô Kính Cũng Chuyển Động Cùng Quả Lắc

Trên một số mẫu ÔĐô, phần ô kính phía dưới được tạo dáng cong như một chiếc chuông. Đây là một chi tiết thiết kế khá thú vị, bởi đường cong của ô kính có sự tương đồng với phương chuyển động qua lại của quả lắc phía sau.

Khi đồng hồ hoạt động, quả lắc liên tục đi qua khoảng kính này khiến tổng thể trông mềm mại và sinh động hơn. Thay vì một ô kính vuông đơn thuần, dáng kính hình chuông tạo thêm một nét chấm phá nhẹ nhàng, đồng thời giúp mặt số, thân thùng và khoang quả lắc liên kết với nhau hài hòa hơn.

#ÔĐô #ĐồngHồQuảLắc #ĐồngHồCổPháp #ThiếtKếĐồngHồ #SưuTầmĐồngHồCổ",63,"10/05/2026 07:42",https://www.facebook.com/groups/865410864726820/pending_posts/1763394348261796/,"Thước phim",,"Trọn đời",0,--,0,0,0,2,0,0,0,0,0,0,0,0,0,,
2318172922349356,100050310827163,"Đồng hồ Nhà kho","ÔĐô – Khi Ô Kính Cũng Chuyển Động Cùng Quả Lắc

Trên một số mẫu ÔĐô, phần ô kính phía dưới được tạo dáng cong như một chiếc chuông. Đây là một chi tiết thiết kế khá thú vị, bởi đường cong của ô kính có sự tương đồng với phương chuyển động qua lại của quả lắc phía sau.

Khi đồng hồ hoạt động, quả lắc liên tục đi qua khoảng kính này khiến tổng thể trông mềm mại và sinh động hơn. Thay vì một ô kính vuông đơn thuần, dáng kính hình chuông tạo thêm một nét chấm phá nhẹ nhàng, đồng thời giúp mặt số, thân thùng và khoang quả lắc liên kết với nhau hài hòa hơn.

#ÔĐô #ĐồngHồQuảLắc #ĐồngHồCổPháp #ThiếtKếĐồngHồ #SưuTầmĐồngHồCổ",63,"10/05/2026 07:42",https://www.facebook.com/groups/1684481929051795/permalink/2318172922349356/,"Thước phim",,"Trọn đời",2,+1.2x,0,0,0,111,3,0,1,0,0,100,125,3.988,450.704,,
1699950055025339,100050310827163,"Đồng hồ Nhà kho","ÔĐô 24 Đời 1954 – 6 Côn 10 Búa, Hai Bản Nhạc

Một cấu hình khá thú vị của ÔĐô 24 đời 1954 với bộ máy 6 côn 10 búa, chơi 2 bản nhạc Westminster và Sonodo. Việc sử dụng 10 búa trên 6 thanh côn tạo nên cách phối âm riêng, khác với những cấu hình 8/8 hay 10/10 thường được người chơi nhắc đến.

Đây cũng là cái hay khi tìm hiểu ÔĐô 24: cùng một dòng máy nhưng có thể gặp nhiều cấu hình côn, búa và hệ nhạc khác nhau. Muốn cảm nhận trọn vẹn, vẫn nên nghe trực tiếp từng bộ bởi chất âm thực tế mới là điều tạo nên cá tính của mỗi chiếc.

#ÔĐô #Odo24 #Sonodo #ĐồngHồCổPháp #chatamdonghoco",0,"10/05/2026 07:44",https://www.facebook.com/donghonhakho.vn/posts/pfbid0woY7kwkxcAqGACtuh8e8FvjNyjBJTWJXHHxrS6nAxyuFfxUNK6ooEzezzaWUGGwTl,Ảnh,,"Trọn đời",5,--,0,0,0,916,8,0,3,0,1,898,1292,,,,
1699952071691804,100050310827163,"Đồng hồ Nhà kho","ÔĐô 24 Đời 1954 – Một Cấu Hình Nghe Rất Thú Vị

ÔĐô 24 đời 1954, cấu hình 6 côn 10 búa, chơi hai bản nhạc Westminster và Sonodo. Điều thú vị ở bộ máy này là chỉ có 6 côn nhưng sử dụng tới 10 búa, tạo nên cách đánh và phối tiếng khá đặc trưng.

Khi vận hành, từng búa thay nhau tác động lên bộ côn để tạo thành giai điệu, cho cảm giác âm thanh vui tai và có nhiều nhịp chuyển. Đây cũng là một cấu hình đáng để nghe trực tiếp, bởi với đồng hồ cổ, thông số chỉ là một phần – chất âm thực tế mới là thứ khiến người chơi nhớ lâu.

#ÔĐô #Odo24 #Sonodo #ĐồngHồCổPháp #chatamdonghoco",23,"10/05/2026 07:47",https://www.facebook.com/reel/1079631101371717/,"Thước phim",,"Trọn đời",2,+4.8x,0,0,0,647,13,0,8,0,3,619,747,5.461,3456.958,,
1699953691691642,100050310827163,"Đồng hồ Nhà kho","ÔĐô 36/10 – Càng Tìm Hiểu Càng Có Nhiều Thứ Để Chơi

ÔĐô 36/10 thú vị ở chỗ không chỉ có một kiểu cố định. Qua từng chiếc có thể bắt gặp những khác biệt về vách máy, bộ côn, mặt số, kiểu thùng và cách hoàn thiện, tạo nên nhiều lựa chọn cho người sưu tầm.

Có người tìm 36/10 vì chất âm, người thích một bộ máy đẹp, nhưng cũng có người lại săn đúng kiểu thùng hoặc phiên bản ít gặp. Vì thế, cùng mang tên 36/10 nhưng giá trị và cảm xúc của từng chiếc có thể rất khác nhau.

Chơi lâu mới thấy: tên máy giúp phân loại, còn chính từng chiếc đồng hồ mới quyết định mình có thích hay không.

#ÔĐô #Odo36_10 #ĐồngHồCổPháp #SưuTầmĐồngHồCổ #ĐamMêĐồngHồCổ",20,"10/05/2026 07:49",https://www.facebook.com/reel/1576098803746959/,"Thước phim",,"Trọn đời",0,+0.3x,0,0,0,268,2,0,3,0,0,229,314,5.908,1530.235,,
3658873494269886,100050310827163,"Đồng hồ Nhà kho","ÔĐô 36/10 – Càng Tìm Hiểu Càng Có Nhiều Thứ Để Chơi

ÔĐô 36/10 thú vị ở chỗ không chỉ có một kiểu cố định. Qua từng chiếc có thể bắt gặp những khác biệt về vách máy, bộ côn, mặt số, kiểu thùng và cách hoàn thiện, tạo nên nhiều lựa chọn cho người sưu tầm.

Có người tìm 36/10 vì chất âm, người thích một bộ máy đẹp, nhưng cũng có người lại săn đúng kiểu thùng hoặc phiên bản ít gặp. Vì thế, cùng mang tên 36/10 nhưng giá trị và cảm xúc của từng chiếc có thể rất khác nhau.

Chơi lâu mới thấy: tên máy giúp phân loại, còn chính từng chiếc đồng hồ mới quyết định mình có thích hay không.

#ÔĐô #Odo36_10 #ĐồngHồCổPháp #SưuTầmĐồngHồCổ #ĐamMêĐồngHồCổ",20,"10/05/2026 07:50",https://www.facebook.com/groups/621233334700599/permalink/3658873494269886/,"Thước phim",,"Trọn đời",0,-0.3x,0,0,0,112,2,0,2,0,0,96,107,3.226,319.415,,
1408240794758742,100050310827163,"Đồng hồ Nhà kho","ÔĐô 36/10 – Càng Tìm Hiểu Càng Có Nhiều Thứ Để Chơi

ÔĐô 36/10 thú vị ở chỗ không chỉ có một kiểu cố định. Qua từng chiếc có thể bắt gặp những khác biệt về vách máy, bộ côn, mặt số, kiểu thùng và cách hoàn thiện, tạo nên nhiều lựa chọn cho người sưu tầm.

Có người tìm 36/10 vì chất âm, người thích một bộ máy đẹp, nhưng cũng có người lại săn đúng kiểu thùng hoặc phiên bản ít gặp. Vì thế, cùng mang tên 36/10 nhưng giá trị và cảm xúc của từng chiếc có thể rất khác nhau.

Chơi lâu mới thấy: tên máy giúp phân loại, còn chính từng chiếc đồng hồ mới quyết định mình có thích hay không.

#ÔĐô #Odo36_10 #ĐồngHồCổPháp #SưuTầmĐồngHồCổ #ĐamMêĐồngHồCổ",20,"10/05/2026 07:50",https://www.facebook.com/groups/648485240734305/permalink/1408240794758742/,"Thước phim",,"Trọn đời",0,+0.3x,0,0,0,152,2,0,2,0,0,137,162,4.665,662.439,,
1699960228357655,100050310827163,"Đồng hồ Nhà kho","Đồng Hồ Cúc Cu – Một Nét Đặc Trưng Của Vùng Rừng Đen Nước Đức

Nhắc đến đồng hồ Cúc Cu, người chơi thường nghĩ ngay tới vùng Black Forest – Rừng Đen của Đức, nơi nghề làm đồng hồ phát triển mạnh và gắn bó với đời sống của người dân qua nhiều thế hệ.

Từ những chiếc đồng hồ mang nhiều dấu ấn thủ công, Cúc Cu dần trở thành một sản phẩm đặc trưng của vùng với thùng gỗ chạm khắc, chim báo giờ, quả tạ kéo xích, tiếng Cúc Cu và những hoạt cảnh cơ khí.

Ngày nay, bên cạnh chức năng xem giờ, nhiều chiếc Cúc Cu còn được yêu thích như một món đồ thủ công trang trí, gợi nhắc đến truyền thống chế tác đồng hồ của vùng Rừng Đen nước Đức.

#ĐồngHồCúcCu #BlackForest #CúcCuĐức #ĐồngHồCổĐức #SưuTầmĐồngHồCổ",42,"10/05/2026 07:58",https://www.facebook.com/reel/1428907092722336/,"Thước phim",,"Trọn đời",0,+0.4x,0,0,0,409,4,0,4,0,0,353,413,5.228,2002.56,,
1700286018325076,100050310827163,"Đồng hồ Nhà kho","Ngắt Chuông Đêm – Một Tiện Ích Rất Hay Trên Đồng Hồ Cổ

Không phải đồng hồ cổ lúc nào cũng phải ngân chuông suốt ngày đêm. Trên một số phiên bản, nhà sản xuất đã trang bị cơ cấu ngắt chuông đêm, giúp hạn chế hoặc tạm dừng hệ chuông trong khoảng thời gian nghỉ ngơi.

Tùy từng bộ máy, việc ngắt chuông có thể được điều khiển thủ công bằng cần gạt hoặc hoạt động tự động theo cơ cấu được thiết kế sẵn. Đây là một chi tiết nhỏ nhưng khá thực dụng, đặc biệt khi đồng hồ được đặt trong phòng khách, phòng ngủ hay không gian cần sự yên tĩnh vào ban đêm.

#NgắtChuôngĐêm #ĐồngHồCổ #ĐồngHồCơCổ #KỹThuậtĐồngHồ #SưuTầmĐồngHồCổ",0,"10/05/2026 16:42",https://www.facebook.com/donghonhakho.vn/posts/pfbid02iwCFdve6Y3wpbJAgnor2we2DJTyeiRdMecf1nKVwZC5vkmENs44AuZoxvub19WeCl,Ảnh,,"Trọn đời",0,--,0,0,0,386,1,0,0,0,1,373,548,,,,
1700294091657602,100050310827163,"Đồng hồ Nhà kho","Đồng Hồ Có Ngắt Chuông Đêm – Chơi Hay Nhưng Không Làm Phiền Giấc Ngủ

Một chiếc đồng hồ cổ có tiếng chuông hay là để thưởng thức, nhưng đến ban đêm thì sự yên tĩnh lại quan trọng hơn. Vì vậy, cơ cấu ngắt chuông đêm là một trang bị rất đáng chú ý trên một số dòng đồng hồ cơ.

Khi kích hoạt, hệ chuông sẽ được hạn chế hoặc tạm ngừng hoạt động trong thời gian nghỉ, trong khi hệ chạy và việc xem giờ vẫn diễn ra bình thường. Sáng hôm sau, tùy thiết kế, hệ chuông được bật lại thủ công hoặc tự động trở lại.

Một cơ cấu nhỏ nhưng cho thấy đồng hồ xưa không chỉ đẹp và hay ở âm thanh mà còn được tính đến trải nghiệm sử dụng hằng ngày.

#NgắtChuôngĐêm #ĐồngHồCổ #ĐồngHồCơCổ #KỹThuậtĐồngHồ #ĐamMêĐồngHồCổ",24,"10/05/2026 16:58",https://www.facebook.com/reel/4516326238614364/,"Thước phim",,"Trọn đời",0,+0.2x,0,0,0,180,1,0,1,0,0,152,208,4.39,799.124,,
3659369437553625,100050310827163,"Đồng hồ Nhà kho","Đồng Hồ Có Ngắt Chuông Đêm – Chơi Hay Nhưng Không Làm Phiền Giấc Ngủ

Một chiếc đồng hồ cổ có tiếng chuông hay là để thưởng thức, nhưng đến ban đêm thì sự yên tĩnh lại quan trọng hơn. Vì vậy, cơ cấu ngắt chuông đêm là một trang bị rất đáng chú ý trên một số dòng đồng hồ cơ.

Khi kích hoạt, hệ chuông sẽ được hạn chế hoặc tạm ngừng hoạt động trong thời gian nghỉ, trong khi hệ chạy và việc xem giờ vẫn diễn ra bình thường. Sáng hôm sau, tùy thiết kế, hệ chuông được bật lại thủ công hoặc tự động trở lại.

Một cơ cấu nhỏ nhưng cho thấy đồng hồ xưa không chỉ đẹp và hay ở âm thanh mà còn được tính đến trải nghiệm sử dụng hằng ngày.

#NgắtChuôngĐêm #ĐồngHồCổ #ĐồngHồCơCổ #KỹThuậtĐồngHồ #ĐamMêĐồngHồCổ",24,"10/05/2026 16:59",https://www.facebook.com/groups/621233334700599/permalink/3659369437553625/,"Thước phim",,"Trọn đời",0,-0.3x,0,0,0,63,0,0,0,0,0,59,74,3.728,231.189,,
1408565821392906,100050310827163,"Đồng hồ Nhà kho","Đồng Hồ Có Ngắt Chuông Đêm – Chơi Hay Nhưng Không Làm Phiền Giấc Ngủ

Một chiếc đồng hồ cổ có tiếng chuông hay là để thưởng thức, nhưng đến ban đêm thì sự yên tĩnh lại quan trọng hơn. Vì vậy, cơ cấu ngắt chuông đêm là một trang bị rất đáng chú ý trên một số dòng đồng hồ cơ.

Khi kích hoạt, hệ chuông sẽ được hạn chế hoặc tạm ngừng hoạt động trong thời gian nghỉ, trong khi hệ chạy và việc xem giờ vẫn diễn ra bình thường. Sáng hôm sau, tùy thiết kế, hệ chuông được bật lại thủ công hoặc tự động trở lại.

Một cơ cấu nhỏ nhưng cho thấy đồng hồ xưa không chỉ đẹp và hay ở âm thanh mà còn được tính đến trải nghiệm sử dụng hằng ngày.

#NgắtChuôngĐêm #ĐồngHồCổ #ĐồngHồCơCổ #KỹThuậtĐồngHồ #ĐamMêĐồngHồCổ",24,"10/05/2026 16:59",https://www.facebook.com/groups/648485240734305/permalink/1408565821392906/,"Thước phim",,"Trọn đời",0,-0.2x,0,0,0,109,0,0,0,0,0,95,108,4.483,434.88,,
1782210339754249,100050310827163,"Đồng hồ Nhà kho","Đồng Hồ Có Ngắt Chuông Đêm – Chơi Hay Nhưng Không Làm Phiền Giấc Ngủ

Một chiếc đồng hồ cổ có tiếng chuông hay là để thưởng thức, nhưng đến ban đêm thì sự yên tĩnh lại quan trọng hơn. Vì vậy, cơ cấu ngắt chuông đêm là một trang bị rất đáng chú ý trên một số dòng đồng hồ cơ.

Khi kích hoạt, hệ chuông sẽ được hạn chế hoặc tạm ngừng hoạt động trong thời gian nghỉ, trong khi hệ chạy và việc xem giờ vẫn diễn ra bình thường. Sáng hôm sau, tùy thiết kế, hệ chuông được bật lại thủ công hoặc tự động trở lại.

Một cơ cấu nhỏ nhưng cho thấy đồng hồ xưa không chỉ đẹp và hay ở âm thanh mà còn được tính đến trải nghiệm sử dụng hằng ngày.

#NgắtChuôngĐêm #ĐồngHồCổ #ĐồngHồCơCổ #KỹThuậtĐồngHồ #ĐamMêĐồngHồCổ",24,"10/05/2026 16:59",https://www.facebook.com/groups/318070586168239/permalink/1782210339754249/,"Thước phim",,"Trọn đời",4,+5.5x,0,0,0,150,4,0,0,0,0,139,158,3.708,541.45,,
28572248962478154,100050310827163,"Đồng hồ Nhà kho","Đồng Hồ Có Ngắt Chuông Đêm – Chơi Hay Nhưng Không Làm Phiền Giấc Ngủ

Một chiếc đồng hồ cổ có tiếng chuông hay là để thưởng thức, nhưng đến ban đêm thì sự yên tĩnh lại quan trọng hơn. Vì vậy, cơ cấu ngắt chuông đêm là một trang bị rất đáng chú ý trên một số dòng đồng hồ cơ.

Khi kích hoạt, hệ chuông sẽ được hạn chế hoặc tạm ngừng hoạt động trong thời gian nghỉ, trong khi hệ chạy và việc xem giờ vẫn diễn ra bình thường. Sáng hôm sau, tùy thiết kế, hệ chuông được bật lại thủ công hoặc tự động trở lại.

Một cơ cấu nhỏ nhưng cho thấy đồng hồ xưa không chỉ đẹp và hay ở âm thanh mà còn được tính đến trải nghiệm sử dụng hằng ngày.

#NgắtChuôngĐêm #ĐồngHồCổ #ĐồngHồCơCổ #KỹThuậtĐồngHồ #ĐamMêĐồngHồCổ",24,"10/05/2026 16:59",https://www.facebook.com/groups/3608168099312919/permalink/28572248962478154/,"Thước phim",,"Trọn đời",0,-0.2x,0,0,0,181,3,0,3,0,0,164,179,3.111,516.447,,
1094372550039524,100050310827163,"Đồng hồ Nhà kho","Đồng Hồ Có Ngắt Chuông Đêm – Chơi Hay Nhưng Không Làm Phiền Giấc Ngủ

Một chiếc đồng hồ cổ có tiếng chuông hay là để thưởng thức, nhưng đến ban đêm thì sự yên tĩnh lại quan trọng hơn. Vì vậy, cơ cấu ngắt chuông đêm là một trang bị rất đáng chú ý trên một số dòng đồng hồ cơ.

Khi kích hoạt, hệ chuông sẽ được hạn chế hoặc tạm ngừng hoạt động trong thời gian nghỉ, trong khi hệ chạy và việc xem giờ vẫn diễn ra bình thường. Sáng hôm sau, tùy thiết kế, hệ chuông được bật lại thủ công hoặc tự động trở lại.

Một cơ cấu nhỏ nhưng cho thấy đồng hồ xưa không chỉ đẹp và hay ở âm thanh mà còn được tính đến trải nghiệm sử dụng hằng ngày.

#NgắtChuôngĐêm #ĐồngHồCổ #ĐồngHồCơCổ #KỹThuậtĐồngHồ #ĐamMêĐồngHồCổ",24,"10/05/2026 17:00",https://www.facebook.com/groups/273029195507201/permalink/1094372550039524/,"Thước phim",,"Trọn đời",1,+1.7x,0,0,0,480,2,0,2,0,0,469,515,3.119,1487.823,,
1700329991654012,100050310827163,"Đồng hồ Nhà kho","Trong thế giới đồng hồ cổ Pháp, Sonodo là một trong những giai điệu rất đặc trưng của ÔĐô. Điều thú vị là qua những tư liệu và mẫu máy hiện còn được ghi nhận, Sonodo gắn với dòng máy 24; chưa thấy bằng chứng đáng tin cậy cho thấy hãng từng trang bị bản nhạc này nguyên bản trên các dòng máy 30 hay 36.

Ở Việt Nam, máy 24 thường được người chơi phân thành các đời 54, 57 và 62. Trong nhóm này tồn tại những phiên bản đặc biệt sử dụng 6 thanh gông để chơi hai giai điệu Sonodo và Westminster. Cấu hình thường gặp là bộ nhiều búa tác động lên chỉ 6 thanh gông, nghĩa là một thanh gông có thể được nhiều búa sử dụng cho những nhiệm vụ khác nhau. Chính cách bố trí này giúp bộ máy tạo được hai hệ giai điệu mà không cần số lượng thanh gông tương ứng với số búa.

Sonodo cũng không đơn thuần là cách gọi do giới chơi đồng hồ Việt Nam đặt ra. Trong cơ sở dữ liệu nhãn hiệu đồng hồ quốc tế có ghi nhận tên “Carillon Sonodo” thuộc Odo SARL tại Morez, Pháp. Những mẫu đồng hồ còn tồn tại tại Pháp cũng có cần lựa chọn riêng giữa Sonodo và Westminster, cho thấy đây thực sự là tên mà hãng sử dụng cho hệ chuông của mình.

Một cách giải thích khá thú vị về cái tên Sonodo là ghép từ “son” trong tiếng Pháp – nghĩa là âm thanh, tiếng – với tên ÔĐô, tạo thành “Son-Odo”, có thể hiểu nôm na là “âm thanh của ÔĐô”. Cách lý giải này khá hợp lý về ngôn ngữ và cũng đã xuất hiện trong tài liệu của giới chơi tại Việt Nam, nhưng hiện chưa tìm thấy catalogue hay tài liệu gốc của nhà sản xuất xác nhận trực tiếp nguồn gốc tên gọi, vì vậy vẫn nên xem đây là một giả thuyết hơn là kết luận lịch sử.

Có lẽ chính sự khác biệt ấy khiến Sonodo trở thành một nhánh thú vị khi sưu tầm đồng hồ cổ Pháp: không chỉ nằm ở chất âm đồng hồ cổ hay cấu hình nhiều búa trên 6 thanh gông, mà còn ở việc nó gắn với một nhóm máy khá riêng biệt trong lịch sử đồng hồ cơ cổ ÔĐô.",0,"10/05/2026 18:04",https://www.facebook.com/donghonhakho.vn/posts/pfbid0WGRtAN3U4NsSUYC4g5Jz5beAas1DkxriD6WPwvFECMpL6tjXr8B6a88QtX9GmEnVl,Ảnh,,"Trọn đời",0,--,0,0,0,302,2,0,1,0,1,295,455,,,,
1700350001652011,100050310827163,"Đồng hồ Nhà kho","ÔĐô 36/10 – Đẹp Nhất Khi Được Nhìn Thật Rõ

Hình ảnh càng rõ nét, những cái hay của một chiếc ÔĐô 36/10 càng dễ nhận ra: từ đường nét của thùng, mặt số, bộ kim cho tới từng chi tiết bên trong bộ máy.

Với đồng hồ cổ, một bức ảnh rõ không chỉ để ngắm đẹp mà còn giúp người chơi quan sát tình trạng, độ hoàn thiện và những dấu vết thời gian còn lại trên từng chi tiết. Đặc biệt với 36/10, càng soi kỹ càng thấy đây không đơn thuần là một chiếc đồng hồ để xem giờ, mà còn là cả một bộ cơ khí đáng để khám phá và thưởng thức.

#ÔĐô #Odo36_10 #ĐồngHồCổPháp #SưuTầmĐồngHồCổ #ĐamMêĐồngHồCổ",0,"10/05/2026 18:38",https://www.facebook.com/donghonhakho.vn/posts/pfbid02gEb2hJMHFoFh5oxPaYmCew5rmLRj1USPH5t3nsePrHa4wf1fimBY7NADJe55Xuqtl,Ảnh,,"Trọn đời",0,--,0,0,0,1023,14,0,3,0,11,1006,1473,,,,
1700577451629266,100050310827163,"Đồng hồ Nhà kho","ÔĐô Sonodo – 6 Côn 10 Búa Với Cách “Đánh Mượn” Đặc Trưng

Một cấu hình khá thú vị của ÔĐô Sonodo là 6 côn nhưng sử dụng tới 10 búa. Người chơi thường gọi kiểu bố trí này là “đánh mượn”: số búa nhiều hơn số côn, một số thanh côn được khai thác ở nhiều vị trí trong quá trình tạo giai điệu.

Cấu hình này chơi 2 bản nhạc Sonodo và Westminster, tạo nên cách phối tiếng rất riêng so với những bộ 8 côn 8 búa hay 10 côn 10 búa.

Chính cách bố trí 6 côn – 10 búa là một trong những điểm đáng tìm hiểu nhất khi quan sát những bộ máy ÔĐô Sonodo cổ.

#ÔĐô #Sonodo #6con10bua #ĐồngHồCổPháp #am_thanh_dong_ho",47,"10/06/2026 01:07",https://www.facebook.com/reel/1866660364511503/,"Thước phim",,"Trọn đời",0,+0.7x,0,0,0,912,10,0,10,0,0,847,1017,11.067,9816.856,,
3327896824073683,100050310827163,"Đồng hồ Nhà kho","ÔĐô 36/10 – Càng Tìm Hiểu Càng Có Nhiều Thứ Để Chơi

ÔĐô 36/10 thú vị ở chỗ không chỉ có một kiểu cố định. Qua từng chiếc có thể bắt gặp những khác biệt về vách máy, bộ côn, mặt số, kiểu thùng và cách hoàn thiện, tạo nên nhiều lựa chọn cho người sưu tầm.

Có người tìm 36/10 vì chất âm, người thích một bộ máy đẹp, nhưng cũng có người lại săn đúng kiểu thùng hoặc phiên bản ít gặp. Vì thế, cùng mang tên 36/10 nhưng giá trị và cảm xúc của từng chiếc có thể rất khác nhau.

Chơi lâu mới thấy: tên máy giúp phân loại, còn chính từng chiếc đồng hồ mới quyết định mình có thích hay không.

#ÔĐô #Odo36_10 #ĐồngHồCổPháp #SưuTầmĐồngHồCổ #ĐamMêĐồngHồCổ",20,"10/06/2026 05:34",https://www.facebook.com/groups/1896819127181467/permalink/3327896824073683/,"Thước phim",,"Trọn đời",0,-0.8x,0,0,0,32,0,0,0,0,0,24,29,4.145,107.771,,
1701201231566888,100050310827163,"Đồng hồ Nhà kho","ÔĐô 30/10 – Ít Được Nhắc Đến Nhưng Chất Âm Rất Có Duyên

Không phải cứ lên ÔĐô 36/10 là âm thanh sẽ hay hơn. Trong trải nghiệm của nhiều người sưu tầm, có những phiên bản ÔĐô 30/10 thậm chí được yêu thích hơn bởi cách thể hiện giai điệu rất riêng.

Tiếng côn của 30/10 không nhất thiết thiên về độ lớn mà cuốn hút ở sự dịu dàng, nhẹ nhàng và những đoạn luyến láy có cảm xúc. Nghe chậm rãi sẽ thấy từng câu nhạc có nét mềm mại, mang tính thưởng thức nhiều hơn.

Bởi vậy mới nói, với đồng hồ cổ, nhiều côn hơn hay máy lớn hơn chưa chắc đã hợp tai hơn – chất âm cuối cùng vẫn phải để đôi tai mình lựa chọn.

#ÔĐô #Odo30_10 #ĐồngHồCổPháp #chatamdonghoco #SưuTầmĐồngHồCổ",41,"10/06/2026 16:22",https://www.facebook.com/reel/1482959077027869/,"Thước phim",,"Trọn đời",0,+0.8x,0,0,0,519,8,0,7,1,0,497,585,11.138,5614.033,,
3660570767433492,100050310827163,"Đồng hồ Nhà kho","ÔĐô 30/10 – Ít Được Nhắc Đến Nhưng Chất Âm Rất Có Duyên

Không phải cứ lên ÔĐô 36/10 là âm thanh sẽ hay hơn. Trong trải nghiệm của nhiều người sưu tầm, có những phiên bản ÔĐô 30/10 thậm chí được yêu thích hơn bởi cách thể hiện giai điệu rất riêng.

Tiếng côn của 30/10 không nhất thiết thiên về độ lớn mà cuốn hút ở sự dịu dàng, nhẹ nhàng và những đoạn luyến láy có cảm xúc. Nghe chậm rãi sẽ thấy từng câu nhạc có nét mềm mại, mang tính thưởng thức nhiều hơn.

Bởi vậy mới nói, với đồng hồ cổ, nhiều côn hơn hay máy lớn hơn chưa chắc đã hợp tai hơn – chất âm cuối cùng vẫn phải để đôi tai mình lựa chọn.

#ÔĐô #Odo30_10 #ĐồngHồCổPháp #chatamdonghoco #SưuTầmĐồngHồCổ",41,"10/06/2026 16:23",https://www.facebook.com/groups/621233334700599/permalink/3660570767433492/,"Thước phim",,"Trọn đời",0,-0.5x,0,0,0,36,0,0,0,0,0,31,32,3.521,109.176,,
1783064113002205,100050310827163,"Đồng hồ Nhà kho","ÔĐô 30/10 – Ít Được Nhắc Đến Nhưng Chất Âm Rất Có Duyên

Không phải cứ lên ÔĐô 36/10 là âm thanh sẽ hay hơn. Trong trải nghiệm của nhiều người sưu tầm, có những phiên bản ÔĐô 30/10 thậm chí được yêu thích hơn bởi cách thể hiện giai điệu rất riêng.

Tiếng côn của 30/10 không nhất thiết thiên về độ lớn mà cuốn hút ở sự dịu dàng, nhẹ nhàng và những đoạn luyến láy có cảm xúc. Nghe chậm rãi sẽ thấy từng câu nhạc có nét mềm mại, mang tính thưởng thức nhiều hơn.

Bởi vậy mới nói, với đồng hồ cổ, nhiều côn hơn hay máy lớn hơn chưa chắc đã hợp tai hơn – chất âm cuối cùng vẫn phải để đôi tai mình lựa chọn.

#ÔĐô #Odo30_10 #ĐồngHồCổPháp #chatamdonghoco #SưuTầmĐồngHồCổ",41,"10/06/2026 16:23",https://www.facebook.com/groups/318070586168239/permalink/1783064113002205/,"Thước phim",,"Trọn đời",0,+0.5x,0,0,0,464,3,0,2,1,0,411,489,11.447,4853.949,,
1409418894640932,100050310827163,"Đồng hồ Nhà kho","ÔĐô 30/10 – Ít Được Nhắc Đến Nhưng Chất Âm Rất Có Duyên

Không phải cứ lên ÔĐô 36/10 là âm thanh sẽ hay hơn. Trong trải nghiệm của nhiều người sưu tầm, có những phiên bản ÔĐô 30/10 thậm chí được yêu thích hơn bởi cách thể hiện giai điệu rất riêng.

Tiếng côn của 30/10 không nhất thiết thiên về độ lớn mà cuốn hút ở sự dịu dàng, nhẹ nhàng và những đoạn luyến láy có cảm xúc. Nghe chậm rãi sẽ thấy từng câu nhạc có nét mềm mại, mang tính thưởng thức nhiều hơn.

Bởi vậy mới nói, với đồng hồ cổ, nhiều côn hơn hay máy lớn hơn chưa chắc đã hợp tai hơn – chất âm cuối cùng vẫn phải để đôi tai mình lựa chọn.

#ÔĐô #Odo30_10 #ĐồngHồCổPháp #chatamdonghoco #SưuTầmĐồngHồCổ",41,"10/06/2026 16:24",https://www.facebook.com/groups/648485240734305/permalink/1409418894640932/,"Thước phim",,"Trọn đời",0,-1x,0,0,0,34,0,0,0,0,0,27,30,2.156,62.528,,
1447767583892872,100050310827163,"Đồng hồ Nhà kho","ÔĐô 30/10 – Ít Được Nhắc Đến Nhưng Chất Âm Rất Có Duyên

Không phải cứ lên ÔĐô 36/10 là âm thanh sẽ hay hơn. Trong trải nghiệm của nhiều người sưu tầm, có những phiên bản ÔĐô 30/10 thậm chí được yêu thích hơn bởi cách thể hiện giai điệu rất riêng.

Tiếng côn của 30/10 không nhất thiết thiên về độ lớn mà cuốn hút ở sự dịu dàng, nhẹ nhàng và những đoạn luyến láy có cảm xúc. Nghe chậm rãi sẽ thấy từng câu nhạc có nét mềm mại, mang tính thưởng thức nhiều hơn.

Bởi vậy mới nói, với đồng hồ cổ, nhiều côn hơn hay máy lớn hơn chưa chắc đã hợp tai hơn – chất âm cuối cùng vẫn phải để đôi tai mình lựa chọn.

#ÔĐô #Odo30_10 #ĐồngHồCổPháp #chatamdonghoco #SưuTầmĐồngHồCổ",41,"10/06/2026 16:24",https://www.facebook.com/groups/799627422040228/permalink/1447767583892872/,"Thước phim",,"Trọn đời",0,-0.3x,0,0,0,54,1,0,1,0,0,44,54,4.179,208.952,,
1802873000899611,100050310827163,"Đồng hồ Nhà kho","ÔĐô 30/10 – Ít Được Nhắc Đến Nhưng Chất Âm Rất Có Duyên

Không phải cứ lên ÔĐô 36/10 là âm thanh sẽ hay hơn. Trong trải nghiệm của nhiều người sưu tầm, có những phiên bản ÔĐô 30/10 thậm chí được yêu thích hơn bởi cách thể hiện giai điệu rất riêng.

Tiếng côn của 30/10 không nhất thiết thiên về độ lớn mà cuốn hút ở sự dịu dàng, nhẹ nhàng và những đoạn luyến láy có cảm xúc. Nghe chậm rãi sẽ thấy từng câu nhạc có nét mềm mại, mang tính thưởng thức nhiều hơn.

Bởi vậy mới nói, với đồng hồ cổ, nhiều côn hơn hay máy lớn hơn chưa chắc đã hợp tai hơn – chất âm cuối cùng vẫn phải để đôi tai mình lựa chọn.

#ÔĐô #Odo30_10 #ĐồngHồCổPháp #chatamdonghoco #SưuTầmĐồngHồCổ",41,"10/06/2026 16:24",https://www.facebook.com/groups/1573079707212276/permalink/1802873000899611/,"Thước phim",,"Trọn đời",0,+0.2x,0,0,0,120,1,0,1,0,0,111,117,5.423,612.826,,
1701205648233113,100050310827163,"Đồng hồ Nhà kho","Vai Bò Đẹp – Âm Hay Mà Giá Vẫn Hợp Lý

Một chiếc đồng hồ vai bò không nhất thiết phải quá cầu kỳ hay giá cao mới đáng chơi. Quan trọng nhất vẫn là dáng thùng hài hòa, bộ máy vận hành ổn định và chất âm nghe dễ chịu.

Mẫu vai bò này có kiểu dáng cổ điển, kích thước vừa phải, lên không gian rất gọn và đẹp. Tiếng chuông rõ, có độ ngân, nghe lâu không bị nặng tai. Với mức giá hợp lý, đây là lựa chọn khá dễ tiếp cận cho các bác mới chơi hoặc muốn bổ sung thêm một chiếc vai bò vào bộ sưu tập.

#ĐồngHồVaiBò #ĐồngHồCổĐức #am_thanh_dong_ho #SưuTầmĐồngHồCổ",32,"10/06/2026 16:30",https://www.facebook.com/reel/2306869643422739/,"Thước phim",,"Trọn đời",0,+0.3x,0,0,0,113,1,1,1,0,0,97,128,8.426,918.488,,
3660575514099684,100050310827163,"Đồng hồ Nhà kho","Vai Bò Đẹp – Âm Hay Mà Giá Vẫn Hợp Lý

Một chiếc đồng hồ vai bò không nhất thiết phải quá cầu kỳ hay giá cao mới đáng chơi. Quan trọng nhất vẫn là dáng thùng hài hòa, bộ máy vận hành ổn định và chất âm nghe dễ chịu.

Mẫu vai bò này có kiểu dáng cổ điển, kích thước vừa phải, lên không gian rất gọn và đẹp. Tiếng chuông rõ, có độ ngân, nghe lâu không bị nặng tai. Với mức giá hợp lý, đây là lựa chọn khá dễ tiếp cận cho các bác mới chơi hoặc muốn bổ sung thêm một chiếc vai bò vào bộ sưu tập.

#ĐồngHồVaiBò #ĐồngHồCổĐức #am_thanh_dong_ho #SưuTầmĐồngHồCổ",32,"10/06/2026 16:31",https://www.facebook.com/groups/621233334700599/permalink/3660575514099684/,"Thước phim",,"Trọn đời",0,-0.5x,0,0,0,49,1,0,1,0,0,41,41,3.656,149.912,,
1783067356335214,100050310827163,"Đồng hồ Nhà kho","Vai Bò Đẹp – Âm Hay Mà Giá Vẫn Hợp Lý

Một chiếc đồng hồ vai bò không nhất thiết phải quá cầu kỳ hay giá cao mới đáng chơi. Quan trọng nhất vẫn là dáng thùng hài hòa, bộ máy vận hành ổn định và chất âm nghe dễ chịu.

Mẫu vai bò này có kiểu dáng cổ điển, kích thước vừa phải, lên không gian rất gọn và đẹp. Tiếng chuông rõ, có độ ngân, nghe lâu không bị nặng tai. Với mức giá hợp lý, đây là lựa chọn khá dễ tiếp cận cho các bác mới chơi hoặc muốn bổ sung thêm một chiếc vai bò vào bộ sưu tập.

#ĐồngHồVaiBò #ĐồngHồCổĐức #am_thanh_dong_ho #SưuTầmĐồngHồCổ",32,"10/06/2026 16:31",https://www.facebook.com/groups/318070586168239/permalink/1783067356335214/,"Thước phim",,"Trọn đời",0,+0.2x,0,0,0,156,0,0,0,0,0,139,146,7.731,1074.743,,
1409424201307068,100050310827163,"Đồng hồ Nhà kho","Vai Bò Đẹp – Âm Hay Mà Giá Vẫn Hợp Lý

Một chiếc đồng hồ vai bò không nhất thiết phải quá cầu kỳ hay giá cao mới đáng chơi. Quan trọng nhất vẫn là dáng thùng hài hòa, bộ máy vận hành ổn định và chất âm nghe dễ chịu.

Mẫu vai bò này có kiểu dáng cổ điển, kích thước vừa phải, lên không gian rất gọn và đẹp. Tiếng chuông rõ, có độ ngân, nghe lâu không bị nặng tai. Với mức giá hợp lý, đây là lựa chọn khá dễ tiếp cận cho các bác mới chơi hoặc muốn bổ sung thêm một chiếc vai bò vào bộ sưu tập.

#ĐồngHồVaiBò #ĐồngHồCổĐức #am_thanh_dong_ho #SưuTầmĐồngHồCổ",32,"10/06/2026 16:31",https://www.facebook.com/groups/648485240734305/permalink/1409424201307068/,"Thước phim",,"Trọn đời",0,-0.3x,0,0,0,76,1,0,1,0,0,71,76,4.392,333.809,,
1701207978232880,100050310827163,"Đồng hồ Nhà kho","Đồng Hồ 400 Ngày Kundo – Nhẹ Nhàng Nhưng Rất Cuốn Hút

Kundo 400 ngày là kiểu đồng hồ để bàn rất dễ nhận ra với lồng kính úp và quả lắc xoay đặc trưng. Thay vì quả lắc đung đưa như đồng hồ treo tường, bộ quả lắc xoắn chuyển động chậm rãi qua lại, tạo cảm giác thư thái khi ngắm.

Tên gọi 400 ngày gắn với thiết kế máy có khả năng hoạt động trong thời gian dài sau mỗi lần lên cót, dù thời gian thực tế còn phụ thuộc tình trạng và căn chỉnh của từng chiếc.

Một mẫu đồng hồ thiên về vẻ đẹp cơ khí và trải nghiệm ngắm chuyển động, rất thú vị để trưng bàn hoặc tủ kính.

#Kundo #ĐồngHồ400Ngày #ĐồngHồCơCổ #ĐồngHồSưuTầm #ĐồCổChâuÂu",19,"10/06/2026 16:35",https://www.facebook.com/reel/1457304689612154/,"Thước phim",,"Trọn đời",0,-0.3x,0,0,0,366,3,0,3,0,0,346,390,3.327,1181.333,,
3660579204099315,100050310827163,"Đồng hồ Nhà kho","Đồng Hồ 400 Ngày Kundo – Nhẹ Nhàng Nhưng Rất Cuốn Hút

Kundo 400 ngày là kiểu đồng hồ để bàn rất dễ nhận ra với lồng kính úp và quả lắc xoay đặc trưng. Thay vì quả lắc đung đưa như đồng hồ treo tường, bộ quả lắc xoắn chuyển động chậm rãi qua lại, tạo cảm giác thư thái khi ngắm.

Tên gọi 400 ngày gắn với thiết kế máy có khả năng hoạt động trong thời gian dài sau mỗi lần lên cót, dù thời gian thực tế còn phụ thuộc tình trạng và căn chỉnh của từng chiếc.

Một mẫu đồng hồ thiên về vẻ đẹp cơ khí và trải nghiệm ngắm chuyển động, rất thú vị để trưng bàn hoặc tủ kính.

#Kundo #ĐồngHồ400Ngày #ĐồngHồCơCổ #ĐồngHồSưuTầm #ĐồCổChâuÂu",19,"10/06/2026 16:36",https://www.facebook.com/groups/621233334700599/permalink/3660579204099315/,"Thước phim",,"Trọn đời",0,-1.3x,0,0,0,31,0,0,0,0,0,26,26,2.181,56.728,,
1783069926334957,100050310827163,"Đồng hồ Nhà kho","Đồng Hồ 400 Ngày Kundo – Nhẹ Nhàng Nhưng Rất Cuốn Hút

Kundo 400 ngày là kiểu đồng hồ để bàn rất dễ nhận ra với lồng kính úp và quả lắc xoay đặc trưng. Thay vì quả lắc đung đưa như đồng hồ treo tường, bộ quả lắc xoắn chuyển động chậm rãi qua lại, tạo cảm giác thư thái khi ngắm.

Tên gọi 400 ngày gắn với thiết kế máy có khả năng hoạt động trong thời gian dài sau mỗi lần lên cót, dù thời gian thực tế còn phụ thuộc tình trạng và căn chỉnh của từng chiếc.

Một mẫu đồng hồ thiên về vẻ đẹp cơ khí và trải nghiệm ngắm chuyển động, rất thú vị để trưng bàn hoặc tủ kính.

#Kundo #ĐồngHồ400Ngày #ĐồngHồCơCổ #ĐồngHồSưuTầm #ĐồCổChâuÂu",19,"10/06/2026 16:36",https://www.facebook.com/groups/318070586168239/permalink/1783069926334957/,"Thước phim",,"Trọn đời",0,-0.4x,0,0,0,158,0,0,0,0,0,137,152,3.197,447.599,,
1409427571306731,100050310827163,"Đồng hồ Nhà kho","Đồng Hồ 400 Ngày Kundo – Nhẹ Nhàng Nhưng Rất Cuốn Hút

Kundo 400 ngày là kiểu đồng hồ để bàn rất dễ nhận ra với lồng kính úp và quả lắc xoay đặc trưng. Thay vì quả lắc đung đưa như đồng hồ treo tường, bộ quả lắc xoắn chuyển động chậm rãi qua lại, tạo cảm giác thư thái khi ngắm.

Tên gọi 400 ngày gắn với thiết kế máy có khả năng hoạt động trong thời gian dài sau mỗi lần lên cót, dù thời gian thực tế còn phụ thuộc tình trạng và căn chỉnh của từng chiếc.

Một mẫu đồng hồ thiên về vẻ đẹp cơ khí và trải nghiệm ngắm chuyển động, rất thú vị để trưng bàn hoặc tủ kính.

#Kundo #ĐồngHồ400Ngày #ĐồngHồCơCổ #ĐồngHồSưuTầm #ĐồCổChâuÂu",19,"10/06/2026 16:37",https://www.facebook.com/groups/648485240734305/permalink/1409427571306731/,"Thước phim",,"Trọn đời",0,-0.4x,0,0,0,59,0,0,0,0,0,57,65,3.625,210.301,,
4501249526687555,100050310827163,"Đồng hồ Nhà kho","Đồng Hồ 400 Ngày Kundo – Nhẹ Nhàng Nhưng Rất Cuốn Hút

Kundo 400 ngày là kiểu đồng hồ để bàn rất dễ nhận ra với lồng kính úp và quả lắc xoay đặc trưng. Thay vì quả lắc đung đưa như đồng hồ treo tường, bộ quả lắc xoắn chuyển động chậm rãi qua lại, tạo cảm giác thư thái khi ngắm.

Tên gọi 400 ngày gắn với thiết kế máy có khả năng hoạt động trong thời gian dài sau mỗi lần lên cót, dù thời gian thực tế còn phụ thuộc tình trạng và căn chỉnh của từng chiếc.

Một mẫu đồng hồ thiên về vẻ đẹp cơ khí và trải nghiệm ngắm chuyển động, rất thú vị để trưng bàn hoặc tủ kính.

#Kundo #ĐồngHồ400Ngày #ĐồngHồCơCổ #ĐồngHồSưuTầm #ĐồCổChâuÂu",19,"10/06/2026 16:37",https://www.facebook.com/groups/2045274432285089/permalink/4501249526687555/,"Thước phim",,"Trọn đời",0,-0.4x,0,0,0,93,0,0,0,0,0,86,89,3.347,291.226,,
28585513877818329,100050310827163,"Đồng hồ Nhà kho","Đồng Hồ 400 Ngày Kundo – Nhẹ Nhàng Nhưng Rất Cuốn Hút

Kundo 400 ngày là kiểu đồng hồ để bàn rất dễ nhận ra với lồng kính úp và quả lắc xoay đặc trưng. Thay vì quả lắc đung đưa như đồng hồ treo tường, bộ quả lắc xoắn chuyển động chậm rãi qua lại, tạo cảm giác thư thái khi ngắm.

Tên gọi 400 ngày gắn với thiết kế máy có khả năng hoạt động trong thời gian dài sau mỗi lần lên cót, dù thời gian thực tế còn phụ thuộc tình trạng và căn chỉnh của từng chiếc.

Một mẫu đồng hồ thiên về vẻ đẹp cơ khí và trải nghiệm ngắm chuyển động, rất thú vị để trưng bàn hoặc tủ kính.

#Kundo #ĐồngHồ400Ngày #ĐồngHồCơCổ #ĐồngHồSưuTầm #ĐồCổChâuÂu",19,"10/06/2026 16:37",https://www.facebook.com/groups/3608168099312919/permalink/28585513877818329/,"Thước phim",,"Trọn đời",0,-0.5x,0,0,0,88,0,0,0,0,0,80,87,3.056,247.572,,
1701266264893718,100050310827163,"Đồng hồ Nhà kho","Bộ Ba ÔĐô 24 – 30 – 36 Trong Cùng Một Khung Hình

Đặt ÔĐô 24, ÔĐô 30 và ÔĐô 36 cạnh nhau mới thấy rõ sự khác biệt về tỷ lệ của từng dòng. Con số 24 – 30 – 36 gắn với phân hạng chiều dài tay lắc, từ đó ảnh hưởng tới cách bố trí bộ máy cũng như tỷ lệ thùng đồng hồ.

Mỗi dòng lại có cái thú riêng: 24 gọn gàng, 30 cân đối, còn 36 tạo cảm giác bề thế hơn. Không nhất thiết đời lớn hơn sẽ hay hơn; với đồng hồ cổ, nhìn tận mắt, nghe tận tai rồi chọn chiếc hợp cảm xúc của mình mới là điều thú vị.

#ÔĐô #Odo24 #Odo30 #Odo36 #SưuTầmĐồngHồCổ",0,"10/06/2026 18:23",https://www.facebook.com/donghonhakho.vn/posts/pfbid02MVHr4JZzZt5AcJsQgMVaQPS8MauEVGG41WMr67mW8foMpMwg2KXcEgysxzb293Tbl,Ảnh,,"Trọn đời",0,--,0,0,0,350,2,0,1,0,1,352,470,,,,
1701272808226397,100050310827163,"Đồng hồ Nhà kho","ÔĐô 24 – 30 – 36: Ba Dòng Máy, Ba Cái Hay Riêng

Hiếm khi ÔĐô 24, 30 và 36 cùng xuất hiện trong một khung hình, và đây cũng là dịp rất hay để nhìn rõ sự khác biệt giữa ba dòng máy.

Từ chiều dài tay lắc cho tới tỷ lệ thùng, mỗi dòng đều mang một dáng vẻ riêng. ÔĐô 24 nhỏ gọn, 30 hài hòa, còn 36 nổi bật với dáng thùng dài và bề thế. Nhưng điều thú vị nhất vẫn nằm ở trải nghiệm thực tế: máy lớn chưa chắc âm đã hợp tai hơn máy nhỏ.

Ba dòng đặt cạnh nhau, mỗi chiếc một cá tính – chơi đồng hồ cổ vì thế mới không bao giờ nhàm chán.

#ÔĐô #Odo24 #Odo30 #Odo36 #ĐamMêĐồngHồCổ",37,"10/06/2026 18:34",https://www.facebook.com/reel/1789210765612914/,"Thước phim",,"Trọn đời",0,+5.2x,0,0,0,149,11,0,1,0,10,170,193,5.108,929.782,,
3660666097423959,100050310827163,"Đồng hồ Nhà kho","ÔĐô 24 – 30 – 36: Ba Dòng Máy, Ba Cái Hay Riêng

Hiếm khi ÔĐô 24, 30 và 36 cùng xuất hiện trong một khung hình, và đây cũng là dịp rất hay để nhìn rõ sự khác biệt giữa ba dòng máy.

Từ chiều dài tay lắc cho tới tỷ lệ thùng, mỗi dòng đều mang một dáng vẻ riêng. ÔĐô 24 nhỏ gọn, 30 hài hòa, còn 36 nổi bật với dáng thùng dài và bề thế. Nhưng điều thú vị nhất vẫn nằm ở trải nghiệm thực tế: máy lớn chưa chắc âm đã hợp tai hơn máy nhỏ.

Ba dòng đặt cạnh nhau, mỗi chiếc một cá tính – chơi đồng hồ cổ vì thế mới không bao giờ nhàm chán.

#ÔĐô #Odo24 #Odo30 #Odo36 #ĐamMêĐồngHồCổ",37,"10/06/2026 18:35",https://www.facebook.com/groups/621233334700599/permalink/3660666097423959/,"Thước phim",,"Trọn đời",0,-1.1x,0,0,0,22,0,0,0,0,0,18,17,2.51,45.193,,
1783131289662154,100050310827163,"Đồng hồ Nhà kho","ÔĐô 24 – 30 – 36: Ba Dòng Máy, Ba Cái Hay Riêng

Hiếm khi ÔĐô 24, 30 và 36 cùng xuất hiện trong một khung hình, và đây cũng là dịp rất hay để nhìn rõ sự khác biệt giữa ba dòng máy.

Từ chiều dài tay lắc cho tới tỷ lệ thùng, mỗi dòng đều mang một dáng vẻ riêng. ÔĐô 24 nhỏ gọn, 30 hài hòa, còn 36 nổi bật với dáng thùng dài và bề thế. Nhưng điều thú vị nhất vẫn nằm ở trải nghiệm thực tế: máy lớn chưa chắc âm đã hợp tai hơn máy nhỏ.

Ba dòng đặt cạnh nhau, mỗi chiếc một cá tính – chơi đồng hồ cổ vì thế mới không bao giờ nhàm chán.

#ÔĐô #Odo24 #Odo30 #Odo36 #ĐamMêĐồngHồCổ",37,"10/06/2026 18:35",https://www.facebook.com/groups/318070586168239/permalink/1783131289662154/,"Thước phim",,"Trọn đời",0,-4.8x,0,0,0,22,0,0,0,0,0,17,17,1.022,17.38,,
1409488147967340,100050310827163,"Đồng hồ Nhà kho","ÔĐô 24 – 30 – 36: Ba Dòng Máy, Ba Cái Hay Riêng

Hiếm khi ÔĐô 24, 30 và 36 cùng xuất hiện trong một khung hình, và đây cũng là dịp rất hay để nhìn rõ sự khác biệt giữa ba dòng máy.

Từ chiều dài tay lắc cho tới tỷ lệ thùng, mỗi dòng đều mang một dáng vẻ riêng. ÔĐô 24 nhỏ gọn, 30 hài hòa, còn 36 nổi bật với dáng thùng dài và bề thế. Nhưng điều thú vị nhất vẫn nằm ở trải nghiệm thực tế: máy lớn chưa chắc âm đã hợp tai hơn máy nhỏ.

Ba dòng đặt cạnh nhau, mỗi chiếc một cá tính – chơi đồng hồ cổ vì thế mới không bao giờ nhàm chán.

#ÔĐô #Odo24 #Odo30 #Odo36 #ĐamMêĐồngHồCổ",37,"10/06/2026 18:36",https://www.facebook.com/groups/648485240734305/permalink/1409488147967340/,"Thước phim",,"Trọn đời",0,-2.9x,0,0,0,23,0,0,0,0,0,20,24,1.378,30.333,,
1076133685243352,100050310827163,"Đồng hồ Nhà kho","ÔĐô 24 – 30 – 36: Ba Dòng Máy, Ba Cái Hay Riêng

Hiếm khi ÔĐô 24, 30 và 36 cùng xuất hiện trong một khung hình, và đây cũng là dịp rất hay để nhìn rõ sự khác biệt giữa ba dòng máy.

Từ chiều dài tay lắc cho tới tỷ lệ thùng, mỗi dòng đều mang một dáng vẻ riêng. ÔĐô 24 nhỏ gọn, 30 hài hòa, còn 36 nổi bật với dáng thùng dài và bề thế. Nhưng điều thú vị nhất vẫn nằm ở trải nghiệm thực tế: máy lớn chưa chắc âm đã hợp tai hơn máy nhỏ.

Ba dòng đặt cạnh nhau, mỗi chiếc một cá tính – chơi đồng hồ cổ vì thế mới không bao giờ nhàm chán.

#ÔĐô #Odo24 #Odo30 #Odo36 #ĐamMêĐồngHồCổ",37,"10/06/2026 18:36",https://www.facebook.com/groups/donghoquaquyt/permalink/1076133685243352/,"Thước phim",,"Trọn đời",2,+2.6x,0,0,0,171,2,0,0,0,0,151,176,4.2,693.022,,
4501353553343819,100050310827163,"Đồng hồ Nhà kho","ÔĐô 24 – 30 – 36: Ba Dòng Máy, Ba Cái Hay Riêng

Hiếm khi ÔĐô 24, 30 và 36 cùng xuất hiện trong một khung hình, và đây cũng là dịp rất hay để nhìn rõ sự khác biệt giữa ba dòng máy.

Từ chiều dài tay lắc cho tới tỷ lệ thùng, mỗi dòng đều mang một dáng vẻ riêng. ÔĐô 24 nhỏ gọn, 30 hài hòa, còn 36 nổi bật với dáng thùng dài và bề thế. Nhưng điều thú vị nhất vẫn nằm ở trải nghiệm thực tế: máy lớn chưa chắc âm đã hợp tai hơn máy nhỏ.

Ba dòng đặt cạnh nhau, mỗi chiếc một cá tính – chơi đồng hồ cổ vì thế mới không bao giờ nhàm chán.

#ÔĐô #Odo24 #Odo30 #Odo36 #ĐamMêĐồngHồCổ",37,"10/06/2026 18:36",https://www.facebook.com/groups/2045274432285089/permalink/4501353553343819/,"Thước phim",,"Trọn đời",0,-0.5x,0,0,0,27,1,0,1,0,0,29,32,3.773,120.753,,
1701278701559141,100050310827163,"Đồng hồ Nhà kho","ÔĐô 30 và 36

Nếu không nhìn con số ghi trên vách máy thì ÔĐô 30 và 36 gần như giống nhau về hình dáng, linh kiện và kết cấu máy. Đặt hai bộ máy cạnh nhau nhìn rất thú vị, các bác chơi lâu năm chắc sẽ nhận ra ngay điểm khác biệt.

#ÔĐô #Odo30 #Odo36 #ĐồngHồCổ",0,"10/06/2026 18:44",https://www.facebook.com/donghonhakho.vn/posts/pfbid0362TUS1RhCsUAkKE56ZtcmkdvuZQjfuiwVTZ9ue2ieyAxye8Jb7gC3dwwkzPn5N2Gl,Ảnh,,"Trọn đời",4,--,0,0,0,2182,16,0,11,0,1,2139,3208,,,,
1701283398225338,100050310827163,"Đồng hồ Nhà kho","ÔĐô 30 và ÔĐô 36

Bỏ qua con số ghi trên vách máy thì ÔĐô 30 và 36 nhìn gần như giống nhau hoàn toàn, từ hình dáng, kết cấu cho tới các linh kiện bên trong. Hai bộ máy đặt cạnh nhau đôi khi cũng khó nhận ra đâu là 30, đâu là 36.

#ÔĐô #Odo30 #Odo36 #ĐồngHồCổ",17,"10/06/2026 18:51",https://www.facebook.com/reel/1765763778000189/,"Thước phim",,"Trọn đời",0,+0.2x,0,0,0,218,1,0,1,0,0,198,250,6.355,1290.091,,
1701290301557981,100050310827163,"Đồng hồ Nhà kho","Côn đồng và côn thép

Côn đồng cho tiếng trầm, ấm, mềm và ngân nga hơn, nhưng đôi khi hơi ồn vì tiếng trước chưa dứt thì tiếng sau đã gõ.

Côn thép cho tiếng trong, sáng và cao hơn, nghe tách tiếng rõ hơn.

Còn loại nào hay hơn thì khó nói, mỗi người một đôi tai, một sở thích. Không có công thức chung cho tất cả.

#CônĐồng #CônThép #chatamdonghoco #ĐồngHồCổ",152,"10/06/2026 19:01",https://www.facebook.com/reel/1079608521720910/,"Thước phim",,"Trọn đời",2,+9x,0,0,0,598,7,0,5,0,0,544,609,17.505,9838.153,,
3660687947421774,100050310827163,"Đồng hồ Nhà kho","Côn đồng và côn thép

Côn đồng cho tiếng trầm, ấm, mềm và ngân nga hơn, nhưng đôi khi hơi ồn vì tiếng trước chưa dứt thì tiếng sau đã gõ.

Côn thép cho tiếng trong, sáng và cao hơn, nghe tách tiếng rõ hơn.

Còn loại nào hay hơn thì khó nói, mỗi người một đôi tai, một sở thích. Không có công thức chung cho tất cả.

#CônĐồng #CônThép #chatamdonghoco #ĐồngHồCổ",152,"10/06/2026 19:03",https://www.facebook.com/groups/621233334700599/permalink/3660687947421774/,"Thước phim",,"Trọn đời",0,-3.1x,0,0,0,32,0,0,0,0,0,26,30,8.314,224.502,,
1409504751299013,100050310827163,"Đồng hồ Nhà kho","Côn đồng và côn thép

Côn đồng cho tiếng trầm, ấm, mềm và ngân nga hơn, nhưng đôi khi hơi ồn vì tiếng trước chưa dứt thì tiếng sau đã gõ.

Côn thép cho tiếng trong, sáng và cao hơn, nghe tách tiếng rõ hơn.

Còn loại nào hay hơn thì khó nói, mỗi người một đôi tai, một sở thích. Không có công thức chung cho tất cả.

#CônĐồng #CônThép #chatamdonghoco #ĐồngHồCổ",152,"10/06/2026 19:03",https://www.facebook.com/groups/648485240734305/permalink/1409504751299013/,"Thước phim",,"Trọn đời",0,-0.7x,0,0,0,16,0,0,0,0,0,11,12,4.575,54.902,,
1447849867217977,100050310827163,"Đồng hồ Nhà kho","Côn đồng và côn thép

Côn đồng cho tiếng trầm, ấm, mềm và ngân nga hơn, nhưng đôi khi hơi ồn vì tiếng trước chưa dứt thì tiếng sau đã gõ.

Côn thép cho tiếng trong, sáng và cao hơn, nghe tách tiếng rõ hơn.

Còn loại nào hay hơn thì khó nói, mỗi người một đôi tai, một sở thích. Không có công thức chung cho tất cả.

#CônĐồng #CônThép #chatamdonghoco #ĐồngHồCổ",152,"10/06/2026 19:04",https://www.facebook.com/groups/799627422040228/permalink/1447849867217977/,"Thước phim",,"Trọn đời",0,-0.8x,0,0,0,28,0,0,0,0,0,22,27,2.741,65.792,,
28554602450849140,100050310827163,"Đồng hồ Nhà kho","Côn đồng và côn thép

Côn đồng cho tiếng trầm, ấm, mềm và ngân nga hơn, nhưng đôi khi hơi ồn vì tiếng trước chưa dứt thì tiếng sau đã gõ.

Côn thép cho tiếng trong, sáng và cao hơn, nghe tách tiếng rõ hơn.

Còn loại nào hay hơn thì khó nói, mỗi người một đôi tai, một sở thích. Không có công thức chung cho tất cả.

#CônĐồng #CônThép #chatamdonghoco #ĐồngHồCổ",152,"10/06/2026 19:04",https://www.facebook.com/groups/741840179218741/permalink/28554602450849140/,"Thước phim",,"Trọn đời",0,-0.4x,0,0,0,21,0,0,0,0,0,16,19,6.456,109.765,,
1698029955217349,100050310827163,"Đồng hồ Nhà kho","Hai Nhóm Đồng Hồ Cúc Cu – Mỗi Dòng Một Cái Hay

Nếu chia theo cách chơi và sưu tầm, có thể tạm nhìn đồng hồ Cúc Cu thành hai nhóm lớn. Nhóm đầu là những chiếc Cúc Cu cổ mang nhiều dấu ấn thủ công của vùng Black Forest – Rừng Đen, Đức. Từ giữa thế kỷ XVIII, khu vực này đã có nhiều xưởng đồng hồ nhỏ; về sau việc sản xuất còn được chia cho nhiều thợ chuyên môn khác nhau. Vì vậy đồ cổ có thể gặp nhiều khác biệt về kết cấu, chạm khắc và hoàn thiện, nhưng không nên hiểu rằng tất cả đều “không thương hiệu”. 

Nhóm sau là những chiếc được sản xuất theo mô hình xưởng và nhà sản xuất có tên tuổi, bố cục và linh kiện có tính tiêu chuẩn hóa cao hơn. Hiện nay có thể gặp các hãng Cúc Cu Black Forest như Hönes, Anton Schneider, August Schwer, Hekas, Rombach & Haas; riêng máy Regula có nhiều cấu hình 1 ngày, 8 ngày, có nhạc và hoạt cảnh. 

Người thích dấu vết thời gian, nét thủ công và sự khác biệt giữa từng chiếc thường tìm đồ cổ sâu tuổi. Người thích hình thức cân đối, tình trạng đẹp và thuận tiện hơn khi bảo dưỡng, thay thế linh kiện có thể chọn những đời sản xuất về sau. Không có nhóm nào hơn nhóm nào, quan trọng là đúng sở thích của người chơi.

#ĐồngHồCúcCu #CúcCuĐức #BlackForestClock #ĐồngHồCổĐức #SưuTầmĐồngHồCổ",178,"10/03/2026 05:33",https://www.facebook.com/reel/1430670432363717/,"Thước phim",,"Trọn đời",0,+3x,0,0,0,518,5,0,2,0,3,494,593,6.082,3321.135,,
1692698155750529,100050310827163,"Đồng hồ Nhà kho","Đồng Hồ Bính Boong Dáng Đàn Cổ Hy Lạp – Sắc Xanh Cobalt Ấn Tượng

Một mẫu đồng hồ có kiểu dáng rất nghệ thuật, lấy cảm hứng từ đàn cổ Hy Lạp, nổi bật với sắc xanh cobalt phối cùng chi tiết ánh vàng tạo nên tổng thể hài hòa và bắt mắt.

Bên trong sử dụng bộ máy Franz Hermle, kết hợp cơ cấu chuông bính boong cho tiếng điểm nhẹ nhàng, dễ nghe. Kiểu dáng lạ mắt cùng sự kết hợp giữa màu sắc, đường nét trang trí và chuyển động cơ khí khiến chiếc đồng hồ vừa đẹp để trưng bày, vừa là một lựa chọn thú vị cho người yêu đồng hồ cơ và đồ trang trí châu Âu.

#FranzHermle #dong_ho_binh_boong #dong_ho_Hermle #xanh_cobalt #dong_ho_de_ban #dong_ho_co #dong_ho_co_hoc #do_co_chau_Au #dong_ho_suu_tam #suu_tam_dong_ho_co",0,"09/28/2026 02:53",https://www.facebook.com/donghonhakho.vn/posts/pfbid02baWb26tdQ7MBinDz4puk3fZN6dwvXC54WjMG8rqdX9VBUddU1gSpCsyJyA4CmykDl,Ảnh,,"Trọn đời",0,--,0,0,0,448,2,0,2,0,0,439,629,,,,
1692691635751181,100050310827163,"Đồng hồ Nhà kho","Vedet – Cơ Chế Ngắt Chuông Đêm Tự Động

Một tiện ích thú vị trên một số mẫu đồng hồ Vedet cổ của Pháp là cơ chế ngắt chuông đêm. Khi lựa chọn chế độ bằng cần gạt, trên những phiên bản được thiết kế với khung giờ này, hệ chuông có thể tự ngừng từ khoảng 21 giờ và hoạt động trở lại vào khoảng 7 giờ sáng hôm sau.

Thiết kế này giúp ban ngày vẫn thưởng thức được tiếng chuông cơ, còn ban đêm giữ không gian yên tĩnh mà không phải tắt đồng hồ. Khi sưu tầm Vedet, đây cũng là một chi tiết kỹ thuật thú vị để các bác kiểm tra và trải nghiệm.

#Vedette #VeDet #dong_ho_Vedette #ngat_chuong_dem #dong_ho_Phap #dong_ho_co #dong_ho_qua_lac #dong_ho_co_hoc #dong_ho_suu_tam #suu_tam_dong_ho_co",15,"09/28/2026 02:43",https://www.facebook.com/reel/29370304185904122/,Reel,,"Trọn đời",1,+3.5x,0,0,0,1656,17,0,13,0,3,1637,1887,4.698,7723.927,,
1697922585228086,100050310827163,"Đồng hồ Nhà kho","Cam Nhạc – Chi Tiết Nhỏ Điều Khiển Cả Một Chu Trình

Trong bộ máy đồng hồ cơ cổ, cam nhạc là một chi tiết nhìn khá đơn giản nhưng đảm nhiệm nhiệm vụ rất thú vị. Trên cam được tạo sẵn các phần lồi, lõm và rãnh, khi quay sẽ tác động vào những cần liên kết của hệ nhạc.

Có thể hiểu cam nhạc giống như một bộ phận “ra lệnh bằng cơ khí”, giúp các cơ cấu phối hợp theo đúng chu trình. Không cần điện tử hay lập trình, mọi chuyển động đều được tính toán thông qua hình dạng của từng chi tiết cơ khí – cũng chính là cái hay khi khám phá những bộ máy đồng hồ cổ.

#CamNhạc #CơKhíĐồngHồ #ĐồngHồCơCổ #KỹThuậtĐồngHồ",40,"10/03/2026 02:51",https://www.facebook.com/reel/3405422159627802/,Reel,,"Trọn đời",2,+6.9x,0,0,0,3832,57,5,46,5,5,3626,4750,15.673,58807.157,,
1697856738568004,100050310827163,"Đồng hồ Nhà kho","Đồng hồ vai bò Đức 5 côn – Mặt số la mã , dáng cổ điển- Mã số #1221
💵:6tr4
✨ Một mẫu đồng hồ vai bò Đức có dáng trải ngang cân đối, phần vai uốn mềm và hai đầu thùng tạo khối chắc chắn. Thùng gỗ mang sắc nâu trầm, nổi bật với những mảng vân gỗ tự nhiên, tổng thể rất hợp không gian nội thất gỗ và đồ cổ châu Âu.

✨ Điểm nhấn đẹp mắt nằm ở hai cụm hoa văn chạm nổi đối xứng hai bên mặt số. Họa tiết hoa kết hợp đường lá uốn cong tạo cảm giác mềm mại, giúp chiếc đồng hồ có nét cổ điển nhưng không quá cầu kỳ.

✨ Mặt số nổi số là mã đồng vàng sang trọng

✨ Bên trong sử dụng máy cơ Đức FHS, kết cấu gọn gàng và chắc chắn. Đây là cấu hình rất quen thuộc trên nhiều mẫu đồng hồ cơ cổ Đức, dễ chơi và phù hợp sử dụng lâu dài khi được bảo dưỡng đúng cách.

✨ Chất âm 5 côn thiên về sự êm, ngân và dễ nghe, tiếng chuông có độ vang vừa phải, không quá dồn hay nặng tiếng. Một chiếc đồng hồ quả lắc phù hợp với người thích chất âm đồng hồ cổ nhẹ nhàng để nghe hằng ngày, đồng thời vẫn có giá trị sưu tầm và trang trí.

📐 Kích thước: 73 × 24 cm
📍 KĐT Văn Phú – Phú La – Hà Đông – Hà Nội
☎️ 𝟶𝟿𝟼𝟹 • 𝟺𝟻𝟼 • 𝟿𝟼𝟹

#đồng_hồ_cổ, #đồng_hồ_vai_bò, #đồng_hồ_vai_bò_Đức, #đồng_hồ_cổ_Đức, #đồng_hồ_Đức, #đồng_hồ_5_côn, #đồng_hồ_5_gông, #đồng_hồ_cơ_cổ, #đồng_hồ_quả_lắc, #đồng_hồ_mặt_số_La_Mã, #đồng_hồ_châu_Âu_cổ, #đồng_hồ_sưu_tầm, #sưu_tầm_đồng_hồ_cổ, #âm_thanh_đồng_hồ_cổ, #đồ_cổ_châu_Âu, #vai_bò_Đức",0,"10/03/2026 01:09",https://www.facebook.com/donghonhakho.vn/posts/pfbid0vZTaYRGoiuRFKFsgCfVdi8r5xNNDCvKQTqwStWGLEeAXX3gT2wQ8qTXpZPaEQwLil,Ảnh,,"Trọn đời",1,--,0,0,0,407,5,0,4,0,1,401,599,,,,
1697772871909724,100050310827163,"Đồng hồ Nhà kho","Đồng Hồ Cúc Cu – Càng Chơi Càng Thấy Vui

Điểm thú vị của đồng hồ Cúc Cu là sự kết hợp giữa cơ khí, âm thanh và hoạt cảnh. Đến giờ, chú chim nhỏ xuất hiện cất tiếng “cúc – cu”, được tạo nên từ hai hộp gió và cổ còi bên trong.

Ở những mẫu có bộ nhạc, tiếng chim còn kết hợp cùng giai điệu và các hoạt cảnh chuyển động, tạo cảm giác rất sinh động. Âm thanh mềm, mộc, gần với tự nhiên nên nghe nhẹ nhàng và dễ chịu.

#ĐồngHồCúcCu #CúcCuĐức #ĐồngHồCổĐức #ĐồngHồCơCổ #ĐamMêĐồngHồCổ",20,"10/02/2026 22:45",https://www.facebook.com/reel/1408734591326068/,Reel,,"Trọn đời",3,+4.6x,0,0,0,879,10,0,7,0,0,817,989,4.403,3818.267,,
1444538477549116,100050310827163,"Đồng hồ Nhà kho","𝓕𝓕ℜ 8 Côn 8 Búa – Nguyên Bản, Mặt Số Nổi Đẹp

Một chiếc 𝓕𝓕ℜ còn giữ được nét nguyên bản, nổi bật với mặt số nổi tạo chiều sâu và vẻ cổ điển rất cuốn hút. Cấu hình 8 côn 8 búa cho tiếng nhạc ngân nga, rõ nốt và dễ nghe.

Dáng đẹp, mặt số có điểm nhấn cùng bộ côn đầy đặn – một mẫu rất thú vị để các bác thưởng thức và sưu tầm.

#𝓕𝓕ℜ #8con8bua #ĐồngHồCổPháp #ĐồngHồSưuTầm #chatamdonghoco",17,"10/02/2026 22:38",https://www.facebook.com/groups/799627422040228/permalink/1444538477549116/,Reel,,"Trọn đời",2,+2.7x,0,0,0,378,5,0,3,0,0,341,396,3.54,1256.723,,
1779753986666551,100050310827163,"Đồng hồ Nhà kho","𝓕𝓕ℜ 8 Côn 8 Búa – Nguyên Bản, Mặt Số Nổi Đẹp

Một chiếc 𝓕𝓕ℜ còn giữ được nét nguyên bản, nổi bật với mặt số nổi tạo chiều sâu và vẻ cổ điển rất cuốn hút. Cấu hình 8 côn 8 búa cho tiếng nhạc ngân nga, rõ nốt và dễ nghe.

Dáng đẹp, mặt số có điểm nhấn cùng bộ côn đầy đặn – một mẫu rất thú vị để các bác thưởng thức và sưu tầm.

#𝓕𝓕ℜ #8con8bua #ĐồngHồCổPháp #ĐồngHồSưuTầm #chatamdonghoco",17,"10/02/2026 22:38",https://www.facebook.com/groups/318070586168239/permalink/1779753986666551/,Reel,,"Trọn đời",0,-0.6x,0,0,0,106,1,0,1,0,0,97,107,2.053,209.474,,
1091851523624960,100050310827163,"Đồng hồ Nhà kho","𝓕𝓕ℜ 8 Côn 8 Búa – Nguyên Bản, Mặt Số Nổi Đẹp

Một chiếc 𝓕𝓕ℜ còn giữ được nét nguyên bản, nổi bật với mặt số nổi tạo chiều sâu và vẻ cổ điển rất cuốn hút. Cấu hình 8 côn 8 búa cho tiếng nhạc ngân nga, rõ nốt và dễ nghe.

Dáng đẹp, mặt số có điểm nhấn cùng bộ côn đầy đặn – một mẫu rất thú vị để các bác thưởng thức và sưu tầm.

#𝓕𝓕ℜ #8con8bua #ĐồngHồCổPháp #ĐồngHồSưuTầm #chatamdonghoco",17,"10/02/2026 22:38",https://www.facebook.com/groups/273029195507201/permalink/1091851523624960/,Reel,,"Trọn đời",0,-0.2x,0,0,0,145,0,0,0,0,0,127,151,3.679,485.75,,
1406143974968424,100050310827163,"Đồng hồ Nhà kho","𝓕𝓕ℜ 8 Côn 8 Búa – Nguyên Bản, Mặt Số Nổi Đẹp

Một chiếc 𝓕𝓕ℜ còn giữ được nét nguyên bản, nổi bật với mặt số nổi tạo chiều sâu và vẻ cổ điển rất cuốn hút. Cấu hình 8 côn 8 búa cho tiếng nhạc ngân nga, rõ nốt và dễ nghe.

Dáng đẹp, mặt số có điểm nhấn cùng bộ côn đầy đặn – một mẫu rất thú vị để các bác thưởng thức và sưu tầm.

#𝓕𝓕ℜ #8con8bua #ĐồngHồCổPháp #ĐồngHồSưuTầm #chatamdonghoco",17,"10/02/2026 22:37",https://www.facebook.com/groups/648485240734305/permalink/1406143974968424/,Reel,,"Trọn đời",0,+0.2x,0,0,0,115,0,0,0,0,0,98,113,3.886,392.575,,
3655917131232189,100050310827163,"Đồng hồ Nhà kho","𝓕𝓕ℜ 8 Côn 8 Búa – Nguyên Bản, Mặt Số Nổi Đẹp

Một chiếc 𝓕𝓕ℜ còn giữ được nét nguyên bản, nổi bật với mặt số nổi tạo chiều sâu và vẻ cổ điển rất cuốn hút. Cấu hình 8 côn 8 búa cho tiếng nhạc ngân nga, rõ nốt và dễ nghe.

Dáng đẹp, mặt số có điểm nhấn cùng bộ côn đầy đặn – một mẫu rất thú vị để các bác thưởng thức và sưu tầm.

#𝓕𝓕ℜ #8con8bua #ĐồngHồCổPháp #ĐồngHồSưuTầm #chatamdonghoco",17,"10/02/2026 22:37",https://www.facebook.com/groups/621233334700599/permalink/3655917131232189/,Reel,,"Trọn đời",0,-0.3x,0,0,0,80,0,0,0,0,0,73,80,2.914,221.518,,
1697767278576950,100050310827163,"Đồng hồ Nhà kho","𝓕𝓕ℜ 8 Côn 8 Búa – Nguyên Bản, Mặt Số Nổi Đẹp

Một chiếc 𝓕𝓕ℜ còn giữ được nét nguyên bản, nổi bật với mặt số nổi tạo chiều sâu và vẻ cổ điển rất cuốn hút. Cấu hình 8 côn 8 búa cho tiếng nhạc ngân nga, rõ nốt và dễ nghe.

Dáng đẹp, mặt số có điểm nhấn cùng bộ côn đầy đặn – một mẫu rất thú vị để các bác thưởng thức và sưu tầm.

#𝓕𝓕ℜ #8con8bua #ĐồngHồCổPháp #ĐồngHồSưuTầm #chatamdonghoco",17,"10/02/2026 22:36",https://www.facebook.com/reel/2049559685754869/,Reel,,"Trọn đời",0,+1.8x,0,0,0,487,8,0,5,0,3,476,603,4.734,2381.413,,
1779731066668843,100050310827163,"Đồng hồ Nhà kho","Junhan Đức 8 Côn 8 Búa – Dáng Đẹp, Âm Hay

Một chiếc Junhan Đức có kiểu dáng cổ điển, cân đối và rất dễ trưng bày. Cấu hình 8 côn 8 búa cho tiếng nhạc rõ, ngân nga, nghe êm và có độ cộng hưởng dễ chịu.

Dáng đẹp kết hợp cùng chất âm đặc trưng của bộ côn khiến mẫu này rất thú vị cho các bác yêu thích và sưu tầm đồng hồ Đức cổ.

#Junhan #8con8bua #ĐồngHồCổĐức #ĐồngHồSưuTầm #chatamdonghoco",62,"10/02/2026 21:55",https://www.facebook.com/groups/318070586168239/permalink/1779731066668843/,Reel,,"Trọn đời",3,+3.8x,0,0,0,155,2,0,0,0,0,134,153,6.878,949.279,,
1406118411637647,100050310827163,"Đồng hồ Nhà kho","Junhan Đức 8 Côn 8 Búa – Dáng Đẹp, Âm Hay

Một chiếc Junhan Đức có kiểu dáng cổ điển, cân đối và rất dễ trưng bày. Cấu hình 8 côn 8 búa cho tiếng nhạc rõ, ngân nga, nghe êm và có độ cộng hưởng dễ chịu.

Dáng đẹp kết hợp cùng chất âm đặc trưng của bộ côn khiến mẫu này rất thú vị cho các bác yêu thích và sưu tầm đồng hồ Đức cổ.

#Junhan #8con8bua #ĐồngHồCổĐức #ĐồngHồSưuTầm #chatamdonghoco",62,"10/02/2026 21:55",https://www.facebook.com/groups/648485240734305/permalink/1406118411637647/,Reel,,"Trọn đời",0,-3x,0,0,0,71,1,0,1,0,0,62,71,4.525,289.65,,
3655884947902074,100050310827163,"Đồng hồ Nhà kho","Junhan Đức 8 Côn 8 Búa – Dáng Đẹp, Âm Hay

Một chiếc Junhan Đức có kiểu dáng cổ điển, cân đối và rất dễ trưng bày. Cấu hình 8 côn 8 búa cho tiếng nhạc rõ, ngân nga, nghe êm và có độ cộng hưởng dễ chịu.

Dáng đẹp kết hợp cùng chất âm đặc trưng của bộ côn khiến mẫu này rất thú vị cho các bác yêu thích và sưu tầm đồng hồ Đức cổ.

#Junhan #8con8bua #ĐồngHồCổĐức #ĐồngHồSưuTầm #chatamdonghoco",62,"10/02/2026 21:55",https://www.facebook.com/groups/621233334700599/permalink/3655884947902074/,Reel,,"Trọn đời",0,-3.1x,0,0,0,50,0,0,0,0,0,42,60,4.591,257.125,,
1697742695246075,100050310827163,"Đồng hồ Nhà kho","Junhan Đức 8 Côn 8 Búa – Dáng Đẹp, Âm Hay

Một chiếc Junhan Đức có kiểu dáng cổ điển, cân đối và rất dễ trưng bày. Cấu hình 8 côn 8 búa cho tiếng nhạc rõ, ngân nga, nghe êm và có độ cộng hưởng dễ chịu.

Dáng đẹp kết hợp cùng chất âm đặc trưng của bộ côn khiến mẫu này rất thú vị cho các bác yêu thích và sưu tầm đồng hồ Đức cổ.

#Junhan #8con8bua #ĐồngHồCổĐức #ĐồngHồSưuTầm #chatamdonghoco",62,"10/02/2026 21:54",https://www.facebook.com/reel/968489195691006/,Reel,,"Trọn đời",0,+0.3x,0,0,0,269,5,0,4,0,1,238,285,6.785,1784.615,,
1697737515246593,100050310827163,"Đồng hồ Nhà kho","Không pin, không điện mà chiếc đồng hồ này vẫn chạy.
Bí mật nằm trong ổ cót này.
Khi vặn chìa khóa, năng lượng được tích vào dây cót rồi giải phóng từ từ để đồng hồ hoạt động.
Nhưng nếu một chiếc đồng hồ không dùng dây cót thì nó lấy năng lượng ở đâu?",20,"10/02/2026 21:45",https://www.facebook.com/reel/2752659248461986/,Reel,,"Trọn đời",0,+2.1x,0,0,0,1112,9,0,6,0,3,1029,1482,8.992,10278.691,,
1697726031914408,100050310827163,"Đồng hồ Nhà kho","Vì sao dây cót không tuột ngược?

Khi lên cót đồng hồ cổ, bánh răng một chiều cho phép chúng ta vặn theo hướng lên cót nhưng ngăn nó quay ngược trở lại. Nhờ cơ cấu nhỏ này, năng lượng được giữ trong dây cót rồi giải phóng từ từ để bộ máy hoạt động. Một chi tiết rất đơn giản nhưng quan trọng trên đồng hồ cơ cổ.

#DongHoCo #DongHoCoKhi #DayCot #MayDongHoCo #SuuTamDongHoCo",6,"10/02/2026 21:25",https://www.facebook.com/reel/992148637242638/,Reel,,"Trọn đời",9,+28.7x,0,0,0,117838,650,104,624,37,15,116021,214013,8.214,941500.067,,
1697714805248864,100050310827163,"Đồng hồ Nhà kho","✨ Đồng hồ 𝓙𝓾𝓷𝓰𝓱𝓪𝓷𝓼 Đức – hàng nguyên bản, dáng cổ điển, máy cơ vận hành ổn định, chất âm trầm ấm và ngân nghe rất dễ chịu.

Một mẫu đồng hồ cổ Đức đẹp để chơi và sưu tầm, giữ được nét xưa đặc trưng của đồng hồ châu Âu cổ.

💰 Giao lưu: 4tr8

#đồng_hồ_cổ, #đồng_hồ_cổ_Đức, #đồng_hồ_vai_bò, #đồng_hồ_cơ_cổ, #đồng_hồ_quả_lắc, #đồng_hồ_nguyên_bản, #đồng_hồ_sưu_tầm, #đồ_cổ_châu_Âu",0,"10/02/2026 21:06",https://www.facebook.com/donghonhakho.vn/posts/pfbid0ozrwU82EMbRx8y6kr5BEmPSGMRgDB7xGwDeVr7Krp4CKVAvkaAN7ApmoPWs5tYG6l,Ảnh,,"Trọn đời",0,--,0,0,0,232,1,0,0,0,1,226,324,,,,
1697664205253924,100050310827163,"Đồng hồ Nhà kho","ÔĐô 36/8 Cực Đẹp – Giá Tới Giàn Gần 5X

Một chiếc ÔĐô 36/8 hình thức cực đẹp, tổng thể cân đối, chất âm ngân nga dễ nghe. Dòng 36/8 với cấu hình 8 côn 8 búa vốn được nhiều bác yêu thích bởi âm thanh nhẹ nhàng, thong thả.

Giá tới giàn gần 5X, bác nào đang tìm một chiếc 36/8 đẹp để chơi và trải nghiệm thì tham khảo ạ.

#ÔĐô #Odo36_8 #8con8bua #ĐồngHồCổPháp #ĐồngHồSưuTầm",0,"10/02/2026 19:44",https://www.facebook.com/donghonhakho.vn/posts/pfbid023QsgZvkg4PNihiN1wxxBVtPEHxGqZBYK31tDkU5UwAxYYE3NSj5jpqv9w6PxPeYKl,Ảnh,,"Trọn đời",4,--,0,0,0,959,11,0,6,0,1,909,1362,,,,
1696720758681602,100050310827163,"Đồng hồ Nhà kho","Đồng hồ vai bò 5 côn – Dáng nhỏ gọn, vân gỗ đẹp, âm thanh dễ nghe- Mã số #1234
💵:4tr
✨ Mẫu đồng hồ vai bò mang dáng cổ điển gọn gàng, thân thùng bo cong mềm mại. Điểm nổi bật là lớp vân gỗ chạy chéo đối xứng rất đẹp, kết hợp mặt số tròn với cọc số La Mã nổi, tạo nét thanh lịch đặc trưng của đồng hồ châu Âu cổ.

✨ Bên trong là bộ máy cơ lên cót với 3 ổ khóa, kết cấu máy khá khỏe và chắc chắn. Hệ thống 5 côn – 5 búa được bố trí gọn trong thùng, vừa đủ để tạo nên chất âm có chiều sâu mà không cần một bộ vỏ quá lớn.

✨ Tiếng chuông thiên về sự nhẹ nhàng, rõ tiếng và dễ nghe. Bộ 5 côn cho âm thanh hài hòa, độ ngân vừa phải, phù hợp đặt trong phòng khách, phòng làm việc hoặc không gian nhỏ mà không tạo cảm giác quá vang.

✨ Một chiếc đồng hồ cơ cổ có lợi thế ở kích thước nhỏ, dáng đẹp và chất âm dễ thưởng thức, phù hợp cả trang trí lẫn sưu tầm đồng hồ cổ.

📐 Kích thước: 49 × 22 cm
📍 Hà Đông – Hà Nội
☎️ 𝟢𝟫𝟨𝟥 • 𝟦𝟧𝟨 • 𝟫𝟨𝟥

#DongHoCo #DongHoVaiBo #DongHoCoDuc #DongHo5Con #DongHoCoKhi #DongHoQuaLac #DongHoChauAuCo #AmThanhDongHoCo #DoCoChauAu #SuuTamDongHoCo #DongHoNguyenBan #GiaTriSuuTam",0,"10/02/2026 00:33",https://www.facebook.com/donghonhakho.vn/posts/pfbid031x1wDznXSjF2bPQk7yh7ALg5irR98vx99cWxdEJyNAnPbUkMNxXWQA2RensnY7XQl,Ảnh,,"Trọn đời",1,--,0,0,0,597,3,0,1,0,1,575,844,,,,
1443636677639296,100050310827163,"Đồng hồ Nhà kho","ÔĐô 24 đời 1962 – kích thước hiếm gặp

Một chiếc đồng hồ cổ Pháp ÔĐô 24 được xác định khoảng năm 1962, gây chú ý bởi kích thước lớn khác thường so với nhiều mẫu 24 thường gặp. Điều đáng nói là dù thân hình lớn, tỷ lệ thùng vẫn cân đối, dáng đẹp và giữ được nét cổ điển đặc trưng. Đặt cạnh một chiếc 24 thông thường, sự khác biệt mới thực sự rõ. Anh em đã từng gặp chiếc 24 nào lớn như vậy chưa?

#DongHoCo #ODo24 #DongHoCoPhap #DongHoQuaLac #SuuTamDongHoCo",21,"10/02/2026 00:21",https://www.facebook.com/groups/799627422040228/permalink/1443636677639296/,Reel,,"Trọn đời",0,-0.2x,0,0,0,265,0,0,0,0,0,241,262,3.102,769.474,,
1405233458392809,100050310827163,"Đồng hồ Nhà kho","ÔĐô 24 đời 1962 – kích thước hiếm gặp

Một chiếc đồng hồ cổ Pháp ÔĐô 24 được xác định khoảng năm 1962, gây chú ý bởi kích thước lớn khác thường so với nhiều mẫu 24 thường gặp. Điều đáng nói là dù thân hình lớn, tỷ lệ thùng vẫn cân đối, dáng đẹp và giữ được nét cổ điển đặc trưng. Đặt cạnh một chiếc 24 thông thường, sự khác biệt mới thực sự rõ. Anh em đã từng gặp chiếc 24 nào lớn như vậy chưa?

#DongHoCo #ODo24 #DongHoCoPhap #DongHoQuaLac #SuuTamDongHoCo",21,"10/02/2026 00:21",https://www.facebook.com/groups/648485240734305/permalink/1405233458392809/,Reel,,"Trọn đời",0,+0.2x,0,0,0,440,1,0,1,0,0,403,463,4.357,1795.255,,
3654713464685889,100050310827163,"Đồng hồ Nhà kho","ÔĐô 24 đời 1962 – kích thước hiếm gặp

Một chiếc đồng hồ cổ Pháp ÔĐô 24 được xác định khoảng năm 1962, gây chú ý bởi kích thước lớn khác thường so với nhiều mẫu 24 thường gặp. Điều đáng nói là dù thân hình lớn, tỷ lệ thùng vẫn cân đối, dáng đẹp và giữ được nét cổ điển đặc trưng. Đặt cạnh một chiếc 24 thông thường, sự khác biệt mới thực sự rõ. Anh em đã từng gặp chiếc 24 nào lớn như vậy chưa?

#DongHoCo #ODo24 #DongHoCoPhap #DongHoQuaLac #SuuTamDongHoCo",21,"10/02/2026 00:20",https://www.facebook.com/groups/621233334700599/permalink/3654713464685889/,Reel,,"Trọn đời",0,-0.2x,0,0,0,200,0,0,0,0,0,180,207,3.464,633.914,,
1696710735349271,100050310827163,"Đồng hồ Nhà kho","ÔĐô 24 đời 1962 – kích thước hiếm gặp

Một chiếc đồng hồ cổ Pháp ÔĐô 24 được xác định khoảng năm 1962, gây chú ý bởi kích thước lớn khác thường so với nhiều mẫu 24 thường gặp. Điều đáng nói là dù thân hình lớn, tỷ lệ thùng vẫn cân đối, dáng đẹp và giữ được nét cổ điển đặc trưng. Đặt cạnh một chiếc 24 thông thường, sự khác biệt mới thực sự rõ. Anh em đã từng gặp chiếc 24 nào lớn như vậy chưa?

#DongHoCo #ODo24 #DongHoCoPhap #DongHoQuaLac #SuuTamDongHoCo",21,"10/02/2026 00:19",https://www.facebook.com/reel/1390274419924872/,Reel,,"Trọn đời",2,+3.1x,0,0,0,747,3,0,1,0,0,668,838,4.393,3194.287,,
1696708945349450,100050310827163,"Đồng hồ Nhà kho","Đồng hồ vai bò Đức 8 côn – 3 bản nhạc, dáng cổ điển đầy chất xưa- Mã số #1061
💵: 9tr5
✨ Mẫu đồng hồ vai bò Đức sở hữu dáng trải ngang cân đối, phần thân giữa nhô cao kết hợp hai cánh uốn mềm và hoa văn trang trí kim loại. Mặt số vân gỗ, cọc số La Mã nổi cùng bộ kim kiểu cổ tạo nên vẻ trang nhã, rất hợp không gian trưng bày đồ cổ châu Âu.

✨ Bộ máy cơ Đức FHS , kết cấu chắc chắn. Bộ máy kết hợp 8 côn – 8 búa, hệ thống cơ khí khá quy mô đối với một chiếc đồng hồ để bàn dáng vai bò.

✨ Điểm thú vị nhất nằm ở phần âm thanh với 3 bản nhạc, cho trải nghiệm phong phú hơn dòng chỉ chơi một bản. Dàn 8 côn tạo tiếng chuông nhiều lớp, âm vang rõ, có độ ngân và thay đổi giai điệu tạo cảm giác rất đặc trưng của đồng hồ cơ cổ Đức.

✨ Một mẫu đồng hồ châu Âu cổ vừa có dáng đẹp, vừa có cấu hình âm thanh đáng chú ý; phù hợp cho người thích sưu tầm đồng hồ cổ thiên về cả hình thức lẫn chất âm đồng hồ cổ.

📐 Kích thước: 65 × 23 cm
📍 Hà Đông – Hà Nội
☎️ 𝟶𝟿𝟼𝟥 • 𝟜𝟝𝟞 • 𝟿𝟞𝟥

#DongHoCo #DongHoVaiBoDuc #DongHoCoDuc #DongHoCoChauAu #DongHoCoKhi #DongHo8Con #DongHo3BanNhac #DongHoQuaLac #DoCoChauAu #SuuTamDongHoCo #AmThanhDongHoCo #GiaTriSuuTam",0,"10/02/2026 00:18",https://www.facebook.com/donghonhakho.vn/posts/pfbid035oa1prjBpK635yMk578hgDJZmnNz44BgkUJQgbuSfvMn6uMe3PsSi6tBXrn5zWMKl,Ảnh,,"Trọn đời",1,--,0,0,0,395,4,0,2,0,1,375,576,,,,
1696701425350202,100050310827163,"Đồng hồ Nhà kho","ÔĐô 24 đời 1962 – kích thước hiếm gặp

Một chiếc đồng hồ cổ Pháp ÔĐô 24 được xác định khoảng năm 1962, gây chú ý bởi kích thước lớn khác thường so với nhiều mẫu 24 thường gặp. Điều đáng nói là dù thân hình lớn, tỷ lệ thùng vẫn cân đối, dáng đẹp và giữ được nét cổ điển đặc trưng. Đặt cạnh một chiếc 24 thông thường, sự khác biệt mới thực sự rõ. Anh em đã từng gặp chiếc 24 nào lớn như vậy chưa?

#DongHoCo #ODo24 #DongHoCoPhap #DongHoQuaLac #SuuTamDongHoCo",0,"10/02/2026 00:07",https://www.facebook.com/donghonhakho.vn/posts/pfbid0ApQ6cF2SmXS5nLUvrqvEgcumd5ppcBnniQmeu4f3GK17wdBhBxNojDxCEa2WKgp3l,Ảnh,,"Trọn đời",0,--,0,0,0,283,2,0,1,0,1,276,406,,,,
1696656118688066,100050310827163,"Đồng hồ Nhà kho","36/8 và 36/10 – giá trị chênh tới 10 lần

Hai chiếc đồng hồ cổ Pháp có ngoại hình khá tương đồng, giai đoạn sản xuất gần nhau và cùng thể hiện bản Westminster. Thế nhưng giá trị sưu tầm có thể chênh nhau tới 10 lần. Lần này hãy tạm quên tên gọi và giá tiền, nhắm mắt nghe chất âm đồng hồ cổ của 36/8 và 36/10. Theo anh em, khác biệt âm thanh có tương xứng với mức chênh lệch ấy?

#DongHoCo #Westminster #DongHoCoPhap #AmThanhDongHoCo #SuuTamDongHoCo",45,"10/01/2026 22:59",https://www.facebook.com/reel/2010231166163740/,Reel,,"Trọn đời",2,+5.1x,0,0,0,612,15,0,10,0,3,556,729,12.889,7837.1,,
1696656115354733,100050310827163,"Đồng hồ Nhà kho","36/8 và 36/10 – giá trị chênh tới 10 lần

Hai chiếc đồng hồ cổ Pháp có ngoại hình khá tương đồng, giai đoạn sản xuất gần nhau và cùng thể hiện bản Westminster. Thế nhưng giá trị sưu tầm có thể chênh nhau tới 10 lần. Lần này hãy tạm quên tên gọi và giá tiền, nhắm mắt nghe chất âm đồng hồ cổ của 36/8 và 36/10. Theo anh em, khác biệt âm thanh có tương xứng với mức chênh lệch ấy?

#DongHoCo #Westminster #DongHoCoPhap #AmThanhDongHoCo #SuuTamDongHoCo",45,"10/01/2026 22:59",https://www.facebook.com/reel/979015131120347/,Reel,,"Trọn đời",0,+2.3x,0,0,0,945,12,0,10,0,3,920,1165,12.388,11979.214,,
1696645125355832,100050310827163,"Đồng hồ Nhà kho","Đừng nhìn hình, hãy thử nghe chất âm 36/10

Một trải nghiệm thú vị với đồng hồ cổ 36/10, cấu hình 10 búa và chơi 2 bản nhạc. Tạm bỏ qua kiểu dáng, độ nguyên bản hay giá trị sưu tầm, lần này chỉ tập trung vào âm thanh đồng hồ cổ: từng nhịp gõ, độ ngân và cách bản nhạc được thể hiện. Anh em nghe thử và cho biết cảm nhận về chất âm này nhé.

#DongHoCo #DongHoCoPhap #DongHoCoKhi #AmThanhDongHoCo #SuuTamDongHoCo",37,"10/01/2026 22:43",https://www.facebook.com/reel/1595142732353856/,Reel,,"Trọn đời",4,+8.3x,0,0,0,1558,31,2,24,1,3,1495,1920,14.783,22885.481,,
1696619788691699,100050310827163,"Đồng hồ Nhà kho","Lỗ nhỏ trên thùng đồng hồ cổ dùng để làm gì?

Trên một số mẫu đồng hồ quả lắc, chiếc lỗ nhỏ này liên quan đến cơ cấu giữ quả lắc khi vận chuyển. Chốt giữ giúp hạn chế quả lắc đung đưa, va chạm vào thùng hoặc các chi tiết bên trong. Đây là một chi tiết nhỏ nhưng thú vị, cho thấy người xưa đã tính đến cả việc bảo vệ đồng hồ cơ cổ trong quá trình di chuyển.

#DongHoCo #DongHoQuaLac #DongHoCoDuc #DongHoCoKhi #SuuTamDongHoCo",16,"10/01/2026 22:07",https://www.facebook.com/reel/28942132535424790/,Reel,,"Trọn đời",0,+3.2x,0,0,0,6032,45,1,40,2,4,5829,8970,11.846,69881.93,,
1398815648570726,100050310827163,"Đồng hồ Nhà kho","ÔĐô 36/10 Thùng Xương Cá – Càng Ngắm Càng Có Chất Xưa

ÔĐô 36/10 lần này nổi bật với bộ thùng xương cá, những đường vân gỗ đối xứng tạo hiệu ứng rất đẹp, vừa cổ điển vừa có chiều sâu. Đây cũng là kiểu thùng khiến chiếc đồng hồ có điểm nhận diện riêng ngay từ cái nhìn đầu tiên.

Kết hợp cùng cấu hình 10 côn 10 búa, chất âm vang, ngân và đầy đặn, chiếc đồng hồ mang lại cả phần nhìn lẫn phần nghe rất thú vị. Với những bác yêu ÔĐô cổ, một chiếc thùng xương cá còn đẹp, máy móc và bộ côn giữ được độ nguyên bản luôn đáng để tham khảo.

#ÔĐô #Odo36_10 #thung_xuong_ca #10con10bua #dong_ho_Phap #dong_ho_co #dong_ho_nguyen_ban #am_thanh_dong_ho #suu_tam_dong_ho_co",31,"10/01/2026 20:18",https://www.facebook.com/groups/481265050325795/permalink/1398815648570726/,Reel,,"Trọn đời",0,-4x,0,0,0,12,0,0,0,0,0,10,12,1.617,16.176,,
1696507688702909,100050310827163,"Đồng hồ Nhà kho","Ngựa Đồng Hồ – Chi Tiết Nhỏ Nhưng Rất Quan Trọng

Trong cách gọi của thợ và người chơi đồng hồ cổ, “ngựa” là một bộ phận thuộc hệ thoát, làm việc cùng bánh xe thoát để truyền năng lượng theo từng nhịp và kiểm soát chuyển động của quả lắc.

Khi ngựa và quả lắc được căn chỉnh đúng, tiếng tích – tắc sẽ đều và máy chạy ổn định. Nếu đồng hồ chạy khi tháo quả lắc nhưng lắp quả lắc vào lại nhanh dừng, một trong những nguyên nhân cần kiểm tra là máy bị lệch nhịp hoặc hệ ngựa chưa được căn chuẩn.

#NgựaĐồngHồ #ĐồngHồCơCổ #KỹThuậtĐồngHồ #ĐồngHồCổ #KinhNghiệmĐồngHồ",12,"10/01/2026 19:22",https://www.facebook.com/reel/1111958544746147/,Reel,,"Trọn đời",1,+4x,0,0,0,1667,17,0,14,0,4,1560,2113,6.803,11225.885,,
4493995797412928,100050310827163,"Đồng hồ Nhà kho","Vai Bò Junhan Côn Đồng Bạch – Bền Bỉ, Chất Âm Rất Có Nét

Dòng vai bò Junhan côn đồng bạch được nhiều người chơi yêu thích bởi bộ máy cơ vận hành bền bỉ và chất âm đặc trưng. Bộ côn cho tiếng sáng, rõ, ngân dài nhưng vẫn êm tai, kết hợp thùng gỗ vai bò tạo độ cộng hưởng nghe rất dễ chịu.

Vừa có dáng cổ điển, vừa có chất âm đáng nghe, đây là một trong những cấu hình Junhan rất thú vị để các bác trải nghiệm và sưu tầm.

#Junhan #ConDongBach #ĐồngHồVaiBò #ĐồngHồCổĐức #chatamdonghoco",59,"10/01/2026 16:22",https://www.facebook.com/groups/2045274432285089/permalink/4493995797412928/,Reel,,"Trọn đời",0,-0.4x,0,0,0,95,0,0,0,0,0,82,89,2.508,208.208,,
1404927851756703,100050310827163,"Đồng hồ Nhà kho","Vai Bò Junhan Côn Đồng Bạch – Bền Bỉ, Chất Âm Rất Có Nét

Dòng vai bò Junhan côn đồng bạch được nhiều người chơi yêu thích bởi bộ máy cơ vận hành bền bỉ và chất âm đặc trưng. Bộ côn cho tiếng sáng, rõ, ngân dài nhưng vẫn êm tai, kết hợp thùng gỗ vai bò tạo độ cộng hưởng nghe rất dễ chịu.

Vừa có dáng cổ điển, vừa có chất âm đáng nghe, đây là một trong những cấu hình Junhan rất thú vị để các bác trải nghiệm và sưu tầm.

#Junhan #ConDongBach #ĐồngHồVaiBò #ĐồngHồCổĐức #chatamdonghoco",59,"10/01/2026 16:22",https://www.facebook.com/groups/648485240734305/permalink/1404927851756703/,Reel,,"Trọn đời",0,-0.2x,0,0,0,151,0,0,0,0,0,130,139,4.06,540.083,,
3654312181392684,100050310827163,"Đồng hồ Nhà kho","Vai Bò Junhan Côn Đồng Bạch – Bền Bỉ, Chất Âm Rất Có Nét

Dòng vai bò Junhan côn đồng bạch được nhiều người chơi yêu thích bởi bộ máy cơ vận hành bền bỉ và chất âm đặc trưng. Bộ côn cho tiếng sáng, rõ, ngân dài nhưng vẫn êm tai, kết hợp thùng gỗ vai bò tạo độ cộng hưởng nghe rất dễ chịu.

Vừa có dáng cổ điển, vừa có chất âm đáng nghe, đây là một trong những cấu hình Junhan rất thú vị để các bác trải nghiệm và sưu tầm.

#Junhan #ConDongBach #ĐồngHồVaiBò #ĐồngHồCổĐức #chatamdonghoco",59,"10/01/2026 16:22",https://www.facebook.com/groups/621233334700599/permalink/3654312181392684/,Reel,,"Trọn đời",0,-0.5x,0,0,0,95,0,0,0,0,0,82,86,2.66,218.139,,
3413346002178295,100050310827163,"Đồng hồ Nhà kho","Vai Bò Junhan Côn Đồng Bạch – Bền Bỉ, Chất Âm Rất Có Nét

Dòng vai bò Junhan côn đồng bạch được nhiều người chơi yêu thích bởi bộ máy cơ vận hành bền bỉ và chất âm đặc trưng. Bộ côn cho tiếng sáng, rõ, ngân dài nhưng vẫn êm tai, kết hợp thùng gỗ vai bò tạo độ cộng hưởng nghe rất dễ chịu.

Vừa có dáng cổ điển, vừa có chất âm đáng nghe, đây là một trong những cấu hình Junhan rất thú vị để các bác trải nghiệm và sưu tầm.

#Junhan #ConDongBach #ĐồngHồVaiBò #ĐồngHồCổĐức #chatamdonghoco",59,"10/01/2026 16:21",https://www.facebook.com/groups/donghoco/permalink/3413346002178295/,Reel,,"Trọn đời",2,+2.6x,0,0,0,129,3,0,1,0,0,114,122,2.884,343.306,,
2498003660684151,100050310827163,"Đồng hồ Nhà kho","Vai Bò Junhan Côn Đồng Bạch – Bền Bỉ, Chất Âm Rất Có Nét

Dòng vai bò Junhan côn đồng bạch được nhiều người chơi yêu thích bởi bộ máy cơ vận hành bền bỉ và chất âm đặc trưng. Bộ côn cho tiếng sáng, rõ, ngân dài nhưng vẫn êm tai, kết hợp thùng gỗ vai bò tạo độ cộng hưởng nghe rất dễ chịu.

Vừa có dáng cổ điển, vừa có chất âm đáng nghe, đây là một trong những cấu hình Junhan rất thú vị để các bác trải nghiệm và sưu tầm.

#Junhan #ConDongBach #ĐồngHồVaiBò #ĐồngHồCổĐức #chatamdonghoco",59,"10/01/2026 16:21",https://www.facebook.com/groups/580302725787597/permalink/2498003660684151/,Reel,,"Trọn đời",0,-0.3x,0,0,0,137,1,0,1,0,0,122,131,3.862,490.483,,
1696391388714539,100050310827163,"Đồng hồ Nhà kho","Vai Bò Junhan Côn Đồng Bạch – Bền Bỉ, Chất Âm Rất Có Nét

Dòng vai bò Junhan côn đồng bạch được nhiều người chơi yêu thích bởi bộ máy cơ vận hành bền bỉ và chất âm đặc trưng. Bộ côn cho tiếng sáng, rõ, ngân dài nhưng vẫn êm tai, kết hợp thùng gỗ vai bò tạo độ cộng hưởng nghe rất dễ chịu.

Vừa có dáng cổ điển, vừa có chất âm đáng nghe, đây là một trong những cấu hình Junhan rất thú vị để các bác trải nghiệm và sưu tầm.

#Junhan #ConDongBach #ĐồngHồVaiBò #ĐồngHồCổĐức #chatamdonghoco",59,"10/01/2026 16:20",https://www.facebook.com/reel/1132070382715699/,Reel,,"Trọn đời",0,+1.9x,0,0,0,337,6,0,3,0,3,299,367,5.992,2019.442,,
1696387988714879,100050310827163,"Đồng hồ Nhà kho","Đồ Đồng Pháp – Vẻ Đẹp Càng Ngắm Càng Cuốn

Những sản phẩm bằng đồng cổ của Pháp luôn có nét cuốn hút rất riêng với người chơi và người sưu tầm. Trước hết là độ tinh tế trong từng chi tiết gia công, từ hoa văn, đường nét cho tới bố cục tổng thể.

Điểm thứ hai chính là sắc vàng ruộm đặc trưng của đồng. Nhiều món dù đã trải qua thời gian dài vẫn giữ được màu sắc rất đẹp. Theo kinh nghiệm người chơi, chính chất liệu và kỹ thuật chế tác ngày xưa đã tạo nên vẻ đẹp tự nhiên, không phụ thuộc vào lớp xi mạ bên ngoài.

#ĐồĐồngPháp #ĐồCổPháp #ĐồCổChâuÂu #SưuTầmĐồCổ #ĐamMêĐồCổ",0,"10/01/2026 16:14",https://www.facebook.com/donghonhakho.vn/posts/pfbid0xWGnymuzj9JoozVLXAajsEHXPUAcQ33sfScuEY6mparhfiMr9XkUjVhVQtzAnmNMl,Ảnh,,"Trọn đời",0,--,0,0,0,281,3,0,2,0,1,276,437,,,,
1696383108715367,100050310827163,"Đồng hồ Nhà kho","Đồ Đồng Pháp – Một Nét Cuốn Hút Rất Riêng

Những món đồ bằng đồng Pháp luôn có sức hút riêng với người chơi và người sưu tầm. Thứ nhất là các chi tiết được gia công tinh tế, từ đường nét nhỏ đến tổng thể đều tạo cảm giác rất có chiều sâu.

Thứ hai là màu vàng ruộm đặc trưng của chất liệu đồng. Theo kinh nghiệm của người chơi, nhiều món cổ giữ được sắc vàng đẹp qua thời gian mà không cần lớp xi mạ bên ngoài. Chính chất liệu, kỹ thuật chế tác và dấu ấn thời gian tạo nên vẻ đẹp mà đồ mới khó có được.

#ĐồĐồngPháp #ĐồCổPháp #ĐồCổChâuÂu #SưuTầmĐồCổ #ĐamMêĐồCổ",25,"10/01/2026 16:06",https://www.facebook.com/reel/1110004698051224/,Reel,,"Trọn đời",0,+1.3x,0,0,0,191,6,0,3,0,3,195,267,3.275,740.344,,
1778524193456197,100050310827163,"Đồng hồ Nhà kho","Đồng Hồ Chân Nến Pháp – Nét Cổ Kính Đáng Sưu Tầm

Một mẫu đồng hồ chân nến Pháp cổ sâu tuổi, kiểu dáng trang nhã và mang đậm nét châu Âu xưa. Bộ máy cơ hoạt động theo chu kỳ, cứ 30 phút điểm chuông một lần, tiếng chuông ngân vang, dễ nghe và tạo cảm giác rất hoài cổ.

Với tuổi đời lâu năm, kiểu dáng đẹp cùng cơ cấu chuông thú vị, đây là mẫu vừa phù hợp trưng bày vừa có giá trị sưu tầm theo đánh giá của người chơi.

#ĐồngHồChânNến #ĐồngHồCổPháp #ĐồngHồCơCổ #ĐồngHồSưuTầm #ĐồCổChâuÂu",64,"10/01/2026 16:04",https://www.facebook.com/groups/318070586168239/permalink/1778524193456197/,Reel,,"Trọn đời",0,-0.7x,0,0,0,65,0,0,0,0,0,59,68,2.596,160.956,,
1668811704660702,100050310827163,"Đồng hồ Nhà kho","Đồng Hồ Chân Nến Pháp – Nét Cổ Kính Đáng Sưu Tầm

Một mẫu đồng hồ chân nến Pháp cổ sâu tuổi, kiểu dáng trang nhã và mang đậm nét châu Âu xưa. Bộ máy cơ hoạt động theo chu kỳ, cứ 30 phút điểm chuông một lần, tiếng chuông ngân vang, dễ nghe và tạo cảm giác rất hoài cổ.

Với tuổi đời lâu năm, kiểu dáng đẹp cùng cơ cấu chuông thú vị, đây là mẫu vừa phù hợp trưng bày vừa có giá trị sưu tầm theo đánh giá của người chơi.

#ĐồngHồChânNến #ĐồngHồCổPháp #ĐồngHồCơCổ #ĐồngHồSưuTầm #ĐồCổChâuÂu",64,"10/01/2026 16:03",https://www.facebook.com/groups/287532746121945/permalink/1668811704660702/,Reel,,"Trọn đời",0,-1.2x,0,0,0,38,0,0,0,0,0,30,30,1.838,55.14,,
2038210404249122,100050310827163,"Đồng hồ Nhà kho","Đồng Hồ Chân Nến Pháp – Nét Cổ Kính Đáng Sưu Tầm

Một mẫu đồng hồ chân nến Pháp cổ sâu tuổi, kiểu dáng trang nhã và mang đậm nét châu Âu xưa. Bộ máy cơ hoạt động theo chu kỳ, cứ 30 phút điểm chuông một lần, tiếng chuông ngân vang, dễ nghe và tạo cảm giác rất hoài cổ.

Với tuổi đời lâu năm, kiểu dáng đẹp cùng cơ cấu chuông thú vị, đây là mẫu vừa phù hợp trưng bày vừa có giá trị sưu tầm theo đánh giá của người chơi.

#ĐồngHồChânNến #ĐồngHồCổPháp #ĐồngHồCơCổ #ĐồngHồSưuTầm #ĐồCổChâuÂu",64,"10/01/2026 16:03",https://www.facebook.com/groups/654742432595933/permalink/2038210404249122/,Reel,,"Trọn đời",0,-3x,0,0,0,56,0,0,0,0,0,55,59,3.859,216.118,,
1404918335090988,100050310827163,"Đồng hồ Nhà kho","Đồng Hồ Chân Nến Pháp – Nét Cổ Kính Đáng Sưu Tầm

Một mẫu đồng hồ chân nến Pháp cổ sâu tuổi, kiểu dáng trang nhã và mang đậm nét châu Âu xưa. Bộ máy cơ hoạt động theo chu kỳ, cứ 30 phút điểm chuông một lần, tiếng chuông ngân vang, dễ nghe và tạo cảm giác rất hoài cổ.

Với tuổi đời lâu năm, kiểu dáng đẹp cùng cơ cấu chuông thú vị, đây là mẫu vừa phù hợp trưng bày vừa có giá trị sưu tầm theo đánh giá của người chơi.

#ĐồngHồChânNến #ĐồngHồCổPháp #ĐồngHồCơCổ #ĐồngHồSưuTầm #ĐồCổChâuÂu",64,"10/01/2026 16:03",https://www.facebook.com/groups/648485240734305/permalink/1404918335090988/,Reel,,"Trọn đời",0,-2.7x,0,0,0,39,1,0,1,0,0,41,44,5.155,216.537,,
3654295744727661,100050310827163,"Đồng hồ Nhà kho","Đồng Hồ Chân Nến Pháp – Nét Cổ Kính Đáng Sưu Tầm

Một mẫu đồng hồ chân nến Pháp cổ sâu tuổi, kiểu dáng trang nhã và mang đậm nét châu Âu xưa. Bộ máy cơ hoạt động theo chu kỳ, cứ 30 phút điểm chuông một lần, tiếng chuông ngân vang, dễ nghe và tạo cảm giác rất hoài cổ.

Với tuổi đời lâu năm, kiểu dáng đẹp cùng cơ cấu chuông thú vị, đây là mẫu vừa phù hợp trưng bày vừa có giá trị sưu tầm theo đánh giá của người chơi.

#ĐồngHồChânNến #ĐồngHồCổPháp #ĐồngHồCơCổ #ĐồngHồSưuTầm #ĐồCổChâuÂu",64,"10/01/2026 16:03",https://www.facebook.com/groups/621233334700599/permalink/3654295744727661/,Reel,,"Trọn đời",0,-0.5x,0,0,0,44,0,0,0,0,0,42,47,2.829,124.503,,
1696380828715595,100050310827163,"Đồng hồ Nhà kho","Đồng Hồ Chân Nến Pháp – Nét Cổ Kính Đáng Sưu Tầm

Một mẫu đồng hồ chân nến Pháp cổ sâu tuổi, kiểu dáng trang nhã và mang đậm nét châu Âu xưa. Bộ máy cơ hoạt động theo chu kỳ, cứ 30 phút điểm chuông một lần, tiếng chuông ngân vang, dễ nghe và tạo cảm giác rất hoài cổ.

Với tuổi đời lâu năm, kiểu dáng đẹp cùng cơ cấu chuông thú vị, đây là mẫu vừa phù hợp trưng bày vừa có giá trị sưu tầm theo đánh giá của người chơi.

#ĐồngHồChânNến #ĐồngHồCổPháp #ĐồngHồCơCổ #ĐồngHồSưuTầm #ĐồCổChâuÂu",64,"10/01/2026 16:02",https://www.facebook.com/reel/1361543972437400/,Reel,,"Trọn đời",0,+1x,0,0,0,179,5,0,1,1,3,177,241,4.015,835.196,,
1695976192089392,100050310827163,"Đồng hồ Nhà kho","ÔĐô 36/10 Nguyên Bản – Chất Âm Đậm Nét Đồng Hồ Pháp Cổ

Một chiếc ÔĐô 36/10 nguyên bản với cấu hình 10 côn 10 búa, tiếng chuông ngân nga, trầm ấm và dễ chịu. Từng nốt nhạc vang lên thong thả, mang màu âm rất riêng của dòng ÔĐô 36.

Một mẫu đồng hồ đáng để các bác thưởng thức âm thanh, tìm hiểu cơ khí và sưu tầm lâu dài.

☎️ 𝟶𝟿𝟼𝟥 • 𝟜𝟝𝟞 • 𝟿𝟞𝟥

#ÔĐô #Odo36_10 #10con10bua #ĐồngHồCổPháp #ĐamMêĐồngHồCổ",19,"10/01/2026 07:56",https://www.facebook.com/reel/1580322814109879/,Reel,,"Trọn đời",2,+5x,0,0,0,1244,15,1,10,0,3,1194,1512,6.732,8448.686,,
1695751285445216,100050310827163,"Đồng hồ Nhà kho","Tủ bay đồ lục giác. Thiết kế đẹp 6 mặt hoa văn
Tinh tế hài hòa nhỏ gọn",0,"10/01/2026 04:34",https://www.facebook.com/donghonhakho.vn/posts/pfbid02mTkhvfrYZzZjEVqNptHBzvCrsQ6MGVnhxgPkoEegeNNAkD3omVtFBvvR5b1T4rPVl,Ảnh,,"Trọn đời",0,--,0,0,0,883,3,0,2,0,1,852,1147,,,,
1695657072121304,100050310827163,"Đồng hồ Nhà kho","ÔĐô 36 – Vẻ Đẹp Nhẹ Nhàng, Trang Nhã

Một chiếc ÔĐô 36 với thùng trơn không hoa văn, kích thước lớn nhưng bố cục rất hài hòa, cân đối. Không cần chạm trổ cầu kỳ, chính những đường nét đơn giản lại tạo nên vẻ đẹp tinh tế, thanh lịch và sang trọng.

Rất hợp gu các bác yêu thích sự mộc mạc, nhẹ nhàng của đồng hồ Pháp cổ.

☎️ 𝟶𝟿𝟼𝟥 • 𝟜𝟝𝟞 • 𝟿𝟞𝟥

#ÔĐô #Odo36 #ĐồngHồCổPháp #ĐồngHồTreoTường #ĐamMêĐồngHồCổ",29,"10/01/2026 02:25",https://www.facebook.com/reel/1642835454296956/,Reel,,"Trọn đời",2,+3.3x,0,0,0,830,8,0,6,0,0,779,928,6.242,5069.279,,
1695650352121976,100050310827163,"Đồng hồ Nhà kho","Bộ Dao Dĩa Italy – Sang Trọng, Đủ Cho 6 Người

Bộ dao dĩa hàng Italy, thiết kế tinh tế, đẹp mắt, phù hợp sử dụng cho bàn ăn 6 người. Vừa tiện dụng trong những bữa ăn gia đình, vừa tạo điểm nhấn sang trọng cho không gian bàn tiệc.

Giá giao lưu hợp lý, bác nào quan tâm liên hệ em nhé!

☎️ 𝟶𝟿𝟼𝟥 • 𝟜𝟝𝟞 • 𝟿𝟞𝟥

#DaoDĩaItaly #BộDaoDĩa #ĐồGiaDụngChâuÂu #ĐồCổChâuÂu",15,"10/01/2026 02:15",https://www.facebook.com/reel/2350791545675780/,Reel,,"Trọn đời",0,+1.4x,0,0,0,496,7,0,4,0,3,463,558,3.018,1488.145,,
1695640862122925,100050310827163,"Đồng hồ Nhà kho","Amply Cổ Telefunken Đức – Tích Hợp Radio, Âm Thanh Hay

Một chiếc amply cổ Đức Telefunken mang đậm phong cách châu Âu xưa, tích hợp chức năng radio tiện dụng. Chất âm ấm áp, dễ nghe, vừa thưởng thức âm nhạc vừa là món đồ decor đầy hoài niệm.

Giá thanh lý yêu thương, mời các bác quan tâm liên hệ em nhé!

☎️ 𝟶𝟿𝟼𝟥 • 𝟜𝟝𝟞 • 𝟿𝟞𝟥

#Telefunken #AmplyCổĐức #RadioCổ #ĐồCổChâuÂu #ĐamMêĐồCổ",20,"10/01/2026 02:01",https://www.facebook.com/reel/2323815558452246/,Reel,,"Trọn đời",2,+4.8x,0,0,0,721,8,0,3,0,3,667,868,6.372,4524.624,,
1695619612125050,100050310827163,"Đồng hồ Nhà kho","Thùng ÔĐô 36/10 – Đẹp Theo Phong Cách Tối Giản

Máy đã bán, hiện còn lại phần thùng ÔĐô 36/10. Thùng trơn, bố cục cân đối, dáng đẹp, rất hợp gu các bác yêu thích sự đơn giản, mộc mạc mà tinh tế.

Bác nào quan tâm vui lòng liên hệ em nhé!

☎️ 𝟶𝟿𝟼𝟥 • 𝟜𝟝𝟞 • 𝟿𝟞𝟥

#ÔĐô #Odo36_10 #ĐồngHồCổPháp #ĐamMêĐồngHồCổ",0,"10/01/2026 01:32",https://www.facebook.com/donghonhakho.vn/posts/pfbid034yqyYHug7x3j5M7ya3Q44CsZfThrNZWW3b9AvvEp96KzhKPzLbKeacJ1ABuVXvCml,Ảnh,,"Trọn đời",0,--,0,0,0,526,2,0,1,0,1,526,739,,,,
1695611612125850,100050310827163,"Đồng hồ Nhà kho","36/8 vách bệt 26.5, Đẹp + Zin.
Dành cho anh em thích sự đơn giản",0,"10/01/2026 01:21",https://www.facebook.com/donghonhakho.vn/posts/pfbid0s7Af3VT3FZNifPo5F5hmmbQtD8SHno8WsE4yqx79cU8eCK5gAE5SfTzWo5R5Soril,Ảnh,,"Trọn đời",6,--,0,0,0,2212,15,0,8,0,1,2120,3112,,,,
1695608535459491,100050310827163,"Đồng hồ Nhà kho","Thanh Lý Thùng Đồng Hồ ÔĐô 36/10

Chiếc ÔĐô 36/10 đã bán riêng bộ máy, hiện còn dư lại phần thùng. Bác nào đang cần thùng để thay thế, phục chế hoặc bổ sung cho bộ sưu tập thì liên hệ em nhé!

☎️ 𝟶𝟿𝟼𝟥 • 𝟜𝟝𝟞 • 𝟿𝟞𝟥

#ÔĐô #Odo36_10 #ĐồngHồCổPháp #PhụKiệnĐồngHồ #SưuTầmĐồngHồCổ",16,"10/01/2026 01:16",https://www.facebook.com/reel/1738447387212633/,Reel,,"Trọn đời",22,+33.9x,0,0,0,3940,52,1,27,1,3,3745,5616,10.67,41338.382,,
1695433195477025,100050310827163,"Đồng hồ Nhà kho","Bức ảnh 4 chữ M",0,"09/30/2026 20:53",https://www.facebook.com/donghonhakho.vn/posts/pfbid026WCR8i2cSeRYrNmsu8CC8UKkAuvJiSaASJTnMw8coJaHhZyWqCyUjp38xRShRfByl,Ảnh,,"Trọn đời",0,--,0,0,0,738,9,0,8,0,1,696,1043,,,,
1695426662144345,100050310827163,"Đồng hồ Nhà kho","Tủ Bày Đồ Châu Âu – Vẻ Đẹp Cổ Điển Sang Trọng

Một chiếc tủ bày đồ châu Âu nguyên bản gây ấn tượng bởi hệ hoa văn cầu kỳ nhưng vẫn rất tinh tế. Từng đường nét trang trí kết hợp cùng dáng tủ cổ điển tạo cảm giác sang trọng, phù hợp để trưng bày đồng hồ, đồ cổ hay những món sưu tầm yêu thích.

#TủChâuÂu #ĐồCổChâuÂu #TủBàyĐồ #SưuTầmĐồCổ",0,"09/30/2026 20:45",https://www.facebook.com/donghonhakho.vn/posts/pfbid02WKAChSemg846KscYroAEumWz2j66T6v3ZFA6dCCP5wD13gKzzd5v48YCjsGDh7TMl,Ảnh,,"Trọn đời",0,--,0,0,0,427,2,0,1,0,1,419,604,,,,
1695417092145302,100050310827163,"Đồng hồ Nhà kho","Máy ÔĐô Zin Nhưng Không Có Logo – Các Bác Giải Thích Giúp Em Với Ạ

Có những bộ máy qua kiểm tra kỹ, từ vách máy, bánh răng, hệ nhạc, hệ chạy đến các chi tiết lắp ráp đều cho thấy sự đồng bộ và đúng đặc điểm của máy ÔĐô. Tuy nhiên điều khiến em thắc mắc là trên máy lại không được đóng logo hãng.

Bác nào từng gặp trường hợp máy ÔĐô nguyên bản nhưng không có triện/logo hoặc có tài liệu liên quan, cho em xin thêm thông tin để cùng tìm hiểu ạ.

#ÔĐô #MáyÔĐô #ĐồngHồCổPháp #ĐồngHồZinNguyênBản #KinhNghiệmĐồngHồ",17,"09/30/2026 20:30",https://www.facebook.com/reel/1127572176273878/,Reel,,"Trọn đời",0,+2.5x,0,0,0,820,9,0,5,0,4,778,1039,7.16,5849.944,,
1695411105479234,100050310827163,"Đồng hồ Nhà kho","Âm Thanh ÔĐô 36/8 Nguyên Bản

Một chiếc ÔĐô 36/8 nguyên bản nghe rất có nét riêng. Bộ 8 côn 8 búa cho tiếng nhạc mộc, ngân nga, nhịp điệu thong thả và dễ chịu. Với những bác thích nghe chất âm đồng hồ Pháp cổ, 36/8 là một cấu hình rất thú vị để trải nghiệm.

#ÔĐô #Odo36_8 #8con8bua #ĐồngHồCổPháp #chatamdonghoco",64,"09/30/2026 20:21",https://www.facebook.com/reel/1712524023186703/,Reel,,"Trọn đời",0,+2.7x,0,0,0,319,4,0,1,0,3,299,373,6.34,2187.614,,
1695385082148503,100050310827163,"Đồng hồ Nhà kho","Mua Đồng Hồ Cổ Để Giữ Tiền? Nên Nghĩ Kỹ

Nếu mục đích chính là giữ tiền và mong sinh lời, theo em cứ giữ tiền hoặc gửi ngân hàng vẫn rõ ràng và chắc chắn hơn. Đừng mua đồng hồ cổ chỉ vì nghĩ rằng sau này nhất định sẽ tăng giá.

Còn nếu mua vì đam mê, muốn sưu tầm và trải nghiệm, thì lại là câu chuyện khác. Những chiếc đồng hồ cổ đẹp, nguyên bản và còn tình trạng tốt ngày càng khó gặp. Vừa được chơi, được nghe, được tìm hiểu cơ khí và lưu giữ một món đồ xưa – đó mới là giá trị đáng nói của thú chơi này.

#ĐồngHồCổ #ĐồngHồSưuTầm #ĐồngHồZinNguyênBản #SưuTầmĐồCổ #ĐamMêĐồngHồCổ",0,"09/30/2026 19:46",https://www.facebook.com/donghonhakho.vn/posts/pfbid0T6dULWTsTFjm83mWMygbdAnK1J62LtLZfPHb6XfobDXKwDHQYoNRzPD6mf2TrG5ol,Ảnh,,"Trọn đời",5,--,0,0,0,1582,16,0,10,0,1,1552,2209,,,,
1695340282152983,100050310827163,"Đồng hồ Nhà kho","Đồng Hồ Vai Bò Đức 5 Côn 5 Búa – Chất Âm Ngân Nga Dễ Nghe

Một mẫu đồng hồ vai bò xuất xứ Đức với kiểu dáng cổ điển, thùng gỗ tạo cảm giác chắc chắn và đậm chất đồng hồ châu Âu xưa. Bên trong là cấu hình 5 côn 5 búa, khi hoạt động từng búa gõ lên côn tạo nên tiếng chuông rõ, có độ ngân và nghe khá dễ chịu.

Điểm thú vị của dòng này là sự kết hợp giữa cơ khí cổ, dáng thùng vai bò và chất âm mộc mạc, phù hợp cho các bác vừa thích nghe chuông vừa thích sưu tầm đồng hồ Đức.

#ĐồngHồVaiBò #5con5bua #ĐồngHồCổĐức #chatamdonghoco #ĐồngHồSưuTầm",0,"09/30/2026 18:37",https://www.facebook.com/donghonhakho.vn/posts/pfbid029Qi3NBwm5WTpZAB5g3Ck7DzJaHE1KS5ff7psaY1WyXwnUuBAkGBAy4SDRWeJyJJ2l,Ảnh,,"Trọn đời",0,--,0,0,0,414,3,0,2,0,1,404,586,,,,
1695248548828823,100050310827163,"Đồng hồ Nhà kho","ÔĐô 36/10 – Chất Âm Làm Nên Dấu Ấn

ÔĐô 36/10 là dòng đồng hồ được nhiều bác chơi lâu năm yêu thích bởi cấu hình 10 côn 10 búa cùng chất âm rất có nét riêng. Tiếng chuông vang, ngân nhưng không quá gắt, nghe thong thả và dễ chịu.

Đặc biệt khi chơi Westminster hoặc Gai-Carillon, từng nốt côn nối tiếp tạo cảm giác đầy đặn và có chiều sâu. Kết hợp với những bộ thùng lớn có khả năng cộng hưởng tốt, ÔĐô 36/10 vừa đáng nghe âm thanh, vừa thú vị để tìm hiểu về cơ khí đồng hồ Pháp cổ.

#ÔĐô #Odo36_10 #10con10bua #ĐồngHồCổPháp #chatamdonghoco",21,"09/30/2026 16:00",https://www.facebook.com/reel/1647469960361123/,Reel,,"Trọn đời",0,+0.9x,0,0,0,1484,16,5,15,1,0,1422,1922,10.819,15796.131,,
1695239388829739,100050310827163,"Đồng hồ Nhà kho","ÔĐô 36/10 – Westminster Ngân Nga Trên Bộ Máy 3 Vách Bệt

Một cấu hình ÔĐô 36/10 rất đáng nghe với thùng lớn, máy 3 vách bệt và bộ côn cho chất âm đầy đặn. Đặc biệt khi chơi bản Westminster, tiếng nhạc ngân dài, rõ nốt và nghe rất dễ chịu.

Theo cảm nhận của người chơi, Westminster là một trong những giai điệu thể hiện rất rõ chất âm của ÔĐô 36/10. Thùng lớn hỗ trợ cộng hưởng, kết hợp tiếng côn ngân nga tạo nên màu âm cổ điển, càng nghe càng thấy nét riêng của dòng đồng hồ này.

#ÔĐô #Odo36_10 #Westminster #ĐồngHồCổPháp #chatamdonghoco",33,"09/30/2026 15:43",https://www.facebook.com/reel/1394609432795235/,Reel,,"Trọn đời",0,+2.5x,0,0,0,629,13,0,9,0,4,560,698,6.387,3909.16,,
3433985313466174,100050310827163,"Đồng hồ Nhà kho","ÔĐô 36/10 – Mặt Số Nổi, Chất Âm Rất Riêng

ÔĐô 36/10 gây ấn tượng ngay từ mặt số nổi mang nét cổ điển và có chiều sâu. Nhưng điều khiến nhiều bác yêu thích dòng này vẫn là phần âm thanh.

Tiếng chuông ngân nga, êm và dễ chịu, từng nhịp côn vang lên có độ ngân vừa phải, nghe lâu không cảm thấy gắt. Kết hợp với cấu hình 10 côn 10 búa, ÔĐô 36/10 tạo nên một màu âm rất riêng, nghe qua nhiều lần vẫn dễ nhận ra nét đặc trưng của dòng máy này.

#ÔĐô #Odo36_10 #10con10bua #ĐồngHồCổPháp #chatamdonghoco",38,"09/30/2026 06:45",https://www.facebook.com/groups/1584528568411867/permalink/3433985313466174/,Reel,,"Trọn đời",0,+0.2x,0,0,0,207,2,0,1,1,0,191,202,4.395,843.857,,
2866095577091456,100050310827163,"Đồng hồ Nhà kho","ÔĐô 36/10 – Mặt Số Nổi, Chất Âm Rất Riêng

ÔĐô 36/10 gây ấn tượng ngay từ mặt số nổi mang nét cổ điển và có chiều sâu. Nhưng điều khiến nhiều bác yêu thích dòng này vẫn là phần âm thanh.

Tiếng chuông ngân nga, êm và dễ chịu, từng nhịp côn vang lên có độ ngân vừa phải, nghe lâu không cảm thấy gắt. Kết hợp với cấu hình 10 côn 10 búa, ÔĐô 36/10 tạo nên một màu âm rất riêng, nghe qua nhiều lần vẫn dễ nhận ra nét đặc trưng của dòng máy này.

#ÔĐô #Odo36_10 #10con10bua #ĐồngHồCổPháp #chatamdonghoco",38,"09/30/2026 06:45",https://www.facebook.com/groups/1364173063950389/permalink/2866095577091456/,Reel,,"Trọn đời",0,+0.3x,0,0,0,245,3,0,3,0,0,224,246,4.347,1013.072,,
1540814451420349,100050310827163,"Đồng hồ Nhà kho","ÔĐô 36/10 – Mặt Số Nổi, Chất Âm Rất Riêng

ÔĐô 36/10 gây ấn tượng ngay từ mặt số nổi mang nét cổ điển và có chiều sâu. Nhưng điều khiến nhiều bác yêu thích dòng này vẫn là phần âm thanh.

Tiếng chuông ngân nga, êm và dễ chịu, từng nhịp côn vang lên có độ ngân vừa phải, nghe lâu không cảm thấy gắt. Kết hợp với cấu hình 10 côn 10 búa, ÔĐô 36/10 tạo nên một màu âm rất riêng, nghe qua nhiều lần vẫn dễ nhận ra nét đặc trưng của dòng máy này.

#ÔĐô #Odo36_10 #10con10bua #ĐồngHồCổPháp #chatamdonghoco",38,"09/30/2026 06:44",https://www.facebook.com/groups/681670940668042/permalink/1540814451420349/,Reel,,"Trọn đời",0,+0.2x,0,0,0,247,1,0,1,0,0,216,241,5.433,1211.675,,
2496498560834661,100050310827163,"Đồng hồ Nhà kho","ÔĐô 36/10 – Mặt Số Nổi, Chất Âm Rất Riêng

ÔĐô 36/10 gây ấn tượng ngay từ mặt số nổi mang nét cổ điển và có chiều sâu. Nhưng điều khiến nhiều bác yêu thích dòng này vẫn là phần âm thanh.

Tiếng chuông ngân nga, êm và dễ chịu, từng nhịp côn vang lên có độ ngân vừa phải, nghe lâu không cảm thấy gắt. Kết hợp với cấu hình 10 côn 10 búa, ÔĐô 36/10 tạo nên một màu âm rất riêng, nghe qua nhiều lần vẫn dễ nhận ra nét đặc trưng của dòng máy này.

#ÔĐô #Odo36_10 #10con10bua #ĐồngHồCổPháp #chatamdonghoco",38,"09/30/2026 06:44",https://www.facebook.com/groups/580302725787597/permalink/2496498560834661/,Reel,,"Trọn đời",0,+0.2x,0,0,0,214,1,0,1,0,0,193,217,5.705,1141.158,,
3411647715681457,100050310827163,"Đồng hồ Nhà kho","ÔĐô 36/10 – Mặt Số Nổi, Chất Âm Rất Riêng

ÔĐô 36/10 gây ấn tượng ngay từ mặt số nổi mang nét cổ điển và có chiều sâu. Nhưng điều khiến nhiều bác yêu thích dòng này vẫn là phần âm thanh.

Tiếng chuông ngân nga, êm và dễ chịu, từng nhịp côn vang lên có độ ngân vừa phải, nghe lâu không cảm thấy gắt. Kết hợp với cấu hình 10 côn 10 búa, ÔĐô 36/10 tạo nên một màu âm rất riêng, nghe qua nhiều lần vẫn dễ nhận ra nét đặc trưng của dòng máy này.

#ÔĐô #Odo36_10 #10con10bua #ĐồngHồCổPháp #chatamdonghoco",38,"09/30/2026 06:44",https://www.facebook.com/groups/donghoco/permalink/3411647715681457/,Reel,,"Trọn đời",1,+1.8x,0,0,0,226,4,0,3,0,0,195,211,5.664,1138.596,,
1694855338868144,100050310827163,"Đồng hồ Nhà kho","ÔĐô 36/10 – Mặt Số Nổi, Chất Âm Rất Riêng

ÔĐô 36/10 gây ấn tượng ngay từ mặt số nổi mang nét cổ điển và có chiều sâu. Nhưng điều khiến nhiều bác yêu thích dòng này vẫn là phần âm thanh.

Tiếng chuông ngân nga, êm và dễ chịu, từng nhịp côn vang lên có độ ngân vừa phải, nghe lâu không cảm thấy gắt. Kết hợp với cấu hình 10 côn 10 búa, ÔĐô 36/10 tạo nên một màu âm rất riêng, nghe qua nhiều lần vẫn dễ nhận ra nét đặc trưng của dòng máy này.

#ÔĐô #Odo36_10 #10con10bua #ĐồngHồCổPháp #chatamdonghoco",38,"09/30/2026 06:43",https://www.facebook.com/reel/1784095969460683/,Reel,,"Trọn đời",4,+7.7x,0,0,0,648,12,0,5,0,3,609,721,7.299,4722.723,,
1694634405556904,100050310827163,"Đồng hồ Nhà kho","Cơ Khí Đồng Hồ Cúc Cu – Càng Nhìn Càng Thấy Thú Vị

Điều hấp dẫn của đồng hồ Cúc Cu cơ là mọi hoạt động đều được tạo nên từ những chi tiết cơ khí bên trong. Từ hệ bánh răng giữ nhịp, cơ cấu mở cửa đưa chim ra ngoài, cho tới hai hộp gió nâng hạ tạo tiếng “cúc – cu” đều phối hợp theo từng nhịp máy.

Ở những mẫu có nhạc và hoạt cảnh, bộ máy còn điều khiển hộp nhạc, vòng xoay và các nhân vật chuyển động. Không cần âm thanh điện tử, chiếc đồng hồ vẫn vừa chạy giờ, vừa phát tiếng chim, chơi nhạc và tạo hoạt cảnh rất sinh động.

#ĐồngHồCúcCu #CơKhíCúcCu #ĐồngHồCổĐức #ĐồngHồCơCổ #ĐamMêĐồngHồCổ",17,"09/30/2026 01:49",https://www.facebook.com/reel/1415958077164738/,Reel,,"Trọn đời",0,+2x,0,0,0,1274,13,1,9,1,3,1169,1536,6.833,8575.832,,
1694618468891831,100050310827163,"Đồng hồ Nhà kho","Vai Bò Junhan W200 – 8 Côn, 3 Bản Nhạc Đầy Thú Vị

Một chiếc vai bò Junhan W200 gây ấn tượng với cấu hình 8 côn và 3 bản nhạc, mang đến trải nghiệm âm thanh đa dạng và rất vui tai.

Điểm đáng chơi nằm ở cách từng giai điệu được thể hiện qua bộ côn, tiếng nhạc trong, rõ, có độ ngân và cộng hưởng tốt trong thùng gỗ vai bò. Ba bản nhạc thay đổi giúp nghe lâu không bị đơn điệu, vừa thưởng thức bộ máy cơ vừa cảm nhận nét âm thanh đặc trưng của đồng hồ Đức cổ.

#JunhanW200 #8con #ĐồngHồVaiBò #ĐồngHồCổĐức #chatamdonghoco",0,"09/30/2026 01:26",https://www.facebook.com/donghonhakho.vn/posts/pfbid02Nhx6AfXH4heW8R9EcpZA6Qs5D9JcYKPRE85rqi4JCYpBz4nxLNWe2RXbpsxGGmbpl,Ảnh,,"Trọn đời",0,--,0,0,0,286,1,0,0,0,1,272,427,,,,
1403338341915654,100050310827163,"Đồng hồ Nhà kho","Vai Bò Junhan W200 – 8 Côn, Chơi 3 Bản Nhạc

Một cấu hình rất thú vị trên dòng vai bò Junhan W200 với bộ 8 côn, nổi bật nhờ khả năng chơi 3 bản nhạc khác nhau. Mỗi giai điệu mang một sắc thái riêng, giúp trải nghiệm nghe phong phú hơn so với những mẫu chỉ chơi một bản.

Bộ côn cho tiếng ngân vang, các nốt tách bạch và khi đặt trong thùng vai bò, âm thanh có thêm độ cộng hưởng nghe khá dễ chịu. Vừa có kiểu dáng cổ điển, vừa có cấu hình nhạc đa dạng, đây là mẫu đáng để các bác trải nghiệm chất âm thực tế.

#JunhanW200 #8con #ĐồngHồVaiBò #ĐồngHồCổĐức #am_thanh_dong_ho",101,"09/30/2026 01:22",https://www.facebook.com/groups/648485240734305/permalink/1403338341915654/,Reel,,"Trọn đời",0,-3.1x,0,0,0,151,0,0,0,0,0,131,142,3.78,506.596,,
1441750044494626,100050310827163,"Đồng hồ Nhà kho","Vai Bò Junhan W200 – 8 Côn, Chơi 3 Bản Nhạc

Một cấu hình rất thú vị trên dòng vai bò Junhan W200 với bộ 8 côn, nổi bật nhờ khả năng chơi 3 bản nhạc khác nhau. Mỗi giai điệu mang một sắc thái riêng, giúp trải nghiệm nghe phong phú hơn so với những mẫu chỉ chơi một bản.

Bộ côn cho tiếng ngân vang, các nốt tách bạch và khi đặt trong thùng vai bò, âm thanh có thêm độ cộng hưởng nghe khá dễ chịu. Vừa có kiểu dáng cổ điển, vừa có cấu hình nhạc đa dạng, đây là mẫu đáng để các bác trải nghiệm chất âm thực tế.

#JunhanW200 #8con #ĐồngHồVaiBò #ĐồngHồCổĐức #am_thanh_dong_ho",101,"09/30/2026 01:22",https://www.facebook.com/groups/799627422040228/permalink/1441750044494626/,Reel,,"Trọn đời",0,-3.1x,0,0,0,137,1,0,1,0,0,119,142,3.384,453.466,,
3652221748268394,100050310827163,"Đồng hồ Nhà kho","Vai Bò Junhan W200 – 8 Côn, Chơi 3 Bản Nhạc

Một cấu hình rất thú vị trên dòng vai bò Junhan W200 với bộ 8 côn, nổi bật nhờ khả năng chơi 3 bản nhạc khác nhau. Mỗi giai điệu mang một sắc thái riêng, giúp trải nghiệm nghe phong phú hơn so với những mẫu chỉ chơi một bản.

Bộ côn cho tiếng ngân vang, các nốt tách bạch và khi đặt trong thùng vai bò, âm thanh có thêm độ cộng hưởng nghe khá dễ chịu. Vừa có kiểu dáng cổ điển, vừa có cấu hình nhạc đa dạng, đây là mẫu đáng để các bác trải nghiệm chất âm thực tế.

#JunhanW200 #8con #ĐồngHồVaiBò #ĐồngHồCổĐức #am_thanh_dong_ho",101,"09/30/2026 01:22",https://www.facebook.com/groups/621233334700599/permalink/3652221748268394/,Reel,,"Trọn đời",0,-0.5x,0,0,0,214,1,0,0,1,0,195,205,5.242,1032.745,,
4491634337649074,100050310827163,"Đồng hồ Nhà kho","Vai Bò Junhan W200 – 8 Côn, Chơi 3 Bản Nhạc

Một cấu hình rất thú vị trên dòng vai bò Junhan W200 với bộ 8 côn, nổi bật nhờ khả năng chơi 3 bản nhạc khác nhau. Mỗi giai điệu mang một sắc thái riêng, giúp trải nghiệm nghe phong phú hơn so với những mẫu chỉ chơi một bản.

Bộ côn cho tiếng ngân vang, các nốt tách bạch và khi đặt trong thùng vai bò, âm thanh có thêm độ cộng hưởng nghe khá dễ chịu. Vừa có kiểu dáng cổ điển, vừa có cấu hình nhạc đa dạng, đây là mẫu đáng để các bác trải nghiệm chất âm thực tế.

#JunhanW200 #8con #ĐồngHồVaiBò #ĐồngHồCổĐức #am_thanh_dong_ho",101,"09/30/2026 01:22",https://www.facebook.com/groups/2045274432285089/permalink/4491634337649074/,Reel,,"Trọn đời",0,-1.7x,0,0,0,109,1,0,1,0,0,96,103,3.729,384.16,,
2159384231602915,100050310827163,"Đồng hồ Nhà kho","Vai Bò Junhan W200 – 8 Côn, Chơi 3 Bản Nhạc

Một cấu hình rất thú vị trên dòng vai bò Junhan W200 với bộ 8 côn, nổi bật nhờ khả năng chơi 3 bản nhạc khác nhau. Mỗi giai điệu mang một sắc thái riêng, giúp trải nghiệm nghe phong phú hơn so với những mẫu chỉ chơi một bản.

Bộ côn cho tiếng ngân vang, các nốt tách bạch và khi đặt trong thùng vai bò, âm thanh có thêm độ cộng hưởng nghe khá dễ chịu. Vừa có kiểu dáng cổ điển, vừa có cấu hình nhạc đa dạng, đây là mẫu đáng để các bác trải nghiệm chất âm thực tế.

#JunhanW200 #8con #ĐồngHồVaiBò #ĐồngHồCổĐức #am_thanh_dong_ho",101,"09/30/2026 01:21",https://www.facebook.com/groups/936531983888152/pending_posts/2159384231602915/,Reel,,"Trọn đời",0,--,0,0,0,0,0,0,0,0,0,0,0,0,0,,
1694614255558919,100050310827163,"Đồng hồ Nhà kho","Vai Bò Junhan W200 – 8 Côn, Chơi 3 Bản Nhạc

Một cấu hình rất thú vị trên dòng vai bò Junhan W200 với bộ 8 côn, nổi bật nhờ khả năng chơi 3 bản nhạc khác nhau. Mỗi giai điệu mang một sắc thái riêng, giúp trải nghiệm nghe phong phú hơn so với những mẫu chỉ chơi một bản.

Bộ côn cho tiếng ngân vang, các nốt tách bạch và khi đặt trong thùng vai bò, âm thanh có thêm độ cộng hưởng nghe khá dễ chịu. Vừa có kiểu dáng cổ điển, vừa có cấu hình nhạc đa dạng, đây là mẫu đáng để các bác trải nghiệm chất âm thực tế.

#JunhanW200 #8con #ĐồngHồVaiBò #ĐồngHồCổĐức #am_thanh_dong_ho",101,"09/30/2026 01:20",https://www.facebook.com/reel/2298290050921093/,Reel,,"Trọn đời",0,+0.4x,0,0,0,489,5,0,2,0,3,474,533,4.154,2106.337,,
1694604055559939,100050310827163,"Đồng hồ Nhà kho","Bộ Nhạc Cơ Trên Đồng Hồ Cúc Cu

Ngoài tiếng chim Cúc Cu, một số mẫu còn được trang bị bộ nhạc cơ nằm bên trong thùng. Khi đến thời điểm hoạt động, bộ máy sẽ kích hoạt hộp nhạc, làm trục gai quay và gảy các lá thép để tạo thành giai điệu.

Bộ nhạc này thường phối hợp cùng các hoạt cảnh như người nhảy múa, vòng xoay hoặc các nhân vật chuyển động, khiến chiếc đồng hồ không chỉ báo giờ mà còn giống như một màn trình diễn cơ khí thu nhỏ. Âm nhạc mộc mạc kết hợp tiếng chim chính là nét vui tai rất riêng của đồng hồ Cúc Cu.",14,"09/30/2026 01:08",https://www.facebook.com/reel/1560689518703046/,Reel,,"Trọn đời",0,+2.4x,0,0,0,685,4,1,0,0,4,609,871,7.615,4988.121,,
1694598215560523,100050310827163,"Đồng hồ Nhà kho","Còi Hơi – Bí Mật Tạo Nên Tiếng Chim Cúc Cu

Tiếng Cúc Cu đặc trưng không đơn thuần phát ra từ một chiếc chuông. Bên trong đồng hồ thường có những hộp hơi kết hợp ống còi, khi máy hoạt động sẽ đẩy luồng khí qua còi để tạo thành từng tiếng gọi.

Điều thú vị là kiểu tạo âm bằng hơi này cho tiếng mộc, mềm và gần với âm thanh tự nhiên, không quá sắc hay chói tai. Khi hai hộp hơi hoạt động nối tiếp, tiếng “cúc – cu” nghe có cao thấp và sinh động hơn, tạo nên chất âm rất riêng của đồng hồ Cúc Cu cơ cổ.

#ĐồngHồCúcCu #CòiHơiCúcCu #ĐồngHồCổĐức #am_thanh_dong_ho #ĐamMêĐồngHồCổ",28,"09/30/2026 00:59",https://www.facebook.com/reel/3820310918111915/,Reel,,"Trọn đời",0,+2.1x,0,0,0,639,6,0,3,0,3,627,771,8.817,5845.786,,
1694594035560941,100050310827163,"Đồng hồ Nhà kho","Đồng hồ vai bò Đức 3 côn – Dáng nhỏ gọn, tiếng bính boong mộc mạc- Mã số #763
💵:2tr7
✨ Một mẫu đồng hồ vai bò Đức có kiểu dáng nhỏ gọn nhưng rất duyên. Thùng gỗ dáng vai bò uốn cong mềm mại, hai bên điểm họa tiết nổi cổ điển. Mặt số tròn tông vàng, bộ số nổi kết hợp kim thanh thoát, tổng thể giữ được nét đẹp đặc trưng của đồng hồ châu Âu cổ.

✨ Bên trong là máy cơ cổ Đức, lên cót bằng 2 ổ khóa. Bộ chuông sử dụng 3 côn kết hợp hệ thống búa gõ, kết cấu máy khá gọn gàng và đúng chất những mẫu đồng hồ cơ cổ để bàn.

🔔 Điểm thú vị nhất là tiếng chuông bính boong: cứ 30 phút đồng hồ điểm chuông một lần. Âm thanh không cầu kỳ như các dòng nhiều bản nhạc mà thiên về tiếng chuông mộc, rõ, có độ ngân và tạo cảm giác rất hoài niệm.

⭐ Với kích thước chỉ 45 × 20 cm, mẫu này rất dễ chơi, phù hợp đặt trên kệ, tủ hoặc bàn trang trí. Một lựa chọn đáng tham khảo cho người thích đồng hồ cổ Đức, thích chất âm đồng hồ cổ nhưng muốn một chiếc gọn gàng, dễ bố trí trong không gian.

📐 Kích thước: 45 × 20 cm
📍 Văn Phú, Hà Đông, Hà Nội
☎️ 𝟶𝟿𝟼𝟥 • 𝟜𝟝𝟞 • 𝟿𝟞𝟥

#đồng_hồ_cổ #đồng_hồ_cổ_Đức #đồng_hồ_vai_bò #đồng_hồ_cơ_cổ #đồng_hồ_quả_lắc #đồng_hồ_3_côn #đồng_hồ_bính_boong #đồng_hồ_châu_Âu_cổ #đồ_cổ_châu_Âu #sưu_tầm_đồng_hồ_cổ #âm_thanh_đồng_hồ_cổ",0,"09/30/2026 00:55",https://www.facebook.com/donghonhakho.vn/posts/pfbid0UHKg7zC7Q4ZJuknJD2uNbhu24kSyFSiQRGLmHCEn5nm1aJcWHxh5NpmUvxKW9C3Wl,Ảnh,,"Trọn đời",1,--,0,0,0,316,2,0,0,0,1,302,424,,,,
1694589348894743,100050310827163,"Đồng hồ Nhà kho","36/10 thùng xương cá",0,"09/30/2026 00:48",https://www.facebook.com/donghonhakho.vn/posts/pfbid0UXdTGY4b1e7uh1Ehn7MhHnVh4462pxYUbbt78zfQ1iRd659KjuDCskmpuqCEep7el,Ảnh,,"Trọn đời",3,--,0,0,0,795,12,0,8,0,1,783,1111,,,,
1694497915570553,100050310827163,"Đồng hồ Nhà kho",,16,"09/29/2026 22:24",https://www.facebook.com/reel/1147749134440877/,Reel,,"Trọn đời",0,+1.8x,0,0,0,460,6,0,2,1,3,419,523,4.807,2173.032,,
1694460775574267,100050310827163,"Đồng hồ Nhà kho","Báo Âm 45 Phút Trên ÔĐô 36/10

Một chi tiết khá thú vị khi nghe ÔĐô 36/10 vận hành là âm báo tại mốc 45 phút. Đây là một phần trong chu trình báo thời gian của bộ máy, giúp người nghe nhận biết thời điểm mà không cần nhìn trực tiếp vào mặt số.

Với đồng hồ cơ cổ, nghe đủ các mốc báo trong một giờ cũng là cách thú vị để cảm nhận cách hệ nhạc và hệ điểm phối hợp với nhau. Riêng ÔĐô 36/10, từng tiếng côn vang lên tạo nên nét âm thanh rất đặc trưng và cuốn hút.

#ÔĐô #Odo36_10 #10con10bua #ĐồngHồCổPháp #am_thanh_dong_ho",13,"09/29/2026 21:27",https://www.facebook.com/reel/942796785092700/,Reel,,"Trọn đời",0,+2.6x,0,0,0,3254,47,3,40,4,3,3097,4775,9.763,31136.515,,
1694452175575127,100050310827163,"Đồng hồ Nhà kho","Chim Cúc Cu – Linh Hồn Của Đồng Hồ Cúc Cu

Điểm vui nhất trên những chiếc đồng hồ Cúc Cu chính là chú chim nhỏ ẩn sau cánh cửa. Đến giờ, cửa bật mở, chim xuất hiện và cất tiếng “cúc cu” theo cơ cấu máy.

Ở những mẫu nhiều hoạt cảnh, tiếng chim còn kết hợp cùng dàn nhạc, tượng xoay hoặc côn vòng, tạo nên một màn trình diễn cơ khí rất sinh động. Không chỉ để báo giờ, chú chim Cúc Cu đã trở thành dấu hiệu đặc trưng khiến dòng đồng hồ này được nhận ra ngay từ tiếng gọi quen thuộc.

#ĐồngHồCúcCu #ChimCúcCu #ĐồngHồCổĐức #ĐồngHồCơCổ #ĐamMêĐồngHồCổ",24,"09/29/2026 21:13",https://www.facebook.com/reel/1065321032998269/,Reel,,"Trọn đời",0,+1.8x,0,0,0,465,5,0,2,0,3,424,495,3.766,1710.107,,
1694447708908907,100050310827163,"Đồng hồ Nhà kho","Mời các cụ ạ",0,"09/29/2026 21:06",https://www.facebook.com/donghonhakho.vn/posts/pfbid02mxFvqZqisYtHtcovDB9fYu496AHxDRs7VpbWm3AiaJxDiWp1YxqBjXNLGAkWj6k4l,Ảnh,,"Trọn đời",0,--,0,0,0,1513,9,0,7,0,2,1466,1966,,,,
1694387358914942,100050310827163,"Đồng hồ Nhà kho","Thanh Báo 30 Phút Trên ÔĐô 36/10

Ngoài những bản nhạc quen thuộc, ÔĐô 36/10 còn có tiếng báo ở mốc 30 phút – một chi tiết nhỏ nhưng tạo nên nét rất riêng khi sử dụng.

Đến nửa giờ, cơ cấu điểm chuông hoạt động để báo thời gian bằng một nhịp âm ngắn, giúp người nghe nhận biết đã qua nửa giờ mà không cần nhìn mặt số. Đến giờ tròn, đồng hồ mới thực hiện chu trình chơi nhạc và điểm giờ đầy đủ. Chính những âm thanh theo từng mốc thời gian khiến trải nghiệm ÔĐô 36/10 càng thú vị.

#ÔĐô #Odo36_10 #10con10bua #ĐồngHồCổPháp #am_thanh_dong_ho",11,"09/29/2026 19:28",https://www.facebook.com/reel/3304056039984173/,Reel,,"Trọn đời",13,+27.6x,0,0,0,19171,316,50,284,15,10,18557,28018,9.147,171996.97,,
1694381572248854,100050310827163,"Đồng hồ Nhà kho","Tiếng Bính Boong – Một Phần Thú Vị Của ÔĐô 10/10

Bên cạnh phần chơi nhạc, tiếng bính boong điểm giờ là âm thanh rất quen thuộc trên nhiều chiếc đồng hồ cổ. Riêng với ÔĐô treo tường 10 côn 10 búa, theo kinh nghiệm và các mẫu thực tế các bác thường gặp, tiếng bính boong xuất hiện cùng cấu hình chơi Westminster và Gai-Carillon.

Khi đến giờ, sau phần giai điệu, hệ điểm giờ tạo tiếng bính boong trầm và rõ, làm chất âm của chiếc đồng hồ đầy đặn hơn. Đây cũng là một chi tiết đáng chú ý khi tìm hiểu cấu hình của ÔĐô 10/10.

#ÔĐô #10con10bua #ĐồngHồTreoTường #ĐồngHồCổPháp #am_thanh_dong_ho",62,"09/29/2026 19:19",https://www.facebook.com/reel/1096435206336273/,Reel,,"Trọn đời",0,+2.6x,0,0,0,336,9,1,7,0,3,295,356,6.421,2067.58,,
1694377218915956,100050310827163,"Đồng hồ Nhà kho","Nguồn Âm Thật Sự Của ÔĐô Ông Tây Đánh Chuông

Nhiều bác nhìn hoạt cảnh ông Tây đánh chuông thường nghĩ âm thanh phát ra trực tiếp từ chiếc chuông mà nhân vật đang gõ. Nhưng ở cấu hình này, phía bên trong thùng còn ẩn một que côn bằng đồng, và đây mới là bộ phận tạo ra tiếng điểm mà chúng ta nghe thấy.

Khi cơ cấu điểm giờ hoạt động, búa tác động vào que côn để tạo âm, còn động tác ông Tây đánh chuông phía trước tạo nên phần hoạt cảnh đồng bộ rất vui mắt. Biết chi tiết này mới thấy thiết kế của chiếc đồng hồ thú vị đến mức nào.

#ÔĐô #OdoJacquemart #ĐồngHồCổPháp #am_thanh_dong_ho #KinhNghiệmĐồngHồ",33,"09/29/2026 19:12",https://www.facebook.com/reel/5133430856883247/,Reel,,"Trọn đời",0,+2x,0,0,0,301,6,0,3,0,3,292,360,7.145,2257.827,,
2524490441393811,100050310827163,"Đồng hồ Nhà kho","ÔĐô Ông Tây Đánh Chuông – Quả Lắc Được Giấu Kín Bên Trong

Dù có hoạt cảnh ông Tây đánh chuông khá đặc biệt, về nguyên lý đây vẫn là một chiếc đồng hồ quả lắc cơ thông thường. Điểm thú vị là quả lắc có kích thước nhỏ và được giấu phía bên trong thùng, nên khi nhìn từ ngoài rất khó nhận ra.

Chính cách bố trí này giúp phần mặt trước tập trung vào hoạt cảnh nhân vật đánh chuông, trong khi hệ quả lắc vẫn âm thầm đảm nhiệm việc điều tiết nhịp chạy của máy. Một chi tiết khá hay khi tìm hiểu cấu tạo dòng ÔĐô này.

#ÔĐô #OdoJacquemart #ĐồngHồQuảLắc #ĐồngHồCổPháp #KinhNghiệmĐồngHồ",33,"09/29/2026 19:04",https://www.facebook.com/groups/1100909847085218/permalink/2524490441393811/,Reel,,"Trọn đời",0,+0.2x,0,0,0,144,0,0,0,0,0,124,131,4.712,593.837,,
1808252653856937,100050310827163,"Đồng hồ Nhà kho","ÔĐô Ông Tây Đánh Chuông – Quả Lắc Được Giấu Kín Bên Trong

Dù có hoạt cảnh ông Tây đánh chuông khá đặc biệt, về nguyên lý đây vẫn là một chiếc đồng hồ quả lắc cơ thông thường. Điểm thú vị là quả lắc có kích thước nhỏ và được giấu phía bên trong thùng, nên khi nhìn từ ngoài rất khó nhận ra.

Chính cách bố trí này giúp phần mặt trước tập trung vào hoạt cảnh nhân vật đánh chuông, trong khi hệ quả lắc vẫn âm thầm đảm nhiệm việc điều tiết nhịp chạy của máy. Một chi tiết khá hay khi tìm hiểu cấu tạo dòng ÔĐô này.

#ÔĐô #OdoJacquemart #ĐồngHồQuảLắc #ĐồngHồCổPháp #KinhNghiệmĐồngHồ",33,"09/29/2026 19:04",https://www.facebook.com/groups/448149169867299/permalink/1808252653856937/,Reel,,"Trọn đời",0,-0.3x,0,0,0,147,0,0,0,0,0,130,141,3.677,489.054,,
1403098161939672,100050310827163,"Đồng hồ Nhà kho","ÔĐô Ông Tây Đánh Chuông – Quả Lắc Được Giấu Kín Bên Trong

Dù có hoạt cảnh ông Tây đánh chuông khá đặc biệt, về nguyên lý đây vẫn là một chiếc đồng hồ quả lắc cơ thông thường. Điểm thú vị là quả lắc có kích thước nhỏ và được giấu phía bên trong thùng, nên khi nhìn từ ngoài rất khó nhận ra.

Chính cách bố trí này giúp phần mặt trước tập trung vào hoạt cảnh nhân vật đánh chuông, trong khi hệ quả lắc vẫn âm thầm đảm nhiệm việc điều tiết nhịp chạy của máy. Một chi tiết khá hay khi tìm hiểu cấu tạo dòng ÔĐô này.

#ÔĐô #OdoJacquemart #ĐồngHồQuảLắc #ĐồngHồCổPháp #KinhNghiệmĐồngHồ",33,"09/29/2026 19:04",https://www.facebook.com/groups/648485240734305/permalink/1403098161939672/,Reel,,"Trọn đời",2,+2.7x,0,0,0,61,2,0,0,0,0,56,69,6.244,380.923,,
3651917248298844,100050310827163,"Đồng hồ Nhà kho","ÔĐô Ông Tây Đánh Chuông – Quả Lắc Được Giấu Kín Bên Trong

Dù có hoạt cảnh ông Tây đánh chuông khá đặc biệt, về nguyên lý đây vẫn là một chiếc đồng hồ quả lắc cơ thông thường. Điểm thú vị là quả lắc có kích thước nhỏ và được giấu phía bên trong thùng, nên khi nhìn từ ngoài rất khó nhận ra.

Chính cách bố trí này giúp phần mặt trước tập trung vào hoạt cảnh nhân vật đánh chuông, trong khi hệ quả lắc vẫn âm thầm đảm nhiệm việc điều tiết nhịp chạy của máy. Một chi tiết khá hay khi tìm hiểu cấu tạo dòng ÔĐô này.

#ÔĐô #OdoJacquemart #ĐồngHồQuảLắc #ĐồngHồCổPháp #KinhNghiệmĐồngHồ",33,"09/29/2026 19:04",https://www.facebook.com/groups/621233334700599/permalink/3651917248298844/,Reel,,"Trọn đời",0,-0.5x,0,0,0,61,0,0,0,0,0,54,59,2.776,152.692,,
1694370392249972,100050310827163,"Đồng hồ Nhà kho","ÔĐô Ông Tây Đánh Chuông – Quả Lắc Được Giấu Kín Bên Trong

Dù có hoạt cảnh ông Tây đánh chuông khá đặc biệt, về nguyên lý đây vẫn là một chiếc đồng hồ quả lắc cơ thông thường. Điểm thú vị là quả lắc có kích thước nhỏ và được giấu phía bên trong thùng, nên khi nhìn từ ngoài rất khó nhận ra.

Chính cách bố trí này giúp phần mặt trước tập trung vào hoạt cảnh nhân vật đánh chuông, trong khi hệ quả lắc vẫn âm thầm đảm nhiệm việc điều tiết nhịp chạy của máy. Một chi tiết khá hay khi tìm hiểu cấu tạo dòng ÔĐô này.

#ÔĐô #OdoJacquemart #ĐồngHồQuảLắc #ĐồngHồCổPháp #KinhNghiệmĐồngHồ",33,"09/29/2026 19:02",https://www.facebook.com/reel/1889117989136365/,Reel,,"Trọn đời",0,+1.8x,0,0,0,239,6,0,3,0,3,228,273,4.925,1226.567,,
2865549863812694,100050310827163,"Đồng hồ Nhà kho","ÔĐô Ông Tây Đánh Chuông – Chơi Đồng Hồ Mà Như Xem Một Màn Trình Diễn

Dòng ÔĐô ông Tây đánh chuông gây ấn tượng bởi hoạt cảnh cơ khí rất vui mắt. Đến giờ điểm, nhân vật chuyển động và thực hiện động tác đánh chuông, tạo cảm giác chiếc đồng hồ như “sống” ngay trên tường.

Ngoài phần hoạt cảnh, đồng hồ vẫn mang nét đặc trưng của máy cơ ÔĐô với tiếng điểm giờ mộc mạc, dễ nghe. Chính sự kết hợp giữa xem giờ, nghe chuông và ngắm chuyển động cơ khí khiến dòng này có nét riêng và được nhiều người chơi chú ý.

#ÔĐô #OdoJacquemart #ĐồngHồCổPháp #ĐồngHồCơCổ #ĐồngHồSưuTầm",33,"09/29/2026 18:59",https://www.facebook.com/groups/1364173063950389/permalink/2865549863812694/,Reel,,"Trọn đời",0,+0.2x,0,0,0,104,2,0,2,0,0,98,107,3.714,378.907,,
1403095028606652,100050310827163,"Đồng hồ Nhà kho","ÔĐô Ông Tây Đánh Chuông – Chơi Đồng Hồ Mà Như Xem Một Màn Trình Diễn

Dòng ÔĐô ông Tây đánh chuông gây ấn tượng bởi hoạt cảnh cơ khí rất vui mắt. Đến giờ điểm, nhân vật chuyển động và thực hiện động tác đánh chuông, tạo cảm giác chiếc đồng hồ như “sống” ngay trên tường.

Ngoài phần hoạt cảnh, đồng hồ vẫn mang nét đặc trưng của máy cơ ÔĐô với tiếng điểm giờ mộc mạc, dễ nghe. Chính sự kết hợp giữa xem giờ, nghe chuông và ngắm chuyển động cơ khí khiến dòng này có nét riêng và được nhiều người chơi chú ý.

#ÔĐô #OdoJacquemart #ĐồngHồCổPháp #ĐồngHồCơCổ #ĐồngHồSưuTầm",33,"09/29/2026 18:59",https://www.facebook.com/groups/648485240734305/permalink/1403095028606652/,Reel,,"Trọn đời",3,+4.5x,0,0,0,59,5,0,2,0,0,55,67,5.518,331.098,,
2036267271110102,100050310827163,"Đồng hồ Nhà kho","ÔĐô Ông Tây Đánh Chuông – Chơi Đồng Hồ Mà Như Xem Một Màn Trình Diễn

Dòng ÔĐô ông Tây đánh chuông gây ấn tượng bởi hoạt cảnh cơ khí rất vui mắt. Đến giờ điểm, nhân vật chuyển động và thực hiện động tác đánh chuông, tạo cảm giác chiếc đồng hồ như “sống” ngay trên tường.

Ngoài phần hoạt cảnh, đồng hồ vẫn mang nét đặc trưng của máy cơ ÔĐô với tiếng điểm giờ mộc mạc, dễ nghe. Chính sự kết hợp giữa xem giờ, nghe chuông và ngắm chuyển động cơ khí khiến dòng này có nét riêng và được nhiều người chơi chú ý.

#ÔĐô #OdoJacquemart #ĐồngHồCổPháp #ĐồngHồCơCổ #ĐồngHồSưuTầm",33,"09/29/2026 18:58",https://www.facebook.com/groups/654742432595933/permalink/2036267271110102/,Reel,,"Trọn đời",0,-0.8x,0,0,0,37,0,0,0,0,0,32,33,1.919,63.357,,
4491269024352272,100050310827163,"Đồng hồ Nhà kho","ÔĐô Ông Tây Đánh Chuông – Chơi Đồng Hồ Mà Như Xem Một Màn Trình Diễn

Dòng ÔĐô ông Tây đánh chuông gây ấn tượng bởi hoạt cảnh cơ khí rất vui mắt. Đến giờ điểm, nhân vật chuyển động và thực hiện động tác đánh chuông, tạo cảm giác chiếc đồng hồ như “sống” ngay trên tường.

Ngoài phần hoạt cảnh, đồng hồ vẫn mang nét đặc trưng của máy cơ ÔĐô với tiếng điểm giờ mộc mạc, dễ nghe. Chính sự kết hợp giữa xem giờ, nghe chuông và ngắm chuyển động cơ khí khiến dòng này có nét riêng và được nhiều người chơi chú ý.

#ÔĐô #OdoJacquemart #ĐồngHồCổPháp #ĐồngHồCơCổ #ĐồngHồSưuTầm",33,"09/29/2026 18:58",https://www.facebook.com/groups/2045274432285089/permalink/4491269024352272/,Reel,,"Trọn đời",0,-0.5x,0,0,0,65,0,0,0,0,0,57,62,2.521,146.26,,
3651912488299320,100050310827163,"Đồng hồ Nhà kho","ÔĐô Ông Tây Đánh Chuông – Chơi Đồng Hồ Mà Như Xem Một Màn Trình Diễn

Dòng ÔĐô ông Tây đánh chuông gây ấn tượng bởi hoạt cảnh cơ khí rất vui mắt. Đến giờ điểm, nhân vật chuyển động và thực hiện động tác đánh chuông, tạo cảm giác chiếc đồng hồ như “sống” ngay trên tường.

Ngoài phần hoạt cảnh, đồng hồ vẫn mang nét đặc trưng của máy cơ ÔĐô với tiếng điểm giờ mộc mạc, dễ nghe. Chính sự kết hợp giữa xem giờ, nghe chuông và ngắm chuyển động cơ khí khiến dòng này có nét riêng và được nhiều người chơi chú ý.

#ÔĐô #OdoJacquemart #ĐồngHồCổPháp #ĐồngHồCơCổ #ĐồngHồSưuTầm",33,"09/29/2026 18:58",https://www.facebook.com/groups/621233334700599/permalink/3651912488299320/,Reel,,"Trọn đời",0,-0.8x,0,0,0,41,0,0,0,0,0,35,38,2.659,93.097,,
1694366145583730,100050310827163,"Đồng hồ Nhà kho","ÔĐô Ông Tây Đánh Chuông – Chơi Đồng Hồ Mà Như Xem Một Màn Trình Diễn

Dòng ÔĐô ông Tây đánh chuông gây ấn tượng bởi hoạt cảnh cơ khí rất vui mắt. Đến giờ điểm, nhân vật chuyển động và thực hiện động tác đánh chuông, tạo cảm giác chiếc đồng hồ như “sống” ngay trên tường.

Ngoài phần hoạt cảnh, đồng hồ vẫn mang nét đặc trưng của máy cơ ÔĐô với tiếng điểm giờ mộc mạc, dễ nghe. Chính sự kết hợp giữa xem giờ, nghe chuông và ngắm chuyển động cơ khí khiến dòng này có nét riêng và được nhiều người chơi chú ý.

#ÔĐô #OdoJacquemart #ĐồngHồCổPháp #ĐồngHồCơCổ #ĐồngHồSưuTầm",33,"09/29/2026 18:56",https://www.facebook.com/reel/1648879346787855/,Reel,,"Trọn đời",0,+1.3x,0,0,0,217,6,0,3,0,3,188,226,2.747,576.995,,
3651906844966551,100050310827163,"Đồng hồ Nhà kho","Vê Đét Pháp – Mặt Số Nổi, Dáng Đẹp Và Chất Âm Dễ Nghe

Một chiếc Vê Đét cổ Pháp còn giữ được nhiều nét nguyên bản, nổi bật với mặt số nổi tạo chiều sâu và vẻ cổ điển rất đặc trưng. Tổng thể thùng cân đối, càng ngắm càng thấy nét duyên của đồng hồ Pháp xưa.

Qua trải nghiệm thực tế, bộ máy cho khả năng vận hành ổn định, kết hợp chất âm vang, ngân và dễ nghe. Với người chơi đồng hồ cổ, một chiếc Vê Đét còn đẹp, máy móc nguyên bản và âm thanh tốt luôn là lựa chọn thú vị để sử dụng cũng như sưu tầm.

#VêĐét #ĐồngHồPháp #ĐồngHồCổ #ĐồngHồZinNguyênBản #ĐồngHồSưuTầm",126,"09/29/2026 18:51",https://www.facebook.com/groups/621233334700599/permalink/3651906844966551/,Reel,,"Trọn đời",0,-1.3x,0,0,0,24,0,0,0,0,0,22,22,2.736,60.197,,
28105639902471679,100050310827163,"Đồng hồ Nhà kho","Vê Đét Pháp – Mặt Số Nổi, Dáng Đẹp Và Chất Âm Dễ Nghe

Một chiếc Vê Đét cổ Pháp còn giữ được nhiều nét nguyên bản, nổi bật với mặt số nổi tạo chiều sâu và vẻ cổ điển rất đặc trưng. Tổng thể thùng cân đối, càng ngắm càng thấy nét duyên của đồng hồ Pháp xưa.

Qua trải nghiệm thực tế, bộ máy cho khả năng vận hành ổn định, kết hợp chất âm vang, ngân và dễ nghe. Với người chơi đồng hồ cổ, một chiếc Vê Đét còn đẹp, máy móc nguyên bản và âm thanh tốt luôn là lựa chọn thú vị để sử dụng cũng như sưu tầm.

#VêĐét #ĐồngHồPháp #ĐồngHồCổ #ĐồngHồZinNguyênBản #ĐồngHồSưuTầm",126,"09/29/2026 18:51",https://www.facebook.com/groups/3191437830985231/permalink/28105639902471679/,Reel,,"Trọn đời",0,-3.1x,0,0,0,61,0,0,0,0,0,55,82,3.27,225.641,,
3411058349073727,100050310827163,"Đồng hồ Nhà kho","Vê Đét Pháp – Mặt Số Nổi, Dáng Đẹp Và Chất Âm Dễ Nghe

Một chiếc Vê Đét cổ Pháp còn giữ được nhiều nét nguyên bản, nổi bật với mặt số nổi tạo chiều sâu và vẻ cổ điển rất đặc trưng. Tổng thể thùng cân đối, càng ngắm càng thấy nét duyên của đồng hồ Pháp xưa.

Qua trải nghiệm thực tế, bộ máy cho khả năng vận hành ổn định, kết hợp chất âm vang, ngân và dễ nghe. Với người chơi đồng hồ cổ, một chiếc Vê Đét còn đẹp, máy móc nguyên bản và âm thanh tốt luôn là lựa chọn thú vị để sử dụng cũng như sưu tầm.

#VêĐét #ĐồngHồPháp #ĐồngHồCổ #ĐồngHồZinNguyênBản #ĐồngHồSưuTầm",126,"09/29/2026 18:51",https://www.facebook.com/groups/donghoco/permalink/3411058349073727/,Reel,,"Trọn đời",0,+0.9x,0,0,0,260,0,0,0,0,0,222,248,7.416,1705.856,,
2495996017551582,100050310827163,"Đồng hồ Nhà kho","Vê Đét Pháp – Mặt Số Nổi, Dáng Đẹp Và Chất Âm Dễ Nghe

Một chiếc Vê Đét cổ Pháp còn giữ được nhiều nét nguyên bản, nổi bật với mặt số nổi tạo chiều sâu và vẻ cổ điển rất đặc trưng. Tổng thể thùng cân đối, càng ngắm càng thấy nét duyên của đồng hồ Pháp xưa.

Qua trải nghiệm thực tế, bộ máy cho khả năng vận hành ổn định, kết hợp chất âm vang, ngân và dễ nghe. Với người chơi đồng hồ cổ, một chiếc Vê Đét còn đẹp, máy móc nguyên bản và âm thanh tốt luôn là lựa chọn thú vị để sử dụng cũng như sưu tầm.

#VêĐét #ĐồngHồPháp #ĐồngHồCổ #ĐồngHồZinNguyênBản #ĐồngHồSưuTầm",126,"09/29/2026 18:50",https://www.facebook.com/groups/580302725787597/permalink/2495996017551582/,Reel,,"Trọn đời",0,-1x,0,0,0,36,0,0,0,0,0,31,34,1.754,56.139,,
2982739128786557,100050310827163,"Đồng hồ Nhà kho","Vê Đét Pháp – Mặt Số Nổi, Dáng Đẹp Và Chất Âm Dễ Nghe

Một chiếc Vê Đét cổ Pháp còn giữ được nhiều nét nguyên bản, nổi bật với mặt số nổi tạo chiều sâu và vẻ cổ điển rất đặc trưng. Tổng thể thùng cân đối, càng ngắm càng thấy nét duyên của đồng hồ Pháp xưa.

Qua trải nghiệm thực tế, bộ máy cho khả năng vận hành ổn định, kết hợp chất âm vang, ngân và dễ nghe. Với người chơi đồng hồ cổ, một chiếc Vê Đét còn đẹp, máy móc nguyên bản và âm thanh tốt luôn là lựa chọn thú vị để sử dụng cũng như sưu tầm.

#VêĐét #ĐồngHồPháp #ĐồngHồCổ #ĐồngHồZinNguyênBản #ĐồngHồSưuTầm",126,"09/29/2026 18:50",https://www.facebook.com/groups/2044279439299202/permalink/2982739128786557/,Reel,,"Trọn đời",0,-2.6x,0,0,0,71,0,0,0,0,0,63,71,6.979,453.664,,
1694361598917518,100050310827163,"Đồng hồ Nhà kho","Ngắt Chuông Thủ Công – Một Chi Tiết Hữu Ích Trên Đồng Hồ Cổ

Trên nhiều mẫu đồng hồ cơ cổ, nhà sản xuất đã bố trí sẵn chức năng ngắt chuông thủ công. Khi không muốn nghe chuông, người sử dụng chỉ cần điều chỉnh cần gạt mà không phải can thiệp vào bộ máy.

Ví dụ trên một số mẫu Vê Đét, có thể gặp 2 cần gạt bố trí gần vị trí 11 giờ và 1 giờ trên mặt số, dùng để lựa chọn hoặc ngắt chức năng chuông. Vị trí và cách hoạt động có thể khác nhau tùy từng đời máy, vì vậy đây cũng là chi tiết thú vị để các bác quan sát khi tìm hiểu đồng hồ cổ.

#VêĐét #NgắtChuông #ĐồngHồPháp #ĐồngHồCổ #KinhNghiệmĐồngHồ",31,"09/29/2026 18:49",https://www.facebook.com/reel/1525340912956652/,Reel,,"Trọn đời",0,+1.8x,0,0,0,291,5,0,2,0,3,265,325,5.126,1527.58,,
1694361528917525,100050310827163,"Đồng hồ Nhà kho","Vê Đét Pháp – Mặt Số Nổi, Dáng Đẹp Và Chất Âm Dễ Nghe

Một chiếc Vê Đét cổ Pháp còn giữ được nhiều nét nguyên bản, nổi bật với mặt số nổi tạo chiều sâu và vẻ cổ điển rất đặc trưng. Tổng thể thùng cân đối, càng ngắm càng thấy nét duyên của đồng hồ Pháp xưa.

Qua trải nghiệm thực tế, bộ máy cho khả năng vận hành ổn định, kết hợp chất âm vang, ngân và dễ nghe. Với người chơi đồng hồ cổ, một chiếc Vê Đét còn đẹp, máy móc nguyên bản và âm thanh tốt luôn là lựa chọn thú vị để sử dụng cũng như sưu tầm.

#VêĐét #ĐồngHồPháp #ĐồngHồCổ #ĐồngHồZinNguyênBản #ĐồngHồSưuTầm",126,"09/29/2026 18:49",https://www.facebook.com/reel/1756615062218124/,Reel,,"Trọn đời",0,+0.4x,0,0,0,218,5,0,2,0,3,214,246,5.014,1163.349,,
1694344685585876,100050310827163,"Đồng hồ Nhà kho","ÔĐô 36/10 – Chất Âm Nghe Rất Cuốn

Điểm hấp dẫn của ÔĐô 36/10 nằm ở cấu hình 10 côn 10 búa, tạo nên tiếng nhạc có độ vang, ngân và lớp âm khá đầy đặn. Khi bộ máy và hệ búa được căn chỉnh tốt, từng nốt xuống côn rõ ràng, nhịp nhạc thong thả và nghe rất dễ chịu.

Ở phiên bản 2 bản Westminster và Gai-Carillon, phần chơi nhạc kết hợp cùng tiếng bính boong điểm giờ càng làm chất âm trở nên thú vị. Một cấu hình rất đáng để các bác nghe và trải nghiệm trực tiếp.

#ÔĐô #Odo36_10 #10con10bua #ĐồngHồCổ #am_thanh_dong_ho",10,"09/29/2026 18:25",https://www.facebook.com/reel/1122510023533204/,Reel,,"Trọn đời",6,+9.1x,0,0,0,756,16,0,10,0,0,686,1021,7.108,5132.182,,
1694284138925264,100050310827163,"Đồng hồ Nhà kho","Đồng Hồ Cúc Cu – Âm Thanh Vui Tai, Hoạt Cảnh Đầy Sức Sống

Một chiếc đồng hồ Cúc Cu Đức mang nét đặc trưng của vùng Black Forest với thùng gỗ kiểu mái nhà, bộ máy cơ kết hợp chim Cúc Cu xuất hiện theo nhịp điểm giờ.

Điểm thú vị của dòng này nằm ở sự kết hợp giữa tiếng chim, chuyển động cơ khí và các hoạt cảnh; một số phiên bản còn có dàn nhạc, tượng xoay hoặc côn vòng tạo nên trải nghiệm rất vui mắt, vui tai. Đây là kiểu đồng hồ vừa có nét cổ điển, vừa tạo không khí sinh động khi trưng bày trong nhà.

#ĐồngHồCúcCu #ĐồngHồCổĐức #ĐồngHồCơCổ #ĐồngHồSưuTầm #ĐamMêĐồngHồCổ",39,"09/29/2026 16:40",https://www.facebook.com/reel/1543355884214353/,Reel,,"Trọn đời",2,+4.7x,0,0,0,577,9,1,4,0,3,535,626,5.204,2945.598,,
1441289687873995,100050310827163,"Đồng hồ Nhà kho","ÔĐô 36/10 – Chất Âm Làm Nên Sức Hút

Một chiếc ÔĐô 36/10 với cấu hình 10 côn 10 búa, luôn thú vị khi được nghe trực tiếp. Tiếng côn có độ vang, ngân và từng nốt tách khá rõ; khi máy được căn chỉnh tốt, phần nhạc nghe thong thả và dễ chịu.

Ở những phiên bản chơi 2 bản Westminster và Gai-Carillon, phần nhạc kết hợp cùng tiếng bính boong điểm giờ tạo nên nét âm thanh rất riêng. Với người chơi đồng hồ Pháp xưa, tình trạng máy, độ nguyên bản của côn búa và chất âm thực tế luôn là những yếu tố đáng để trải nghiệm.

#ÔĐô #Odo36_10 #10con10bua #Westminster #GaiCarillon #binhboong #dong_ho_Phap #dong_ho_co #am_thanh_dong_ho #suu_tam_dong_ho_co",40,"09/29/2026 11:56",https://www.facebook.com/groups/799627422040228/permalink/1441289687873995/,Reel,,"Trọn đời",0,-0.3x,0,0,0,82,1,0,1,0,0,64,73,3.809,266.644,,
1402861935296628,100050310827163,"Đồng hồ Nhà kho","ÔĐô 36/10 – Chất Âm Làm Nên Sức Hút

Một chiếc ÔĐô 36/10 với cấu hình 10 côn 10 búa, luôn thú vị khi được nghe trực tiếp. Tiếng côn có độ vang, ngân và từng nốt tách khá rõ; khi máy được căn chỉnh tốt, phần nhạc nghe thong thả và dễ chịu.

Ở những phiên bản chơi 2 bản Westminster và Gai-Carillon, phần nhạc kết hợp cùng tiếng bính boong điểm giờ tạo nên nét âm thanh rất riêng. Với người chơi đồng hồ Pháp xưa, tình trạng máy, độ nguyên bản của côn búa và chất âm thực tế luôn là những yếu tố đáng để trải nghiệm.

#ÔĐô #Odo36_10 #10con10bua #Westminster #GaiCarillon #binhboong #dong_ho_Phap #dong_ho_co #am_thanh_dong_ho #suu_tam_dong_ho_co",40,"09/29/2026 11:56",https://www.facebook.com/groups/648485240734305/permalink/1402861935296628/,Reel,,"Trọn đời",0,+0.4x,0,0,0,274,3,0,3,0,0,255,287,6.772,1801.399,,
3651589244998311,100050310827163,"Đồng hồ Nhà kho","ÔĐô 36/10 – Chất Âm Làm Nên Sức Hút

Một chiếc ÔĐô 36/10 với cấu hình 10 côn 10 búa, luôn thú vị khi được nghe trực tiếp. Tiếng côn có độ vang, ngân và từng nốt tách khá rõ; khi máy được căn chỉnh tốt, phần nhạc nghe thong thả và dễ chịu.

Ở những phiên bản chơi 2 bản Westminster và Gai-Carillon, phần nhạc kết hợp cùng tiếng bính boong điểm giờ tạo nên nét âm thanh rất riêng. Với người chơi đồng hồ Pháp xưa, tình trạng máy, độ nguyên bản của côn búa và chất âm thực tế luôn là những yếu tố đáng để trải nghiệm.

#ÔĐô #Odo36_10 #10con10bua #Westminster #GaiCarillon #binhboong #dong_ho_Phap #dong_ho_co #am_thanh_dong_ho #suu_tam_dong_ho_co",40,"09/29/2026 11:56",https://www.facebook.com/groups/621233334700599/permalink/3651589244998311/,Reel,,"Trọn đời",2,+3.1x,0,0,0,222,3,0,1,0,0,199,217,5.649,1158.208,,
1694105568943121,100050310827163,"Đồng hồ Nhà kho","ÔĐô 36/10 – Chất Âm Làm Nên Sức Hút

Một chiếc ÔĐô 36/10 với cấu hình 10 côn 10 búa, luôn thú vị khi được nghe trực tiếp. Tiếng côn có độ vang, ngân và từng nốt tách khá rõ; khi máy được căn chỉnh tốt, phần nhạc nghe thong thả và dễ chịu.

Ở những phiên bản chơi 2 bản Westminster và Gai-Carillon, phần nhạc kết hợp cùng tiếng bính boong điểm giờ tạo nên nét âm thanh rất riêng. Với người chơi đồng hồ Pháp xưa, tình trạng máy, độ nguyên bản của côn búa và chất âm thực tế luôn là những yếu tố đáng để trải nghiệm.

#ÔĐô #Odo36_10 #10con10bua #Westminster #GaiCarillon #binhboong #dong_ho_Phap #dong_ho_co #am_thanh_dong_ho #suu_tam_dong_ho_co",40,"09/29/2026 11:33",https://www.facebook.com/reel/1641240027349482/,Reel,,"Trọn đời",0,+0.8x,0,0,0,265,2,0,3,0,0,1069,2506,13.085,22507.262,,
1693689192318092,100050310827163,"Đồng hồ Nhà kho","Đồng hồ Cúc Cu Đức mái nhà 3 tạ tuần – Hoạt cảnh vui mắt, âm thanh vui tai- Mã số #1233
💵:26tr5
✨ Một mẫu đồng hồ Cúc Cu Đức dáng mái nhà rất đẹp, mô phỏng căn nhà vùng Black Forest với phần mái lợp từng lớp gỗ, ban công, cửa sổ và nhiều chi tiết trang trí thủ công. Phía dưới là 3 quả tạ, máy cơ chạy tuần, tổng thể còn giữ được nét nguyên bản và màu gỗ rất có chiều sâu.

✨ Điểm thú vị nhất nằm ở hệ thống hoạt cảnh khá phong phú: cặp người nâng cốc bên bàn, bánh xe nước, chú chó và đặc biệt là dàn đôi nam nữ khiêu vũ phía trên. Khi đồng hồ vận hành, các chuyển động kết hợp tạo nên cả một khung cảnh làng quê Đức thu nhỏ rất sinh động.

♬ Phần âm thanh cũng là cái hay của mẫu này: tiếng chim Cúc Cu kết hợp dàn ca múa nhạc và côn vòng. Tiếng chim báo giờ quen thuộc xen cùng giai điệu vui tươi, côn vòng tạo tiếng ngân vang, vừa nghe vừa ngắm hoạt cảnh chuyển động rất cuốn.

⭐️ Đây không đơn thuần là chiếc đồng hồ cơ cổ để xem giờ mà còn là một món đồ cổ châu Âu có tính trình diễn và giá trị sưu tầm cao. Dáng mái nhà lớn, 3 tạ tuần, nhiều hoạt cảnh và cơ cấu âm thanh phong phú khiến chiếc đồng hồ treo lên rất nổi bật.

📐 Kích thước: 43 × 40 cm
📍 Văn Phú, Hà Đông, Hà Nội
☎️ 𝟶𝟿𝟼𝟥 • 𝟜𝟝𝟞 • 𝟿𝟞𝟥

#ĐồngHồCúcCu, #ĐồngHồCổĐức, #ĐồngHồCơCổ, #ĐồngHồQuảLắc, #ĐồngHồSưuTầm, #SưuTầmĐồngHồCổ, #ĐồCổChâuÂu",0,"09/29/2026 02:43",https://www.facebook.com/donghonhakho.vn/posts/pfbid0dLjSo2DqnTp88UsZ3GjSdJMhA1z92goxx9B5ZJ6kQWnXQ7vt3issEDhbHUS9Tibml,Ảnh,,"Trọn đời",3,--,0,0,0,845,5,1,1,0,1,837,1223,,,,
1693610452325966,100050310827163,"Đồng hồ Nhà kho","ÔĐô 24 Đời 1962 – Một Đời Máy Có Chất Âm Rất Riêng

ÔĐô 24 đời 1962 là phiên bản được nhiều người chơi quan tâm, nổi bật với mặt số nổi, bộ kim lá lúa cùng cấu hình côn 121, 10 côn 11 búa.

Đồng hồ chơi 2 bản nhạc Westminster và Ave Maria Lourdes, có cần gạt lựa chọn bản nhạc. Khi bộ máy và hệ côn được căn chỉnh tốt, tiếng nhạc nghe vui, rõ nốt và có độ ngân khá thú vị.

Với người chơi ÔĐô, đời 1962 hấp dẫn không chỉ ở âm thanh mà còn bởi kiểu dáng, mặt số và những chi tiết cơ khí đặc trưng của dòng máy 24.

#ÔĐô #Odo24 #Odo1962 #10con11bua #Westminster #AveMaria #dong_ho_Phap #dong_ho_co #dong_ho_suu_tam",58,"09/29/2026 00:59",https://www.facebook.com/reel/4438480193132057/,Reel,,"Trọn đời",0,+3.8x,0,0,0,578,5,0,2,0,3,576,666,15.428,9257.02,,
1693608825659462,100050310827163,"Đồng hồ Nhà kho","Đồng hồ vai bò Junhan 8 côn 2 bản nhạc – Dáng đẹp, âm ngân nga- Mã số #1115
💵:11tr
✨ Một mẫu đồng hồ vai bò Đức có dáng thùng dài cân đối, đường cong hai vai mềm mại kết hợp những nét chạm trang trí thanh thoát. Vân gỗ lên đẹp, mặt số tròn nổi bật với bộ số Ả Rập màu vàng đồng, tổng thể mang đậm nét đồng hồ châu Âu cổ và rất sang khi trưng bày.

✨ Bộ máy cơ, có cần gạt ngắt chuông tiện lời, cấu hình 8 côn – 8 búa, chơi được 2 bản nhạc Westminster và Whittington. Hệ thống côn dài kết hợp bộ búa tạo tiếng chuông nhiều tầng âm, tiếng ngân dài, mềm và nghe rất có chiều sâu.

♬ Điểm thú vị của mẫu này chính là hai bản nhạc mang hai sắc thái khác nhau, giúp âm thanh đồng hồ cổ nghe phong phú hơn. Một chiếc đồng hồ cơ cổ vừa có dáng đẹp, vừa có cấu hình 8 côn đáng chơi và giá trị sưu tầm tốt.

📐 Kích thước: 71 × 24 cm
📍 Văn Phú, Hà Đông, Hà Nội
☎️ 0963.456.963 

#ĐồngHồCổ, #ĐồngHồCổĐức, #ĐồngHồVaiBò, #ĐồngHồ8Côn, #ĐồngHồWestminster, #ĐồngHồSưuTầm",0,"09/29/2026 00:58",https://www.facebook.com/donghonhakho.vn/posts/pfbid02tCckz23wCuiKdQE9zN78CcmoA953gNGSj7HkqQybM6tbMuD9CYRZ1xMFPou3oSsMl,Ảnh,,"Trọn đời",0,--,0,0,0,305,0,0,0,0,0,292,424,,,,
1693589898994688,100050310827163,"Đồng hồ Nhà kho","Đồng hồ vai bò Junhan 4 côn – Hộp âm cộng hưởng, dáng lớn đẹp, chất âm ngân vang- Mã số #1095
💵:9tr5
✨ Một mẫu đồng hồ vai bò Đức sở hữu dáng thùng lớn dài 75 cm, thiết kế uốn cong mềm mại, hai vai cân đối cùng những đường chạm nổi tinh tế. Vân gỗ đẹp, nước vỏ bóng sâu, kết hợp mặt số tròn màu vàng đồng, số nổi và bộ kim cổ điển, tạo nên vẻ sang trọng đặc trưng của đồng hồ châu Âu cổ.
✨ Bộ máy cơ Đức 3 ổ cót, kết cấu chắc chắn, hoạt động ổn định 
✨ Hộp cộng hưởng kết hợp với không gian thùng lớn giúp tiếng chuông có độ vang tốt, âm thanh đầy đặn, độ ngân cao và lan tỏa, mang đậm chất âm đồng hồ cổ Đức.
⭐️ Một mẫu đồng hồ vai bò có cả dáng đẹp lẫn âm thanh ấn tượng, rất phù hợp trưng bày trên kệ tủ, phòng khách hoặc không gian đồ cổ châu Âu, đáng để những người yêu thích đồng hồ cơ cổ tham khảo và sưu tầm.
📐 Kích thước: 75 × 25 cm
📍 Hà Đông – Hà Nội
☎️ 𝟶𝟿𝟼𝟥 • 𝟺𝟻𝟼 • 𝟿𝟼𝟥

#donghovaibo #donghocoDuc #donghoco #donghococo #dongho4con #donghoJunghans #donghohopamconghuong #donghochauAuco #donghosuutam #suutamdonghoco #docochauAu #amthanhdonghoco #chatamdonghoco",0,"09/29/2026 00:32",https://www.facebook.com/donghonhakho.vn/posts/pfbid02ae8APB2s4scULFP8x4c14xjX32DhozG5ieTwbp1uYUL57EHm5PmnwnmQeEwGwCRDl,Ảnh,,"Trọn đời",1,--,0,0,0,490,2,0,1,0,0,478,678,,,,
1402298492019639,100050310827163,"Đồng hồ Nhà kho","ÔĐô 36/10 Thùng Xương Cá – Càng Ngắm Càng Có Chất Xưa

ÔĐô 36/10 lần này nổi bật với bộ thùng xương cá, những đường vân gỗ đối xứng tạo hiệu ứng rất đẹp, vừa cổ điển vừa có chiều sâu. Đây cũng là kiểu thùng khiến chiếc đồng hồ có điểm nhận diện riêng ngay từ cái nhìn đầu tiên.

Kết hợp cùng cấu hình 10 côn 10 búa, chất âm vang, ngân và đầy đặn, chiếc đồng hồ mang lại cả phần nhìn lẫn phần nghe rất thú vị. Với những bác yêu ÔĐô cổ, một chiếc thùng xương cá còn đẹp, máy móc và bộ côn giữ được độ nguyên bản luôn đáng để tham khảo.

#ÔĐô #Odo36_10 #thung_xuong_ca #10con10bua #dong_ho_Phap #dong_ho_co #dong_ho_nguyen_ban #am_thanh_dong_ho #suu_tam_dong_ho_co",31,"09/28/2026 22:46",https://www.facebook.com/groups/648485240734305/permalink/1402298492019639/,Reel,,"Trọn đời",0,+0.4x,0,0,0,599,6,0,6,0,0,576,633,6.327,3682.708,,
3650831961740706,100050310827163,"Đồng hồ Nhà kho","ÔĐô 36/10 Thùng Xương Cá – Càng Ngắm Càng Có Chất Xưa

ÔĐô 36/10 lần này nổi bật với bộ thùng xương cá, những đường vân gỗ đối xứng tạo hiệu ứng rất đẹp, vừa cổ điển vừa có chiều sâu. Đây cũng là kiểu thùng khiến chiếc đồng hồ có điểm nhận diện riêng ngay từ cái nhìn đầu tiên.

Kết hợp cùng cấu hình 10 côn 10 búa, chất âm vang, ngân và đầy đặn, chiếc đồng hồ mang lại cả phần nhìn lẫn phần nghe rất thú vị. Với những bác yêu ÔĐô cổ, một chiếc thùng xương cá còn đẹp, máy móc và bộ côn giữ được độ nguyên bản luôn đáng để tham khảo.

#ÔĐô #Odo36_10 #thung_xuong_ca #10con10bua #dong_ho_Phap #dong_ho_co #dong_ho_nguyen_ban #am_thanh_dong_ho #suu_tam_dong_ho_co",31,"09/28/2026 22:46",https://www.facebook.com/groups/621233334700599/permalink/3650831961740706/,Reel,,"Trọn đời",0,-0.2x,0,0,0,153,0,0,0,0,0,135,149,3.86,536.642,,
1068696302653757,100050310827163,"Đồng hồ Nhà kho","ÔĐô 36/10 Thùng Xương Cá – Càng Ngắm Càng Có Chất Xưa

ÔĐô 36/10 lần này nổi bật với bộ thùng xương cá, những đường vân gỗ đối xứng tạo hiệu ứng rất đẹp, vừa cổ điển vừa có chiều sâu. Đây cũng là kiểu thùng khiến chiếc đồng hồ có điểm nhận diện riêng ngay từ cái nhìn đầu tiên.

Kết hợp cùng cấu hình 10 côn 10 búa, chất âm vang, ngân và đầy đặn, chiếc đồng hồ mang lại cả phần nhìn lẫn phần nghe rất thú vị. Với những bác yêu ÔĐô cổ, một chiếc thùng xương cá còn đẹp, máy móc và bộ côn giữ được độ nguyên bản luôn đáng để tham khảo.

#ÔĐô #Odo36_10 #thung_xuong_ca #10con10bua #dong_ho_Phap #dong_ho_co #dong_ho_nguyen_ban #am_thanh_dong_ho #suu_tam_dong_ho_co",31,"09/28/2026 22:46",https://www.facebook.com/groups/donghoquaquyt/permalink/1068696302653757/,Reel,,"Trọn đời",0,+0.3x,0,0,0,379,2,0,2,0,0,324,384,5.209,1875.508,,
4490073264471848,100050310827163,"Đồng hồ Nhà kho","ÔĐô 36/10 Thùng Xương Cá – Càng Ngắm Càng Có Chất Xưa

ÔĐô 36/10 lần này nổi bật với bộ thùng xương cá, những đường vân gỗ đối xứng tạo hiệu ứng rất đẹp, vừa cổ điển vừa có chiều sâu. Đây cũng là kiểu thùng khiến chiếc đồng hồ có điểm nhận diện riêng ngay từ cái nhìn đầu tiên.

Kết hợp cùng cấu hình 10 côn 10 búa, chất âm vang, ngân và đầy đặn, chiếc đồng hồ mang lại cả phần nhìn lẫn phần nghe rất thú vị. Với những bác yêu ÔĐô cổ, một chiếc thùng xương cá còn đẹp, máy móc và bộ côn giữ được độ nguyên bản luôn đáng để tham khảo.

#ÔĐô #Odo36_10 #thung_xuong_ca #10con10bua #dong_ho_Phap #dong_ho_co #dong_ho_nguyen_ban #am_thanh_dong_ho #suu_tam_dong_ho_co",31,"09/28/2026 22:45",https://www.facebook.com/groups/2045274432285089/permalink/4490073264471848/,Reel,,"Trọn đời",0,-0.2x,0,0,0,150,0,0,0,0,0,132,137,4.814,640.293,,
1693508872336124,100050310827163,"Đồng hồ Nhà kho","ÔĐô 36/10 Thùng Xương Cá – Càng Ngắm Càng Có Chất Xưa

ÔĐô 36/10 lần này nổi bật với bộ thùng xương cá, những đường vân gỗ đối xứng tạo hiệu ứng rất đẹp, vừa cổ điển vừa có chiều sâu. Đây cũng là kiểu thùng khiến chiếc đồng hồ có điểm nhận diện riêng ngay từ cái nhìn đầu tiên.

Kết hợp cùng cấu hình 10 côn 10 búa, chất âm vang, ngân và đầy đặn, chiếc đồng hồ mang lại cả phần nhìn lẫn phần nghe rất thú vị. Với những bác yêu ÔĐô cổ, một chiếc thùng xương cá còn đẹp, máy móc và bộ côn giữ được độ nguyên bản luôn đáng để tham khảo.

#ÔĐô #Odo36_10 #thung_xuong_ca #10con10bua #dong_ho_Phap #dong_ho_co #dong_ho_nguyen_ban #am_thanh_dong_ho #suu_tam_dong_ho_co",31,"09/28/2026 22:44",https://www.facebook.com/reel/29410510561866002/,Reel,,"Trọn đời",0,+2.1x,0,0,0,328,7,0,4,0,3,296,412,9.068,3065.093,,
1693427162344295,100050310827163,"Đồng hồ Nhà kho","Báo cáo anh em, Xin hoan hỉ mọi góc nhìn",0,"09/28/2026 20:40",https://www.facebook.com/donghonhakho.vn/posts/pfbid0vfFHqAGrveasP8hNupD8fcDUVBh2RrBuo4DQnLA44uxEw8nov5fdm7Ce5uHkXanHl,Ảnh,,"Trọn đời",0,--,0,0,0,818,4,0,3,0,1,807,1241,,,,
1693369215683423,100050310827163,"Đồng hồ Nhà kho","❤️ 3 loại máy BỆT phổ biến nhất: Dày, mỏng và máy 30",0,"09/28/2026 19:12",https://www.facebook.com/donghonhakho.vn/posts/pfbid02MZDsqbjszEoXRD4mNN1E9PmCZFixHgPBvTdeqsWjonkFAERAXHF6y5Gq728bnJfbl,Ảnh,,"Trọn đời",0,--,0,0,0,1124,4,-1,3,0,1,1121,1580,,,,
1693265122360499,100050310827163,"Đồng hồ Nhà kho","Vê Đét – Một Cái Tên Quen Thuộc Với Người Chơi Đồng Hồ Pháp

Vê Đét được nhiều người chơi đồng hồ Pháp xưa biết đến nhờ kiểu dáng đẹp, thiết kế đa dạng và chất âm dễ nghe. Qua trải nghiệm thực tế, nhiều bộ máy còn giữ tình trạng tốt cho khả năng vận hành ổn định và khá thuận tiện khi sử dụng.

Một số phiên bản còn có cơ chế ngắt chuông đêm tự động, là chi tiết rất thú vị trên đồng hồ cơ xưa. Mức giá tùy từng đời máy, cấu hình và độ nguyên bản, nhưng nhìn chung đây là cái tên khá dễ tiếp cận để các bác trải nghiệm và sưu tầm.

#Ve_Det #dong_ho_Phap #dong_ho_co #dong_ho_qua_lac #dong_ho_suu_tam",58,"09/28/2026 16:10",https://www.facebook.com/reel/4359298850978083/,Reel,,"Trọn đời",0,+1.9x,0,0,0,248,6,-1,2,1,3,243,356,6.133,1821.541,,
1693258875694457,100050310827163,"Đồng hồ Nhà kho","ÔĐô 36/10 – Càng Nghe Càng Thấy Chất

Một chiếc ÔĐô 36/10 còn giữ cấu hình 10 côn 10 búa nguyên bản luôn mang đến trải nghiệm âm thanh rất thú vị. Khi máy được căn chỉnh tốt, từng nhịp búa xuống côn cho tiếng rõ nốt, có độ ngân và cộng hưởng, nghe lâu không bị gắt.

Đặc biệt ở cấu hình hai bản nhạc Westminster và Gai-Carillon, phần chơi nhạc kết hợp với tiếng bính boong điểm giờ tạo nên nét riêng của dòng máy này. Với người chơi ÔĐô, ngoài hình thức thì độ nguyên bản của máy, côn, búa và chất âm thực tế luôn là những yếu tố đáng quan tâm.

#ÔĐô #Odo36 #Odo36_10 #10con10bua #Westminster #GaiCarillon #binhboong #dong_ho_Odo #dong_ho_co #suu_tam_dong_ho_co",18,"09/28/2026 15:59",https://www.facebook.com/reel/1095485533346540/,Reel,,"Trọn đời",5,+9.6x,0,0,0,3052,43,1,32,3,3,2932,3889,8.057,24187.142,,
1693254569028221,100050310827163,"Đồng hồ Nhà kho","ÔĐô 36/10 – Một Cấu Hình Rất Thú Vị Để Sưu Tầm

ÔĐô 36/10 nổi bật với cấu hình 10 côn 10 búa, bộ máy cơ Pháp và chất âm có độ vang, ngân rất đặc trưng. Trên những phiên bản hai bản nhạc có thể gặp Westminster và Gai-Carillon, kết hợp phần điểm giờ bính boong tạo nên trải nghiệm âm thanh rất riêng.

Với những chiếc còn giữ được máy, hệ búa và bộ côn nguyên bản, từng dấu vết thời gian trên máy cũng là điều thú vị để nghiên cứu và đối chiếu. Đây là dòng ÔĐô được nhiều người chơi quan tâm bởi cả cấu hình máy lẫn chất âm.

#ÔĐô #Odo36 #Odo36_10 #10con10bua #Westminster #GaiCarillon #dong_ho_Odo #dong_ho_Phap #dong_ho_co #suu_tam_dong_ho_co",58,"09/28/2026 15:51",https://www.facebook.com/reel/2482543952236226/,Reel,,"Trọn đời",0,+2.3x,0,0,0,718,9,0,6,0,3,667,797,11.868,8521.643,,
1692867585733586,100050310827163,"Đồng hồ Nhà kho",,23,"09/28/2026 06:35",https://www.facebook.com/reel/1446323470646206/,Reel,,"Trọn đời",0,+1.8x,0,0,0,797,6,0,3,0,3,750,899,4.657,3730.686,,
1692758475744497,100050310827163,"Đồng hồ Nhà kho","Bộ Đồng Hồ Ba Món – Vẻ Đẹp Hài Hòa Giữa Đồng Và Đá

Một bộ đồng hồ ba món mang vẻ đẹp cân đối, trang nhã, nổi bật bởi sự kết hợp giữa những chi tiết đồng ánh vàng và đá, tạo cảm giác cổ điển nhưng không quá cầu kỳ.

Điểm thu hút nằm ở quả lắc mặt trời chuyển động duyên dáng phía dưới mặt số. Đồng hồ sử dụng chuông chén bính boong, cứ 30 phút lại điểm một lần, âm thanh nhẹ nhàng và có độ ngân dễ chịu.

Một bộ vừa đẹp về hình thức, vừa có chuyển động và âm thanh để thưởng thức, rất thú vị khi đặt trong không gian trưng bày đồ châu Âu xưa.

#dong_ho_ba_mon #dong_va_da #lac_mat_troi #chuong_chen #binh_boong #dong_ho_co #dong_ho_co_hoc #do_co_chau_Au #dong_ho_suu_tam #suu_tam_dong_ho_co",0,"09/28/2026 04:18",https://www.facebook.com/donghonhakho.vn/posts/pfbid029CayJvossHASkiv59FY7cePnQzb97texrZAaeAMkyUFAzDb5vmGNeeHnMooGnDVpl,Ảnh,,"Trọn đời",0,--,0,0,0,324,1,0,1,0,0,313,467,,,,
1692752372411774,100050310827163,"Đồng hồ Nhà kho","Bộ Đồng Hồ Ba Món Đồng Và Đá – Trang Nhã, Đẹp Mắt

Một bộ đồng hồ ba món kết hợp giữa đồng và đá, bố cục cân đối, hài hòa và mang vẻ trang nhã đặc trưng của đồ trang trí châu Âu. Điểm nhấn nổi bật là quả lắc hình mặt trời, chuyển động nhẹ nhàng phía dưới mặt số tạo thêm sức hút khi trưng bày.

Đồng hồ sử dụng chuông chén bính boong, cứ 30 phút điểm chuông một lần, tiếng ngân gọn và dễ nghe. Sự kết hợp giữa chất liệu đồng, đá, quả lắc mặt trời và âm thanh cơ khí khiến bộ ba món vừa đẹp để decor, vừa thú vị để sưu tầm.

#dong_ho_ba_mon #dong_va_da #lac_mat_troi #chuong_chen #binh_boong #dong_ho_co #dong_ho_co_hoc #do_co_chau_Au #dong_ho_suu_tam #suu_tam_dong_ho_co",48,"09/28/2026 04:09",https://www.facebook.com/reel/1814506169567019/,Reel,,"Trọn đời",2,+4.7x,0,0,0,1013,8,0,4,0,3,992,1119,5.136,5249.701,,
1682619723425039,100050310827163,"Đồng hồ Nhà kho","Đồng hồ vai bò Đức 5 côn – Dáng thanh lịch, âm ngân dễ nghe- Mã số #569
💵:4tr6
✨ Một mẫu đồng hồ cổ Đức có dáng vai bò trải dài rất cân đối, phần thùng gỗ lên màu nâu ấm, đường cong mềm và trang nhã. Mặt số phối nền gỗ cùng vành số ánh vàng tạo vẻ cổ điển, dễ trưng bày trong phòng khách hoặc trên tủ.

⚙️ Máy cơ Đức, kết cấu chắc chắn. Bộ 5 côn bố trí phía sau tạo tiếng chuông ngân vang, âm sắc sáng nhưng vẫn có độ ấm, nghe nhẹ nhàng và giàu chất hoài niệm.

📐 Kích thước: 73 × 22 cm

🏠 Văn Phú – Hà Đông – Hà Nội
☎️ 0963.456.963 

#dong_ho_co #dong_ho_co_duc #dong_ho_vai_bo #vai_bo_duc #dong_ho_co_chau_au #dong_ho_5_con #dong_ho_co_suu_tam",0,"09/17/2026 01:04",https://www.facebook.com/donghonhakho.vn/posts/pfbid0fkrCw3Ygt57UAH6x7n6c8jAhPu9YqVp7oDn7ZwRPSNZZ9kvr31ZAgQcjPApa2yWVl,Ảnh,,"Trọn đời",1,--,0.04,0.04,0,575,2,0,1,0,0,556,797,,
1682628543424157,100050310827163,"Đồng hồ Nhà kho","Đồng hồ Juza 8 côn – Mặt số nổi, thùng vân gỗ sang trọng- Mã số #974
💵:9tr5
✨ Một mẫu đồng hồ cổ Pháp khá nổi bật với phần thùng gỗ vân đẹp, màu nâu vàng ấm, hai bên bo cong tạo cảm giác sang và bề thế.

✨ Mặt số nổi với bộ số kim loại lớn, bố cục cân đối, làm tăng giá trị sưu tầm cho chiếc đồng hồ.

⚙️ Máy cơ Pháp, kết cấu chắc chắn. Bộ 8 côn cho tiếng chuông dày, vang, có độ ngân và chất âm đồng hồ cổ rất dễ nghe.

📐 Kích thước: 58 × 45 cm

🏠 Văn Phú – Hà Đông – Hà Nội
☎️ 0963.456.963 

#dong_ho_co #dong_ho_co_phap #dong_ho_8_con #dong_ho_qua_lac #dong_ho_suu_tam #mat_so_noi #thung_van_go #dong_ho_chau_au_co #am_thanh_dong_ho_co",0,"09/17/2026 01:16",https://www.facebook.com/donghonhakho.vn/posts/pfbid0tUEddTWyEUE219V8dV9vDUZi99tLe4gpKiuR2MX2rw7iad2z6oAQHHXfjf9cAjErl,Ảnh,,"Trọn đời",1,--,0.01,0.01,0,651,6,0,5,0,0,639,893,,
1683381783348833,100050310827163,"Đồng hồ Nhà kho","Theo anh em xe hãng gì - Logo xe hơi dài 1m/ 1 cái, nặng 20kg đồng mạ bạc.",0,"09/17/2026 21:23",https://www.facebook.com/donghonhakho.vn/posts/pfbid02DDrmYbHP2MCEy12rLGok4knTaLGV2dxpzU9VwaYVNU3qgrDXm8Ag29tXAArSev7cl,Ảnh,,"Trọn đời",0,--,0.05,0.05,0,969,5,0,4,0,1,915,1324,,
1683383003348711,100050310827163,"Đồng hồ Nhà kho","Cặp Báo Đồng Mạ Bạc – Thần Thái Mạnh Mẽ, Dáng Vẻ Tinh Tế

Cặp báo gây ấn tượng với chiều dài khoảng 1 m, cao khoảng 30 cm, tạo hình cân đối và giàu thần thái. Chất liệu đồng mạ bạc mang sắc ánh kim sang trọng, làm nổi bật từng đường nét cơ thể và dáng đứng uyển chuyển của loài báo. Kích thước lớn nhưng tổng thể vẫn hài hòa, thanh thoát, phù hợp trưng bày trong không gian nội thất cổ điển, phòng khách hoặc kết hợp cùng đồ cổ châu Âu. Một món đồ trang trí vừa mạnh mẽ vừa tinh tế, đặc biệt cuốn hút khi trưng bày thành cặp.

#capbaodong #tuongdong #tuongdongmaibac #docotrangtri #docochauau #decorcodien #dosuutam #giatrisuutam",18,"09/17/2026 21:25",https://www.facebook.com/reel/1828023051689162/,"Thước phim",,"Trọn đời",0,+1.8x,0,0,0,1495,5,0,2,0,3,1408,1659,4.527,6736.868
1683388176681527,100050310827163,"Đồng hồ Nhà kho","Đồng Hồ Công Cộng Châu Âu 1932 – Tiếng Chuông Của Một Thời

Một chiếc đồng hồ công cộng cổ có xuất xứ châu Âu, nổi bật với hệ thống 2 quả chuông, trên chuông còn thể hiện mốc năm 1932. Những cỗ đồng hồ cơ cổ dạng này từng được sử dụng tại các tòa thị chính, công sở, nhà thờ hay nhà ga. Không đơn thuần để xem giờ, tiếng chuông lớn còn có nhiệm vụ báo giờ để người dân trong cả một khu vực có thể nghe thấy. Ngày nay, những bộ máy và chuông còn lưu giữ được mang nhiều giá trị về lịch sử, kỹ thuật cơ khí và giá trị sưu tầm.

#donghocongcong #donghoco #donghocochauau #donghococo #donghoco1932 #docochauau #suutamdonghoco #giatrisuutam",67,"09/17/2026 21:32",https://www.facebook.com/reel/2966316107053172/,"Thước phim",,"Trọn đời",4,+34.5x,0,0,0,3593,42,1,34,2,3,3395,3806,14.74,51134.576
1683409860012692,100050310827163,"Đồng hồ Nhà kho","Đồng Hồ Cổ 5 Côn Đồng Bạch – Vân Gỗ Uốn Lượn Đầy Cuốn Hút

Một mẫu đồng hồ cổ Đức mang dáng vẻ nhẹ nhàng, nổi bật với phần thùng gỗ có hệ vân uốn lượn tự nhiên, càng ngắm càng thấy chiều sâu. Bộ máy cơ kết hợp 5 côn đồng bạch tạo tiếng chuông bính boong trong trẻo, ngân vang vừa phải. Cơ chế điểm chuông đều đặn, cứ 30 phút lại vang lên một lần, tạo nên nét thú vị rất riêng của đồng hồ cơ cổ. Kiểu dáng thanh thoát, dễ trưng bày và phù hợp với nhiều không gian nội thất mang phong cách hoài cổ.

#donghoco #donghocoduc #donghoco5con #dongbach #donghoqulac #donghococo #amthanhdonghoco #suutamdonghoco",0,"09/17/2026 22:06",https://www.facebook.com/donghonhakho.vn/posts/pfbid0WJiuCctjZ5c8uFD6J6Em4E3VtCPDzYpVCMgHnV5RsYuXzAq8gyzxZ3k2ced4fZ6ul,Ảnh,,"Trọn đời",0,--,0.04,0.04,0,503,1,0,1,0,0,484,657,,
1683519786668366,100050310827163,"Đồng hồ Nhà kho","Đồng hồ vai bò Đức 3 côn điểm bính boong – Dáng nhỏ gọn- Mã số #758
💵:2tr8
✨ Mẫu đồng hồ cổ Đức dáng vai bò thanh lịch, thùng gỗ vân đẹp, mặt số nổi màu vàng cổ điển, kích thước chỉ 38 × 22 cm nên rất dễ trưng bày.
⚙️ Máy cơ lên cót, bộ 3 côn gọn gàng, kết cấu chắc chắn.
🔔 Điểm chuông bính boong, âm thanh trong, ngân vừa phải, nghe nhẹ nhàng và dễ chịu.

📐 Kích thước: 38 × 22 cm
🏠 KĐT Văn Phú, Hà Đông, Hà Nội
☎️ 0963.456.963 

#dong_ho_co #dong_ho_vai_bo #vai_bo_duc #dong_ho_co_duc #dong_ho_3_con #dong_ho_binh_boong #dong_ho_co_chau_au #dong_ho_suu_tam",0,"09/18/2026 01:18",https://www.facebook.com/donghonhakho.vn/posts/pfbid0RtJFozR1afhbssDoPofwKSri8LduHcKTRTQA7tX6jLVXVSzAJL9V2srRjsrXhDzRl,Ảnh,,"Trọn đời",1,--,0.02,0.02,0,366,2,0,1,0,0,349,500,,
1683527973334214,100050310827163,"Đồng hồ Nhà kho","Đồng hồ vai bò Đức 5 côn – Dáng bề thế, âm ngân vang- Mã số #1058
💵:6tr
✨ Mẫu đồng hồ cổ Đức dáng vai bò bề thế, thân thùng trải ngang cân đối, đường cong mềm và bộ chân móng chạm nổi tạo cảm giác chắc chắn, sang trọng. Các đường chỉ, họa tiết chạy quanh thân được làm khá tinh tế, kết hợp màu gỗ vàng nâu ấm áp, rất hợp không gian trưng bày đồ cổ châu Âu.

⚙️ Bộ máy cơ 3 ổ cót, kết cấu chắc chắn. Củ côn cao cho tiếng chuông có độ ngân tốt, âm sáng, vang và lan khá xa, tạo chất âm đồng hồ cổ đặc trưng.

📐 Kích thước: 70 × 25 cm
🏠 KĐT Văn Phú, Hà Đông, Hà Nội
☎️ 0963.456.963 

#dong_ho_co #dong_ho_vai_bo #vai_bo_duc #vai_bo_chan_mong #dong_ho_co_duc #dong_ho_5_con #dong_ho_co_chau_au #dong_ho_suu_tam #am_thanh_dong_ho_co",0,"09/18/2026 01:31",https://www.facebook.com/donghonhakho.vn/posts/pfbid0aivuG5W1WTjumbmLXkS87X58oCehUWFf1DbBrGh4y4oJRk9EGMFY5yXvuLzghLfil,Ảnh,,"Trọn đời",1,--,0.03,0.03,0,450,5,0,4,0,0,414,602,,
1683536460000032,100050310827163,"Đồng hồ Nhà kho","Đồng hồ Vê đét 8 côn – Thùng cánh nơ sang trọng- Mã số #941
💵:7tr
✨ Mẫu đồng hồ cổ Pháp nổi bật với dáng thùng cánh nơ cân đối, các mảng vân gỗ ghép đối xứng đẹp mắt, nước gỗ vàng nâu ấm tạo cảm giác sang trọng và cổ điển. Ô kính quả lắc phía dưới có họa tiết trang trí mềm mại, tổng thể rất có duyên khi treo phòng khách hoặc không gian sưu tầm.

⚙️ Bộ máy cơ 3 ổ cót, cấu hình 8 côn, máy móc còn khá sạch và chắc chắn. Mặt số đa giác phong cách Art Deco còn khá đẹp, số rõ, kim thanh thoát.

🔔 Bộ 8 côn cho chất âm nhiều tầng, tiếng chuông vang, ngân dài và có chiều sâu – đúng chất âm đồng hồ cổ châu Âu rất cuốn hút.

📐 Kích thước: 56 × 46 cm
🏠 KĐT Văn Phú, Hà Đông, Hà Nội
☎️ 0963.456.963 

#dong_ho_co #dong_ho_co_phap #dong_ho_8_con #dong_ho_qua_lac #dong_ho_suu_tam #dong_ho_chau_au_co #am_thanh_dong_ho_co #chat_am_dong_ho_co",0,"09/18/2026 01:44",https://www.facebook.com/donghonhakho.vn/posts/pfbid0SQsoZW6ogfRCodcBLESeWvCrfyknnPRg8FJce5bEQyv4bmoC63zZ9Xe2kiZDFMKVl,Ảnh,,"Trọn đời",1,--,0.03,0.03,0,407,1,0,0,0,0,387,574,,
1683549929998685,100050310827163,"Đồng hồ Nhà kho","Đồng hồ vai bò Đức 5 côn – Dáng gọn, âm thanh dễ nghe- Mã số #1165
💵:4tr
✨ Mẫu đồng hồ cổ dáng vai bò cân đối, đường cong mềm mại, thùng gỗ màu nâu ấm và các họa tiết hai bên tạo điểm nhấn cổ điển. Kích thước vừa phải nên rất dễ bố trí trên tủ, kệ hoặc không gian trưng bày đồ cổ châu Âu.

⚙️ Máy cơ lên cót, cấu hình 5 côn, kết cấu máy chắc chắn và gọn gàng.

🔔 Bộ côn cho tiếng chuông vang, ngân khá lâu, âm thanh rõ và dễ nghe, phù hợp với người thích chất âm đồng hồ cổ nhẹ nhàng nhưng vẫn có độ dày.

📐 Kích thước: 50 × 21 cm
🏠 KĐT Văn Phú, Hà Đông, Hà Nội
☎️ 0963.456.963 

#dong_ho_co #dong_ho_vai_bo #vai_bo_5_con #dong_ho_5_con #dong_ho_co_duc #dong_ho_co_chau_au #dong_ho_suu_tam #am_thanh_dong_ho_co #chat_am_dong_ho_co",0,"09/18/2026 02:06",https://www.facebook.com/donghonhakho.vn/posts/pfbid02zRtGjgMW6AsBJnLw1HoPEB628UT8L9SJ75oEaStQYyjhfvpKxfqovrPT9ik1UjQrl,Ảnh,,"Trọn đời",2,--,0.05,0.05,0,571,4,0,2,0,0,561,789,,
1683652019988476,100050310827163,"Đồng hồ Nhà kho","Vedet 37 và cơ chế ngắt chuông đêm – khi đồng hồ cơ biết “im lặng”

Tiếng chuông là một phần tạo nên sức hấp dẫn đặc biệt của những chiếc đồng hồ cơ châu Âu cổ. Với đồng hồ carillon, người sử dụng không chỉ xem giờ bằng mặt số mà còn có thể nghe thời gian qua những hồi chuông được tạo ra hoàn toàn bằng cơ khí.

Nhưng chính tiếng chuông ấy cũng đặt ra một vấn đề: ban ngày nghe rất thú vị, ban đêm lại có thể làm ảnh hưởng đến việc nghỉ ngơi.

Từ tiếng chuông báo giờ đến nhu cầu về sự yên tĩnh

Trong lịch sử, khi đồng hồ còn là vật dụng có giá trị và chưa phổ biến như ngày nay, một chiếc đồng hồ có thể phục vụ cả gia đình hoặc một không gian sinh hoạt chung. Tiếng chuông lớn vì vậy có ý nghĩa thực tế: người ở xa đồng hồ vẫn có thể biết thời gian mà không cần nhìn vào mặt số.

Khi đồng hồ ngày càng đi sâu vào không gian sống riêng tư, đặc biệt trong nhà ở đô thị và những căn hộ có nhiều người sống gần nhau, bài toán lại thay đổi. Một bộ carillon vang lên vào ban đêm không phải lúc nào cũng được mong muốn.",0,"09/18/2026 04:47",https://www.facebook.com/donghonhakho.vn/posts/pfbid09bQrMGoqVJG3MKCMRgT75AzVQdJ1WhCTcy358vp5ZJ5iqCU5MM8rs3SpaCtZADNNl,Ảnh,,"Trọn đời",0,--,0.03,0.03,0,443,1,0,1,0,0,429,642,,
1683775669976111,100050310827163,"Đồng hồ Nhà kho","Báo Tây đồng mạ bạc dài 1m02 và rất nặng
❤️ Giá cân lên tính tiền",0,"09/18/2026 07:41",https://www.facebook.com/donghonhakho.vn/posts/pfbid02aB3HSurkqLD5jXqq2bUPemhkeafFfftrakF6cWq2fYSTqcobBDPshngopTuRgHTVl,Ảnh,,"Trọn đời",0,--,0.01,0.01,0,663,0,0,0,0,0,639,913,,
1683828483304163,100050310827163,"Đồng hồ Nhà kho","Đồng Hồ Cổ Pháp 36/10 – 10 Côn, Âm Thanh Đầy Nội Lực

Một cấu hình được nhiều người sưu tầm đồng hồ cổ chú ý nhờ bộ máy cơ 10 côn 10 búa cùng hệ thống âm thanh phong phú. Khi vận hành, từng búa gõ lên dàn côn tạo tiếng ngân có độ vang, nhiều lớp âm và đặc biệt cuốn hút khi nghe trực tiếp. Thùng gỗ cổ điển kết hợp cùng mặt số và bộ máy cơ tạo nên tổng thể đậm chất đồng hồ châu Âu cổ. Một lựa chọn thú vị cho người yêu đồng hồ quả lắc, thích khám phá cơ khí và chất âm đồng hồ cổ.

#donghoco #donghocophap #dongho36_10 #dongho10con #donghoqualac #donghococo #amthanhdonghoco #suutamdonghoco",33,"09/18/2026 08:53",https://www.facebook.com/reel/1538040944678853/,"Thước phim",,"Trọn đời",2,+5x,0,0,0,1893,19,3,15,0,3,1820,2115,7.307,13883.776
1684174023269609,100050310827163,"Đồng hồ Nhà kho","Đồng Hồ Chim Cúc Cu 3 Tạ – Hoạt Cảnh Người Thợ Sửa Đồng Hồ

Một mẫu đồng hồ chim cúc cu mang đậm nét văn hóa châu Âu cổ với bộ máy cơ chạy tạ tuần và hệ thống 3 quả tạ. Điểm thú vị nhất nằm ở hoạt cảnh người thợ sửa đồng hồ được tạo hình sinh động, khiến tổng thể giống như một câu chuyện thu nhỏ trên vách nhà. Khi máy vận hành, chuyển động cơ khí kết hợp tiếng báo giờ tạo nên nét vui mắt và âm thanh đặc trưng. Đây là dòng đồng hồ cơ cổ giàu tính trang trí, phù hợp với người yêu đồ cổ châu Âu và giá trị sưu tầm.

#donghochimeucu #donghoco #donghoco3ta #donghotatuan #donghocohoatcanh #donghocochauau #docochauau #suutamdonghoco",27,"09/18/2026 19:06",https://www.facebook.com/reel/1568690224265417/,"Thước phim",,"Trọn đời",4,+7.9x,0,0,0,2582,28,1,20,1,3,2513,2812,6.439,16078.239
1684188913268120,100050310827163,"Đồng hồ Nhà kho","Đồng hồ vai bò Đức 5 côn – Dáng chữ nhật cổ điển- Mã số #1172
💵:4tr5
✨ Một mẫu đồng hồ vai bò Đức 5 côn có dáng chữ nhật khá hiếm gặp so với kiểu vai bò bo cong quen thuộc. Thùng gỗ vuông vức, hai bên bo nhẹ, nổi bật với lớp vân gỗ màu nâu vàng rất đẹp. Bốn chân bi kim loại tạo cảm giác thanh thoát, đúng chất đồ cổ châu Âu.

✨ Bộ máy cơ kết cấu chắc chắn. Tiếng chuông ngân vang, âm sắc trong nhưng vẫn có độ ấm. Khi hoạt động, tiếng gõ côn tạo nên chất âm đồng hồ cổ rất dễ nghe, phù hợp đặt phòng khách, phòng làm việc hoặc trên tủ trang trí.

✨ Kích thước: 55 x 23 cm – dáng ngang vừa phải, dễ bố trí mà vẫn tạo điểm nhấn.

📍 KĐT Văn Phú, Hà Đông, Hà Nội
☎️ 0963.456.963 

#donghovaibo #donghocoDuc #donghoco #donghococong #dosuutam",0,"09/18/2026 19:30",https://www.facebook.com/donghonhakho.vn/posts/pfbid0NxoaGDRguqypjpan8FM8K82VtcuTVWB8DJc3Rj87NddjDvWemPqYX7zqa1BJ5gjNl,Ảnh,,"Trọn đời",1,--,0.02,0.02,0,290,2,0,1,0,0,277,418,,
1684237946596550,100050310827163,"Đồng hồ Nhà kho","Cặp Bình Đồng Điêu Khắc Châu Âu – Vẻ Đẹp Nguyên Bản Đầy Cuốn Hút

Cặp bình cổ đến từ châu Âu gây ấn tượng với chiều cao khoảng 65 cm, chất liệu đồng cùng những đường nét điêu khắc tinh tế. Hoa văn được bố trí cân đối, mềm mại, tạo cảm giác hài hòa dù kích thước khá lớn. Bề mặt giữ được vẻ đẹp nguyên bản theo thời gian, mang sắc thái cổ kính đặc trưng của đồ cổ châu Âu. Khi trưng bày thành cặp, hai chiếc bình tạo điểm nhấn sang trọng cho phòng khách, sảnh lớn hoặc không gian sưu tầm, đồng thời thể hiện rõ giá trị thủ công và giá trị sưu tầm.

#binhdongco #capbinhdong #docochauau #dieukhacdong #dodongco #decorcodien #dosuutam #giatrisuutam",42,"09/18/2026 20:51",https://www.facebook.com/reel/962388900236835/,"Thước phim",,"Trọn đời",1,+3.3x,0,0,0,588,6,0,2,0,3,571,654,5.085,3056.47
1684246919928986,100050310827163,"Đồng hồ Nhà kho","Đồng Hồ Cổ Pháp Đời 37 – Vân Gỗ Đẹp Đầy Chiều Sâu

Một mẫu đồng hồ cổ Pháp đời 37 gây ấn tượng ngay từ phần thùng với hệ vân gỗ tự nhiên uốn lượn đẹp mắt. Những đường vân đậm nhạt nối tiếp nhau tạo chiều sâu, giúp chiếc đồng hồ có vẻ đẹp riêng khi quan sát dưới nhiều góc ánh sáng. Dáng thùng cổ điển kết hợp mặt số, quả lắc và bộ máy cơ tạo nên tổng thể hài hòa, đậm phong cách đồng hồ châu Âu cổ. Đặc biệt, vẻ đẹp của gỗ càng trở nên cuốn hút theo thời gian, rất đáng chú ý với người yêu sưu tầm đồng hồ cổ.

#donghoco #donghocophap #donghoqualac #vangodep #donghococo #donghocochauau #suutamdonghoco #giatrisuutam",0,"09/18/2026 21:06",https://www.facebook.com/donghonhakho.vn/posts/pfbid07dwf3wH6kesAjSRzVubZrozVcHCySDKCuM4F9NGvPokURsdv4GDCwTi7NwR1ECWwl,Ảnh,,"Trọn đời",0,--,0.01,0.01,0,266,1,0,1,0,0,248,340,,
1684247349928943,100050310827163,"Đồng hồ Nhà kho","Đồng hồ MK 8 côn – thùng chùm nho sang trọng, chất âm ngọt và ngân vang- Mã số #1196
💵:10tr
✨ Một mẫu đồng hồ cổ Pháp có kiểu thùng rất bắt mắt, dáng vuông cân đối, kích thước 56 x 47 cm. Toàn bộ mặt thùng nổi bật với những mảng vân gỗ ghép đối xứng, lên màu vàng nâu ấm, kết hợp các đường chỉ tối màu tạo chiều sâu và vẻ sang trọng khi treo.

✨ Hai bên thùng là họa tiết chùm nho đục nổi khá công phu, lá và quả tạo khối rõ ràng. Phần cửa kính phía dưới được tạo hình mềm mại, kính mài trang trí giúp tổng thể chiếc đồng hồ vừa cổ điển vừa có điểm nhấn.

✨ Bộ máy cơ MK của Pháp, kết cấu chắc chắn, máy còn sạch đẹp. Bộ 8 côn đồng kết hợp 8 búa tạo nên chất âm đồng hồ cổ rất đặc trưng: tiếng chuông ấm, ngọt, độ ngân dài và lan tỏa tốt. Bản nhạc Westminster điểm theo từng 15 phút, nghe càng lâu càng thấy cái thú của đồng hồ cơ cổ.

⭐️ Một mẫu đồng hồ nguyên bản đẹp cả thùng, máy lẫn bộ côn, phù hợp cho người thích sưu tầm đồng hồ cổ hoặc muốn tìm một chiếc đồng hồ châu Âu cổ có giá trị trưng bày lâu dài.

📐 Kích thước: 56 x 47 cm
📍 Đồng hồ Nhà Kho – Văn Phú, Hà Đông, Hà Nội
☎️ 0963 • 456 • 963

#donghoco #donghocoPhap #donghoMK #dongho8con #donghoqulac #donghocochauau #donghococ #donghomechanical #donghonguyenban #donghosuutam #suutamdonghoco #donghoWestminster #amthanhdonghoco #chatamdonghoco #docochauau",0,"09/18/2026 21:07",https://www.facebook.com/donghonhakho.vn/posts/pfbid0hVkzeJvShDWYVfEhH9L6vTKm7omj2Zekbnc5PKrvB1ddY4JWpW8xvRb4TyQCLUdQl,Ảnh,,"Trọn đời",1,--,0.02,0.02,0,246,3,0,2,0,0,232,332,,
1684249903262021,100050310827163,"Đồng hồ Nhà kho","Chùm Nho Và Lúa Mạch – Những Họa Tiết Quen Thuộc Trên Đồng Hồ Cổ Châu Âu

Trên nhiều mẫu đồng hồ cổ Pháp, hình ảnh chùm nho và bông lúa mạch thường xuất hiện như những họa tiết trang trí gần gũi. Nho gắn với rượu vang, còn lúa mạch gợi nhắc đến ngũ cốc, mùa màng và đời sống nông nghiệp – những yếu tố quen thuộc trong văn hóa ẩm thực châu Âu. Khi được đưa lên thùng đồng hồ, các họa tiết này không chỉ làm bề mặt gỗ thêm sinh động mà còn tạo cảm giác sung túc, mùa màng và nét đẹp đồng quê. Một chi tiết nhỏ nhưng góp phần tạo nên sức hút của đồng hồ châu Âu cổ.

#donghoco #donghocophap #hoatietchumnho #luamach #donghoqualac #docochauau #suutamdonghoco #giatrisuutam",0,"09/18/2026 21:08",https://www.facebook.com/donghonhakho.vn/posts/pfbid0NwiESBswdaX41WR2A98rVhuj1gUHfNV5F5cVczEf1yDWJYFBJSvLzcHz29peq5a2l,Ảnh,,"Trọn đời",0,--,0.02,0.02,0,251,1,0,1,0,0,236,356,,
1684256333261378,100050310827163,"Đồng hồ Nhà kho","Cặp Bình Đồng Điêu Khắc Châu Âu – Vẻ Đẹp Nguyên Bản Đầy Cuốn Hút
💵:28tr
✨ Cặp bình đồng cổ châu Âu sở hữu dáng lớn, cân đối, cao khoảng 58 cm. Trưng bày thành cặp tạo cảm giác bề thế và sang trọng.

✨ Điểm nổi bật là hình thiên thần có cánh phía trên, kết hợp quai bình uốn cong và hệ hoa văn cổ điển rất duyên dáng.

✨ Thân bình được điêu khắc nổi nhiều nhân vật, hoa lá và chùm quả. Các chi tiết bố trí hài hòa, tạo chiều sâu và thể hiện rõ nét thủ công xưa.

✨ Bề mặt đồng giữ sắc trầm cổ tự nhiên, những phần nổi ánh màu đồng ấm đẹp mắt. Càng ngắm gần càng thấy rõ vẻ đẹp nguyên bản của đồ cổ châu Âu.

🏛️ Phù hợp trưng phòng khách, sảnh lớn, tủ đồ cổ hoặc không gian sưu tầm. Một cặp đẹp cả về hình thức lẫn giá trị sưu tầm.

📐 Kích thước: Cao 58 cm × rộng 25 cm
📍 Đồng hồ Nhà Kho – Văn Phú, Hà Đông, Hà Nội
☎️ 0963 456 963

#binhdongco #capbinhdong #docochauau #dieukhacdong #dodongco #decorcodien #dosuutam #giatrisuutam #binhcochauau #dongco #nghethuatdieukhac #decorchauau #docodong #suutamdocochauau #trangtricodien",0,"09/18/2026 21:19",https://www.facebook.com/donghonhakho.vn/posts/pfbid02ANJ9DM73cs8zC8dhQdwzLcowqvoSfVke7vLhP9AwRNZn4SPJxCkzuQ2WMp3HAMJTl,Ảnh,,"Trọn đời",0,--,0.02,0.02,0,248,1,0,1,0,0,233,355,,
1684259213261090,100050310827163,"Đồng hồ Nhà kho","Cao 58cm - Cặp bình cúp cổ điêu khắc đồng vàng",0,"09/18/2026 21:22",https://www.facebook.com/donghonhakho.vn/posts/pfbid02fASrSkGRAzRxvHha85NRYzdhWmLCHe6RmdAh5GK4cW2reur3PvGEHTDRYrxugbrDl,Ảnh,,"Trọn đời",0,--,0.03,0.03,0,375,1,0,1,0,0,363,522,,
1684266409927037,100050310827163,"Đồng hồ Nhà kho","Đồng Hồ Cổ Pháp Đời 37 – 8 Côn 8 Búa, Vân Gỗ Đầy Cuốn Hút

Một mẫu đồng hồ cổ Pháp đời 37 còn giữ được nhiều nét nguyên bản đáng chú ý. Bộ máy cơ sử dụng cấu hình 8 côn 8 búa, khi vận hành tạo tiếng chuông ngân vang, nhịp điệu rõ ràng và dễ nghe. Điểm cuốn hút khác nằm ở phần thùng với những đường vân gỗ tự nhiên uốn lượn, càng quan sát càng thấy chiều sâu và vẻ cổ kính. Sự kết hợp giữa bộ máy cơ cổ, âm thanh đồng hồ cổ và vẻ đẹp của thùng gỗ tạo nên một mẫu đồng hồ có giá trị sưu tầm thú vị.

#donghoco #donghocophap #dongho8con #dongho8bua #donghoqualac #amthanhdonghoco #donghonguyenban #suutamdonghoco",36,"09/18/2026 21:35",https://www.facebook.com/reel/2588933888243501/,"Thước phim",,"Trọn đời",0,+2.2x,0,0,0,1437,12,0,10,1,3,1410,1567,7.509,10671.482
1684283766591968,100050310827163,"Đồng hồ Nhà kho","Đồng Hồ 36 – Ba Mẫu Kim Đẹp: Kim Tháp, Kim Bút Và Kim Số 8

Trên dòng đồng hồ cổ Pháp 36, ba mẫu kim được nhiều người chơi yêu thích là kim tháp, kim bút và kim số 8. Kim tháp nổi bật với đường nét khỏe khoắn, tạo điểm nhấn rõ trên mặt số; kim bút thanh mảnh, cân đối và mang vẻ cổ điển; kim số 8 lại mềm mại với những đường cong rất dễ nhận biết. Mỗi kiểu kim đem đến một thần thái riêng cho chiếc đồng hồ. Những bộ kim còn giữ đúng kiểu dáng, hài hòa với mặt số luôn là chi tiết đáng chú ý khi tìm hiểu và sưu tầm đồng hồ cổ.

#donghoco #dongho36 #kimthap #kimbut #kimso8 #donghocophap #donghonguyenban #suutamdonghoco",50,"09/18/2026 22:05",https://www.facebook.com/reel/1446828740714169/,"Thước phim",,"Trọn đời",2,+5.4x,0,0,0,1822,14,3,9,2,3,1749,2055,10.489,18976.337
1684321483254863,100050310827163,"Đồng hồ Nhà kho","Âm Thanh Báo 30 Phút Trên Đồng Hồ 36/10 – Nghe Là Thấy Chất Cổ

Ở mốc 30 phút, đồng hồ cổ Pháp 36/10 tiếp tục thể hiện nét hấp dẫn của bộ máy cơ nhiều côn. Dàn búa lần lượt tác động lên các thanh côn, tạo thành chuỗi âm thanh có nhịp điệu rõ ràng, độ ngân dài và nhiều tầng âm. So với mốc 15 phút, phần giai điệu ở 30 phút được nối dài hơn, giúp người nghe cảm nhận rõ hơn chất âm đồng hồ cổ. Chính cách báo theo từng phần tư giờ đã tạo nên sức hấp dẫn riêng của những cỗ đồng hồ cơ cổ nhiều côn.

#donghoco #dongho36_10 #donghocophap #dongho10con #amthanhdonghoco #donghococo #donghoqualac #suutamdonghoco",13,"09/18/2026 23:14",https://www.facebook.com/reel/1113551854681113/,"Thước phim",,"Trọn đời",12,+22.8x,0,0,0,12176,181,30,162,5,6,11894,18109,10.181,121941.337
1684325913254420,100050310827163,"Đồng hồ Nhà kho","Âm Thanh 45 Phút Trên Đồng Hồ 36/10 – Bản Gai-Carillon Đầy Cuốn Hút

Đến mốc 45 phút, chiếc đồng hồ cổ Pháp 36/10 thể hiện phần giai điệu Gai-Carillon dài và đầy đặn hơn so với các mốc trước đó. Dàn 10 côn 10 búa phối hợp tạo nên từng lớp âm thanh nối tiếp, tiếng ngân vang và có chiều sâu đặc trưng. Đây cũng là thời điểm người nghe có thể cảm nhận khá rõ sự phong phú của bộ máy nhạc cơ trước khi bước sang phần báo giờ tròn. Với người yêu âm thanh đồng hồ cổ, từng mốc 15, 30 và 45 phút đều mang một trải nghiệm rất riêng.

#donghoco #dongho36_10 #dongho10con #donghocophap #amthanhdonghoco #donghococo #donghoqualac #suutamdonghoco",14,"09/18/2026 23:23",https://www.facebook.com/reel/2009866006363563/,"Thước phim",,"Trọn đời",0,+2x,0,0,0,648,12,1,7,2,3,625,857,5.91,4025.014
1684363319917346,100050310827163,"Đồng hồ Nhà kho","Đồng hồ vai bò Đức 5 côn – Dáng cổ điển dễ trưng bày- Mã số #686
💵: 3tr9
✨ Mẫu đồng hồ vai bò Đức có kiểu dáng ngang cân đối, phần đỉnh giữa bo cong mềm mại, hai bên trải dài tạo cảm giác bề thế nhưng vẫn gọn gàng. Thùng gỗ lên màu nâu ấm, vân đẹp, điểm thêm các đường nẹp kim loại chạy ngang khá tinh tế.

⚙️ Bên trong là bộ máy cơ cổ Đức, kết cấu chắc chắn, lên cót bằng 3 ổ khóa. Bộ máy còn giữ được vẻ cổ điển đặc trưng, đi cùng hệ thống 5 côn – 5 búa, bố trí gọn gàng phía sau máy.

🔔 Khi hoạt động, bộ côn tạo chất âm đồng hồ cổ vang vừa phải, tiếng trong trẻo dễ nghe. Kiểu âm này rất hợp để trưng trong phòng khách, phòng làm việc hoặc không gian sưu tầm đồng hồ cổ mà không tạo cảm giác quá nặng tiếng.

📏 Kích thước: 57 × 21 cm
📍 Văn Phu, Hà Đông, Hà Nội
☎️ 0963.456.963 

⭐️ Một mẫu đồng hồ châu Âu cổ có dáng đẹp, kích thước vừa phải, dễ trưng bày và có giá trị sưu tầm tốt.

#donghovaibo #donghocoduc #donghoco #donghococodien #donghosuutam",0,"09/19/2026 00:26",https://www.facebook.com/donghonhakho.vn/posts/pfbid0rmqXirW2mmU45ynpJds2TVJ2KpimiYXGC3NSbWkRvkBcd3krQhQ9yW85R81SREF5l,Ảnh,,"Trọn đời",1,--,0.05,0.05,0,643,7,0,6,0,0,613,910,,
1684379479915730,100050310827163,"Đồng hồ Nhà kho","Đôi Cúp Đồng Thau Điêu Khắc – Dáng Lớn, Cầm Nặng Tay

Đôi cúp gây ấn tượng bởi kích thước lớn với chiều cao khoảng 58 cm, tổng khối lượng khoảng 9 kg nên khi cầm cho cảm giác rất chắc và nặng tay. Chất liệu đồng thau kết hợp nghệ thuật điêu khắc tạo nên những đường nét nổi rõ, cân đối và hài hòa trên toàn bộ thân cúp. Bề mặt vẫn giữ vẻ đẹp nguyên bản, mang sắc thái cổ kính và chiều sâu tự nhiên của chất liệu đồng theo thời gian. Khi đặt thành đôi, tổng thể bề thế nhưng không thô, phù hợp trưng bày trong những không gian yêu thích đồ cổ châu Âu và đồ sưu tầm.

#cupdong #dongthau #dieukhacdong #docochauau #dodongco #decorcodien #dosuutam #giatrisuutam",32,"09/19/2026 00:50",https://www.facebook.com/reel/2149535713114075/,"Thước phim",,"Trọn đời",2,+4.8x,0,0,0,1467,15,0,12,0,3,1408,1592,4.722,6998.668
1684494039904274,100050310827163,"Đồng hồ Nhà kho","Đồng Hồ Môi Trường Thụy Sĩ – Cơ Chế Hoạt Động Đầy Thú Vị

Nếu đã quen với những chiếc đồng hồ 400 ngày vẫn cần lên cót định kỳ, thì đồng hồ môi trường lại mang đến một trải nghiệm hoàn toàn khác. Cỗ máy cơ khí Thụy Sĩ này khai thác sự thay đổi nhiệt độ của môi trường để tích trữ năng lượng, duy trì hoạt động với mức tiêu hao rất nhỏ. Bên trong, từng chuyển động diễn ra chậm rãi và tinh tế, đặc biệt là bộ bánh lắc xoay nhẹ nhàng đầy cuốn hút. Đây không chỉ là một chiếc đồng hồ cơ cổ mà còn thể hiện tư duy cơ khí rất đặc biệt, có giá trị sưu tầm cao.

#donghomoitruong #donghothuysi #donghoco #donghococo #donghochâuauco #cokhichinhxac #suutamdonghoco #giatrisuutam",37,"09/19/2026 04:00",https://www.facebook.com/reel/3716851268463213/,"Thước phim",,"Trọn đời",0,+2.1x,0,0,0,1792,26,1,21,3,3,1775,2027,4.973,9116.828
1684955779858100,100050310827163,"Đồng hồ Nhà kho","Ô đô 24 - bản 1954
10 búa 6 côn 2 bài",0,"09/19/2026 16:03",https://www.facebook.com/donghonhakho.vn/posts/pfbid028SuJBrv2XBkkkV3HC5SfvWPRQ7ffZTXtzN8SpmZRq82DowdG9dA4g1gfcgMHJ3A7l,Ảnh,,"Trọn đời",0,--,0.03,0.03,0,1667,11,0,11,0,0,1626,2256,,
1685136673173344,100050310827163,"Đồng hồ Nhà kho","Junhan 5 côn đồng bạch ZIN - ĐẸP - LẠ - HAY",0,"09/19/2026 21:41",https://www.facebook.com/donghonhakho.vn/posts/pfbid02YCb4GWtwuGx5dYDWuStSpJqGVQELe4Ex47wF86NTJP9oPV1EAc6sjLrvJ3JDPQg6l,Ảnh,,"Trọn đời",2,--,0.02,0.02,0,1543,9,1,6,0,1,1501,2151,,
1685359323151079,100050310827163,"Đồng hồ Nhà kho","Hộp Nhạc Cổ Thụy Sĩ – 8 Bản Nhạc Vang Lên Từ Quá Khứ

Một chiếc hộp nhạc cổ Thụy Sĩ đầy cuốn hút với cơ chế chơi luân phiên 8 bản nhạc. Âm lượng lớn, tiếng nhạc trong trẻo, vang và có độ ngân đặc trưng của cơ cấu phát nhạc cơ học. Điều thú vị nhất là cảm giác được ngồi nghe những giai điệu từng vang lên từ hàng trăm năm trước, trong khi bộ máy đến nay vẫn giữ được khả năng trình diễn đầy ấn tượng. Không chỉ là món đồ cổ châu Âu đẹp mắt, đây còn là một dấu ấn của kỹ thuật chế tác cơ khí và văn hóa thưởng thức âm nhạc xưa.

#hopnhacco #hopnhacthuysi #docochauau #amnhacco #cokhico #dosuutam #docothuysi #giatrisuutam",23,"09/20/2026 03:47",https://www.facebook.com/reel/1066062562994101/,"Thước phim",,"Trọn đời",4,+6.6x,0,0,0,3749,27,1,22,1,0,3672,4444,9.258,34089.216
1685629893124022,100050310827163,"Đồng hồ Nhà kho","Đồng Hồ Cổ Pháp 36/10 – Sức Hút Bền Bỉ Với Người Yêu Đồ Xưa

Những chiếc đồng hồ cổ Pháp 36/10 với cấu hình 10 côn 10 búa từ lâu đã có sức hút đặc biệt với người sưu tầm tại Việt Nam. Những chiếc còn đẹp, giữ được nhiều chi tiết nguyên bản càng được trân trọng bởi giá trị sưu tầm và nét cơ khí đặc trưng. Điểm hấp dẫn nằm ở bản nhạc Gai-Carillon kết hợp tiếng chuông điểm giờ bính boong, tạo nên chất âm vừa phong phú vừa quen thuộc. Qua nhiều năm, kiểu dáng cổ điển cùng âm thanh đồng hồ cổ đặc trưng vẫn giữ được nét cuốn hút rất riêng.

#donghoco #dongho36_10 #donghocophap #dongho10con #donghonguyenban #amthanhdonghoco #suutamdonghoco #giatrisuutam",51,"09/20/2026 10:14",https://www.facebook.com/reel/2163573670893132/,"Thước phim",,"Trọn đời",2,+5.4x,0,0,0,2149,27,1,22,3,3,2104,2398,9.002,19453.626
1686009216419423,100050310827163,"Đồng hồ Nhà kho","Đồng Hồ Cổ Pháp Thùng Bè Chùm Nho – Mềm Mại Và Đầy Cuốn Hút

Những chiếc đồng hồ cổ Pháp thiết kế thùng bè chạm họa tiết chùm nho luôn tạo ấn tượng bởi đường nét mềm mại và cân đối. Vỏ đẹp đến mức nhiều người lần đầu nhìn còn tưởng đã được làm lại, nhưng đây vẫn là chiếc đồng hồ giữ được vẻ đẹp nguyên bản rất đáng quý. Bên trong là bộ máy cơ cấu hình 8 côn 8 búa, kết hợp bản nhạc tạo chất âm nhẹ nhàng, dễ nghe và có độ ngân đặc trưng. Một thiết kế vừa đẹp về hình thức, vừa thú vị về âm thanh, rất đáng chú ý trong sưu tầm đồng hồ cổ.

#donghoco #donghocophap #thungbechumnho #dongho8con #donghonguyenban #amthanhdonghoco #suutamdonghoco #giatrisuutam",82,"09/20/2026 22:04",https://www.facebook.com/reel/1068883269365776/,"Thước phim",,"Trọn đời",0,+4x,0,0,0,809,9,0,6,0,3,788,874,6.623,5437.94
1686010029752675,100050310827163,"Đồng hồ Nhà kho","Đồng Hồ Cổ Pháp Thùng Bè Chùm Nho – Vỏ Nguyên Bản Đẹp Như Mới

Điểm khiến chiếc đồng hồ cổ Pháp này gây ấn tượng chính là phần vỏ nguyên bản còn đẹp gần như hoàn mỹ. Nước gỗ tươi, đường nét sắc sảo cùng họa tiết chùm nho mềm mại khiến nhiều người nhìn lần đầu dễ lầm tưởng đây là chiếc vỏ mới. Thực tế, vẻ đẹp ấy vẫn được gìn giữ qua thời gian, tạo nên giá trị rất riêng của một chiếc đồng hồ nguyên bản. Kết hợp cùng bộ máy cơ 8 côn 8 búa và chất âm nhẹ nhàng, dễ nghe, đây là mẫu đồng hồ cổ vừa đẹp ngoại hình vừa đáng chú ý về giá trị sưu tầm.

#donghoco #donghocophap #thungbechumnho #dongho8con #donghonguyenban #vangodep #suutamdonghoco #giatrisuutam",0,"09/20/2026 22:05",https://www.facebook.com/donghonhakho.vn/posts/pfbid02Luev9t7QdYb9H9CdG7azS5gvq8RGRuEL8DALjvYWQXevpxjAq5du1NrjBNFbhA5Dl,Ảnh,,"Trọn đời",0,--,0.02,0.02,0,433,3,0,2,0,1,436,567,,
1686049096415435,100050310827163,"Đồng hồ Nhà kho","Tiếng Chuông Ave Maria Tại Nhà Thờ Chính Tòa Bùi Chu

Sau quá trình tái thiết, Nhà thờ Chính tòa Bùi Chu tiếp tục gây ấn tượng không chỉ bởi kiến trúc mà còn bởi âm thanh của những quả chuông trên tháp. Trong đoạn ghi hình này, dàn chuông vang lên giai điệu Ave Maria, từng tiếng chuông nối tiếp tạo thành một bản nhạc ngân xa và trang nghiêm. Nhà thờ Chính tòa Bùi Chu có lịch sử từ thế kỷ XIX; công trình cũ được hạ giải năm 2020 để xây dựng lại. Âm thanh chuông giữa không gian thánh đường tạo nên một trải nghiệm đặc biệt, nơi cơ khí, âm nhạc và kiến trúc cùng hòa quyện. (HỘI ĐỒNG GIÁM MỤC VIỆT NAM)

#nhathobuichu #chuongnhatho #AveMaria #nhathochinhtoa #amthanhchuong #kientrucconggiao #Buichu",24,"09/20/2026 23:16",https://www.facebook.com/reel/1989998384994849/,"Thước phim",,"Trọn đời",2,+9.8x,0,0,0,2480,34,0,21,2,12,2458,3213,8.63,22257.562
1686107513076260,100050310827163,"Đồng hồ Nhà kho","Đồng hồ vai bò Đức 5 côn– Dáng cổ điển, âm dễ nghe- Mã số #1210
💵:3tr8
✨ Dáng nằm ngang thanh thoát, phần đỉnh giữa bo tròn mềm mại, hai bên kéo dài cân đối. Thùng gỗ lên vân đẹp, màu nâu ấm, tổng thể rất hợp với không gian nội thất cổ điển hoặc góc trưng bày đồ cổ châu Âu.

⚙️ Bộ máy cơ cổ Đức, kết cấu chắc chắn. Bộ máy còn khá sạch, các chi tiết cơ khí mang đúng nét chế tác của đồng hồ châu Âu cổ.

🔔 Điểm đáng chú ý là bộ 5 côn, khi búa gõ tạo tiếng ngân vang, âm có độ dày và độ lan khá dễ chịu. Với dòng đồng hồ cơ cổ để bàn, chất âm này vừa đủ nổi bật nhưng không quá gắt, nghe lâu vẫn có nét trầm ấm đặc trưng.

📏 Kích thước: 57x21 cm

⭐️ Đây là mẫu phù hợp cho người thích sưu tầm đồng hồ cổ Đức theo phong cách giản dị nhưng sang.

📍 Đồng hồ Nhà Kho – Văn Phú, Hà Đông, Hà Nội
☎️ 𝟶𝟿𝟼𝟥 • 𝟜𝟝𝟞 • 𝟿𝟞𝟥

#donghoco #donghocoduc #donghovaibo #donghoco5con #dosuutam",0,"09/21/2026 01:09",https://www.facebook.com/donghonhakho.vn/posts/pfbid0vLF9Dtx5PgRT4tycEF2QVC84zNKzoixGWrSya8TugLFhTaWfZTL9G3JJoYPb4P2Yl,Ảnh,,"Trọn đời",1,--,0.03,0.03,0,600,2,0,1,0,0,579,843,,
1686135716406773,100050310827163,"Đồng hồ Nhà kho","Đồng hồ Vê đét 8 côn – Mặt số nổi, thùng vân gỗ rất đẹp- Mã số #1050
💵:9tr8
✨ Mẫu đồng hồ cổ Pháp mang dáng thùng bè bề thế, kích thước 61 × 48 cm, lên tường nhìn cân đối và sang. Phần thùng gỗ nổi bật với những mảng vân gỗ tự nhiên chạy rất đẹp, nước gỗ vàng nâu ấm áp.

✨ Có tay cầm kim loại vừa tiện dụng vừa tạo nét đặc trưng cho đồng hồ châu Âu cổ.

✨ Bộ máy cơ lên cót, kết cấu máy còn khá đẹp. Dàn 8 côn – 8 búa cho tiếng nhạc ngân vang, âm có độ dày và độ ngân đặc trưng; khi đặt trong thùng gỗ lớn, chất âm đồng hồ cổ nghe càng ấm và đầy đặn.

📐 Kích thước: 61 × 48 cm

📍 Địa chỉ: Hà Đông – Hà Nội
☎️ 0963.456.963 

#donghoco #donghocophap #donghoqualac #donghocoChauAu #suutamdonghoco",0,"09/21/2026 01:52",https://www.facebook.com/donghonhakho.vn/posts/pfbid0gxJixhvFV3WYnYkS2PhJk6LNQNdZU1HhjyU39jLr8TJs4QvZrPSzToTSttbW7gZvl,Ảnh,,"Trọn đời",1,--,0.03,0.03,0,502,3,0,2,0,0,488,692,,
1686159143071097,100050310827163,"Đồng hồ Nhà kho","Đồng hồ vai bò Đức 3 côn điểm bính boong- Dáng nhỏ gọn dễ trưng bày- Mã số #762
💵:2tr4
✨ Mẫu đồng hồ để bàn mang dáng vai bò cổ điển của Đức, thân gỗ lên vân đẹp, dáng thấp gọn gàng nên rất dễ bố trí trên tủ, kệ hoặc bàn làm việc.

✨ Phần mặt khá duyên với bộ số nổi màu vàng, viền tròn đồng điệu cùng bộ kim.

⚙️ Bộ máy cơ lên cót, hoạt động ổn định, tổng thể còn khá đẹp.

🔔 Điểm thú vị nhất là tiếng bính boong mộc mạc, âm vừa phải, không quá dày tiếng. Với một chiếc đồng hồ cổ Đức kích thước nhỏ như thế này, tiếng điểm tạo cảm giác rất gần gũi và hợp không gian phòng khách, phòng làm việc hay góc sưu tầm.

📐 Kích thước: 36 × 19 cm
📍 Địa chỉ: Hà Đông – Hà Nội
☎️ 0963.456.963 

#donghovaibo #donghocoduc #donghococo #donghodeban #dosuutam",0,"09/21/2026 02:28",https://www.facebook.com/donghonhakho.vn/posts/pfbid0224SmB9cVuxDPSbQiN3Q7eWbm4ssqw49rKMB7Yxi11R8Ya4VHexL4RAPYUBQeojtl,Ảnh,,"Trọn đời",1,--,0.02,0.02,0,389,1,0,0,0,0,378,557,,
1686688896351455,100050310827163,"Đồng hồ Nhà kho","Đồng Hồ Cổ Pháp Đời 24 Năm 1962 – Mặt Cười, Kim Lá Lúa Đầy Duyên Dáng

Một mẫu đồng hồ cổ Pháp đời 24, mốc 1962 gây ấn tượng với mặt cười duyên dáng kết hợp bộ kim lá lúa thanh thoát. Điểm đáng chú ý nằm ở cấu hình 10 côn 10 búa, cho chất âm dày, vang và nhiều tầng tiếng. Bộ máy chơi 2 bản nhạc Westminster và Gai-Carillon, tạo nên những giai điệu đặc trưng của đồng hồ cơ cổ nhiều côn. Từ kiểu mặt, bộ kim đến âm thanh đều tạo nên nét hài hòa, rất thú vị với người yêu đồng hồ nguyên bản và sưu tầm đồng hồ cổ.

#donghoco #donghocophap #dongho1962 #dongho10con #matcuoi #kimlalua #amthanhdonghoco #suutamdonghoco",55,"09/21/2026 16:30",https://www.facebook.com/reel/1642900837410094/,"Thước phim",,"Trọn đời",0,+2.2x,0,0,0,1586,12,1,9,0,3,1567,1874,6.413,10576.329
1686804729673205,100050310827163,"Đồng hồ Nhà kho","Những chiếc đồng hồ vai bò Đức luôn có sức hút bởi vẻ đẹp cổ điển nhưng rất hài hòa. Chiếc này sở hữu ngoại hình nổi bật, mặt số La Mã tạo nét sang trọng và đậm chất châu Âu.

Điểm thú vị hơn cả là tiếng chuông nhẹ nhàng, trong trẻo và lôi cuốn, nghe lâu không tạo cảm giác ồn ào. Một mẫu vai bò đẹp cả hình thức lẫn âm thanh, rất phù hợp để bài trí và sưu tầm.",0,"09/21/2026 20:01",https://www.facebook.com/donghonhakho.vn/posts/pfbid02pQ1hidVBtwhbqyy4DXzdrT9cwaFUnuu8QfsmXjHYnix3xgyz8zJ5VoEMDDNQtZ4Pl,Ảnh,,"Trọn đời",0,--,0,0,0,473,3,0,2,0,1,466,637,,
1686810896339255,100050310827163,"Đồng hồ Nhà kho","Đồng hồ vai bò Đức mặt số La Mã – vẻ đẹp cổ điển, âm thanh nhẹ nhàng

🕰️ Những chiếc đồng hồ vai bò Đức cổ luôn được người chơi yêu thích nhờ thiết kế cân đối, kỹ thuật cơ khí bền bỉ và vẻ đẹp đậm chất châu Âu.

✨ Chiếc đồng hồ nổi bật với mặt số La Mã cổ điển, bộ thùng có hình thức đẹp, đường nét hài hòa và rất dễ bài trí trong nhiều không gian nội thất.

🔔 Tiếng chuông nhẹ nhàng, trong trẻo, có độ ngân vừa phải và nghe rất cuốn hút. Đây là mẫu đồng hồ cơ Đức cổ vừa đẹp để trang trí, vừa thú vị để thưởng thức âm thanh và sưu tầm lâu dài.

#donghovaibo #donghovaiboduc #donghocolduc #donghoco #donghocomatlama #donghocochauau #donghocoqulac #suutamdonghoco",31,"09/21/2026 20:11",https://www.facebook.com/reel/3721029684706787/,"Thước phim",,"Trọn đời",1,+3.3x,0,0,0,1569,13,0,9,0,3,1554,1674,4.237,6628.003
1686820959671582,100050310827163,"Đồng hồ Nhà kho","Đồng hồ vai bò Đức cổ – mặt số La Mã, dáng đẹp, âm thanh cuốn hút

🕰️ Đồng hồ vai bò Đức mang vẻ đẹp rất đặc trưng của đồng hồ cơ châu Âu: kiểu dáng cổ điển, bố cục cân đối và ngoại hình hài hòa, càng ngắm càng thấy có nét.

✨ Mặt số La Mã tạo điểm nhấn trang nhã, giúp chiếc đồng hồ dễ kết hợp với cả không gian nội thất cổ điển lẫn hiện đại.

🔔 Tiếng chuông nhẹ nhàng, ngân vừa đủ, nghe êm và có chiều sâu. Một mẫu đồng hồ cổ Đức đẹp từ hình thức đến âm thanh, phù hợp để bài trí và mang giá trị sưu tầm lâu dài.

#donghovaiboduc #donghovaibo #donghocolduc #donghoco #donghocomatlama #donghocoqulac #donghocochauau #suutamdonghoco",118,"09/21/2026 20:28",https://www.facebook.com/reel/1650326766722736/,"Thước phim",,"Trọn đời",0,+1.2x,0,0,0,472,5,0,2,0,3,478,522,3.282,1638.082
1686824029671275,100050310827163,"Đồng hồ Nhà kho","#01 ÔĐô nâng dựng có hay không?

Đầu tiên chúng ta phải hiểu rằng trên thị trường hiện nay có ÔĐô nguyên bản và ÔĐô nâng dựng. Và xin chia sẻ thật với các bác rằng hàng nâng dựng có rất nhiều, thậm chí trong thực tế chúng ta có thể bắt gặp còn nhiều hơn hàng nguyên bản.

Vậy mua bán một chiếc ÔĐô nâng dựng có phải điều gì xấu không?

Theo tôi là không.

Bởi những chiếc ÔĐô nguyên bản đẹp ngày càng ít, trong khi người yêu thích dòng đồng hồ cổ này lại rất nhiều. Khi nguồn hàng ít mà nhu cầu lớn thì đương nhiên giá trị của những chiếc đẹp, chuẩn và nguyên bản sẽ ngày càng cao.

Nhưng không phải ai cũng muốn bỏ ra một khoản tiền lớn cho một chiếc đồng hồ treo tường. Với nhiều người, đây đơn giản là một thú chơi, một món đồ để nghe chuông, nghe nhạc và thưởng thức mỗi ngày.

Chính vì vậy mới có những chiếc ÔĐô nâng dựng với mức tài chính nhẹ nhàng hơn, giúp người chơi vẫn có thể trải nghiệm phần nào kiểu dáng, bộ máy và đặc biệt là chất âm của dòng đồng hồ này.

Theo tôi, vấn đề không nằm ở nguyên bản hay nâng dựng. Vấn đề nằm ở sự minh bạch.

Nếu người bán nói rõ chiếc nào nguyên bản, chiếc nào đã nâng dựng, những phần nào đã được thay đổi; người mua hiểu rõ tình trạng và bỏ ra số tiền phù hợp với giá trị thực của món đồ thì hoàn toàn bình thường.

Mỗi người có một cách chơi, một cách trải nghiệm và một điều kiện kinh tế khác nhau. Chơi thế nào cũng được, miễn là mình hiểu đúng món đồ mình đang sở hữu và mua nó đúng với giá trị của nó.

Vậy vấn đề thực sự nằm ở đâu?

Mời các bác tiếp tục cùng tìm hiểu ở bài sau",0,"09/21/2026 20:33",https://www.facebook.com/donghonhakho.vn/posts/pfbid0obGknLzupw5JCyTK1xcXZG3Vj9aKVx8DuJWspyyWgX1Usc2TrpEJYy8VPatjBDsCl,Ảnh,,"Trọn đời",3,--,0,0,0,5795,16,0,13,0,0,5667,7557,,
1686841769669501,100050310827163,"Đồng hồ Nhà kho","Đồng hồ Atmos – cỗ máy cơ học sống nhờ sự thay đổi nhiệt độ

Đồng hồ Atmos của Thụy Sĩ gây ấn tượng bởi sự tĩnh lặng: không chuông, chuyển động nổi bật nhất là quả lắc xoắn nhịp nhàng qua lại. Điểm đặc biệt nằm ở hộp hơi phía sau, phản ứng với sự thay đổi nhiệt độ môi trường. Quá trình giãn nở và co lại truyền chuyển động qua cơ cấu xích, bánh răng một chiều để tích năng lượng cho dây cót. Vì vậy, nếu tách riêng bộ phận tự động thu năng lượng này, nền tảng bên trong vẫn là một chiếc đồng hồ cơ học. Đây là nét kỹ thuật khiến Atmos có giá trị sưu tầm rất riêng.

#dong_ho_Atmos #dong_ho_co #dong_ho_Thuy_Si #dong_ho_vinh_cuu #dong_ho_co_hoc #dong_ho_suu_tam #suu_tam_dong_ho_co #dong_ho_chau_Au_co #qua_lac_xoan #co_che_Atmos #do_co_chau_Au #gia_tri_suu_tam",58,"09/21/2026 21:04",https://www.facebook.com/reel/2022427571760491/,"Thước phim",,"Trọn đời",4,+10.9x,0,0,0,1536,20,0,7,0,9,1507,1711,6.123,9625.829
1686851826335162,100050310827163,"Đồng hồ Nhà kho","Junghan Hoa Thị – Dấu Ấn Một Thời Của Đồng Hồ Đức

Khoảng 15 năm trước, Junghan từng là cái tên được nhiều người chơi đồng hồ cổ tại Việt Nam săn tìm. Mẫu hoa thị đến từ Đức gây ấn tượng với bộ máy 2 mũi tên, được ước định thuộc khoảng giai đoạn 1940. Điểm đáng nhớ nằm ở kết cấu cơ học logic, khả năng vận hành ổn định, độ bền tốt và dàn côn cho từng nốt rõ ràng, tạo nên chất âm rất riêng. Kiểu dáng trang nhã cũng giúp Junghans sớm trở thành một dòng đồng hồ quen thuộc trong cộng đồng sưu tầm đồng hồ châu Âu cổ.

#Junghans #Junghans_hoa_thi #dong_ho_Junghans #dong_ho_Duc #dong_ho_co_Duc #dong_ho_co #dong_ho_qua_lac #dong_ho_co_hoc #dong_ho_con #dong_ho_chau_Au_co #dong_ho_suu_tam #suu_tam_dong_ho_co",100,"09/21/2026 21:21",https://www.facebook.com/reel/2211507019413335/,"Thước phim",,"Trọn đời",12,+45.5x,0,0,0,3091,55,11,32,2,9,2888,3434,15.941,49274.801
1686857046334640,100050310827163,"Đồng hồ Nhà kho","ÔĐô 36/10 Vách Dày – Ở Những Máy Đời Đầu

Một chi tiết rất đáng quan sát trên ÔĐô 36/10 là bộ máy 10 côn 10 búa với phần vách máy dày.
Theo kinh nghiệm thực tế, kiểu vách dày thường xuất hiện ở những bộ máy thuộc giai đoạn đầu của dòng 36/10. Khi xem số seri, nhóm thường gặp có số đầu từ 2, 3, 4, 5 đến 6; ngoài ra vẫn ghi nhận một lượng ít máy mang seri đầu 7. Đây là chi tiết thú vị để các bác tham khảo khi tìm hiểu và nhận dạng máy 36/10 cổ.

#dong_ho_co #dong_ho_O_Do #O_Do_36_10 #dong_ho_36_10 #10_con_10_bua #may_vach_day #may_dong_ho_co #dong_ho_qua_lac #dong_ho_Phap #dong_ho_chau_Au_co #dong_ho_suu_tam #suu_tam_dong_ho_co",0,"09/21/2026 21:30",https://www.facebook.com/donghonhakho.vn/posts/pfbid02Y4BJMg9Caa4quJmTVrft3DhK1YhSzbjzC462hRYZBVs5V7tpnECYL9dXxuKDVxgLl,Ảnh,,"Trọn đời",0,--,0,0,0,4470,12,0,12,0,0,4379,5738,,
1686861039667574,100050310827163,"Đồng hồ Nhà kho","ÔĐô 36 Có Những Kiểu Máy Nào?

Bộ máy ÔĐô 36 thường được người chơi phân biệt qua cách gia công vách máy. Ba dạng đáng chú ý gồm máy cam, vách xoáy và máy 3 vách. Máy cam có bề mặt phẳng phủ màu vàng nhũ. Vách xoáy nổi bật với những vòng tròn đồng tâm chạy từ trong ra ngoài. Đặc biệt, máy 3 vách có mặt sau chia thành ba phần, giúp thợ có thể tháo từng cụm khi bảo dưỡng, tương ứng với hệ nhạc, hệ chạy và hệ điểm giờ. Ngoài ra còn gặp một số biến thể như máy sọc hay 3 vách hở.

#dong_ho_O_Do #O_Do_36 #may_O_Do_36 #dong_ho_co #dong_ho_Phap #may_cam #vach_xoay #may_3_vach #may_dong_ho_co #sua_dong_ho_co #dong_ho_qua_lac #suu_tam_dong_ho_co",0,"09/21/2026 21:37",https://www.facebook.com/donghonhakho.vn/posts/pfbid022BZTbauqqNo2koo47GUHqxX7jPCqS5WpJqeoeSYCm5jsSbKVUTqBXtoJXmHVs2BMl,Ảnh,,"Trọn đời",0,--,0,0,0,313,0,0,0,0,0,301,452,,
1686883259665352,100050310827163,"Đồng hồ Nhà kho","Đồng hồ cổ nguyên bản và nâng dựng: Giá trị nằm ở sự minh bạch

Trước khi đi sâu vào câu chuyện này, cần khẳng định rõ: bài viết không nhằm chê đồng hồ nâng dựng, càng không nhằm đánh giá sản phẩm của bất kỳ người bán hay người chơi nào. Đây đơn giản là một góc nhìn để những người yêu đồng hồ cổ hiểu rõ hơn về món đồ mình đang sở hữu hoặc chuẩn bị lựa chọn.

Vì sao máy 10 côn luôn được người chơi quan tâm?

Trong thú chơi đồng hồ cổ Pháp, những bộ máy 10 côn 10 búa từ lâu đã có sức hấp dẫn riêng. Không chỉ bởi kết cấu cơ khí phức tạp, điểm khiến nhiều người say mê chính là phần âm thanh.

Khi hoạt động, hệ thống búa lần lượt tác động lên dàn côn để tạo thành những giai điệu theo từng mốc thời gian. Đến giờ tròn, tiếng nhạc kết hợp phần điểm giờ tạo nên trải nghiệm rất khác so với một chiếc đồng hồ thông thường.

Chính nhu cầu tìm kiếm những bộ máy đẹp, hoạt động tốt và còn giữ được độ đồng bộ cao khiến giá trị của một số chiếc đồng hồ nguyên bản ngày càng được người sưu tầm chú ý.

Vậy đồng hồ nâng dựng có đáng chơi?

Câu trả lời phụ thuộc vào nhu cầu của mỗi người.

Không phải ai cũng sẵn sàng dành một khoản lớn cho một chiếc đồng hồ treo tường cổ nguyên bản. Có người đơn giản thích dáng thùng đẹp, thích nhìn quả lắc chuyển động và muốn mỗi 15 phút lại được nghe tiếng nhạc vang lên trong căn nhà.

Trong trường hợp đó, một chiếc đồng hồ đã được nâng dựng hoặc hoàn thiện lại, sử dụng bộ máy tốt và có công năng phù hợp vẫn có thể mang đến trải nghiệm rất thú vị.

Thực tế, nếu mục đích duy nhất chỉ là xem giờ chính xác thì một chiếc đồng hồ điện tử hiện đại có thể làm tốt hơn rất nhiều. Người chơi đồng hồ cơ cổ tìm kiếm nhiều thứ khác: tiếng máy chạy, chuyển động cơ khí, tiếng chuông, vân gỗ, kiểu dáng và cảm giác mà một món đồ đã đi qua nhiều năm tháng mang lại.

Nâng dựng không đáng ngại, nhầm nâng dựng thành nguyên bản mới đáng ngại

Đây mới là điểm quan trọng nhất.

Một chiếc đồng hồ thay thùng, thay mặt, ghép một số chi tiết hoặc được hoàn thiện lại không đồng nghĩa với việc nó không đẹp hay không đáng sử dụng.

Nếu người bán nói rõ chiếc đồng hồ đã được làm những gì, bộ phận nào còn cũ, bộ phận nào đã thay và người mua chấp nhận tình trạng đó với mức giá phù hợp thì đây là một giao dịch hoàn toàn bình thường.

Người thích nghe nhạc vẫn có đồng hồ để thưởng thức. Người muốn một món đồ trang trí đẹp vẫn có sản phẩm phù hợp với không gian của mình.

Nhưng câu chuyện sẽ hoàn toàn khác nếu một sản phẩm đã nâng dựng khá nhiều lại được giới thiệu như một chiếc đồng hồ nguyên bản.

Người mua bỏ tiền cho giá trị nguyên bản nhưng cuối cùng nhận về một sản phẩm nâng dựng thì rõ ràng hai giá trị đó không tương xứng.

Đừng chỉ nhìn thùng đẹp rồi kết luận

Đây cũng là điểm người mới sưu tầm đồng hồ cổ nên đặc biệt chú ý.

Một chiếc đồng hồ nhìn rất cũ chưa chắc đã nguyên bản. Ngược lại, một chiếc có ngoại hình rất đẹp cũng chưa thể vì thế mà kết luận rằng thùng đã được làm mới.

Muốn đánh giá cần nhìn tổng thể: bộ máy, thùng gỗ, mặt số, kim, quả lắc, dàn côn, dấu vết lắp đặt và sự đồng bộ giữa các chi tiết.

Đặc biệt với đồng hồ đã tồn tại nhiều thập kỷ, việc bảo dưỡng và sửa chữa là điều khó tránh khỏi. Vì vậy, khái niệm “nguyên bản” cũng cần được sử dụng cẩn thận, thay vì chỉ dựa vào một vài đặc điểm bên ngoài.

Mỗi cách chơi đều có giá trị riêng

Có người dành nhiều năm chỉ để tìm một chiếc đồng hồ cổ nguyên bản thật đẹp.

Có người lại quan tâm nhất đến âm thanh đồng hồ cổ, chỉ cần bộ máy khỏe, tiếng côn hay và hoạt động ổn định.

Người khác lại thích một chiếc đồng hồ quả lắc đẹp để đặt trong phòng khách, tạo thêm nét cổ điển cho không gian.

Không nhất thiết cách chơi nào cũng phải giống cách chơi nào.

Một sản phẩm nâng dựng được bán đúng với tình trạng và đúng giá trị vẫn có người cần. Một chiếc nguyên bản đẹp, đồng bộ và có giá trị sưu tầm cao cũng có nhóm người chơi riêng.

Minh bạch mới là yếu tố giữ thú chơi lâu dài

Cuối cùng, điều đáng quan tâm không phải là tìm cách chứng minh đồng hồ nâng dựng tốt hơn hay đồng hồ nguyên bản tốt hơn.

Quan trọng nhất là sự minh bạch.

Người bán hiểu sản phẩm và nói đúng tình trạng. Người mua biết rõ mình đang bỏ tiền cho thứ gì. Một chiếc đã nâng dựng được gọi đúng là nâng dựng; một chiếc còn nguyên bản đến đâu thì mô tả đúng đến đó.

Khi hai bên đều hiểu rõ giá trị thực của món đồ, người chơi sẽ lựa chọn theo nhu cầu và khả năng của mình.

Bởi với đồ cổ châu Âu nói chung và đồng hồ cổ nói riêng, giá trị không chỉ nằm ở việc chiếc đồng hồ chạy được hay tiếng chuông có hay. Giá trị còn nằm ở lịch sử, mức độ nguyên bản, kỹ thuật cơ khí và câu chuyện mà cỗ máy ấy đã mang theo qua thời gian.

Chơi nguyên bản hay chơi nâng dựng đều là lựa chọn cá nhân. Nhưng mua sản phẩm nào thì nên được biết đúng sản phẩm đó – đây mới là nền tảng để thú sưu tầm đồng hồ cổ được lâu dài và công bằng.",119,"09/21/2026 22:19",https://www.facebook.com/reel/2434953306993252/,"Thước phim",,"Trọn đời",9,+129.5x,0,0,0,9042,100,13,79,4,10,8379,10096,23.801,211548.572
1686902699663408,100050310827163,"Đồng hồ Nhà kho","Vì Sao Đồng Hồ Vai Bò Thùng Lớn Thường Có Chất Âm Dễ Nghe?

Không chỉ bộ côn quyết định âm thanh, phần thùng của đồng hồ vai bò cũng đóng vai trò rất quan trọng. Những chiếc thùng có kết cấu lớn, được gia công kỹ thường tạo không gian cộng hưởng tốt, giúp tiếng chuông có độ đầy, dải trầm rõ và nghe ấm hơn. Một bộ thùng tốt còn giúp hạn chế những rung động, tạp âm không mong muốn, đồng thời làm nổi bật những dải âm dễ nghe. Vì vậy, khi thưởng thức một chiếc vai bò cổ, các bác đừng chỉ nhìn bộ máy mà hãy chú ý cả kết cấu và chất lượng của thùng.

#dong_ho_vai_bo #vai_bo_Duc #dong_ho_co #dong_ho_Duc #dong_ho_qua_lac #thung_dong_ho #chat_am_dong_ho #am_thanh_dong_ho_co #cong_huong_am_thanh #dong_ho_con #dong_ho_chau_Au_co #suu_tam_dong_ho_co",18,"09/21/2026 22:56",https://www.facebook.com/reel/1061522673527365/,"Thước phim",,"Trọn đời",0,+1.3x,0,0,0,441,5,1,2,0,3,431,529,3.063,1452.125
1686995072987504,100050310827163,"Đồng hồ Nhà kho","Đồng hồ vai bò Đức côn vòng – Âm thanh mang đậm nét hoài niệm- Mã số #281(135)
💵:2tr9
✨ Mẫu đồng hồ vai bò Đức mang kiểu dáng cổ điển rất duyên, thân gỗ trải ngang mềm mại, phần đỉnh uốn cong cân đối. Vân gỗ ấm, mặt số màu vàng cùng bộ kim kiểu cổ tạo nên vẻ đẹp trầm mặc đặc trưng của những chiếc đồng hồ châu Âu cổ.

🔹 Bên trong là bộ máy cổ Đức cơ khí lên cót, kết hợp côn vòng – một kiểu chuông có chất âm rất riêng. Tiếng chuông không quá phô trương mà trầm, mộc, ngân vừa đủ, nghe đặc biệt gợi cảm giác hoài niệm của những căn nhà châu Âu xưa.

🔔 Đồng hồ 30 phút điểm chuông một lần, vừa báo thời gian vừa tạo nên nét thú vị của một chiếc đồng hồ cơ cổ còn giữ được phong vị truyền thống.

📐 Kích thước: 67 × 30 cm – dáng ngang cân đối, phù hợp đặt trên tủ, kệ phòng khách hoặc không gian trưng bày đồ cổ châu Âu.

📍 Đồng hồ Nhà Kho – Văn Phú, Hà Đông, Hà Nội
☎️ 𝟶𝟿𝟼𝟥 • 𝟜𝟝𝟞 • 𝟿𝟼𝟥

#donghovaibo #donghoco #donghocoduc #donghocochauau #donghocovong #donghococo #donghodeban #donghocokhi #donghosuutam #suutamdonghoco #amthanhdonghoco #docochauau #donghoquaclac",0,"09/22/2026 01:46",https://www.facebook.com/donghonhakho.vn/posts/pfbid0JtN5vg4iqHxRcRMUEBKRkRzLuNTNttPkXBTtKByn98aqVV1YRVvjefTXDvQEVeYxl,Ảnh,,"Trọn đời",1,--,0,0,0,399,1,0,0,0,0,401,544,,
1687005389653139,100050310827163,"Đồng hồ Nhà kho","3 Phiên Bản Vách Của Đồng Hồ ÔĐô 36

Một điểm rất thú vị khi tìm hiểu ÔĐô 36 chính là cách gia công phần vách máy. Dòng này thường gặp 3 phiên bản vách chính: vách cam, vách xoáy và 3 vách.

Vách cam hay còn gọi là vách sơn, bề mặt được gia công phẳng rồi phủ lớp màu vàng nhũ. Vách xoáy dễ nhận biết nhờ những vòng tròn đồng tâm được gia công từ trong ra ngoài. Riêng phiên bản 3 vách có kết cấu phía sau chia thành ba phần, thuận tiện tháo riêng từng cụm hệ nhạc, hệ chạy và hệ điểm giờ khi bảo dưỡng.

Ngoài ra, ÔĐô 36 còn gặp một số phiên bản khác như vách sọc và 3 vách hở.

#dong_ho_O_Do #O_Do_36 #may_O_Do_36 #vach_may #vach_cam #vach_son #vach_xoay #may_3_vach #dong_ho_co #dong_ho_Phap #dong_ho_qua_lac #suu_tam_dong_ho_co",79,"09/22/2026 02:01",https://www.facebook.com/reel/2187962762147508/,"Thước phim",,"Trọn đời",0,+6.6x,0,0,0,1314,6,0,6,0,0,1193,1383,8.77,11209.236
1687012679652410,100050310827163,"Đồng hồ Nhà kho","Đồng Hồ Công Cộng – Những Cỗ Máy Cơ Khí Đầy Cuốn Hút

Ngày xưa, đồng hồ công cộng thường xuất hiện tại nhà ga, nhà thờ, công sở, hội sở, tòa thị chính hay bưu điện ở châu Âu. Ngày nay, những bộ máy còn lại trở thành món sưu tầm thú vị với các bác yêu đồng hồ và cơ khí cổ. Điểm hấp dẫn của dòng này là bộ máy thường có kích thước lớn, kết cấu khỏe khoắn, bánh răng cùng các chi tiết cơ khí to và rõ ràng. Khi vận hành, từng chuyển động có thể quan sát khá trực quan, vừa giúp tìm hiểu nguyên lý máy vừa tạo nên một món trưng bày cơ khí rất đặc biệt.

#dong_ho_cong_cong #dong_ho_co #dong_ho_chau_Au #dong_ho_co_khi #may_dong_ho_co #dong_ho_nha_ga #dong_ho_nha_tho #dong_ho_toa_thi_chinh #dong_ho_buu_dien #co_khi_co #dong_ho_suu_tam #suu_tam_dong_ho_co",49,"09/22/2026 02:13",https://www.facebook.com/reel/3026861087665777/,"Thước phim",,"Trọn đời",4,+8.7x,0,0,0,5604,48,2,40,2,3,5349,6169,14.561,79009.671
1687022152984796,100050310827163,"Đồng hồ Nhà kho","Đồng hồ vai bò Đức 5 côn – chân móng, họa tiết cá rồng đầy sang trọng- Mã số #1211

✨ Một mẫu đồng hồ cổ Đức có dáng vai bò trải dài rất cân đối, kích thước 82 × 26 cm. Thùng gỗ mang sắc nâu ấm, các đường lượn mềm mại kết hợp phần chân móng chắc khỏe, tạo cảm giác bề thế nhưng không quá nặng nề.

✨ Điểm nổi bật là họa tiết cá rồng chạm khắc chạy đối xứng hai bên, đường nét uyển chuyển và có chiều sâu. Mặt số tròn sử dụng cọc số La Mã, kim kiểu cổ điển, rất hài hòa với tổng thể thùng.

🎶 Bên trong là bộ máy cơ cổ 5 côn, hệ thống búa gõ côn tạo tiếng chuông đặc trưng. Củ côn cao kết hợp với khoang thùng cộng hưởng rộng giúp âm thanh có độ ngân, tiếng ấm và dễ nghe. Đây chính là nét thú vị của những chiếc đồng hồ cơ cổ Đức: vừa xem giờ, vừa thưởng thức chất âm đồng hồ cổ trong không gian sống.

📐 Kích thước: 82 × 26 cm
📍 Đồng hồ Nhà Kho – Văn Phú, Hà Đông, Hà Nội
☎️ 𝟶𝟿𝟼𝟥 • 𝟜𝟝𝟞 • 𝟿𝟼𝟥

#donghoco #donghocoduc #donghovaibo #vaiboduc #donghoco5con #donghocochoau #donghocoqua_lac #donghoco_co #donghosuutam #suutamdonghoco #amthanhdonghoco #chatamdonghoco #docochaau",0,"09/22/2026 02:29",https://www.facebook.com/donghonhakho.vn/posts/pfbid02c4FUFabPCnaVqf4pXd5MhpRb88i9psKkSwtR6p9QuBRshhG5NtJLMtsxJ5X77cYHl,Ảnh,,"Trọn đời",1,--,0,0,0,505,3,0,1,0,1,475,698,,
1687036036316741,100050310827163,"Đồng hồ Nhà kho","Đồng Hồ Quả Địa Cầu – Khi Thời Gian Gắn Liền Với Bản Đồ Thế Giới

Một chiếc đồng hồ để bàn rất thú vị dành cho các bác yêu cơ khí và khám phá thế giới. Điểm nhấn lớn nhất là quả địa cầu màu đen với bản đồ cùng hệ thống múi giờ được thể hiện bằng sắc vàng nổi bật. Phía dưới là vòng số La Mã 24 giờ, kết hợp khung kim loại và bốn trụ đỡ tạo nên dáng vẻ như một thiết bị khoa học thu nhỏ. Dòng đồng hồ này còn đặc biệt bởi bộ máy cơ Thụy Sĩ, lên cót tay và có khả năng hoạt động khoảng 8 ngày. Vừa xem giờ, vừa ngắm cơ khí, lại là một món trưng bày rất lạ mắt. (Etsy)

#dong_ho_qua_dia_cau #dong_ho_world_time #dong_ho_de_ban #dong_ho_co #dong_ho_Thuy_Si #dong_ho_8_ngay #dong_ho_24_gio #dong_ho_co_hoc #dong_ho_suu_tam #suu_tam_dong_ho_co #do_co_chau_Au #dong_ho_doc_la",79,"09/22/2026 02:47",https://www.facebook.com/reel/1104803108761215/,"Thước phim",,"Trọn đời",3,+8.3x,0,0,0,1512,12,0,5,1,3,1480,1604,6.342,9621.634
1687236926296652,100050310827163,"Đồng hồ Nhà kho","Đồng Hồ Cơ Đức – Điểm Nhấn Sang Trọng Cho Không Gian Hiện Đại

Những mẫu đồng hồ cơ Đức ngày nay không chỉ hấp dẫn bởi chuyển động cơ học mà còn gây ấn tượng với thiết kế đẹp mắt và trang nhã. Đặc biệt, các mẫu đồng hồ để bàn có kiểu dáng sang trọng rất dễ kết hợp cùng nhiều phong cách nội thất đương đại. Vẻ đẹp của máy cơ, kết cấu chắc chắn cùng hình thức tinh tế giúp chiếc đồng hồ vừa có giá trị sử dụng, vừa trở thành điểm nhấn trang trí. Đây cũng là một lựa chọn thú vị dành cho các bác đang tìm một món quà biếu, quà tặng mang nét riêng và có thể trưng bày lâu dài.

#dong_ho_co_Duc #dong_ho_de_ban #dong_ho_co #dong_ho_co_hoc #dong_ho_trang_tri #dong_ho_sang_trong #noi_that_dep #noi_that_duong_dai #dong_ho_qua_tang #qua_bieu #dong_ho_suu_tam #dong_ho_chau_Au",55,"09/22/2026 07:40",https://www.facebook.com/reel/1585396463082898/,"Thước phim",,"Trọn đời",1,+3.4x,0,0,0,1182,12,0,8,0,3,1115,1257,5.16,6022.278
1687328982954113,100050310827163,"Đồng hồ Nhà kho","Côn Đồng Bạch – Chất Âm Khiến Người Chơi Dễ Rung Động

Trong phân khúc đồng hồ cổ tầm trung, côn đồng bạch luôn là một lựa chọn rất đáng để các bác trải nghiệm. Tiếng chuông có sự thong thả, ngân nga của đồng hồ treo tường cổ, kết hợp cùng khả năng cộng hưởng tốt từ thùng vai bò. Đặc biệt, bộ côn đồng bạch tạo tiếng sáng, rõ, từng nốt tách bạch và nghe rất dễ chịu. Kết hợp với kết cấu cơ khí Đức bền bỉ, logic và ổn định, những chiếc vai bò sử dụng côn đồng bạch tạo nên một chất âm có cá tính riêng, càng nghe lâu càng thấy thú vị.

#dong_ho_vai_bo #con_dong_bach #gong_dong_bach #dong_ho_Duc #vai_bo_Duc #dong_ho_co #chat_am_dong_ho #am_thanh_dong_ho_co #dong_ho_con #dong_ho_qua_lac #dong_ho_suu_tam #suu_tam_dong_ho_co",68,"09/22/2026 09:49",https://www.facebook.com/reel/1031234686620946/,"Thước phim",,"Trọn đời",2,+7.9x,0,0,0,1774,18,0,12,0,4,1728,1855,7.254,12673.498
1687557316264613,100050310827163,"Đồng hồ Nhà kho","Vai Bò 2 Lỗ – Nhỏ Gọn Nhưng Có Cái Duyên Rất Riêng

Không phải chiếc vai bò nào cũng cần thùng lớn hay bộ côn đồ sộ mới khiến người chơi thích. Những mẫu vai bò 2 lỗ lại có cái hay ở sự nhẹ nhàng, tinh tế và vừa vặn. Đồng hồ được thiết kế 2 lỗ lên cót, cứ 30 phút lại điểm một lần, tiếng điểm nhẹ nhàng nên nghe khá thư thái. Dáng thùng nhỏ gọn cũng giúp các bác dễ bố trí trong những không gian vừa phải như phòng học, phòng đọc sách hay phòng làm việc. Một lựa chọn đơn giản, dễ ngắm và vẫn giữ được nét duyên của đồng hồ cơ cổ.

#dong_ho_vai_bo #vai_bo_2_lo #dong_ho_2_lo #dong_ho_co #dong_ho_Duc #dong_ho_co_hoc #dong_ho_nho_gon #dong_ho_phong_lam_viec #dong_ho_phong_hoc #dong_ho_qua_lac #dong_ho_suu_tam #suu_tam_dong_ho_co",40,"09/22/2026 16:37",https://www.facebook.com/reel/1887285632679290/,"Thước phim",,"Trọn đời",0,+1.8x,0,0,0,1167,5,0,2,0,3,1152,1261,3.619,4216.586
1687562006264144,100050310827163,"Đồng hồ Nhà kho","ÔĐô 36/10 – Càng Chơi Lâu Càng Thấy Đáng Sưu Tầm

Nhắc đến ÔĐô 36/10 là nhắc tới một dòng đồng hồ được nhiều người chơi đặc biệt quan tâm. Cái thú của 36/10 nằm ở bộ 10 côn 10 búa, bản nhạc Gai-Carillon rất đặc trưng kết hợp cùng tiếng điểm giờ bính boong kép nghe đầy đặn và dễ nhớ. Đây cũng chính là chất âm khiến nhiều bác chơi lâu năm vẫn dành tình cảm cho dòng máy này. Theo thời gian, những chiếc 36/10 đẹp ngày càng khó gặp, đặc biệt là những chiếc còn giữ được máy móc, côn búa và thùng nguyên bản. Với người thích sưu tầm, càng nguyên bản thì càng đáng để gìn giữ.

#O_Do_36_10 #dong_ho_O_Do #10_con_10_bua #Gai_Carillon #binh_boong #dong_ho_co #dong_ho_Phap #dong_ho_qua_lac #chat_am_dong_ho #may_dong_ho_co #dong_ho_suu_tam #suu_tam_dong_ho_co",55,"09/22/2026 16:46",https://www.facebook.com/reel/2291192251653696/,"Thước phim",,"Trọn đời",2,+5x,0,0,0,414,9,0,4,0,3,386,483,10.475,4452.223
1687603876259957,100050310827163,"Đồng hồ Nhà kho","Một Lưu Ý Nhỏ Nhưng Có Thể Giữ Được Bộ Côn Nguyên Bản

Trong quá trình chơi đồng hồ, có một việc các bác rất nên nhớ: trước khi vận chuyển hay xê dịch những chiếc đồng hồ có bộ côn, hãy ghim và cố định các que côn lại cẩn thận. Khi xe di chuyển, các que côn rung lắc, va đập qua lại có thể dẫn tới cong hoặc gãy. Hiện nay tay nghề và kỹ thuật của anh em thợ có thể phục hồi khá tốt, thậm chí gần với ban đầu. Nhưng đồ sưu tầm thì càng ít can thiệp càng thích. Giữ được bộ côn nguyên bản ngay từ đầu vẫn đem lại cảm xúc trọn vẹn hơn khi chơi.

#dong_ho_co #con_dong_ho #que_con #bao_quan_dong_ho #van_chuyen_dong_ho #dong_ho_con #dong_ho_co_hoc #kinh_nghiem_choi_dong_ho #sua_dong_ho_co #dong_ho_nguyen_ban #dong_ho_suu_tam #suu_tam_dong_ho_co",63,"09/22/2026 18:11",https://www.facebook.com/reel/28463479709985068/,"Thước phim",,"Trọn đời",0,+4.9x,0,0,0,778,7,0,5,0,3,689,811,11.801,8768.767
1687608706259474,100050310827163,"Đồng hồ Nhà kho","Một Miếng Bìa Nhỏ Có Thể Cứu Cả Bộ Côn

Các bác vận chuyển đồng hồ treo tường nhớ đừng để bộ côn rung lắc tự do. Cách em thường làm rất đơn giản: lấy miếng bìa đủ cứng, đục lỗ theo đúng vị trí và khoảng cách của từng que côn rồi luồn vào để cố định chúng. Ví dụ bộ 8 côn xếp 2 hàng thì đục 8 lỗ thành 2 hàng tương ứng. Việc chỉ mất vài phút nhưng có thể tránh được cảnh mang đồng hồ đi sửa một bệnh, tới nơi lại “đẻ” thêm bệnh gãy côn. Nhiều khi không phải chuyện kỹ thuật khó, chỉ vì mình chủ quan một chút mà phải trả giá bằng tiền và mất luôn cảm giác nguyên bản của món đồ.

#dong_ho_co #dong_ho_treo_tuong #bo_con #que_con #van_chuyen_dong_ho #bao_quan_dong_ho #dong_ho_co_hoc #kinh_nghiem_dong_ho #sua_dong_ho_co #dong_ho_nguyen_ban #dong_ho_suu_tam",53,"09/22/2026 18:20",https://www.facebook.com/reel/2175761116316174/,"Thước phim",,"Trọn đời",0,+2.4x,0,0,0,712,9,0,7,0,3,640,772,11.504,7811.408
1687648706255474,100050310827163,"Đồng hồ Nhà kho","Vê Đét – Càng Nhìn Kỹ Càng Thấy Sự Chỉn Chu

Nếu nói về sự đồng bộ trong thiết kế thì Vê Đét là một cái tên rất đáng để các bác để ý. Từ mặt số, bộ máy, thùng cho tới những chi tiết nhỏ bên trong đều mang cách thiết kế khá riêng. Thậm chí vị trí giữ quả lắc, chìa khóa, gá máy, gá thùng hay những chiếc tem hướng dẫn cũng được làm rất cẩn thận. Chính sự đồng bộ ấy khiến một chiếc Vê Đét còn nguyên bản nhìn rất có cảm xúc. Kiểu dáng đẹp, tiếng chuông dễ nghe, độ hoàn thiện tốt và mức tiếp cận tương đối nhẹ nhàng cũng là những điểm khiến dòng đồng hồ này được nhiều người chơi quan tâm.

#dong_ho_co #Ve_Det #dong_ho_Phap #dong_ho_qua_lac #dong_ho_co_hoc #dong_ho_nguyen_ban #may_dong_ho_co #thung_dong_ho #dong_ho_suu_tam #suu_tam_dong_ho_co",149,"09/22/2026 19:31",https://www.facebook.com/reel/1095793663310867/,"Thước phim",,"Trọn đời",2,+6.8x,0,0,0,369,6,0,1,0,3,340,394,9.567,3530.322
1687649182922093,100050310827163,"Đồng hồ Nhà kho","Đồng Hồ Cứ Lắc Vài Nhịp Rồi Dừng – Chưa Chắc Đã Phải Gọi Thợ

Có một tình huống khá nhiều bác gặp: tháo quả lắc ra máy vẫn chạy, nhưng móc quả lắc vào thì lắc vài nhịp rồi dừng. Một nguyên nhân thường gặp có thể là đồng hồ bị lệch ngựa. Dấu hiệu dễ nhận biết là tiếng “tích – tắc” hai bên không đều, quả lắc chạy thiếu mượt dù cót vẫn còn lực.

Các bác có thể thử nghiêng nhẹ thùng sang trái hoặc phải cho tới khi tiếng tích tắc cân đều. Trường hợp thùng đã thẳng mà vẫn lệch, có thể phần máy và ngựa chưa đúng phương, lúc này mới cần chỉnh nhẹ dọc lắc. Biết một chút kiến thức căn bản sẽ giúp các bác chủ động hơn rất nhiều khi chơi đồng hồ cổ.

#dong_ho_co #dong_ho_qua_lac #lech_ngua #ngua_dong_ho #banh_thoat #doc_lac #may_dong_ho_co #sua_dong_ho #kinh_nghiem_dong_ho #dong_ho_co_hoc #bao_duong_dong_ho #suu_tam_dong_ho_co",258,"09/22/2026 19:32",https://www.facebook.com/reel/1967224757254957/,"Thước phim",,"Trọn đời",0,+18.4x,0,0,0,1450,19,2,12,4,3,1410,1618,25.752,37856.127
1687704542916557,100050310827163,"Đồng hồ Nhà kho","ÔĐô 24 Đời 1962 – Một Cấu Hình Rất Có Chất

Một phiên bản ÔĐô 24 đời 1962 khá thú vị dành cho các bác thích sự nguyên bản: mặt số nổi tròn đường kính khoảng 20 cm, kim lá lúa thanh thoát, kết hợp bộ côn 121 với cấu hình 10 côn 11 búa. Đồng hồ chơi hai bản nhạc Westminster và Ave Maria Lourdes, có cần chuyển bài để lựa chọn bản nhạc muốn nghe. Chất âm ngân nga, có độ vang rất dễ chịu. Đặc biệt, mặt số, quả lắc cùng nhiều chi tiết mang sắc vàng hồng tạo cảm giác rất tinh tế. Những chiếc còn nguyên bản, chưa đụng chạm luôn đem lại một cảm xúc rất khác cho người sưu tầm.

#O_Do_24 #O_Do_1962 #con_121 #10_con_11_bua #Westminster #Ave_Maria_Lourdes #dong_ho_co #dong_ho_Phap #dong_ho_qua_lac #dong_ho_nguyen_ban #dong_ho_suu_tam #suu_tam_dong_ho_co",180,"09/22/2026 21:13",https://www.facebook.com/reel/1655078626328378/,"Thước phim",,"Trọn đời",5,+12.4x,0,0,0,602,11,0,5,0,3,593,724,12.244,7995.773
1687713689582309,100050310827163,"Đồng hồ Nhà kho","Đồng Hồ 400 Ngày Và Atmos – Hai Cách Chơi Rất Thú Vị

Đồng hồ 400 ngày và Atmos có một điểm rất thú vị là đều sử dụng cơ cấu dao động xoắn với nhịp chuyển động chậm, giúp tiết kiệm năng lượng. Với đồng hồ 400 ngày, một lần lên cót có thể hướng tới thời gian hoạt động khoảng 400 ngày. Còn Atmos thì đặc biệt hơn: trong sử dụng bình thường gần như không phải lên cót bằng tay, bởi đồng hồ khai thác sự thay đổi nhiệt độ môi trường để tích trữ năng lượng. Những năm gần đây, cả hai dòng ngày càng được nhiều bác chơi và sưu tầm tìm kiếm, không chỉ bởi cơ chế độc đáo mà còn bởi chuyển động chậm rãi rất đẹp khi trưng bày.

#dong_ho_400_ngay #Atmos #dong_ho_vinh_cuu #dong_ho_xoan #torsion_clock #dong_ho_co #dong_ho_Thuy_Si #dong_ho_co_hoc #dong_ho_suu_tam #suu_tam_dong_ho_co",86,"09/22/2026 21:30",https://www.facebook.com/reel/1392884163053620/,"Thước phim",,"Trọn đời",0,+4.1x,0,0,0,324,6,0,3,0,3,299,362,10.547,3448.913
1687722376248107,100050310827163,"Đồng hồ Nhà kho","Hermle Đức Mái Vòm – Nhẹ Nhàng Mà Có Duyên

Có những chiếc đồng hồ không cần quá cầu kỳ nhưng nhìn càng lâu lại càng thấy đẹp. Mẫu Hermle Đức phiên bản mái vòm này là một kiểu như vậy, dáng thanh lịch, cân đối và đặc biệt còn giữ được nét nguyên bản rất đáng quý. Đồng hồ vận hành theo lối nhẹ nhàng, mỗi một giờ điểm chuông một lần nên phù hợp cả với những không gian cần sự yên tĩnh. Với người chơi đồng hồ cơ Đức, kiểu mái vòm vừa có nét trang trí riêng vừa mang cảm xúc sưu tầm, đặc biệt khi gặp được một chiếc còn đẹp và nguyên bản.

#Hermle #dong_ho_Hermle #dong_ho_Duc #dong_ho_mai_vom #dong_ho_co #dong_ho_co_hoc #dong_ho_nguyen_ban #dong_ho_de_ban #dong_ho_suu_tam #suu_tam_dong_ho_co",50,"09/22/2026 21:45",https://www.facebook.com/reel/3415852665382933/,"Thước phim",,"Trọn đời",1,+3.4x,0,0,0,361,6,0,2,0,3,328,400,7.41,2719.727
1687729539580724,100050310827163,"Đồng hồ Nhà kho","Hermle Đức Úp Ly Dáng Nhà Thờ – Trang Nhã Và Tinh Tế

Một mẫu Hermle Đức mang kiểu dáng khá duyên với phần thân tạo hình gợi nét kiến trúc nhà thờ, bên ngoài được bảo vệ bằng lồng kính úp trong suốt. Thiết kế này vừa giúp quan sát rõ các chi tiết của đồng hồ, vừa tạo cảm giác thanh thoát khi trưng bày. Đồng hồ sử dụng cơ cấu điểm chuông theo giờ, cứ mỗi một tiếng sẽ điểm chuông một lần. Sự kết hợp giữa dáng kiến trúc, lớp kính úp và chuyển động cơ khí tạo nên một mẫu đồng hồ nhẹ nhàng, trang nhã, phù hợp để các bác tham khảo khi tìm hiểu đồng hồ cơ Đức.

#Hermle #dong_ho_Hermle #dong_ho_Duc #dong_ho_up_ly #dong_ho_dang_nha_tho #dong_ho_co #dong_ho_co_hoc #dong_ho_de_ban #dong_ho_suu_tam #suu_tam_dong_ho_co",31,"09/22/2026 21:57",https://www.facebook.com/reel/1108942991573752/,"Thước phim",,"Trọn đời",5,+9.7x,0,0,0,836,21,0,12,0,4,783,920,4.628,3846.526
1687836009570077,100050310827163,"Đồng hồ Nhà kho","Đồng hồ để bàn Hermle Đức dáng mái vòm – nhẹ nhàng và thanh lịch- Mã số #1108

✨ Một mẫu đồng hồ để bàn Đức mang kiểu dáng mái vòm cổ điển, tổng thể thanh thoát và cân đối. Phần vỏ gỗ kết hợp kính trong giúp phô diễn gần như trọn vẹn bộ máy cơ bên trong, mặt số La Mã dạng vòng tạo cảm giác vừa sang vừa thoáng.

🔹 Điểm đáng quý ở chiếc này là vẻ ngoài còn đẹp, giữ được nhiều nét nguyên bản. Bộ máy cơ lộ thiên cùng quả lắc phía dưới tạo chuyển động rất có duyên, đúng chất của một chiếc đồng hồ cơ cổ dùng để trưng bày và thưởng ngoạn.

🔔 Đồng hồ vận hành nhẹ nhàng, mỗi một giờ điểm chuông một lần, không quá dày tiếng nên phù hợp cả phòng khách, phòng làm việc hay những không gian cần sự yên tĩnh. Với người thích sưu tầm đồng hồ cổ, dáng mái vòm này có nét trang trí riêng và giá trị sưu tầm khá thú vị.

📐 Kích thước: 32 × 21 cm

📍 Đồng hồ Nhà Kho – Văn Phú, Hà Đông, Hà Nội
☎️ 𝟶𝟿𝟼𝟥 • 𝟜𝟝𝟞 • 𝟿𝟼𝟥

#Hermle #dong_ho_Hermle #dong_ho_Duc #dong_ho_mai_vom #dong_ho_co #dong_ho_co_hoc #dong_ho_nguyen_ban #dong_ho_de_ban #dong_ho_suu_tam #suu_tam_dong_ho_co",0,"09/23/2026 01:04",https://www.facebook.com/donghonhakho.vn/posts/pfbid028nfnUYXEZEE8CvgoFf8uw9ymG42AuLDLAvtsGr2EKAzWisrFAaVWGoEXhZYvQqgYl,Ảnh,,"Trọn đời",0,--,0,0,0,476,1,0,0,0,1,468,673,,
1687850459568632,100050310827163,"Đồng hồ Nhà kho","Odo 24 Đời 1962 – Chất Âm Vui, Dễ Chơi Dễ Sưu Tầm

Odo 24 đời 1962 là một phiên bản khá thú vị dành cho các bác muốn bắt đầu trải nghiệm đồng hồ Odo cổ. Đây là dòng máy 24, được người chơi tại Việt Nam quen gọi theo đời 1962. Điểm khiến phiên bản này có duyên nằm ở chất âm nghe vui, có độ ngân và luyến láy khá đặc trưng, tạo cảm giác sinh động mỗi khi đồng hồ lên nhạc và điểm chuông. Một ưu điểm khác theo kinh nghiệm người chơi là mức tiếp cận tương đối hợp lý, vì vậy đây cũng là lựa chọn dễ tìm hiểu và bổ sung vào bộ sưu tập.

#Odo24 #Odo1962 #dong_ho_Odo #dong_ho_co #dong_ho_Phap #dong_ho_co_hoc #am_thanh_dong_ho #dong_ho_suu_tam #may_24 #suu_tam_dong_ho_co",45,"09/23/2026 01:25",https://www.facebook.com/reel/3200202623524368/,"Thước phim",,"Trọn đời",0,+2.6x,0,0,0,1469,10,0,6,0,4,1418,1633,8.194,12028.82
1687865289567149,100050310827163,"Đồng hồ Nhà kho","Đồng hồ vai bò Vê Đét 5 côn – dáng dài cổ điển, âm trong trẻo dễ nghe- Mã số #1213
💵:5tr
✨ Một mẫu đồng hồ vai bò Pháp mang dáng dài cân đối, phần đỉnh uốn cong mềm mại kết hợp hai bên vai xếp tầng tạo nên vẻ khỏe khoắn nhưng vẫn thanh lịch. Thùng gỗ lên màu nâu ấm, vân gỗ nổi tự nhiên, mặt số tròn với bộ số nổi mang đậm nét thẩm mỹ của đồng hồ châu Âu cổ.

✨ Bên trong là bộ máy cơ 3 ổ cót, kết hợp 5 côn tạo tiếng chuông trong trẻo, thanh thoát và dễ nghe. Không gian thùng dài hỗ trợ cộng hưởng khá tốt, giúp chất âm đồng hồ cổ có độ ngân vừa phải, không quá nặng tiếng.

✨ Kích thước: 68 × 23 cm –rất hợp đặt trên tủ, kệ gỗ hoặc không gian nội thất mang phong cách cổ điển.

📍 Đồng hồ Nhà Kho – Văn Phú, Hà Đông, Hà Nội
☎️ 𝟶𝟿𝟼𝟥 • 𝟜𝟝𝟞 • 𝟿𝟼𝟥

#Vedette #dong_ho_Vedette #dong_ho_vai_bo #dong_ho_Phap #dong_ho_co_Phap #dong_ho_5_con #dong_ho_co #dong_ho_co_hoc #dong_ho_co_Chau_Au #dong_ho_suu_tam #suu_tam_dong_ho_co #am_thanh_dong_ho_co #do_co_Chau_Au",0,"09/23/2026 01:51",https://www.facebook.com/donghonhakho.vn/posts/pfbid02iE2EtHTxhh697UnnB3ZqmANFTeyUk7ftN1fQ3Z5wP7DhhfUsPTrx31uB1F5oqbZXl,Ảnh,,"Trọn đời",1,--,0,0,0,387,2,0,2,0,0,375,545,,
1687986306221714,100050310827163,"Đồng hồ Nhà kho","Đồng Hồ Công Cộng Châu Âu – Những Cỗ Máy Thời Gian Đầy Cuốn Hút

Đồng hồ công cộng châu Âu xưa thường xuất hiện tại nhà ga, nhà thờ, bưu điện, tòa thị chính hay các cơ quan lớn. Điểm thú vị của dòng đồng hồ này nằm ở bộ máy kích thước lớn, kết cấu cơ khí rõ ràng với nhiều chi tiết có thể quan sát trực tiếp khi vận hành. Ngày nay, những bộ máy đồng hồ công cộng cổ còn được người chơi tìm hiểu và sưu tầm như một phần của lịch sử cơ khí đo thời gian. Không chỉ để xem giờ, chúng còn mang vẻ đẹp kỹ thuật rất riêng, đặc biệt phù hợp với những không gian trưng bày đồng hồ và máy móc cổ.

#dong_ho_cong_cong #dong_ho_chau_Au #dong_ho_co #dong_ho_co_hoc #may_dong_ho_co #dong_ho_nha_ga #dong_ho_nha_tho #co_khi_co #dong_ho_suu_tam #suu_tam_dong_ho_co",41,"09/23/2026 05:06",https://www.facebook.com/reel/1096853596181851/,"Thước phim",,"Trọn đời",0,+2.3x,0,0,0,1914,15,-1,12,0,3,1870,2066,8.495,16089.766
1687987589554919,100050310827163,"Đồng hồ Nhà kho","Đồng Hồ Chim Cúc Cu Đức – Một Thế Giới Cơ Khí Đầy Vui Nhộn

Đồng hồ chim Cúc Cu Đức luôn có sức hút rất riêng nhờ cách báo giờ sinh động. Đến thời điểm điểm chuông, cánh cửa nhỏ mở ra, chú chim xuất hiện cùng tiếng gọi “cúc cu” quen thuộc. Nhiều phiên bản còn kết hợp quả tạ, hộp nhạc và các hoạt cảnh chuyển động, tạo nên một thế giới cơ khí thu nhỏ rất vui mắt. Phần thùng thường mang nhiều họa tiết gỗ gợi không khí vùng núi châu Âu. Chính sự kết hợp giữa âm thanh, chuyển động và nghệ thuật trang trí khiến Cúc Cu trở thành một dòng đồng hồ thú vị trong không gian sưu tầm.

#chim_cuc_cu #dong_ho_cuc_cu #dong_ho_Duc #dong_ho_co #dong_ho_co_hoc #dong_ho_qua_ta #dong_ho_hop_nhac #dong_ho_chau_Au #dong_ho_suu_tam #suu_tam_dong_ho_co",26,"09/23/2026 05:08",https://www.facebook.com/reel/2307523809821812/,"Thước phim",,"Trọn đời",0,+2.5x,0,0,0,1488,15,0,11,0,4,1422,1644,5.168,7660.43
1687990779554600,100050310827163,"Đồng hồ Nhà kho","Ô đô 36/10 – Chất Âm Có Nét Riêng Của Đồng Hồ Pháp

Ô đô 36/10 là một trong những cấu hình được nhiều người chơi đồng hồ cổ quan tâm. Bộ máy sử dụng 10 côn 10 búa, nổi bật với bản nhạc Gai-Carillon kết hợp Westminster cùng lối điểm giờ bính-boong kép nghe khá vui và có độ luyến láy. Dòng 36/10 còn có nhiều phiên bản vách máy khác nhau, tạo thêm sự thú vị khi tìm hiểu và sưu tầm. Với những chiếc còn giữ được bộ máy, bộ côn và thùng nguyên bản, cảm giác chơi càng trọn vẹn hơn. Đây là dòng rất đáng để các bác tìm hiểu sâu khi bước vào thế giới ô đô cổ.

#Odo3610 #Odo36 #dong_ho_Odo #dong_ho_Phap #10con10bua #GaiCarillon #Westminster #dong_ho_co #dong_ho_suu_tam #suu_tam_dong_ho_co",16,"09/23/2026 05:12",https://www.facebook.com/reel/1060530060182354/,"Thước phim",,"Trọn đời",2,+5.6x,0,0,0,1782,20,0,13,1,4,1739,2174,6.312,11318.258
1687991709554507,100050310827163,"Đồng hồ Nhà kho","Đồng Hồ Để Bàn Hermle Đức – Nhỏ Gọn Và Trang Nhã

Đồng hồ để bàn Hermle Đức mang nét đẹp nhẹ nhàng, cân đối và rất dễ bố trí trong nhiều không gian. Điểm cuốn hút nằm ở bộ máy cơ khí được hoàn thiện gọn gàng, kết hợp kiểu dáng mang đậm phong cách đồng hồ Đức. Khi vận hành, chuyển động cơ học cùng tiếng điểm chuông tạo nên cảm giác thư thái và gần gũi. Kích thước vừa phải giúp đồng hồ phù hợp đặt trên bàn làm việc, tủ trang trí hay kệ phòng khách. Một lựa chọn thú vị cho các bác yêu thích đồng hồ cơ và muốn bổ sung một mẫu Hermle vào bộ sưu tập.

#Hermle #dong_ho_Hermle #dong_ho_Duc #dong_ho_de_ban #dong_ho_co #dong_ho_co_hoc #dong_ho_chau_Au #dong_ho_suu_tam #suu_tam_dong_ho_co",0,"09/23/2026 05:13",https://www.facebook.com/donghonhakho.vn/posts/pfbid02UeWSv5iE4yWQ8vvAuTm1m2hgqEmQwKRFFU2mvzD8AYbCveBG95Fcwu5HzBgLyZ8Dl,Ảnh,,"Trọn đời",2,--,0,0,0,434,5,0,2,0,1,415,629,,
1688000089553669,100050310827163,"Đồng hồ Nhà kho","Hermle Mô Hình Tháp Big Ben – Một Kiểu Dáng Đầy Thú Vị

Chiếc đồng hồ Hermle được tạo hình mô phỏng tháp Big Ben mang đến một cách chơi khá thú vị khi kết hợp đồng hồ cơ với kiến trúc trang trí. Dáng tháp cao, các tầng được tạo hình cân đối và phần mặt số trở thành điểm nhấn nổi bật, gợi liên tưởng ngay đến công trình nổi tiếng của nước Anh. Đặt trên bàn hay trong tủ trưng bày, mẫu đồng hồ này vừa có nét cổ điển vừa tạo điểm nhấn khác biệt. Một kiểu Hermle vui mắt, trang nhã và đáng để các bác yêu đồng hồ cơ tìm hiểu, trải nghiệm.

#Hermle #BigBen #dong_ho_Hermle #dong_ho_mo_hinh #dong_ho_de_ban #dong_ho_Duc #dong_ho_co_hoc #dong_ho_chau_Au #dong_ho_suu_tam #suu_tam_dong_ho_co",0,"09/23/2026 05:24",https://www.facebook.com/donghonhakho.vn/posts/pfbid0Yeuezago55gFq5Uzncapw22QuFYv35xgknJu4ybJ8q3qvm9G6j8nZEx9wnNJ9UrNl,Ảnh,,"Trọn đời",0,--,0,0,0,434,4,0,2,0,2,418,618,,
1688002889553389,100050310827163,"Đồng hồ Nhà kho","ÔĐô 36/8 Máy Vách Xoáy – Côn Trắng Cho Chất Âm Dễ Nghe

ÔĐô 36/8 phiên bản máy vách xoáy là một cấu hình khá thú vị để các bác tìm hiểu. Điểm dễ nhận biết nằm ở bề mặt vách máy với những đường xoáy tròn đặc trưng, kết hợp bộ côn trắng tạo nên tổng thể rất đẹp mắt khi quan sát phía sau máy. Về trải nghiệm âm thanh, chiếc này cho tiếng chuông nghe hay, có độ ngân và mang nét âm thanh cổ rất dễ chịu. Với người thích vừa ngắm bộ máy vừa thưởng thức tiếng chuông, ÔĐô 36/8 vách xoáy là một phiên bản có nhiều điểm đáng để trải nghiệm.

#O_Do_368 #O_Do_36 #dong_ho_O_Do #vach_xoay #con_trang #dong_ho_Phap #dong_ho_co #am_thanh_dong_ho #dong_ho_suu_tam #suu_tam_dong_ho_co",0,"09/23/2026 05:28",https://www.facebook.com/donghonhakho.vn/posts/pfbid02pskax7Bwhs2nofYCuK1zdLhaMXfFVUkAhpXaBEc72nhAYJADGWweG3Fe1ty4svXyl,Ảnh,,"Trọn đời",0,--,0,0,0,405,1,0,1,0,0,387,582,,
1688105809543097,100050310827163,"Đồng hồ Nhà kho","ÔĐô Ông Tây Đánh Chuông – Hoạt Cảnh Vui Mắt, Âm Thanh Dễ Nghe

ÔĐô Ông Tây đánh chuông là một kiểu đồng hồ rất thú vị bởi không chỉ nghe chuông mà còn có hoạt cảnh để ngắm. Khi đồng hồ hoạt động, hình tượng ông Tây chuyển động đánh vào chuông tạo nên màn trình diễn cơ khí vui mắt, khiến mỗi lần điểm giờ trở nên sinh động hơn. Phần âm thanh nghe nhẹ nhàng, dễ chịu, kết hợp cùng chuyển động của nhân vật tạo nên nét riêng mà đồng hồ thông thường không có. Với các bác thích đồng hồ cổ có hoạt cảnh, đây là một dòng rất đáng để tìm hiểu và trải nghiệm.

#O_Do #O_Do_ong_Tay #ong_Tay_danh_chuong #dong_ho_Phap #dong_ho_hoat_canh #dong_ho_co #dong_ho_co_hoc #am_thanh_dong_ho #dong_ho_suu_tam #suu_tam_dong_ho_co",35,"09/23/2026 07:48",https://www.facebook.com/reel/1055353967267058/,"Thước phim",,"Trọn đời",0,+2.6x,0,0,0,1530,13,0,8,1,4,1444,1700,7.069,10893.431
1688117759541902,100050310827163,"Đồng hồ Nhà kho","ÔĐô Ông Tây Đánh Chuông – Khi Xem Giờ Cũng Là Xem Một Màn Cơ Khí

ÔĐô Ông Tây đánh chuông, tên thường gặp trong tư liệu là Jacquemart, là một kiểu đồng hồ rất thú vị của hãng ÔĐô Pháp. Điểm đặc biệt nằm ở hình người đánh chuông chuyển động theo cơ cấu máy, tạo nên một hoạt cảnh sinh động mỗi khi đồng hồ báo giờ. Tư liệu về đồng hồ Jacquemart còn ghi nhận cơ chế đánh vào giờ và nửa giờ trên một số phiên bản. Chính sự kết hợp giữa bộ máy cơ, tiếng chuông và chuyển động của nhân vật khiến dòng này có nét chơi rất riêng. Với em, hoạt cảnh bắt mắt cùng tiếng chuông dễ nghe chính là phần tạo nên cái duyên của ÔĐô ông Tây.

#O_Do #O_Do_Jacquemart #O_Do_ong_Tay #ong_Tay_danh_chuong #dong_ho_Phap #dong_ho_hoat_canh #dong_ho_co #dong_ho_co_hoc #dong_ho_suu_tam #suu_tam_dong_ho_co",22,"09/23/2026 08:05",https://www.facebook.com/reel/3612726652210495/,"Thước phim",,"Trọn đời",79,+122x,0,0,0,28111,383,91,284,18,10,28490,36105,11.281,313005.057
1688141726206172,100050310827163,"Đồng hồ Nhà kho","Đồng Hồ Đức Thùng Song Tiện Junhan – 2 Lỗ Chuông Vòng

Một mẫu đồng hồ Đức Junhan mang dáng thùng song tiện cổ điển, nhìn thanh thoát và rất có nét của đồng hồ châu Âu xưa. Điểm thú vị nằm ở cấu hình 2 lỗ lên cót kết hợp chuông vòng, cứ mỗi 30 phút đồng hồ lại điểm chuông một lần. Tiếng chuông mộc mạc, gọn và mang cảm giác hoài niệm, khác với những dòng sử dụng bộ côn nhiều thanh. Phần song tiện hai bên tạo điểm nhấn cho dáng thùng, vừa trang trí vừa làm tổng thể cân đối. Một mẫu nhỏ nhắn, dễ chơi và thú vị để các bác trải nghiệm.

#Junhan #dong_ho_Junhan #dong_ho_Duc #dong_ho_song_tien #chuong_vong #dong_ho_2_lo #dong_ho_co #dong_ho_qua_lac #dong_ho_suu_tam #suu_tam_dong_ho_co",0,"09/23/2026 08:35",https://www.facebook.com/donghonhakho.vn/posts/pfbid02G4f4CRBHwB2uscsaXi5kisNthqk4Z37ADCX3thEMF9XYWoGk4VmtAnKebw9W5E3ml,Ảnh,,"Trọn đời",0,--,0,0,0,359,2,0,1,0,1,357,499,,
1688165959537082,100050310827163,"Đồng hồ Nhà kho","Bộ Côn Chữ M ÔĐô 36/10 – Tư Liệu Đối Sánh Cho Người Chơi

Đây là bộ côn chữ M của đồng hồ ÔĐô 36/10, cấu hình 10 côn 10 búa và chơi 2 bài nhạc. Em đăng bộ này hoàn toàn với mục đích làm tư liệu, không phải để bán. Các bác có thể lưu lại hình dáng, cách bố trí côn, kết cấu và những đặc điểm của bộ côn để làm cơ sở đối sánh khi gặp những chiếc ÔĐô 36/10 tương tự. Với đồng hồ cổ, có thêm tư liệu thực tế sẽ rất hữu ích trong quá trình nhận diện, so sánh và hỗ trợ thẩm định tính phù hợp của phụ kiện trên từng chiếc.

#O_Do_3610 #O_Do_36 #con_chu_M #10_con_10_bua #2_bai_nhac #dong_ho_O_Do #tu_lieu_dong_ho #doi_sanh_dong_ho #tham_dinh_dong_ho #suu_tam_dong_ho_co",20,"09/23/2026 09:08",https://www.facebook.com/reel/2131902684075963/,"Thước phim",,"Trọn đời",6,+12.8x,0,0,0,4158,50,4,38,1,6,3918,5650,11.534,46484.727
1688244476195897,100050310827163,"Đồng hồ Nhà kho","Bò bự dài 90cm",0,"09/23/2026 11:05",https://www.facebook.com/donghonhakho.vn/posts/pfbid0inEuiXejqpdPFGGSxiUV4uyqJqGZAWDTX6qXcS9h13G7f12Qoh5abxQy8Vru49FKl,Ảnh,,"Trọn đời",3,--,0,0,0,358,5,0,2,0,0,338,507,,
1688423442844667,100050310827163,"Đồng hồ Nhà kho","ÔĐô 36/8 Thùng Song Tiện – Phiên Bản Mặt Tròn Khá Thú Vị

Khi nhắc đến ÔĐô 36, các bác thường quen với những kiểu mặt bát giác đứng hay bát giác nằm. Tuy nhiên dòng này còn có những biến thể mặt tròn rất thú vị. Chiếc em giới thiệu hôm nay là ÔĐô 36/8 với thùng song tiện nguyên bản, kết hợp mặt tròn đường kính khoảng 20 cm. Hai hàng song tiện tạo cho bộ thùng một dáng vẻ rất riêng, trong khi mặt tròn khiến tổng thể nhìn mềm mại và khác biệt so với những kiểu ÔĐô 36 thường gặp. Đây cũng là một tư liệu hay để các bác tham khảo, đối sánh khi tìm hiểu các biến thể của ÔĐô 36.

#O_Do_36 #O_Do_368 #dong_ho_O_Do #thung_song_tien #mat_tron #dong_ho_Phap #dong_ho_co #dong_ho_qua_lac #tu_lieu_dong_ho #suu_tam_dong_ho_co",24,"09/23/2026 16:24",https://www.facebook.com/reel/1397571962444976/,"Thước phim",,"Trọn đời",0,+2.3x,0,0,0,375,7,1,3,0,4,350,424,4.138,1585.039
1688428849510793,100050310827163,"Đồng hồ Nhà kho","Bộ Đôi Đồng Hồ Vai Bò Loại Lớn – Dáng Đẹp, Âm Thanh Hay

Một bộ đôi đồng hồ vai bò cổ với kích thước lớn, dáng thùng dài và phần vai mở rộng tạo cảm giác rất bề thế khi trưng bày. Với dòng vai bò, ngoài kiểu dáng cổ điển thì âm thanh luôn là một phần tạo nên cái thú khi chơi. Hai chiếc này cho tiếng chuông nghe hay, có độ ngân và càng nổi bật khi được đặt trong không gian phù hợp. Dáng lớn cũng giúp chiếc đồng hồ trở thành điểm nhấn rõ rệt trong phòng khách hoặc không gian sưu tầm. Mời các bác cùng ngắm bộ đôi vai bò đẹp và thưởng thức chất âm của đồng hồ cơ cổ.

#dong_ho_vai_bo #vai_bo_co #vai_bo_loai_lon #dong_ho_Duc #dong_ho_co #dong_ho_co_hoc #am_thanh_dong_ho #dong_ho_suu_tam #dong_ho_chau_Au #suu_tam_dong_ho_co",31,"09/23/2026 16:34",https://www.facebook.com/reel/1091990416535895/,"Thước phim",,"Trọn đời",0,+1.9x,0,0,0,308,6,0,3,0,4,294,361,3.206,1039.052
1688487729504905,100050310827163,"Đồng hồ Nhà kho","ÔĐô Ông Tây Đánh Chuông – Một Lựa Chọn Hay Cho Không Gian Nhỏ

Với những không gian không quá rộng như căn hộ chung cư hay phòng khách nhỏ, ÔĐô Ông Tây đánh chuông là một phiên bản rất thú vị. Kích thước gọn gàng giúp đồng hồ dễ bố trí, trong khi hoạt cảnh nhân vật đánh chuông vui mắt lại tạo được điểm nhấn riêng mà không khiến không gian mang cảm giác quá cũ. Theo trải nghiệm của em, nhịp điểm chuông khoảng 30 phút một lần cũng khá vừa phải, đủ để thưởng thức chuyển động và âm thanh mà không tạo cảm giác quá ồn. Một mẫu đồng hồ cổ nhưng vẫn có nét sinh động, dễ kết hợp với không gian sống hiện đại.

#O_Do #O_Do_ong_Tay #O_Do_Jacquemart #dong_ho_hoat_canh #dong_ho_Phap #dong_ho_chung_cu #dong_ho_co #dong_ho_co_hoc #dong_ho_suu_tam #suu_tam_dong_ho_co",30,"09/23/2026 18:29",https://www.facebook.com/reel/2084101878868495/,"Thước phim",,"Trọn đời",0,+2.6x,0,0,0,370,9,0,4,1,4,330,478,7.209,2840.383
1688511499502528,100050310827163,"Đồng hồ Nhà kho","ÔĐô 36/8 Vách Sơn – Một Phiên Bản Đáng Để Sưu Tầm

ÔĐô 36/8 là một phiên bản được nhiều người chơi đồng hồ cổ yêu thích với cấu hình 8 côn 8 búa. Chiếc này sử dụng máy vách sơn kết hợp bộ thùng ngang, tạo nên dáng vẻ cân đối và mang nét rất riêng của ÔĐô 36. Điều em thích ở dòng này chính là chất âm thong thả, ngân nga, nghe lâu vẫn có cảm giác nhẹ nhàng. Bộ máy cơ hoạt động bền bỉ cũng là một trong những lý do ÔĐô 36 vẫn được các bác chơi đồng hồ quan tâm. Một lựa chọn thú vị cho những ai muốn tìm hiểu và sưu tầm đồng hồ ÔĐô cổ.

#O_Do_368 #O_Do_36 #dong_ho_O_Do #8_con_8_bua #vach_son #thung_ngang #dong_ho_Phap #am_thanh_dong_ho #dong_ho_suu_tam #suu_tam_dong_ho_co",240,"09/23/2026 19:12",https://www.facebook.com/reel/2325575344948869/,"Thước phim",,"Trọn đời",0,+5x,0,0,0,414,6,0,2,0,4,385,474,13.286,5646.922
1688516206168724,100050310827163,"Đồng hồ Nhà kho","ÔĐô 24 Đời 1957 – Chất Âm Vui Tươi, Nhộn Nhịp

ÔĐô 24 đời 1957 là một phiên bản rất thú vị, được người chơi nhận biết qua kiểu máy vát vồ vuông. Đồng hồ sử dụng bộ côn 111 với cấu hình 10 côn 11 búa, chơi 2 bản nhạc Westminster và Ave Maria. Theo trải nghiệm của em, điểm cuốn hút của đời 57 nằm ở tiếng chuông chuẩn tông, rõ nốt, âm thanh vui tươi và có độ nhộn nhịp rất riêng. Kết hợp cùng bộ máy cơ cổ và cấu hình chuông đặc trưng, đây là một phiên bản được nhiều bác chơi ÔĐô yêu thích, vừa đáng nghe vừa thú vị để tìm hiểu và",46,"09/23/2026 19:20",https://www.facebook.com/reel/961881760292042/,"Thước phim",,"Trọn đời",0,+2.7x,0,0,0,627,8,0,4,0,4,561,693,9.438,5672.793
1688524336167911,100050310827163,"Đồng hồ Nhà kho","Đồng Hồ Công Cộng Châu Âu – Dáng Mái Nhà Hai Chuông Đầy Ấn Tượng

Một phiên bản đồng hồ công cộng châu Âu kích thước nhỏ với kiểu dáng mô phỏng mái nhà khá thú vị. Điểm nhấn phía trên là hai quả chuông, tạo nên âm thanh nhẹ nhàng và giúp tổng thể chiếc đồng hồ thêm sinh động. Với kiểu dáng này, đồng hồ không chỉ để xem giờ mà còn có giá trị trang trí rất rõ nét. Theo trải nghiệm của em, mẫu nhỏ gọn như vậy khá phù hợp đặt tại đại sảnh khách sạn, sân vườn, khu vực công cộng hoặc một góc trưng bày đồ cổ, tạo điểm nhấn khác biệt cho không gian sưu tầm.

#dong_ho_cong_cong #dong_ho_chau_Au #dong_ho_hai_chuong #dong_ho_mai_nha #dong_ho_co #dong_ho_co_hoc #dong_ho_trang_tri #do_co_chau_Au #dong_ho_suu_tam #suu_tam_dong_ho_co",67,"09/23/2026 19:34",https://www.facebook.com/reel/4628043414181761/,"Thước phim",,"Trọn đời",0,+3.7x,0,0,0,493,5,0,1,0,4,439,526,7.613,3639.105
1688598849493793,100050310827163,"Đồng hồ Nhà kho","ÔĐô 24 Đời 1954 – Cách Nhận Biết Và So Sánh Với Đời 1957

ÔĐô 24 đời 1954 và 1957 đều thuộc dòng máy 24 của hãng, trên máy có logo ÔĐô và nếu nhìn thoáng qua khá giống nhau. Tuy nhiên, theo kinh nghiệm đối sánh thực tế, các bác có thể chú ý hai chi tiết rất dễ nhận biết. Đời 1954 nổi bật với chân máy vuông và búa tròn, trong khi đời 1957 có chân máy chéo, vát và búa vuông. Chỉ cần nhớ: 54 chân vuông – búa tròn; 57 chân chéo – búa vuông. Đây là những dấu hiệu tham khảo hữu ích khi tìm hiểu, so sánh và nhận diện các đời máy ÔĐô 24 cổ.

#O_Do_24 #O_Do_1954 #O_Do_1957 #may_O_Do_24 #dong_ho_O_Do #nhan_biet_O_Do #dong_ho_Phap #dong_ho_co #tu_lieu_dong_ho #suu_tam_dong_ho_co",56,"09/23/2026 21:37",https://www.facebook.com/reel/1849513039406197/,"Thước phim",,"Trọn đời",2,+7x,0,0,0,3461,45,2,31,7,5,3217,4196,18.499,62417.048
1688609369492741,100050310827163,"Đồng hồ Nhà kho","ÔĐô 36/8 – Một Lựa Chọn Hay Cho Người Mới Sưu Tầm

ÔĐô 36/8 có cái hay rất riêng ở chất âm thong thả. Tiếng nhạc từ bộ côn nghe êm ái, ngân nga, trong khi tiếng điểm giờ lại sâu lắng và nhẹ nhàng. Đặc biệt, nhịp đánh không vội, từng nốt được thể hiện rõ ràng nên nghe lâu vẫn dễ chịu. Theo trải nghiệm của em, nếu các bác mới bắt đầu tìm hiểu đồng hồ cổ và muốn lựa chọn chiếc đầu tiên thì ÔĐô 36/8 rất đáng tham khảo. Dòng này vừa có hình thức đẹp, âm thanh dễ nghe, vừa được nhiều người chơi quan tâm nên cũng thuận lợi khi bắt đầu bước vào thú sưu tầm đồng hồ ÔĐô.

#O_Do_368 #O_Do_36 #dong_ho_O_Do #8_con_8_bua #am_thanh_O_Do #dong_ho_Phap #dong_ho_co #dong_ho_qua_lac #dong_ho_suu_tam #suu_tam_dong_ho_co",80,"09/23/2026 21:54",https://www.facebook.com/reel/1392926522964642/,"Thước phim",,"Trọn đời",6,+14.9x,0,0,0,535,20,0,9,0,5,475,625,13.134,7026.746
1688614389492239,100050310827163,"Đồng hồ Nhà kho","Lỗ Nhỏ Trên ÔĐô 36 Dùng Để Làm Gì?

Có một chi tiết nhỏ trên ÔĐô 36 mà nếu không để ý, nhiều bác có thể chưa biết công dụng. Đó là lỗ dùng để cắm phần đuôi con lắc vào khi vận chuyển đồng hồ. Khi được đưa vào đúng vị trí, con lắc sẽ được cố định, hạn chế việc đung đưa tự do trong quá trình bê, chở hoặc di chuyển đồng hồ. Đây là một chi tiết tuy nhỏ nhưng khá hữu ích, đồng thời cũng cho thấy cách nhà sản xuất tính đến việc bảo vệ các bộ phận cơ khí khi vận chuyển. Các bác chơi ÔĐô 36 có thể lưu lại làm tư liệu tham khảo.

#O_Do_36 #dong_ho_O_Do #con_lac_O_Do #van_chuyen_dong_ho #chi_tiet_O_Do #dong_ho_Phap #dong_ho_co #dong_ho_co_hoc #tu_lieu_dong_ho #suu_tam_dong_ho_co",14,"09/23/2026 22:02",https://www.facebook.com/reel/1630579035191131/,"Thước phim",,"Trọn đời",5,+14.2x,0,0,0,90311,298,32,294,15,5,88773,149766,13.63,1214412.448
1688749792812032,100050310827163,"Đồng hồ Nhà kho","Đồng hồ vai bò Đức 5 côn – điểm bính boong trầm ấm- Mã số #814
💵:2tr8
✨ Mẫu đồng hồ cổ Đức mang dáng vai bò trải dài rất cân đối, phần đỉnh uốn mềm ở giữa kết hợp hai bên vai thấp tạo cảm giác thanh lịch. Thùng gỗ lên màu nâu ấm, vân gỗ đẹp, hai chi tiết trang trí hai bên tạo điểm nhấn vừa đủ. Mặt số tròn với bộ số nổi và kim thanh mảnh mang đúng nét cổ điển châu Âu.

🔹 Bộ máy cơ lên cót, các chi tiết cơ khí còn khá đồng bộ, phù hợp với người thích đồng hồ cơ cổ và giá trị sưu tầm.

🎶 Điểm thú vị của mẫu này nằm ở tiếng bính boong đặc trưng. Bộ 5 côn kết hợp khoang thùng gỗ tạo chất âm đồng hồ cổ trầm, vang vừa phải, nghe nhẹ nhàng và rất hợp không gian phòng khách hoặc phòng làm việc.

📐 Kích thước: 60 × 22 cm
📍 Hà Đông – Hà Nội
☎️ 𝟶𝟿𝟼𝟥 • 𝟜𝟝𝟞 • 𝟿𝟞𝟥

#dong_ho_vai_bo #dong_ho_Duc #dong_ho_5_con #dong_ho_binh_boong #dong_ho_co #dong_ho_co_Duc #dong_ho_co_hoc #dong_ho_de_ban #dong_ho_nguyen_ban #dong_ho_suu_tam #suu_tam_dong_ho_co #do_co_chau_Au",0,"09/24/2026 01:47",https://www.facebook.com/donghonhakho.vn/posts/pfbid02Gj6gwkqxihdGyJ9PAeEBK4JNaQYcx24NTiZh919PiMQXLKtzrVAYFuVGyyf5XdP4l,Ảnh,,"Trọn đời",1,--,0,0,0,679,7,0,4,0,2,665,966,,
1688839699469708,100050310827163,"Đồng hồ Nhà kho","Đồng Hồ Công Cộng Xưa – Từ Cỗ Máy Báo Giờ Đến Tác Phẩm Sưu Tầm

Ngày trước, khi đồng hồ cá nhân chưa phổ biến, những chiếc đồng hồ công cộng ra đời để phục vụ nhu cầu xem giờ và đồng bộ thời gian cho cả một cộng đồng. Chúng từng hiện diện tại tòa thị chính, nhà thờ, trường học, công xưởng, nhà ga hay bưu điện.

Trải qua nhiều năm và hoàn thành vai trò của mình, ngày nay những cỗ máy cơ khí ấy lại mang một giá trị khác: trở thành tác phẩm trưng bày dành cho người yêu đồ xưa và đồng hồ cổ. Đặt tại phòng khách, đại sảnh, sân vườn hay văn phòng, một chiếc đồng hồ công cộng cổ có thể tạo nên điểm nhấn rất riêng cho không gian và kể lại một phần câu chuyện của thời gian.

#dong_ho_cong_cong #dong_ho_cong_cong_co #dong_ho_chau_Au #dong_ho_co #dong_ho_co_hoc #may_dong_ho_co #do_co_chau_Au #dong_ho_trang_tri #dong_ho_suu_tam #suu_tam_dong_ho_co",66,"09/24/2026 03:56",https://www.facebook.com/reel/1001972669590956/,"Thước phim",,"Trọn đời",2,+12.1x,0,0,0,2227,35,0,28,1,4,2106,2324,9.679,21042.288
1688854462801565,100050310827163,"Đồng hồ Nhà kho","Ngựa đồng hồ – chi tiết nhỏ nhưng cực kỳ quan trọng

Ngựa là một bộ phận trong hệ thoát của đồng hồ cơ, làm việc cùng bánh xe thoát để điều tiết năng lượng truyền xuống con lắc. Mỗi nhịp con lắc qua lại, ngựa lần lượt giữ và nhả bánh xe thoát, tạo nên tiếng tích – tắc quen thuộc.

Khi ngựa và hệ thoát được căn chỉnh đúng, đồng hồ chạy đều, tiếng tích tắc cân và ổn định. Chỉ cần vị trí ngựa bị lệch hoặc hệ thoát làm việc không chuẩn, đồng hồ có thể chạy không đều, thậm chí dừng khi lắp con lắc.

Đây là một chi tiết nhỏ nhưng muốn chỉnh đúng lại cần hiểu khá kỹ về máy đồng hồ cơ.",10,"09/24/2026 04:17",https://www.facebook.com/reel/1085402054604898/,"Thước phim",,"Trọn đời",6,+38.3x,0,0,0,138100,1120,177,1030,89,32,133659,256125,13.746,1860219.745
1689041509449527,100050310827163,"Đồng hồ Nhà kho","Đồng Hồ Tủ Ông Sư – Vẻ Đẹp Đi Cùng Chất Âm

Đồng hồ tủ là dòng đồng hồ kích thước lớn, thường đặt trực tiếp trên nền nhà hoặc bố trí tại một góc không gian. Trong đó, tủ Ông Sư gây ấn tượng với phần đầu tạo dáng mái vòm truyền thống, vừa đẹp về hình thức vừa tạo một khoang thùng có khả năng cộng hưởng tốt.

Theo trải nghiệm của người chơi, chính không gian thùng lớn giúp tiếng côn có độ ngân và chiều sâu rất thú vị. Những năm gần đây, tủ Ông Sư cũng được nhiều người chơi đồng hồ cổ quan tâm, không chỉ để xem giờ mà còn như một món đồ cơ khí và nội thất mang giá trị sưu tầm.

#dong_ho_tu #tu_Ong_Su #dong_ho_co #dong_ho_co_hoc #dong_ho_qua_lac #dong_ho_cay #dong_ho_chau_Au #am_thanh_dong_ho #dong_ho_suu_tam #suu_tam_dong_ho_co",21,"09/24/2026 08:12",https://www.facebook.com/reel/1083467541264385/,"Thước phim",,"Trọn đời",2,+5.4x,0,0,0,1988,20,0,13,1,4,1862,2204,4.264,8380.293
1689383599415318,100050310827163,"Đồng hồ Nhà kho","Junhan W64 Côn Đồng Bạch – Âm Hay, Dáng Đẹp

Junhan W64 là một mẫu đồng hồ Đức khá thú vị dành cho các bác yêu chất âm cổ. Điểm đáng chú ý nằm ở bộ côn đồng bạch, cho tiếng chuông trong, ngân và nghe rất dễ chịu. Mẫu này còn có chức năng ngắt chuông đêm, thuận tiện khi sử dụng trong không gian gia đình. Bên cạnh bộ máy, kiểu dáng cổ điển, cân đối cũng tạo nên nét đẹp riêng của W64. Một chiếc đồng hồ vừa để thưởng thức âm thanh, vừa có giá trị trang trí và sưu tầm rất thú vị.

#Junhan #Junhan_W64 #con_dong_bach #dong_ho_Duc #dong_ho_co #dong_ho_vai_bo #dong_ho_co_hoc #am_thanh_dong_ho #dong_ho_suu_tam #suu_tam_dong_ho_co",51,"09/24/2026 16:28",https://www.facebook.com/reel/3545956895585606/,"Thước phim",,"Trọn đời",5,+9.9x,0,0,0,2272,22,2,15,1,4,2212,2431,8.582,19369.797
1689397959413882,100050310827163,"Đồng hồ Nhà kho","Junhan Tủ Ông Sư – Côn Hoa Thị Đầy Chất Cổ

Một mẫu đồng hồ tủ Junhan dáng Ông Sư mang đậm nét cổ điển, nổi bật với phần đầu mái vòm và thân tủ cao tạo cảm giác bề thế khi trưng bày. Điểm đáng chú ý bên trong là bộ côn Hoa thị, một chi tiết rất thú vị để các bác chơi đồng hồ Đức tìm hiểu và sưu tầm. Với không gian thùng lớn của dòng đồng hồ tủ, tiếng chuông có điều kiện cộng hưởng tốt, tạo độ ngân và chiều sâu dễ nghe. Kiểu dáng Ông Sư kết hợp cùng bộ máy Junhan tạo nên một mẫu đồng hồ vừa đẹp để trưng bày, vừa thú vị để thưởng thức cơ khí và âm thanh.

#Junhan #dong_ho_Junhan #tu_Ong_Su #con_Hoa_thi #dong_ho_tu #dong_ho_Duc #dong_ho_co #dong_ho_co_hoc #dong_ho_suu_tam #suu_tam_dong_ho_co",29,"09/24/2026 16:54",https://www.facebook.com/reel/1508731547956865/,"Thước phim",,"Trọn đời",1,+3.9x,0,0,0,2595,19,2,13,1,4,2409,2838,5.991,15141.086
1689424459411232,100050310827163,"Đồng hồ Nhà kho","Đồng Hồ Tủ Junhan Dáng Ông Sư – Côn Hoa Thị

Đây là một mẫu đồng hồ tủ của Junhan, thuộc nhóm đồng hồ tủ kích thước lớn đặt trực tiếp trên nền nhà. Điểm nhận diện nổi bật là kiểu dáng Ông Sư với phần đầu mái vòm, tạo hình cổ điển và cân đối.

Bên trong sử dụng bộ côn Hoa thị, kết hợp với khoang thùng lớn tạo điều kiện cộng hưởng cho tiếng chuông có độ ngân và chiều sâu. Với người chơi đồng hồ cổ, sự kết hợp giữa thương hiệu Junhan, dáng tủ Ông Sư và bộ côn Hoa thị là một cấu hình rất thú vị để tìm hiểu, đối sánh và sưu tầm.

#Junhan #dong_ho_Junhan #dong_ho_tu #dang_Ong_Su #con_Hoa_thi #dong_ho_Duc #dong_ho_co #dong_ho_co_hoc #dong_ho_suu_tam #suu_tam_dong_ho_co",87,"09/24/2026 17:41",https://www.facebook.com/reel/1925120288460140/,"Thước phim",,"Trọn đời",2,+9.8x,0,0,0,2266,16,0,10,0,4,2197,2373,6.52,14611.514
1689472942739717,100050310827163,"Đồng hồ Nhà kho","MK Pháp 8 Côn Đồng 8 Búa – Nét Đẹp Cổ Điển Đáng Sưu Tầm

Một mẫu MK Pháp 8 côn đồng 8 búa còn giữ được nét nguyên bản rất thú vị. Tổng thể thùng được tạo hình hài hòa, cân đối, nổi bật với những họa tiết quen thuộc của đồ cổ châu Âu như chùm nho và bông lúa mạch, tạo cảm giác mềm mại và giàu tính trang trí.

Bộ 8 côn đồng kết hợp 8 búa cho chất âm hay, dễ thưởng thức. Với hình thức đẹp, cấu hình côn đặc trưng và tình trạng nguyên bản, đây là mẫu đồng hồ có giá trị sưu tầm cao theo đánh giá của người chơi.

#MK #dong_ho_MK #dong_ho_Phap #8_con_8_bua #con_dong #dong_ho_co #dong_ho_co_hoc #dong_ho_nguyen_ban #dong_ho_suu_tam #suu_tam_dong_ho_co",155,"09/24/2026 18:59",https://www.facebook.com/reel/2508849789621113/,"Thước phim",,"Trọn đời",0,+4.6x,0,0,0,599,9,1,5,0,4,555,631,9.165,5389.124
1689473149406363,100050310827163,"Đồng hồ Nhà kho","Máy ÔĐô 30/10 Và 36/10 Vách Bệt Có Gì Giống Nhau?

Một điểm khá thú vị khi đặt máy ÔĐô 30/10 và ÔĐô 36/10 phiên bản vách bệt cạnh nhau là hai bộ máy có ngoại hình khá giống nhau. Không chỉ hình thức bố trí, cơ cấu truyền động của hai máy cũng tương đồng, vì vậy nếu chỉ quan sát nhanh sẽ khá dễ nhầm lẫn.

Đây cũng là lý do khi tìm hiểu ÔĐô, các bác không nên chỉ nhìn hình dáng bộ máy để xác định phiên bản. Việc đối chiếu thêm các đặc điểm khác sẽ giúp nhận diện chính xác hơn, đặc biệt với những dòng máy có kết cấu gần nhau như 30/10 và 36/10 vách bệt.

#O_Do #O_Do_30_10 #O_Do_36_10 #may_O_Do #vach_bet #dong_ho_Phap #dong_ho_co #may_dong_ho_co #nhan_biet_dong_ho #suu_tam_dong_ho_co",41,"09/24/2026 18:59",https://www.facebook.com/reel/4467399840167205/,"Thước phim",,"Trọn đời",0,+2.2x,0,0,0,679,12,1,8,1,3,647,843,10.453,7327.821
1689476399406038,100050310827163,"Đồng hồ Nhà kho","Máy ÔĐô 30/10 Và 36/10 Vách Bệt – Giống Và Khác Nhau Ở Đâu?

Máy ÔĐô 30/10 và 36/10 phiên bản vách bệt nhìn bên ngoài khá giống nhau, từ hình thức bộ máy cho đến cơ cấu truyền động. Vì vậy nếu mới tìm hiểu, các bác rất dễ nhầm hai phiên bản này.

Điểm khác biệt quan trọng nằm ở chiều dài tay lắc: máy 30 sử dụng tay lắc ngắn hơn, còn máy 36 sử dụng tay lắc dài hơn. Một cách nhận biết trực tiếp khác là quan sát con số được thể hiện trên vách máy: một bên mang số 30, một bên mang số 36.

Nắm được hai đặc điểm này sẽ giúp các bác đối sánh và nhận biết máy chính xác hơn khi sưu tầm.

#O_Do #O_Do_30_10 #O_Do_36_10 #may_O_Do #vach_bet #tay_lac_O_Do #dong_ho_Phap #dong_ho_co #nhan_biet_dong_ho #suu_tam_dong_ho_co",0,"09/24/2026 19:03",https://www.facebook.com/donghonhakho.vn/posts/pfbid03A8dMnmGARhXneS8PRGBcdxbt43sfCcbLFP7sz1CSQ3VKdrcY1otupQnLCC1MZdql,Ảnh,,"Trọn đời",0,--,0,0,0,521,0,0,0,0,0,488,702,,
1689513602735651,100050310827163,"Đồng hồ Nhà kho","MK Pháp Thùng Lúa Mạch – 8 Côn Đồng 8 Búa

Một mẫu đồng hồ MK Pháp mang nét đẹp cổ điển với bộ thùng trang trí họa tiết lúa mạch, tạo hình mềm mại và cân đối đặc trưng của những chiếc đồng hồ châu Âu xưa. Bên trong là cấu hình 8 côn đồng kết hợp 8 búa, vừa thú vị về mặt cơ khí vừa tạo nên nét riêng khi thưởng thức tiếng chuông.

Sự kết hợp giữa bộ thùng lúa mạch và hệ thống côn đồng khiến chiếc đồng hồ trở thành một mẫu đáng để các bác yêu đồng hồ Pháp tìm hiểu, trưng bày và sưu tầm.

#MK #dong_ho_MK #dong_ho_Phap #thung_lua_mach #8_con_8_bua #con_dong #dong_ho_co #dong_ho_co_hoc #dong_ho_suu_tam #suu_tam_dong_ho_co",0,"09/24/2026 19:59",https://www.facebook.com/donghonhakho.vn/posts/pfbid0NhqpFgffZtiwuTLLRY92y2gBSPHaL1NFwdraovHPCcW5u8jxgQ8BVWSRk4P6CiYql,Ảnh,,"Trọn đời",0,--,0,0,0,206,1,0,1,0,0,192,307,,
1689520306068314,100050310827163,"Đồng hồ Nhà kho","Đồng hồ vai bò Junhan 5 côn đồng bạch – tiếng bính boong nghe cực đã tai- Mã số #1162
💵:4tr8
✨ Mẫu vai bò Đức dáng ngang nhỏ gọn, kích thước chỉ 46 × 21 cm nhưng hình thức rất cân đối. Thùng gỗ vân đẹp, nước bóng sâu, hai bên bo tròn mềm mại mang nét hoài cổ của đồng hồ châu Âu cổ.

✨ Bộ máy cơ lên cót, kết cấu chắc chắn, đi cùng 5 côn đồng bạch, tiếng bính boong: âm trong, ngân dài, có độ vang nhưng không chói. Bộ côn đồng bạch tạo chất âm đồng hồ cổ rất riêng, nghe trực tiếp càng cảm nhận rõ độ ngân và chiều sâu.

✔️ Một chiếc đồng hồ cơ cổ vừa đẹp để trưng bày, vừa thú vị để thưởng thức âm thanh. Đặc biệt cấu hình 5 côn đồng bạch là điểm cộng đáng kể về giá trị sưu tầm.

📐 Kích thước: 46 × 21 cm
📍 Hà Đông – Hà Nội
☎️ 𝟶𝟿𝟼𝟥 • 𝟜𝟝𝟞 • 𝟿𝟞𝟥

#dong_ho_vai_bo #dong_ho_Duc #dong_ho_co #dong_ho_co_Duc #dong_ho_co_hoc #dong_ho_5_con #con_dong_bach #dong_ho_binh_boong #am_thanh_dong_ho_co #dong_ho_nguyen_ban #dong_ho_suu_tam #suu_tam_dong_ho_co #do_co_chau_Au #gia_tri_suu_tam",0,"09/24/2026 20:09",https://www.facebook.com/donghonhakho.vn/posts/pfbid02EtHsznMUcbTwTzzkinkBjPm1Qyn7FYp1Zb7GMp9DdEqDo96A4qMuuLhDegKqV31yl,Ảnh,,"Trọn đời",1,--,0,0,0,501,2,0,1,0,0,486,701,,
1689533812733630,100050310827163,"Đồng hồ Nhà kho","ÔĐô 24 Đời 1957 – 10 Côn 11 Búa, 2 Bài Nhạc

Một cấu hình rất thú vị trên ÔĐô 24 đời 1957 là bộ máy 10 côn 11 búa, chơi được 2 bài nhạc Westminster và Ave Maria Lourdes. Số lượng búa nhiều hơn côn cho thấy cách bố trí hệ thống chuông khá đặc biệt, cũng là một chi tiết đáng chú ý khi các bác đối sánh máy.

Với người chơi ÔĐô, ngoài hình thức bên ngoài thì cấu hình côn, búa và hệ nhạc là những dữ liệu quan trọng để nhận diện từng đời máy, đồng thời giúp lưu lại tư liệu chính xác hơn cho quá trình tìm hiểu và sưu tầm.

#O_Do_24 #O_Do_1957 #10_con_11_bua #Westminster #Ave_Maria_Lourdes #dong_ho_Phap #dong_ho_co #may_dong_ho_co #dong_ho_suu_tam #suu_tam_dong_ho_co",0,"09/24/2026 20:28",https://www.facebook.com/donghonhakho.vn/posts/pfbid02fUaMRdC786oMqjYy2uNjZiLrdpPkvXQosDt5ft53TiFwx4B9CAXup7S1W1HeH282l,Ảnh,,"Trọn đời",0,--,0,0,0,568,3,0,3,0,0,538,807,,
1689567869396891,100050310827163,"Đồng hồ Nhà kho","Bộ Côn ÔĐô 36/10 – Chất Âm Được Người Chơi Ưa Chuộng

Đây là bộ côn của ÔĐô 36/10, cấu hình 10 côn 10 búa, chơi 2 bài nhạc Westminster và Gai-Carillon. Theo trải nghiệm của em, đây là một trong những cấu hình côn có chất âm rất hay, độ ngân và cách thể hiện bản nhạc khiến nhiều người sưu tầm ÔĐô yêu thích.

Em đăng bộ côn để các bác có thêm tư liệu tham khảo, đối sánh khi tìm hiểu dòng 36/10. Bên em bán đồng hồ nguyên chiếc, không bán lẻ riêng bộ côn.

#O_Do_36_10 #bo_con_O_Do #10_con_10_bua #Westminster #Gai_Carillon #dong_ho_Phap #dong_ho_co #am_thanh_dong_ho #dong_ho_suu_tam #suu_tam_dong_ho_co",0,"09/24/2026 21:21",https://www.facebook.com/donghonhakho.vn/posts/pfbid0fo2tb6eBSzTWBWWW29BvVPQx2ReXBXgAFEki82MjkP9dpafctxayyRzce42TwqDtl,Ảnh,,"Trọn đời",1,--,0,0,0,1075,6,0,5,0,0,1031,1441,,
1689625922724419,100050310827163,"Đồng hồ Nhà kho","Junhan W64 – Chất Máy Đức, Âm Thanh Đáng Nghe

Junhan W64 là một trong những dòng máy Đức khá quen thuộc với người chơi đồng hồ cổ. Điểm thú vị trên những phiên bản sử dụng côn đồng bạch nằm ở tiếng chuông trong, có độ ngân và nghe rất dễ chịu. Kết hợp với bộ thùng vai bò có không gian cộng hưởng tốt, chất âm càng có chiều sâu và rõ tiếng.

Một số mẫu W64 còn có chức năng ngắt chuông đêm, khá tiện khi sử dụng trong gia đình. Máy móc đẹp, kiểu dáng cổ điển cùng chất âm đặc trưng khiến W64 vẫn là một dòng Junhan rất thú vị để các bác tìm hiểu và sưu tầm.

#Junhan #Junhan_W64 #con_dong_bach #dong_ho_Duc #dong_ho_vai_bo #dong_ho_co #dong_ho_co_hoc #am_thanh_dong_ho #dong_ho_suu_tam #suu_tam_dong_ho_co",34,"09/24/2026 22:45",https://www.facebook.com/reel/1658048355711754/,"Thước phim",,"Trọn đời",2,+5x,0,0,0,722,13,1,9,0,3,646,801,8.147,5809.121
1689680232718988,100050310827163,"Đồng hồ Nhà kho","Đồng hồ vai bò Junhan máy W64 – 5 côn đồng bạch, chất âm rất cuốn- Mã số #1041
💵:10tr5
✨ Mẫu đồng hồ vai bò Đức mang dáng cổ điển cân đối, thùng gỗ vân đẹp, hai bên tạo khối vuông kết hợp họa tiết chạm nhẹ. Mặt số nổi tông vàng trên nền gỗ tạo cảm giác ấm và rất đúng chất đồng hồ châu Âu cổ.

✨ Bên trong sử dụng máy W64, kết hợp 5 côn đồng bạch. Bộ côn cho tiếng chuông trong, độ ngân tốt, âm thoát và dễ nghe; càng nghe trong không gian yên tĩnh càng cảm nhận rõ nét đặc trưng của dòng đồng hồ cơ cổ Đức.

⭐️ Đây cũng là cấu hình được nhiều người chơi đồng hồ vai bò ưa chuộng bởi kiểu dáng đẹp, bộ máy cơ khí chắc chắn và đặc biệt là chất âm đồng hồ cổ từ dàn côn đồng bạch có nét riêng, rất đáng để sưu tầm.

✨ Kích thước: 58 × 22 cm

📍 Hà Đông – Hà Nội
☎️ 𝟶𝟿𝟼𝟥 • 𝟜𝟝𝟞 • 𝟿𝟞𝟥

#donghoco #donghocoDuc #donghococo #donghococDuc #donghococ5con #conDongBach #donghocoW64 #donghocoChauAu #donghonguyenban #donghosuutam #suutamdonghoco #chatamdonghoco",0,"09/25/2026 00:16",https://www.facebook.com/donghonhakho.vn/posts/pfbid0REwxtgJ65bkUqYLSojacNMcU6AewYVpBH38uheVtJxoTqMQ61gaDBcg2zsh4tKwGl,Ảnh,,"Trọn đời",1,--,0,0,0,634,1,0,0,0,0,621,875,,
1689696599384018,100050310827163,"Đồng hồ Nhà kho","Đồng hồ vai bò Đức côn vòng kép – Chất âm đậm nét hoài niệm- Mã số #835
💵:2tr5
✨ Một mẫu đồng hồ vai bò Đức dáng cổ điển, kích thước nhỏ gọn nhưng rất có duyên. Thùng gỗ dáng uốn cong mềm mại, mặt số tròn màu đồng cùng bộ kim cổ tạo đúng nét đồng hồ châu Âu cổ, càng ngắm càng thấy chất xưa.

✨ Bên trong là bộ máy cơ lên cót, kết hợp côn vòng kép. Cứ 30 phút đồng hồ điểm chuông một lần, tiếng chuông không quá phô trương mà thiên về âm trầm, mộc và có độ ngân, nghe rất đặc trưng của những chiếc đồng hồ cơ cổ lâu năm.

⭐️ Một mẫu phù hợp để bàn, kệ tủ hoặc góc trưng bày đồ cổ châu Âu, vừa gọn vừa mang giá trị sưu tầm và cảm giác hoài niệm rất rõ.

📐 Kích thước: 43 × 23 cm
📍 Hà Đông – Hà Nội
☎️ 𝟶𝟿𝟼𝟥 • 𝟺𝟻𝟼 • 𝟿𝟼𝟥

#donghovaibo #donghocoDuc #donghoco #donghococo #donghocovong #donghocoHoc #donghochâuÂucổ #donghosuutam #suutamdonghoco #docochauAu #amthanhdonghoco #chatamdonghoco",0,"09/25/2026 00:38",https://www.facebook.com/donghonhakho.vn/posts/pfbid0CaQE9XwwsAyh3L2YBDBvfX23cJj7MV7GMTtfzqQpe69FDz3Q6EALyA8tKgScMfDNl,Ảnh,,"Trọn đời",1,--,0,0,0,711,5,0,3,0,1,685,991,,
1689717772715234,100050310827163,"Đồng hồ Nhà kho","Vai bò Junhan 5 côn đồng bạch- Dáng đẹp, chất âm dễ nghe
✨ Máy W64, cơ cấu chắc chắn, bền bỉ
✨ 5 côn đồng bạch cho chất âm trong, ngân tốt, nghe rất dễ chịu
✨ Đây là mẫu vai bò được rất nhiều người chơi sưu tầm
✨ Kích thước: 69x25 cm
☎️ 0963.456.963 
🏠 Địa chỉ:  khu đô thị Văn Phú, Hà Đông, Hà Nội.
#donghovaibo #donghoco #donghoduc #donghosuutam #donghochauau",0,"09/25/2026 01:08",https://www.facebook.com/donghonhakho.vn/posts/pfbid02ePfqVeppYMMUJQrQ9kcgABz4EUzxFmL7NC7iw3dfZDLGR5wmxV5gExkicpgCp4Hvl,Ảnh,,"Trọn đời",1,--,0,0,0,523,2,0,1,0,0,511,754,,
1690390412647970,100050310827163,"Đồng hồ Nhà kho","Đồng Hồ Phù Điêu Kết Hợp Phong Vũ Biểu – Một Vật Dụng Hữu Ích Của Người Xưa

Đồng hồ phù điêu kết hợp phong vũ biểu là một món đồ khá thú vị khi tích hợp nhiều chức năng trên cùng một sản phẩm: xem giờ, theo dõi nhiệt độ và áp suất khí quyển.

Trong những gia đình thời xưa, khi thông tin và ngành khí tượng chưa phát triển thuận tiện như ngày nay, những thông số này mang nhiều giá trị sử dụng trong đời sống. Bên cạnh công năng, phần phù điêu còn tạo nên nét trang trí cổ điển rất riêng. Ngày nay, những chiếc còn giữ được hình thức đẹp và các chức năng nguyên bản càng thú vị đối với người yêu đồ cổ châu Âu.

#dong_ho_phu_dieu #phong_vu_bieu #nhiet_ke #ap_suat_khi_quyen #dong_ho_co #dong_ho_chau_Au #do_co_chau_Au #dong_ho_co_hoc #do_xua #suu_tam_do_co",33,"09/25/2026 16:57",https://www.facebook.com/reel/1645482720496082/,"Thước phim",,"Trọn đời",3,+6.2x,0,0,0,2553,19,1,13,0,3,2406,2674,3.052,7682.337
1690450149308663,100050310827163,"Đồng hồ Nhà kho","Que Côn Zin Có Màu Gì?

Que côn zin trên đồng hồ cổ không nhất thiết có một màu cố định. Màu sắc trên thép có thể hình thành trong quá trình xử lý nhiệt chứ không đơn thuần là lớp sơn phủ. Tùy nhiệt độ, thời gian và cách xử lý của từng người thợ, bề mặt côn có thể xuất hiện những sắc độ như xanh, tím, xám hoặc đậm nhạt khác nhau.

Vì vậy, nếu gặp một bộ côn có màu xanh hoặc đen đồng đều bất thường, các bác nên kiểm tra thêm các đặc điểm khác trước khi đánh giá nguồn gốc. Không nên chỉ dựa vào màu sắc để kết luận côn zin hay không.

#que_con_zin #bo_con_dong_ho #dong_ho_co #dong_ho_co_hoc #may_dong_ho_co #am_thanh_dong_ho #kinh_nghiem_dong_ho #dong_ho_chau_Au #dong_ho_suu_tam #suu_tam_dong_ho_co",51,"09/25/2026 18:38",https://www.facebook.com/reel/2148521159067100/,"Thước phim",,"Trọn đời",0,+2.6x,0,0,0,4867,29,3,24,3,3,4760,5370,10.523,50859.157
1690502519303426,100050310827163,"Đồng hồ Nhà kho","Đồng hồ lộ cơ và Trạm thời tiết chính hãng Barigo - Đức",0,"09/25/2026 19:59",https://www.facebook.com/donghonhakho.vn/posts/pfbid0GYBMZwum9whsHrtRTvPjnSjqE1H61AVCVuycFrGZAbh14fBPUN3ufp4g8iqR8S9Fl,Ảnh,,"Trọn đời",0,--,0,0,0,399,2,0,2,0,0,391,565,,
1690590715961273,100050310827163,"Đồng hồ Nhà kho","Xanh Cobalt Đầy Cuốn Hút

Một mẫu World Clock rất thú vị do Richard Good thiết kế, sử dụng bộ máy cơ của Arthur Imhof – Thụy Sĩ. Điểm nổi bật nhất chính là quả địa cầu mang sắc xanh cobalt sâu, kết hợp cùng hệ khung kim loại ánh vàng và lồng kính tạo nên vẻ đẹp rất đặc biệt.

Đồng hồ không chỉ để xem giờ mà còn sử dụng vòng 24 giờ, giúp theo dõi thời gian tại nhiều khu vực trên thế giới. Thiết kế kết hợp đồng thau mạ vàng, địa cầu và đế gỗ vừa mang tính cơ khí vừa giàu giá trị trưng bày.

Đặc biệt, chiếc này còn đầy đủ giấy tờ đi kèm, một yếu tố rất thú vị để lưu giữ nguồn gốc và lịch sử của hiện vật.

#World_Clock #dong_ho_dia_cau #Arthur_Imhof #Richard_Good #dong_ho_Thuy_Si #dong_ho_co #dong_ho_co_hoc #dong_ho_the_gioi #dong_ho_suu_tam #suu_tam_dong_ho_co",0,"09/25/2026 22:16",https://www.facebook.com/donghonhakho.vn/posts/pfbid023WLPi4VQUnLcsN9yhgnJFnYid6oAbw32gpTVt9gtPs4merkKE2HmoiUFGf4ZHFHBl,Ảnh,,"Trọn đời",2,--,0,0,0,456,3,0,1,0,0,436,631,,
1690606112626400,100050310827163,"Đồng hồ Nhà kho","Hermle Mái Vòm – Nét Đức Nhẹ Nhàng Và Thanh Lịch

Hermle mái vòm mang một dáng vẻ rất riêng, phần thùng được tạo hình mái cong mềm mại, tổng thể cân đối và không quá cầu kỳ. Đây là kiểu đồng hồ cơ Đức dễ bố trí trên bàn, tủ hoặc trong những không gian cần một điểm nhấn cổ điển.

Bên trong là bộ máy cơ Hermle, vận hành nhẹ nhàng, kết hợp cơ cấu điểm chuông tạo nên cảm giác thư thái khi sử dụng. Với người chơi, sức hút của dòng mái vòm nằm ở sự hài hòa giữa kiểu dáng, chuyển động cơ khí và âm thanh, càng giữ được tình trạng nguyên bản càng thú vị để sưu tầm.

#Hermle #dong_ho_Hermle #dong_ho_Duc #dong_ho_mai_vom #dong_ho_co #dong_ho_co_hoc #dong_ho_de_ban #dong_ho_nguyen_ban #dong_ho_suu_tam #suu_tam_dong_ho_co",7,"09/25/2026 22:38",https://www.facebook.com/reel/1788548715663799/,"Thước phim",,"Trọn đời",5,+9.8x,0,0,0,4832,36,2,26,1,4,4793,6107,4.425,21075.415
1690664645953880,100050310827163,"Đồng hồ Nhà kho","Trạm Khí Tượng Barigo Đức – Ba Thông Số Trong Một Thiết Bị

Một món đồ cơ khí rất thú vị của Barigo – Made in Germany, thường được gọi là trạm khí tượng để bàn. Thiết kế dạng trụ bằng kim loại, chia thành ba tầng riêng biệt, mỗi tầng đảm nhiệm một chức năng quan sát môi trường.

Phía trên là Barometer đo áp suất khí quyển, tầng giữa là Thermometer đo nhiệt độ và phía dưới là Hygrometer đo độ ẩm. Các thang chia được bố trí chạy vòng quanh thân, tạo nên kiểu dáng vừa khoa học vừa đẹp mắt.

Ngày nay những trạm khí tượng cơ kiểu này không chỉ có giá trị sử dụng mà còn rất thú vị khi trưng bày cùng đồng hồ và đồ cơ khí châu Âu cổ.

#Barigo #tram_khi_tuong #Made_in_Germany #phong_vu_bieu #nhiet_ke #am_ke #do_co_Duc #do_co_chau_Au #do_co_khi #suu_tam_do_co",27,"09/26/2026 00:10",https://www.facebook.com/reel/1101342968900918/,"Thước phim",,"Trọn đời",9,+15.9x,0,0,0,6186,51,5,36,3,4,6026,7130,9.008,54880.096
1690701392616872,100050310827163,"Đồng hồ Nhà kho","Âm Thanh ÔĐô 36/10 – Nghe Là Thấy Chất

ÔĐô 36/10 với cấu hình 10 côn 10 búa nguyên bản luôn tạo được cảm giác rất riêng khi nghe trực tiếp. Bộ côn còn đúng cấu hình, búa hoạt động đều giúp tiếng nhạc có độ vang, ngân và tách nốt rõ, không bị rối tiếng.

Đặc biệt khi bộ máy được căn chỉnh tốt, nhịp đánh thong thả, từng tiếng côn nối tiếp nhau nghe rất dễ chịu. Với người chơi đồng hồ cổ, một chiếc ÔĐô 36/10 còn giữ được bộ côn và hệ búa nguyên bản, chất âm tốt chính là điểm rất đáng để trải nghiệm và lưu giữ.

#ÔĐô #Odo36 #Odo36_10 #dong_ho_Odo #dong_ho_co #10_con_10_bua #am_thanh_dong_ho #dong_ho_Phap #dong_ho_suu_tam #suu_tam_dong_ho_co",14,"09/26/2026 01:08",https://www.facebook.com/reel/5058625644364335/,"Thước phim",,"Trọn đời",12,+24.1x,0,0,0,14311,167,26,142,4,9,14239,19866,9.594,135167.638
1690757125944632,100050310827163,"Đồng hồ Nhà kho","Một Quả Địa Cầu Xanh – Cả Thế Giới Nằm Trong Chiếc Đồng Hồ

Không cần quá nhiều chi tiết cầu kỳ, mẫu World Clock này đã đủ gây ấn tượng bằng quả địa cầu mang sắc xanh cobalt sâu thẳm, nổi bật giữa những vòng kim loại ánh vàng và lồng kính trong suốt.

Thiết kế của Richard Good, kết hợp cùng bộ máy cơ Arthur Imhof – Thụy Sĩ, biến chiếc đồng hồ thành sự giao thoa thú vị giữa thời gian, địa lý và nghệ thuật cơ khí. Vòng 24 giờ cho phép quan sát thời gian ở nhiều khu vực trên thế giới.

Đặc biệt chiếc này còn đầy đủ giấy tờ đi kèm. Một món đồ mà càng ngắm sắc xanh của địa cầu, càng thấy có sức hút rất riêng.

#WorldClock #RichardGood #ArthurImhof #dong_ho_Thuy_Si #dong_ho_dia_cau #dong_ho_co #dong_ho_co_hoc #dong_ho_the_gioi #dong_ho_suu_tam #suu_tam_dong_ho_co",149,"09/26/2026 02:34",https://www.facebook.com/reel/1397097832558599/,"Thước phim",,"Trọn đời",10,+22.3x,0,0,0,2049,24,1,13,0,3,1992,2261,8.15,16976.839
1691395779214100,100050310827163,"Đồng hồ Nhà kho","Bộ Máy ÔĐô 36/10 Nguyên Bản

Đây là bộ máy ÔĐô 36/10 nguyên bản, không phải hàng nhận định hay máy ghép dựa trên phỏng đoán. Cấu hình 10 côn 10 búa, một trong những dòng máy rất thú vị để anh em chơi ÔĐô nghiên cứu và đối chiếu.

Khi xem một bộ máy nguyên bản, ngoài hình thức còn nên quan sát tổng thể hệ máy, bộ côn, hệ búa và cách các chi tiết phối hợp với nhau. Đây cũng là nguồn tư liệu thực tế hữu ích để các bác có thêm cơ sở khi sưu tầm, thẩm định và giao lưu đồng hồ ÔĐô 36/10.

#ÔĐô #Odo36 #Odo36_10 #10con10bua #may_dong_ho_Odo #dong_ho_co #dong_ho_Phap #dong_ho_co_hoc #dong_ho_nguyen_ban #suu_tam_dong_ho_co",13,"09/26/2026 18:07",https://www.facebook.com/reel/1059824527057172/,"Thước phim",,"Trọn đời",26,+41.1x,0,0,0,11584,105,9,70,5,5,11290,16347,8.84,100474.177
1691401512546860,100050310827163,"Đồng hồ Nhà kho","ÔĐô 36/10 Zin – Nguyên Bụi Tây, Chất Âm Rất Hay

Một chiếc ÔĐô 36/10 zin nguyên bản, đặc biệt còn giữ tình trạng nguyên bụi Tây sau nhiều năm chưa sử dụng. Chính trạng thái này giúp người chơi có cơ hội quan sát chiếc đồng hồ gần với tình trạng cũ trước khi được vệ sinh và bảo dưỡng lại.

Cấu hình 10 côn 10 búa, chất âm nghe rất hay, tiếng côn có độ vang và ngân đặc trưng. Với đồng hồ cổ, gặp được một chiếc còn nguyên bản, chưa qua can thiệp nhiều luôn mang lại cảm giác rất thú vị cho người thích nghiên cứu và sưu tầm.

#ÔĐô #Odo36 #Odo36_10 #10con10bua #dong_ho_Odo #dong_ho_co #dong_ho_Phap #dong_ho_nguyen_ban #am_thanh_dong_ho #suu_tam_dong_ho_co",30,"09/26/2026 18:17",https://www.facebook.com/reel/4565770697015739/,"Thước phim",,"Trọn đời",2,+4.6x,0,0,0,5060,45,1,41,1,1,4784,6112,9.307,45990.185
1691405729213105,100050310827163,"Đồng hồ Nhà kho","Mở Thùng ÔĐô 36/10 – Dấu Vết Thời Gian Còn Nguyên

Mở thùng chiếc ÔĐô 36/10 sau một thời gian rất dài không được sử dụng, thứ hiện ra đầu tiên là bụi bặm phủ trên bộ máy cùng những dấu vết của năm tháng. Không bóng bẩy, không được làm sạch trước, nhưng chính trạng thái ấy lại cho người chơi cơ hội quan sát chiếc đồng hồ gần với hiện trạng lâu năm của nó.

Từ bộ máy, hệ búa đến bộ côn đều mang màu thời gian rất rõ. Với đồng hồ cổ, đôi khi lớp bụi cũ cũng là một phần thú vị của hành trình tìm hiểu, kiểm tra và bảo tồn một chiếc máy xưa.

#ÔĐô #Odo36 #Odo36_10 #dong_ho_Odo #dong_ho_co #dong_ho_Phap #may_dong_ho_co #dong_ho_nguyen_ban #dau_vet_thoi_gian #suu_tam_dong_ho_co",19,"09/26/2026 18:24",https://www.facebook.com/reel/1073864061931634/,"Thước phim",,"Trọn đời",1,+4.2x,0,0,0,5168,21,1,16,0,4,5043,6275,7.457,38079.273
1691421385878206,100050310827163,"Đồng hồ Nhà kho","Tranh Sơn Dầu Cổ – Đức Mẹ Maria Bồng Chúa Giêsu

Một bức tranh sơn dầu cổ mang chủ đề Công giáo, khắc họa hình tượng Đức Mẹ Maria bồng Chúa Giêsu – đề tài quen thuộc trong nghệ thuật Kitô giáo châu Âu qua nhiều thế kỷ.

Hình ảnh người mẹ ôm con tạo cảm giác dịu dàng, bình an và giàu chiều sâu. Với những bức tranh đã trải qua nhiều năm tháng, màu sơn, bề mặt và dấu vết thời gian lại tạo nên nét cổ kính rất riêng. Đây không chỉ là một tác phẩm trang trí mà còn mang ý nghĩa tôn giáo, văn hóa và tinh thần, phù hợp với người yêu tranh cổ và nghệ thuật Công giáo.

#tranh_son_dau #tranh_co #Duc_Me_Maria #Chua_Giesu #tranh_Cong_giao #nghe_thuat_Cong_giao #tranh_chau_Au #do_co_chau_Au #suu_tam_tranh_co",22,"09/26/2026 18:51",https://www.facebook.com/reel/1814207343336978/,"Thước phim",,"Trọn đời",0,+1.7x,0,0,0,463,4,0,1,0,3,420,526,3.209,1508.33
1691434239210254,100050310827163,"Đồng hồ Nhà kho","ÔĐô 36/10 – Dấu Vết Của Hàng Chục Năm Thời Gian

Một chiếc ÔĐô 36/10 đã tồn tại hàng chục năm nên trên bộ máy, thùng và các chi tiết không tránh khỏi những dấu vết của thời gian. Bụi cũ, màu kim loại đã xuống và những vết sử dụng chính là những gì năm tháng để lại trên một chiếc đồng hồ cơ xưa.

Với người chơi đồ cổ, đôi khi không cần mọi thứ phải sáng bóng như mới. Quan trọng hơn là được quan sát tình trạng thực tế, cấu hình 10 côn 10 búa và những chi tiết còn được gìn giữ qua nhiều thập kỷ.

#ÔĐô #Odo36 #Odo36_10 #10con10bua #dong_ho_Odo #dong_ho_co #dong_ho_Phap #dau_vet_thoi_gian #dong_ho_suu_tam #suu_tam_dong_ho_co",32,"09/26/2026 19:12",https://www.facebook.com/reel/2117645819125553/,"Thước phim",,"Trọn đời",1,+4.2x,0,0,0,1068,12,1,8,0,4,974,1244,9.85,10391.769
1691437365876608,100050310827163,"Đồng hồ Nhà kho","Tiếng Bính Boong Đặc Trưng Trên ÔĐô 10 Côn 10 Búa

Một điểm rất thú vị trên những chiếc ÔĐô treo tường 10 côn 10 búa, chơi 2 bản Westminster và Gai-Carillon chính là phần điểm giờ bính boong.

Khác với phần chơi nhạc theo giai điệu, khi đến giờ hệ điểm tạo tiếng “bính – boong” trầm, rõ và có độ ngân riêng. Chính sự kết hợp giữa 10 côn 10 búa, hai bản nhạc và tiếng điểm giờ bính boong tạo nên chất âm rất dễ nhận biết của nhóm ÔĐô này.

Một chi tiết nhỏ nhưng rất đáng để các bác lưu ý khi tìm hiểu và đối chiếu những chiếc ÔĐô cổ nguyên bản.

#ÔĐô #Odo10con10bua #Westminster #GaiCarillon #binhboong #dong_ho_Odo #dong_ho_co #dong_ho_Phap #am_thanh_dong_ho #suu_tam_dong_ho_co",53,"09/26/2026 19:17",https://www.facebook.com/reel/1825132061844962/,"Thước phim",,"Trọn đời",1,+4.3x,0,0,0,1202,16,1,11,0,4,1177,1442,11.748,14545.104
1692316185788726,100050310827163,"Đồng hồ Nhà kho","Bộ Đồng Hồ Ba Món Đức Khoảng 1962 – Đồng Vàng, Chuông Chén Bính Boong

Một bộ đồng hồ ba món của Đức, niên đại khoảng 1962, gồm đồng hồ trung tâm kết hợp cùng cặp chân nến, tạo thành tổng thể cân đối và đậm phong cách trang trí châu Âu xưa.

Bộ sản phẩm nổi bật với chất liệu đồng vàng, chiều cao khoảng 62 cm, vừa bề thế vừa có giá trị trưng bày. Điểm thú vị nằm ở hệ chuông chén, khi điểm giờ tạo tiếng bính boong vang và ngân đặc trưng. Một bộ ba món vừa có vẻ đẹp của đồ đồng cổ, vừa mang nét hấp dẫn riêng của cơ khí đồng hồ Đức.

#dong_ho_Duc #dong_ho_ba_mon #chan_nen_dong #dong_vang #chuong_chen #binh_boong #dong_ho_co #dong_ho_co_hoc #do_co_chau_Au #suu_tam_dong_ho_co",28,"09/27/2026 16:33",https://www.facebook.com/reel/28439155485726355/,"Thước phim",,"Trọn đời",7,+12x,0,0,0,3813,28,2,18,1,3,3790,4114,4.771,17879.867
1692328592454152,100050310827163,"Đồng hồ Nhà kho","ÔĐô 24 Đời 1954 – 10 Búa 6 Côn, Hai Bản Nhạc

Một cấu hình rất thú vị của ÔĐô 24 đời máy 1954, sử dụng 10 búa kết hợp 6 côn, chơi 2 bản nhạc Sonodo và Westminster. Số lượng côn ít hơn số búa nhưng cách bố trí hệ búa cho phép khai thác các nốt khác nhau trên bộ côn để tạo nên phần nhạc đặc trưng.

Đây cũng là một cấu hình đáng để các bác lưu lại làm tư liệu khi nghiên cứu ÔĐô 24, bởi ngoài đời máy và hình thức bộ máy, số côn, số búa và hệ nhạc là những chi tiết rất hữu ích khi đối chiếu đồng hồ cổ.

#ÔĐô #Odo24 #Odo1954 #Sonodo #Westminster #10bua6con #dong_ho_Odo #dong_ho_Phap #dong_ho_co #suu_tam_dong_ho_co",39,"09/27/2026 16:56",https://www.facebook.com/reel/1083913580887459/,"Thước phim",,"Trọn đời",0,+1.9x,0,0,0,2489,21,0,19,0,3,2424,2611,3.289,8071.37
1692333502453661,100050310827163,"Đồng hồ Nhà kho","Royal Geographical Society Millennium Clock – Chiếc Đồng Hồ Chào Đón Thiên Niên Kỷ

Một chiếc đồng hồ rất đặc biệt được Franklin Mint thực hiện cho Royal Geographical Society, ra đời vào thời điểm chuyển giao sang thiên niên kỷ mới. Điểm nhận diện nổi bật là quả địa cầu thủy tinh xanh cobalt, các lục địa ánh vàng, hệ vòng thiên thể cùng mặt trăng nhỏ chuyển động quanh địa cầu. (Fontaines Auction)

Bên dưới là bộ máy cơ lên cót khoảng 8 ngày, kết hợp phần hiển thị liên quan đến mốc năm 2000. Toàn bộ được đặt trên đế gỗ, hệ cột và khung kim loại, bảo vệ bởi lồng kính. (Fontaines Auction)

Đặc biệt chiếc đang sưu tầm còn đầy đủ giấy tờ đi kèm, càng làm rõ câu chuyện và nguồn gốc của một mẫu đồng hồ được tạo ra để ghi dấu thời khắc nhân loại bước sang thiên niên kỷ mới.

#RoyalGeographicalSociety #MillenniumClock #FranklinMint #dong_ho_dia_cau #dia_cau_xanh #dong_ho_co #dong_ho_co_hoc #dong_ho_suu_tam #do_co_chau_Au",21,"09/27/2026 17:05",https://www.facebook.com/reel/2119722698627668/,"Thước phim",,"Trọn đời",0,+2.5x,0,0,0,2787,27,-1,21,5,4,2776,3078,3.574,9995.191
1692533705766974,100050310827163,"Đồng hồ Nhà kho","ÔĐô 24 Đời 1954 – 6 Côn 10 Búa, Hai Bản Nhạc

Một cấu hình rất thú vị của ÔĐô 24 đời 1954, sử dụng bộ 6 côn 10 búa, chơi 2 bản nhạc Sonodo và Westminster. Cách bố trí nhiều búa trên 6 côn tạo nên phần nhạc có cách thể hiện khá đặc trưng, nghe vui tai và giàu chất đồng hồ Pháp xưa.

Ngoài đời máy, khi tìm hiểu ÔĐô 24 các bác nên quan sát kỹ bộ côn, số lượng búa và hệ nhạc. Đây đều là những chi tiết hữu ích để đối chiếu, nghiên cứu và sưu tầm những chiếc ÔĐô cổ còn giữ cấu hình nguyên bản.

#ÔĐô #Odo24 #Odo1954 #Sonodo #Westminster #6con10bua #dong_ho_Odo #dong_ho_Phap #dong_ho_co #suu_tam_dong_ho_co",132,"09/27/2026 22:33",https://www.facebook.com/reel/1088486660545192/,"Thước phim",,"Trọn đời",0,+5.9x,0,0,0,1943,13,1,10,0,3,1813,2048,5.368,10420.091
1692647625755582,100050310827163,"Đồng hồ Nhà kho","Đồng Hồ Để Bàn Italia – Sắc Xanh Cobalt Đầy Cuốn Hút

Một mẫu đồng hồ để bàn Italia cao khoảng 40 cm, nổi bật với sắc xanh cobalt kết hợp hài hòa giữa kim loại và gốm sứ. Các chi tiết được bố trí cân đối, vừa mang nét cổ điển châu Âu vừa tạo điểm nhấn trang trí rất đẹp trong không gian.

Điểm thú vị nằm ở hệ chuông chén, cứ 30 phút điểm chuông một lần, tiếng ngân gọn và dễ nghe. Sự kết hợp giữa màu men xanh sâu, chi tiết kim loại và âm thanh cơ khí khiến chiếc đồng hồ vừa đẹp để ngắm, vừa thú vị để trải nghiệm và sưu tầm.

#dong_ho_Italia #dong_ho_de_ban #xanh_cobalt #gom_su #chuong_chen #dong_ho_co #dong_ho_co_hoc #do_co_chau_Au #dong_ho_suu_tam #suu_tam_dong_ho_co",0,"09/28/2026 01:36",https://www.facebook.com/donghonhakho.vn/posts/pfbid02Y2eczqaMamVcSdfgu6mD7xvifDJkyJdtbPBn4Pf1jGGJSw9F4RxKKtn4MiHnfDAVl,Ảnh,,"Trọn đời",0,--,0,0,0,301,1,0,0,0,1,292,416,,
1692686989084979,100050310827163,"Đồng hồ Nhà kho","Đồng Hồ Để Bàn Italia – Sắc Xanh Cobalt Đậm Chất Châu Âu

Một mẫu đồng hồ để bàn Italia cao 40 cm gây ấn tượng bởi sắc xanh cobalt sâu và nổi bật. Sự kết hợp giữa gốm sứ và các chi tiết kim loại tạo nên tổng thể hài hòa, cân đối, vừa sang trọng vừa mang nét cổ điển rất riêng.

Đồng hồ sử dụng chuông chén, cứ 30 phút lại điểm chuông một lần, tiếng bính boong nhẹ nhàng và có độ ngân dễ chịu. Từ màu sắc, chất liệu cho đến âm thanh đều tạo nên một món đồ vừa có công năng xem giờ, vừa đẹp để decor và sưu tầm.

#dong_ho_Italia #dong_ho_de_ban #xanh_cobalt #dong_ho_gom_su #chuong_chen #binh_boong #dong_ho_co #do_co_chau_Au #dong_ho_suu_tam #suu_tam_dong_ho_co",59,"09/28/2026 02:36",https://www.facebook.com/reel/1613133420214253/,"Thước phim",,"Trọn đời",6,+10.9x,0,0,0,811,14,-1,5,0,4,791,896,3.632,2989.454
1682606350093043,100050310827163,"Đồng hồ Nhà kho","Đồng hồ 400 ngày – Ba kiểu dáng thường gặp

Đồng hồ 400 ngày là một dòng đồng hồ cơ đặc biệt, nổi bật với bộ quả lắc xoắn quay chậm và khả năng vận hành rất lâu sau mỗi lần lên dây, vì vậy thường được gọi là “400 ngày”.

Trong ảnh là ba kiểu dáng thường gặp: lồng đèn vuông, lồng đèn dáng vòm và úp ly. Hình thức bên ngoài có thể khác nhau khá nhiều, từ khung kính vuông vức, dáng vòm cổ điển cho tới chụp kính úp ly quen thuộc, nhưng nguyên lý và kết cấu bộ máy bên trong về cơ bản tương đồng.

Đặc trưng dễ nhận biết nhất là quả lắc xoắn phía dưới bộ máy. Thay vì đung đưa sang hai bên như đồng hồ quả lắc thông thường, quả lắc quay chậm qua lại quanh trục dây treo, giúp tiêu hao rất ít năng lượng.

Nhiều mẫu đồng hồ 400 ngày cổ mà giới sưu tầm thường gặp có xuất xứ từ Đức, nơi từng có nhiều nhà sản xuất nổi tiếng phát triển dòng đồng hồ này. Chính sự kết hợp giữa cơ khí tinh tế, chuyển động chậm rãi và kiểu dáng trưng bày đẹp mắt đã khiến đồng hồ 400 ngày trở thành một nhánh rất thú vị trong thế giới đồng hồ cơ cổ.

#dong_ho_400_ngay #dong_ho_up_ly #dong_ho_co_duc #dong_ho_co #giao_lo_xua",45,"09/17/2026 00:43",https://www.facebook.com/reel/1562555868250252/,"Thước phim",,"Trọn đời",6,+10.6x,0,0,0,1893,17,2,8,0,3,1845,2058,4.905,9324.625
1661944638825881,100050310827163,"Đồng hồ Nhà kho","Đồng Hồ Vai Bò Đức 5 Côn- Dáng Tivi Nhỏ Gọn- Mã số #665
💵: 3tr9
✨ Một mẫu đồng hồ cổ Đức có dáng tivi khá duyên, thân gỗ trải ngang thanh thoát, mặt số vuông bo góc mang đậm phong cách châu Âu cổ. Kích thước 51 × 19 cm, nhỏ gọn nên rất dễ trưng bày.

⚙️ Bộ máy cổ Đức cơ khí lên cót tay, 3 ổ cót, kết cấu còn đẹp. Mặt sau có núm ngắt chuông tiện dụng

🔔 Hệ 5 côn 5 búa, tiếng chuông ngân vang, âm sắc ấm và gọn; thùng gỗ giúp chất âm đồng hồ cổ thêm phần dễ nghe.

✨ Một mẫu đồng hồ cơ cổ vừa đẹp về kiểu dáng, vừa có giá trị sưu tầm.

📍 ĐC: Khu đo thị Văn Phú, Hà Đông, Hà Nội
☎️ 0963.456.963 

#donghoco #donghocoDuc #donghoco5con #donghocoquaLac #suutamdonghoco",0,"08/23/2026 21:41",https://www.facebook.com/donghonhakho.vn/posts/pfbid0LDFKz7kxZrYgffv2ttswvgm3xpXkz5mNnrsokDWPgSMYiR63UpAhBWRBpApGAeXhl,Photo,,"Trọn đời",1,--,0.06,0.06,0,733,,,3,0,1,700,1021,,,4,0
1661892295497782,100050310827163,"Đồng hồ Nhà kho","Ô Đô 36/10 – Một chất âm có bản sắc riêng

Âm thanh của Ô Đô 36/10 có cá tính riêng, bản lĩnh riêng và bản sắc riêng. Tiếng chuông ngân nga, cách thể hiện giai điệu giàu màu sắc khiến dòng đồng hồ cổ Pháp này tạo được dấu ấn rất rõ với người nghe. Chính chất âm khó trộn lẫn ấy là một trong những lý do Ô Đô 36/10 được nhiều anh em chơi và sưu tầm đồng hồ cổ yêu thích.

#DongHoCo #DongHoCoPhap #AmThanhDongHoCo #ChatAmDongHoCo #SuuTamDongHoCo",46,"08/23/2026 20:13",https://www.facebook.com/reel/1078439514891771/,"Thước phim",,"Trọn đời",4,+9x,0,0,0,4250,,,38,2,4,3893,4808,10.51,43408.703,48,0
1682599196760425,100050310827163,"Đồng hồ Nhà kho","Đồng hồ 400 ngày – Ba kiểu dáng thường gặp

Đồng hồ 400 ngày là một dòng đồng hồ cơ đặc biệt, nổi bật với bộ quả lắc xoắn quay chậm và khả năng vận hành rất lâu sau mỗi lần lên dây, vì vậy thường được gọi là “400 ngày”.

Trong ảnh là ba kiểu dáng thường gặp: lồng đèn vuông, lồng đèn dáng vòm và úp ly. Hình thức bên ngoài có thể khác nhau khá nhiều, từ khung kính vuông vức, dáng vòm cổ điển cho tới chụp kính úp ly quen thuộc, nhưng nguyên lý và kết cấu bộ máy bên trong về cơ bản tương đồng.

Đặc trưng dễ nhận biết nhất là quả lắc xoắn phía dưới bộ máy. Thay vì đung đưa sang hai bên như đồng hồ quả lắc thông thường, quả lắc quay chậm qua lại quanh trục dây treo, giúp tiêu hao rất ít năng lượng.

Nhiều mẫu đồng hồ 400 ngày cổ mà giới sưu tầm thường gặp có xuất xứ từ Đức, nơi từng có nhiều nhà sản xuất nổi tiếng phát triển dòng đồng hồ này. Chính sự kết hợp giữa cơ khí tinh tế, chuyển động chậm rãi và kiểu dáng trưng bày đẹp mắt đã khiến đồng hồ 400 ngày trở thành một nhánh rất thú vị trong thế giới đồng hồ cơ cổ.

#dong_ho_400_ngay #dong_ho_up_ly #dong_ho_co_duc #dong_ho_co #giao_lo_xua",0,"09/17/2026 00:33",https://www.facebook.com/donghonhakho.vn/posts/pfbid02caW3HiexMs6wU21K9Psp6A8FjXnWQ7FJavPP9FhAN7vnUYNHiFpTVryhqLZPWUC7l,Photo,,"Trọn đời",0,--,0.03,0.03,0,501,,,0,0,0,499,676,,,0,0
1682514606768884,100050310827163,"Đồng hồ Nhà kho","40x60cm vao bò cực to",60,"09/16/2026 22:04",https://www.facebook.com/reel/1125576386824527/,"Thước phim",,"Trọn đời",1,+3.3x,0,0,0,1625,,,4,0,3,1632,1725,4.082,6560.828,8,2
1682514350102243,100050310827163,"Đồng hồ Nhà kho","40x60cm vao bò cực to",0,"09/16/2026 22:03",https://www.facebook.com/donghonhakho.vn/posts/pfbid02X8tDYmqBXtn22ofhwHkw7SHhEEz2AxJNTQrrJwCSLBfxbUtSZpNxoJfYNtUs2qSfl,Photo,,"Trọn đời",0,--,0.02,0.02,0,333,,,2,0,0,324,460,,,2,0
1682035360150142,100050310827163,"Đồng hồ Nhà kho","Đồng hồ vai bò Junghan 5 côn đồng bạch – chất âm rất đáng chơi

Một mẫu vai bò Đức còn giữ độ nguyên bản cao, nổi bật với bộ 5 côn đồng bạch cho tiếng chuông trong, ngân dài và có chiều sâu. Dáng thùng cổ điển, máy cơ chắc khỏe, vừa đẹp để trưng bày vừa có giá trị sưu tầm lâu dài. Đây cũng là cấu hình Junghans được nhiều người chơi đánh giá cao về chất âm trong tầm giá.",51,"09/16/2026 08:05",https://www.facebook.com/reel/1398980342364289/,"Thước phim",,"Trọn đời",8,+12.3x,0,0,0,2334,,,17,0,0,2272,2535,8.594,19880.072,24,0
1681813623505649,100050310827163,"Đồng hồ Nhà kho","Hộp nhạc cơ Thụy Sĩ 8 bản – dấu ấn âm nhạc hơn một thế kỷ

Một món đồ cổ châu Âu rất thú vị: hộp nhạc cơ trục đồng Thụy Sĩ 8 bản, mang số Nº 2780 và tune sheet có dấu hiệu nhận diện liên quan đến Allard & Sandoz – Geneva. Dựa trên danh mục nhạc còn nguyên, hiện vật nhiều khả năng thuộc giai đoạn cuối thế kỷ XIX, khoảng thập niên 1890.

✨ Cỗ máy sử dụng trục đồng đóng hàng nghìn chốt nhỏ. Khi trục quay, từng chốt lần lượt tác động lên lược thép để tạo thành giai điệu hoàn toàn bằng cơ khí. Máy còn có cần Changer/Répéter để chuyển hoặc lặp bản và Arrêter/Jouer để dừng/chơi.

🎶 Đặc biệt, một trục chứa tới 8 giai điệu, gồm những tác phẩm liên quan tới Strauss, Verdi, Gounod, Flotow, Weber… như Pizzicato Polka, La Traviata, Faust, Martha, Les Cloches du Monastère, Der Freischütz và Hymne national Hollandais.

Điểm quý giá là tấm danh mục 8 bản nhạc vẫn còn trên nắp hộp, giúp lưu lại số máy, repertoire và dấu hiệu nhận diện của hiện vật. Sau hơn một thế kỷ, đây không chỉ là một chiếc hộp phát nhạc mà còn là một cỗ máy cơ khí lưu giữ âm nhạc của châu Âu thế kỷ XIX.

#hopnhacco #hopnhacthuySi #musicbox #doCoChauAu #suutamdoCo #GiaoLoXua",37,"09/16/2026 02:37",https://www.facebook.com/reel/1357252319511770/,"Thước phim",,"Trọn đời",4,+8.1x,0,0,0,3029,,,28,0,3,2953,3316,8.259,24711.675,35,1
1681610660192612,100050310827163,"Đồng hồ Nhà kho","Đồng hồ úp ly Đức 400 ngày – một lần lên cót, vận hành gần cả năm

Đồng hồ úp ly Đức 400 ngày rất phù hợp với người không muốn thao tác lên dây thường xuyên. Dòng này sử dụng con lắc xoắn treo trên một lá lò xo rất mảnh, thay vì quả lắc đung đưa thông thường. Mỗi chu kỳ dao động có thể kéo dài khoảng 12–15 giây, nhờ vậy lượng năng lượng cần để duy trì chuyển động rất thấp. Chính cơ chế dao động chậm này giúp đồng hồ có thể hoạt động tới khoảng 400 ngày sau một lần lên cót. Bảo tàng Đồng hồ Đức cũng ghi nhận dòng Jahresuhr với đặc điểm chỉ cần lên dây sau khoảng 400 ngày. 

#dong_ho_co #dong_ho_400_ngay #dong_ho_up_ly #dong_ho_duc #suutam",56,"09/15/2026 20:59",https://www.facebook.com/reel/1736932594096987/,"Thước phim",,"Trọn đời",10,+16.3x,0,0,0,2032,,,8,2,3,1921,2230,6.084,12412.167,23,1
1681596993527312,100050310827163,"Đồng hồ Nhà kho","Vì sao mặt số Odo 30 thường trông lớn hơn Odo 36?

Odo 30 và Odo 36 có nhiều kiểu mặt số mang phong cách khá gần nhau, nhưng tỷ lệ tổng thể lại khác. Odo 30 có tay lắc ngắn hơn Odo 36, vì vậy thùng thường thấp và bè hơn; Odo 36 lại thiên về dáng thon dài. Theo kinh nghiệm nhận diện thực tế của anh, mặt số Odo 30 thường được làm to và bè hơn một chút để cân đối với chiều dài tay lắc và tỷ lệ thùng, trong khi mặt Odo 36 nhìn gọn hơn trên dáng thùng dài. 

#dong_ho_co #Odo30 #Odo36 #dong_ho_qua_lac #suutam",44,"09/15/2026 20:35",https://www.facebook.com/reel/1446860217394486/,"Thước phim",,"Trọn đời",0,+2.9x,0,0,0,1984,,,11,0,4,1896,2257,8.876,17636.76,14,0
1681591480194530,100050310827163,"Đồng hồ Nhà kho","36/8 nguyên bản – mặt số nổi ngang, thùng kính chuông

Một chiếc Odo 36/8 mang nhiều dấu hiệu rất được người chơi đồng hồ cổ quan tâm: mặt số nổi đặt ngang, kim tháp, thùng kính chuông và máy 3 vách bệt. Cấu hình 8 côn–8 búa thường gặp với bản Westminster, cho chất âm rõ, ngân và giàu nét cổ điển. Phần thùng đẹp, tỷ lệ cân đối giúp tổng thể sang và có giá trị trưng bày. Khi máy, mặt số, kim và thùng còn đồng bộ, giá trị sưu tầm càng đáng chú ý. Nguồn người chơi và cửa hàng chuyên dòng này cũng ghi nhận Odo 36/8 với máy 3 vách bệt và cấu hình Westminster. 

#dong_ho_co #Odo36 #dong_ho_qua_lac #westminster #suutam",56,"09/15/2026 20:24",https://www.facebook.com/reel/951933394633404/,"Thước phim",,"Trọn đời",4,+8.1x,0,0,0,1689,,,9,0,3,1628,1918,7.931,13610.177,16,0
1681586570195021,100050310827163,"Đồng hồ Nhà kho","Đồng hồ vai bò 5 côn bính boong – dáng nhỏ gọn, thanh lịch- Mã số #733
💵:2tr7
✨ Dáng cân đối, mặt số nổi nổi bật trên nền vân gỗ ấm, hai bên điểm họa tiết chạm trang trí cổ điển.

⚙️ Máy cơ hai ổ cót, bộ côn đồng bố trí gọn gàng, kết cấu chắc chắn. Chuông bính boong cho tiếng trong, ngân vừa phải, mang đúng nét âm thanh đồng hồ cổ, rất hợp không gian phòng khách hoặc phòng làm việc.

📐 Kích thước: 45 × 22 cm
📍 Văn Phú – Hà Đông – Hà Nội
☎️ 𝟶𝟿𝟼𝟥 • 𝟜𝟝𝟞 • 𝟿𝟞𝟥

#dong_ho_co #dong_ho_vai_bo #dong_ho_co_duc #dong_ho_co_con #binh_boong #am_thanh_dong_ho_co #do_co_chau_au",0,"09/15/2026 20:17",https://www.facebook.com/donghonhakho.vn/posts/pfbid02zLKEDLrzk1EPyaXhgCSas8nHw9XuXH2gvpBP4AHaXPuJiMVx7rJHo6RELKa8XcDMl,Photo,,"Trọn đời",1,--,0.02,0.02,0,680,,,2,0,1,664,932,,,4,0
1680894123597599,100050310827163,"Đồng hồ Nhà kho","Đồng hồ cổ FF 11 côn – bản nhạc Ma Normandie đầy hoài niệm- Mã số #1029
💵:11tr
✨ Thùng bè họa tiết nổi chùm nho kết hợp tay cầm, tạo cảm giác sang trọng và đậm chất đồ cổ châu Âu.

✨ Mặt số nổi cân đối. Phần cửa kính dưới được tạo hình mềm mại, trang trí hoa văn giúp tổng thể chiếc đồng hồ vừa khỏe khoắn vừa thanh lịch.

⚙️ Bên trong là máy cơ cổ 3 ổ cót, kết cấu lớn và chắc chắn. Bộ máy vận hành khỏe, hệ thống búa gõ phối hợp cùng 11 côn tạo nên dải âm phong phú.

🔔 Điểm cuốn hút nhất là bản nhạc Ma Normandie với chất âm dày, vang, nhiều lớp và giàu cảm giác hoài niệm. Khi bộ côn cùng ngân lên, âm thanh có chiều sâu rất riêng của những chiếc đồng hồ cơ cổ châu Âu.

📐 Kích thước: 55 × 46 cm
📍 Văn Phú – Hà Đông – Hà Nội
☎️ 𝟶𝟿𝟼𝟥 · 𝟜𝟝𝟞 · 𝟿𝟞𝟥

#dong_ho_co #dong_ho_co_phap #dong_ho_11_con #ma_normandie #dong_ho_qua_lac #dong_ho_co_co #am_thanh_dong_ho_co #dong_ho_suu_tam #do_co_chau_au",0,"09/15/2026 01:09",https://www.facebook.com/donghonhakho.vn/posts/pfbid02Zk2knW2NEhWwtdU7tTsfgW7msp427qxbU5oKsKwuUUukUU3YZeskd6A5rk78HE4ul,Photo,,"Trọn đời",1,--,0.05,0.05,0,691,,,1,0,1,678,963,,,3,0
1680879243599087,100050310827163,"Đồng hồ Nhà kho","Đồng hồ vai bò Đức 5 côn – dáng ngang cổ điển, âm ngân ấm- Mã số #1209
💵:4tr6
✨ Một mẫu đồng hồ vai bò Đức mang phong cách cổ điển châu Âu, nổi bật với thân gỗ dáng ngang rộng, đường nét mềm mại và lớp vân gỗ vàng nâu rất đẹp. Mặt số tròn phối nền gỗ, cọc số nổi cùng bộ kim cổ tạo tổng thể sang và cân đối, phù hợp trưng phòng khách hoặc không gian đồ cổ châu Âu.

⚙️ Máy cơ cổ sử dụng 3 ổ cót, bộ máy đồng chắc chắn.

🔔 Chất âm đồng hồ cổ ấm, vang vừa phải, tiếng gõ tách bạch và dễ nghe; càng đặt trong không gian yên tĩnh càng cảm nhận rõ độ ngân của bộ côn.

📐 Kích thước: 66 × 24 cm
📍 Văn Phú – Hà Đông – Hà Nội
☎️ 𝟶𝟿𝟼𝟥 • 𝟜𝟝𝟞 • 𝟿𝟞𝟥

#dong_ho_co #dong_ho_vai_bo #dong_ho_co_duc #dong_ho_co_chau_au #dong_ho_co_5_con #dong_ho_co_co #am_thanh_dong_ho_co #dong_ho_suu_tam #do_co_chau_au",0,"09/15/2026 00:50",https://www.facebook.com/donghonhakho.vn/posts/pfbid0xCoKjMA4C1VAo2imGRd9Cy4QFLf28s4sHEvRzGr1VzmUFYDHRrnp5WH9fPB5K6vnl,Photo,,"Trọn đời",1,--,0.06,0.06,0,940,,,1,0,1,917,1287,,,3,0
1680775920276086,100050310827163,"Đồng hồ Nhà kho","Đồng hồ cổ FF 11 côn – Giai điệu Ma Normandie

Đồng hồ cổ FF 11 côn 11 búa, chơi Ma Normandie. Mặt số nổi cân đối, âm thanh dày, vang và giàu chất hoài niệm.

#dong_ho_co #dong_ho_co_phap #11_con #ma_normandie #dong_ho_suu_tam",69,"09/14/2026 21:55",https://www.facebook.com/reel/1985410998789639/,"Thước phim",,"Trọn đời",0,+5.7x,0,0,0,1763,,,7,1,3,1686,1840,7.223,12518.766,10,0
1680744860279192,100050310827163,"Đồng hồ Nhà kho","Ông Tây đánh chuông",0,"09/14/2026 20:59",https://www.facebook.com/donghonhakho.vn/posts/pfbid01MWUddjAnN1JSoERVXLYXYK9A2zAdi9ppJSKZYyu67vGei4C6P2PLoeC4116eTbhl,Photo,,"Trọn đời",2,--,0.03,0.03,0,1589,,,9,0,2,1567,2227,,,13,0
1680054203681591,100050310827163,"Đồng hồ Nhà kho","Đồng hồ Junhan 8 côn thùng dài chất âm ngân nga - Mã số #1131
💵:6tr5
✨ Một mẫu đồng hồ cổ Đức có dáng thùng khỏe khoắn, vân gỗ đẹp, mặt số bát giác cùng các họa tiết chạm hoa hai bên tạo nét cổ điển rất rõ. Ô kính phía dưới khoe quả lắc, tổng thể cân đối và dễ trưng bày.

⚙️ Bộ máy cơ lên cót, kết cấu chắc chắn, sử dụng 8 côn – 8 búa. Điểm đáng chú ý là củ côn hoa thị, bộ côn dài tạo độ cộng hưởng tốt, tiếng chuông vang, ngân và có chiều sâu – đúng chất âm đồng hồ cổ nghe rất thư thái.

📐 Kích thước: 68 × 30 cm
✨ Phù hợp treo phòng khách, phòng làm việc hoặc bổ sung vào bộ sưu tầm đồng hồ cổ.

📍 Đồng hồ Nhà Kho – Văn Phú, Hà Đông, Hà Nội
☎️ 𝟶𝟿𝟼𝟥 • 𝟜𝟝𝟞 • 𝟿𝟞𝟥

#dong_ho_co #dong_ho_co_duc #dong_ho_qua_lac #dong_ho_co_khi #8_con #am_thanh_dong_ho_co #chat_am_dong_ho_co #do_co_chau_au #suutam_dong_ho_co",0,"09/14/2026 02:14",https://www.facebook.com/donghonhakho.vn/posts/pfbid02jcBZJH5dxwESKWQvrcYdGvmUCkPjuz9oCfuEMAc9DHaMyJL6G4tH4tBxzNisXSEil,Photo,,"Trọn đời",1,--,0.06,0.06,0,830,,,7,1,2,792,1191,,,10,0
1680035860350092,100050310827163,"Đồng hồ Nhà kho","Đồng hồ để bàn úp ly cơ cót 400 ngày – nhỏ gọn dễ trưng bày- Mã số #1200
💵:4tr5
✨ Một mẫu đồng hồ cơ cổ 400 ngày mang dáng vẻ thanh lịch, khung kim loại kết hợp kính trong, để lộ toàn bộ bộ máy và cụm quả lắc xoay phía dưới khá đẹp mắt.

⚙️ Cơ cấu hoạt động dùng quả lắc xoắn, chuyển động chậm và đều; mỗi lần lên cót có thể vận hành trong thời gian rất dài. Đây cũng là nét đặc trưng khiến dòng đồng hồ này được nhiều người sưu tầm đồng hồ cổ yêu thích.

✔️ Kích thước: cao 22 cm × rộng 16 cm
✔️ Form nhỏ gọn, hợp đặt bàn làm việc, tủ sách, phòng khách
✔️ Vừa xem giờ vừa có giá trị trang trí và giá trị sưu tầm

📍 Đồng hồ Nhà Kho – Văn Phú, Hà Đông, Hà Nội
☎️ 𝟶𝟿𝟼𝟥 • 𝟜𝟝𝟞 • 𝟿𝟞𝟥

#dong_ho_co #dong_ho_co_400_ngay #dong_ho_co_duc #dong_ho_co_de_ban #dong_ho_co_chau_au #suutam",0,"09/14/2026 01:45",https://www.facebook.com/donghonhakho.vn/posts/pfbid036FEaDijKpmxxbLkmXysXXSPWx4CyEKGrGhAyP7R9rEgwoDL9FrqfVToAV4TYjrhMl,Photo,,"Trọn đời",3,--,0.08,0.08,0,1205,,,0,0,1,1203,1693,,,4,0
1679907617029583,100050310827163,"Đồng hồ Nhà kho","Những chiếc đồng hồ cổ Đức cỡ lớn luôn khiến người ta phải dừng lại ngắm lâu hơn một chút. Không chỉ bởi kích thước bề thế, mà còn bởi sự chỉn chu trong từng đường nét: thùng gỗ, hoa văn, mặt số và bộ máy đều được chế tác với tính thẩm mỹ rất cao.

Đằng sau vẻ đẹp ấy là dấu ấn của một nền cơ khí đồng hồ lâu đời, đặc biệt là truyền thống chế tác tại vùng Rừng Đen – Black Forest. Qua thời gian, những cỗ máy này không còn đơn thuần để xem giờ mà trở thành một phần di sản thủ công, văn hóa và lịch sử của người Đức, rất đáng để gìn giữ và sưu tầm.",9,"09/13/2026 22:05",https://www.facebook.com/reel/1062336550046097/,"Thước phim",,"Trọn đời",4,+8.4x,0,0,0,4719,,,24,3,4,4477,6126,4.67,21860.924,34,4
1679906127029732,100050310827163,"Đồng hồ Nhà kho","Những chiếc đồng hồ cổ Đức cỡ lớn có một sức hút rất riêng: bề thế nhưng không nặng nề, nhiều chi tiết nhưng bố cục vẫn cân đối và dễ nhìn. Điều đáng giá nằm ở cách người thợ xưa xử lý từng phần gỗ, hoa văn, mặt số cho đến bộ máy cơ khí bên trong.

Nhiều sản phẩm còn mang dấu ấn của truyền thống chế tác đồng hồ vùng Rừng Đen (Black Forest) – nơi nghề làm đồng hồ đã phát triển qua nhiều thế hệ. Bởi vậy, chơi một chiếc đồng hồ Đức cổ không đơn thuần là thưởng thức âm thanh hay kỹ thuật cơ khí, mà còn là giữ lại một nét văn hóa thủ công của nước Đức xưa.",0,"09/13/2026 22:03",https://www.facebook.com/donghonhakho.vn/posts/pfbid036kW8p2zvdKPRU3Th2cwXCKYpBNJRngAAUzym9yWyY9DbPbmsTt5gukK82JAJrPRpl,Photo,,"Trọn đời",3,--,0.17,0.17,0,2298,,,5,0,1,2211,3029,,,9,0
1679881280365550,100050310827163,"Đồng hồ Nhà kho","Những chiếc đồng hồ cổ Đức size lớn thường gây ấn tượng không chỉ bởi kích thước bề thế mà còn ở kỹ thuật gia công rất tinh xảo. Từ dáng thùng, đường nét chạm khắc đến cách bố trí mặt số đều được xử lý hài hòa, cân đối và dễ nhìn.

Đặc biệt, nhiều mẫu đồng hồ gắn với truyền thống chế tác lâu đời của vùng Black Forest – Rừng Đen, một trong những cái nôi nổi tiếng của nghề làm đồng hồ Đức. Vì vậy, mỗi chiếc đồng hồ cổ không chỉ mang giá trị cơ khí và sưu tầm mà còn lưu giữ một phần văn hóa, kỹ nghệ và tinh thần thủ công của nước Đức.",39,"09/13/2026 21:19",https://www.facebook.com/reel/28041082755586812/,"Thước phim",,"Trọn đời",3,+6.9x,0,0,0,2012,,,10,0,4,1928,2225,5.502,11131.144,17,0
1679248620428816,100050310827163,"Đồng hồ Nhà kho","Atmos Thuỵ sĩ phiên bản giới hạn.
Nó hoạt động bằng sự thay đổi nhiệt độ môi trường.",0,"09/13/2026 03:19",https://www.facebook.com/donghonhakho.vn/posts/pfbid02gfNtbJg7zerQbudAeLnVCLsVQqruovsxckvSijGqRZv2TnbcqLNqqtByTYeBbUA7l,Photo,,"Trọn đời",0,--,0.06,0.06,0,795,,,2,0,1,769,1125,,,3,0
1679241813762830,100050310827163,"Đồng hồ Nhà kho","Những sản phẩm của Vedett phải ghi nhận về tính hài hoà trong thiết kế - Và Logic mặt cơ khí",0,"09/13/2026 03:09",https://www.facebook.com/donghonhakho.vn/posts/pfbid02z6Snbc1cqjHLgtHk2R2gKzTsxdRdwSBDGMPYJMEkt9ESrDm4yf5cVy6pV8RuAYijl,Photo,,"Trọn đời",0,--,0.12,0.12,0,1882,,,10,1,1,1830,2588,,,11,0
1678985710455107,100050310827163,"Đồng hồ Nhà kho","phiên bản “ông Tây đánh chuông” của đồng hồ Ô Đô",41,"09/12/2026 19:34",https://www.facebook.com/reel/1087011923978513/,"Thước phim",,"Trọn đời",0,+2.6x,0,0,0,1195,,,11,0,4,1090,1308,6.621,7859.769,14,1
1678958790457799,100050310827163,"Đồng hồ Nhà kho","🕰️ Đồng hồ cổ Kenzi Đức – 8 côn 8 búa

Một mẫu đồng hồ nguyên bản với tổng thể đẹp, cân đối và hài hòa, mang nét cổ điển đặc trưng của đồng hồ Đức. Bộ máy 8 côn 8 búa cho chất âm dày, ngân vang nhưng vẫn dễ nghe.

Hình thức đẹp, máy móc nguyên bản cùng chất âm đặc trưng giúp chiếc Kenzi này vừa phù hợp bài trí, vừa mang giá trị sưu tầm cao đối với người yêu đồng hồ cổ.",96,"09/12/2026 18:44",https://www.facebook.com/reel/2026117541673631/,"Thước phim",,"Trọn đời",1,+8.4x,0,0,0,1830,,,15,0,5,1775,1953,6.241,11384.014,21,1
1678605217159823,100050310827163,"Đồng hồ Nhà kho","Dáng không mềm, và Giá cũng Không mềm ạ",0,"09/12/2026 08:14",https://www.facebook.com/donghonhakho.vn/posts/pfbid0S7qhH814hYLoV4EY8CMbBUkJFZSXYmnumQTjjg2vcWEamYYuMCtJFsw1GmP9DtZ4l,Photo,,"Trọn đời",0,--,0.01,0.01,0,697,,,2,0,2,665,958,,,4,0
1678601737160171,100050310827163,"Đồng hồ Nhà kho","Ô-đô 24 đời 1957 – cấu hình 10 côn 11 búa, 2 bài nhạc

Một phiên bản có cấu hình rất thú vị với hai giai điệu Ave Maria và Westminster. Ngoại hình nổi bật với mặt số nổi, bộ kim mắt ngỗng, mái hoa dâu và chân chéo, tạo nên dáng vẻ cổ điển, hài hòa đặc trưng.

Chiếc số 111 có hình thức đẹp, cấu hình âm thanh hấp dẫn và nhiều chi tiết đáng để anh em chơi dòng Ô-đô tìm hiểu, sưu tầm.",126,"09/12/2026 08:10",https://www.facebook.com/reel/1443822547603222/,"Thước phim",,"Trọn đời",0,+8.6x,0,0,0,1231,,,9,0,9,1159,1322,7.491,9207.019,18,0
1678601397160205,100050310827163,"Đồng hồ Nhà kho","Với Ô-đô 24 đời 1957, có những thuật ngữ mà chỉ cần nhắc đến là anh em chơi dòng này đã hình dung ra ngay: mái vát vồ vuông, côn 111, máy hoa dâu, thùng bè và kim mắt ngỗng.

Mỗi cách gọi đều mô tả một đặc điểm nhận diện riêng, từ dáng thùng, bộ côn cho tới bộ máy và kim. Khi những chi tiết này xuất hiện đồng bộ trên một chiếc đồng hồ, chúng tạo nên diện mạo rất đặc trưng của 24 đời 1957 – một cấu hình được nhiều người chơi quan tâm và tìm hiểu.",21,"09/12/2026 08:09",https://www.facebook.com/reel/1601616045076149/,"Thước phim",,"Trọn đời",2,+7.8x,0,0,0,1906,,,10,0,9,1840,2135,4.367,8368.392,21,2
1678594233827588,100050310827163,"Đồng hồ Nhà kho","Ngoài những phiên bản mặt ngang quen thuộc, Ô-đô 36 còn có những phiên bản mặt tròn, thùng song tiện mang một vẻ đẹp rất riêng.

Chiếc 36 này đặc biệt thú vị khi còn giữ được giấy tờ, phụ kiện quả lắc cùng các chi tiết thùng đi kèm. Tổng thể đẹp, nguyên bản và khá đầy đủ – những yếu tố luôn được người chơi đồng hồ cổ quan tâm khi sưu tầm.

Hiện sản phẩm đang có tại Đồng hồ Nhà Kho, anh em quan tâm vui lòng liên hệ để xem chi tiết.",31,"09/12/2026 07:59",https://www.facebook.com/reel/2355678141903543/,"Thước phim",,"Trọn đời",2,+8x,0,0,0,1847,,,20,0,9,1833,2099,4.796,9143.062,31,0
1678591007161244,100050310827163,"Đồng hồ Nhà kho","Đồng hồ để bàn cổ với kiểu chuông chén điểm Bính Boong, âm thanh trong trẻo, ngân vang nhưng rất nhẹ nhàng và dễ nghe. Kiểu dáng nhỏ gọn, cổ điển, vừa thích hợp bài trí trên bàn, tủ kệ vừa tạo điểm nhấn thú vị cho không gian.

Một mẫu đồng hồ cơ đẹp, tiếng chuông có nét riêng và mang giá trị sưu tầm cao, rất được người yêu đồng hồ cổ ưa chuộng.",58,"09/12/2026 07:55",https://www.facebook.com/reel/1090417073683402/,"Thước phim",,"Trọn đời",2,+7.8x,0,0,0,991,,,8,1,9,985,1146,4.794,5087.076,19,1
1678473697172975,100050310827163,"Đồng hồ Nhà kho","Ô Đô “ông Tây đánh chuông” – một thiết kế rất thú vị của đồng hồ Pháp. Điểm đặc biệt là hình người Jacquemart cầm búa chuyển động để gõ trực tiếp vào chiếc chuông phía trên mặt số mỗi khi đồng hồ điểm. Vừa xem giờ, vừa ngắm chuyển động cơ khí sống động – chính nét riêng này khiến dòng “ông Tây” luôn được người chơi đồng hồ cổ chú ý và yêu thích.",79,"09/12/2026 05:11",https://www.facebook.com/reel/1715339406198472/,"Thước phim",,"Trọn đời",2,+11.8x,0,0,0,1804,,,12,0,3,1695,1903,7.228,12852.416,14,0
1678382883848723,100050310827163,"Đồng hồ Nhà kho","Đồng hồ để bàn Đức kích thước lớn 62 × 38 cm, dáng bề thế nhưng đường nét vẫn rất hài hòa. Điểm nổi bật là mặt số đồng đúc, hoa văn tinh tế kết hợp cùng bộ số nổi dạng hạt, tạo chiều sâu và vẻ cổ điển rất đẹp.

Bên trong là bộ máy 5 côn 5 búa, chơi bản nhạc Westminster nhẹ nhàng, ngân nga và dễ nghe. Một mẫu đồng hồ Đức đẹp từ kích thước, mặt số đến chất âm, rất phù hợp để bài trí và sưu tầm.",0,"09/12/2026 02:55",https://www.facebook.com/donghonhakho.vn/posts/pfbid0hVsL2WgDd2uyXkezkWTuuJ9mHPKzEYpHwzyidtSkJo3MWsbmvr5VaWsSCnUx5Dy4l,Photo,,"Trọn đời",0,--,0.03,0.03,0,495,,,2,0,2,485,693,,,4,0
1678325027187842,100050310827163,"Đồng hồ Nhà kho","Đồng hồ Vê đét 8 côn thùng lúa mạch sang trọng, âm trong trẻo dễ nghe- Mã số #1127
💵:8tr
✨ Thùng gỗ vân lúa mạch nổi bật, hai bên chạm họa tiết mềm mại, mặt số bát giác cổ điển tạo tổng thể rất thanh lịch.

⚙️ Bộ máy cơ 8 côn vận hành bền bỉ, kết cấu chắc chắn. 

✨ Dàn 8 côn 8 búa cho âm thanh ngân, rõ tiếng và dễ nghe, phù hợp không gian phòng khách.

📐 Kích thước: 55 × 50 cm

📍 Đồng hồ Nhà Kho – Văn Phú, Hà Đông, Hà Nội
☎️ 𝟶𝟿𝟼𝟥 • 𝟺𝟻𝟼 • 𝟿𝟼𝟥

#donghotreotuong #donghophap #donghoco #donghosuutam",0,"09/12/2026 01:15",https://www.facebook.com/donghonhakho.vn/posts/pfbid02uveu4u2bRttJjkKGgtSxca2CytxnfNsutVTh1yFqTMhTCaDCF8Kzx7SsRh8TRrnhl,Photo,,"Trọn đời",2,--,0.03,0.03,0,425,,,1,0,2,395,638,,,4,0
1678318030521875,100050310827163,"Đồng hồ Nhà kho","Đồng hồ vai bò Junhan 5 côn đồng bạch mặt số la mã đẹp- Mã số #1102
💵:15tr
✨ Dáng vai bò cổ điển, thùng gỗ vân đẹp, mặt số La Mã thanh lịch, tổng thể cân đối và sang.

⚙️ Máy W64 cơ khí chắc chắn, bộ 5 côn đồng bạch cho chất âm trong, vang và ngân dài – nét đặc trưng được yêu thích ở dòng đồng hồ cổ Đức.

📐 Kích thước: 66 × 23 cm

📍 Đồng hồ Nhà Kho – Văn Phú, Hà Đông, Hà Nội
☎️ 𝟶𝟿𝟼𝟥 • 𝟺𝟻𝟼 • 𝟿𝟼𝟥

#donghovaibo #donghoduc #donghochauau #donghodeban #donghoqualac #donghoco #donghosuutam",0,"09/12/2026 01:05",https://www.facebook.com/donghonhakho.vn/posts/pfbid084QWoLLci1v6AeQPgDYRjgRmVXzHLoW8GL9h4p6MwGP2m9EtHGvwGKynXsHGLp47l,Photo,,"Trọn đời",1,--,0.02,0.02,0,380,,,2,0,1,360,535,,,4,0
1678307747189570,100050310827163,"Đồng hồ Nhà kho","Đồng hồ Junhan 8 côn – Thùng chạm khắc trái đào cổ điển- Mã số #1199
💵:5tr3
✨ Thùng dài chạm khắc trái đào hoạ, kính rào vát tạo điểm nhấn rất đẹp. Mặt số bát giác, bộ số lớn dễ quan sát.

⚙️ Máy cơ 3 ổ cót, bộ 8 côn 8 búa còn nguyên bản, kết cấu máy dày dặn.

🔔 Âm thanh 8 côn ngân vang, tiếng chuông có độ dày, ấm và lan tốt trong không gian.

📐 Kích thước: 70 × 30 cm

📍 Đồng hồ Nhà Kho – Văn Phú, Hà Đông, Hà Nội
☎️ 𝟶𝟿𝟼𝟥 • 𝟜𝟝𝟞 • 𝟿𝟼𝟥

#donghotreotuong #donghoduc #donghoco #donghosuutam #dongho8con",0,"09/12/2026 00:50",https://www.facebook.com/donghonhakho.vn/posts/pfbid0uS3NonYhngB1w8zc9FZ1tFFcN7vGnSWnUnDyY4iSF4yRvEbjxQ3tzTCNw9JcPfUql,Photo,,"Trọn đời",1,--,0.04,0.04,0,572,,,0,0,1,555,843,,,2,0
1678220510531627,100050310827163,"Đồng hồ Nhà kho","🕰️ Royal Geographical Society Millennium Clock – Đồng hồ thiên văn chào đón thiên niên kỷ mới

✨ Đây không đơn thuần là một chiếc đồng hồ xem giờ, mà giống như một mô hình thiên văn thu nhỏ, kết hợp giữa thời gian, địa lý và chuyển động của các thiên thể.

🌍 Nguồn gốc: Royal Geographical Society Millennium Clock được Franklin Mint phát hành vào khoảng cuối những năm 1990, gắn với thời điểm thế giới chuẩn bị bước sang thiên niên kỷ mới – năm 2000.

⚙️ Bộ máy: trung tâm phía dưới là máy cơ lên cót 8 ngày, được trình bày theo kiểu lộ cơ để người xem có thể quan sát trực tiếp hoạt động của bánh răng và bộ truyền động.

🌐 Điểm đặc biệt nhất: phía trên là quả địa cầu xanh coban, các lục địa nổi bật với sắc vàng. Quả địa cầu tham gia chuyển động theo chu kỳ thời gian, tạo nên hình ảnh Trái Đất đang vận hành ngay bên trong chiếc đồng hồ.

🌙 Mặt Trăng: một quả cầu nhỏ bằng đá tự nhiên đánh bóng, chuyển động trong hệ thống mô phỏng Trái Đất – Mặt Trăng, làm nổi bật tính chất của một chiếc đồng hồ thiên văn.

✨ Chất liệu: kết cấu sử dụng đồng thau mạ vàng, đá tự nhiên, gỗ, kính và các chi tiết trang trí hoàn thiện cầu kỳ. Toàn bộ cơ cấu được bảo vệ dưới mái vòm kính úp, gợi liên tưởng đến những dụng cụ thiên văn cổ.

🗓️ Phần chân đế còn có màn hình điện tử, một chi tiết đặc trưng gắn với chủ đề thời khắc chuyển giao sang năm 2000.

🏛️ Giá trị sưu tầm: điều hấp dẫn của mẫu này nằm ở sự kết hợp giữa cơ khí đồng hồ – thiên văn – địa lý – nghệ thuật trang trí và ý nghĩa kỷ niệm một cột mốc đặc biệt của lịch sử thời gian.",156,"09/11/2026 22:12",https://www.facebook.com/reel/1087216377573986/,"Thước phim",,"Trọn đời",4,+12.7x,0,0,0,1116,,,8,1,3,1005,1252,10.245,11516.102,16,1
1678210027199342,100050310827163,"Đồng hồ Nhà kho","Đồng hồ Ô-đô 36/8 thùng kính chuông, nổi bật với mặt số nổi dáng nằm ngang rất đẹp và có nét riêng. Hàng nguyên bản, bộ 8 côn 8 búa cho chất âm trầm ấm, ngân tốt – đúng chất mà nhiều anh em yêu dòng 36/8 tìm kiếm.

Hiện chiếc này đang có tại Đồng hồ Nhà Kho, hình thức đẹp, âm thanh tốt và mang giá trị sưu tầm cao.",52,"09/11/2026 21:53",https://www.facebook.com/reel/1098703812644884/,"Thước phim",,"Trọn đời",1,+3.7x,0,0,0,1557,,,15,2,3,1512,1767,6.909,10785.944,21,1
1678150350538643,100050310827163,"Đồng hồ Nhà kho","Đồng hồ vai bò Đức 3 côn – Dáng vuông nhỏ gọn- Mã số #728
💵:1tr8
✨ Kiểu dáng vuông thanh lịch, vỏ gỗ nu đẹp, mặt số tối giản với bộ số vàng nổi bật. Kích thước chỉ rộng 22 cm × cao 23 cm, rất dễ bày trên bàn, tủ hoặc kệ decor.

⚙️ Máy cơ quả lắc, 3 côn, kết cấu chắc chắn và còn khá đẹp.
🔔 Chuông bính boong điểm giờ nhẹ nhàng, âm vang ấm, vừa đủ nghe và rất hợp không gian gia đình.

📍 Đồng hồ Nhà Kho – Văn Phú, Hà Đông, Hà Nội
☎️ 𝟶𝟿𝟼𝟥 • 𝟜𝟝𝟞 • 𝟿𝟼𝟥

#dong_ho_co #dong_ho_duc #dong_ho_qua_lac #dong_ho_co_duc",0,"09/11/2026 20:08",https://www.facebook.com/donghonhakho.vn/posts/pfbid02btK4R8utitEv29j6Xa8fCSypr7fP32SrkT6WwnHgxzU5UnZgehbz1wCwWmVrHm1rl,Photo,,"Trọn đời",1,--,0.03,0.03,0,453,,,3,0,1,431,656,,,5,0
1678149547205390,100050310827163,"Đồng hồ Nhà kho","Đồng hồ cổ Vê-đét Pháp 8 côn 8 búa, nguyên bản với ngoại hình rất hài hòa. Điểm cuốn hút nằm ở bộ kính cong, hoa văn trang trí tinh tế kết hợp cùng vân gỗ đẹp, tạo nên nét cổ điển đặc trưng.

Dàn 8 côn 8 búa cho chất âm ấm, vang và ngân tốt. Một chiếc đồng hồ đẹp cả dáng thùng, vân gỗ lẫn tiếng chuông, rất phù hợp để chơi và sưu tầm.",0,"09/11/2026 20:07",https://www.facebook.com/donghonhakho.vn/posts/pfbid04qf2mY6uMg3fVuZ3D5SScA5otis45NCYJNP5roDT7xeAAkHT7npf71V8nUYW8j2al,Photo,,"Trọn đời",0,--,0.08,0.08,0,1117,,,8,1,1,1091,1487,,,10,0
1678139920539686,100050310827163,"Đồng hồ Nhà kho","Đồng hồ Ô-đô 36/8 nguyên bản, thùng kính chuông, mặt số nổi – một cấu hình rất được người chơi yêu thích. Bên trong là bộ máy 3 vách bệt, kết hợp dàn 8 côn 8 búa cho chất âm trầm, dày và ngân tốt.

Hình thức đẹp, cấu hình đặc trưng, độ nguyên bản cao và chất âm dễ nghe giúp chiếc 36/8 này luôn có giá trị sưu tầm cao, phù hợp với anh em thích những mẫu đồng hồ Pháp vừa đẹp dáng vừa hay tiếng.",0,"09/11/2026 19:51",https://www.facebook.com/donghonhakho.vn/posts/pfbid02uBxCxRHcbhePBUdeYNdwFujruWBh6hsCmDqFLNXH9qL5SkMjw1xvgeCbSiN1Sudel,Photo,,"Trọn đời",0,--,0.03,0.03,0,606,,,3,0,1,591,846,,,4,0
1678126877207657,100050310827163,"Đồng hồ Nhà kho","Đồng hồ Ô Đô – 36/8 mặt số nổi, thùng kính chuông hiếm gặp

🕰️ Chiếc đồng hồ cổ Ô Đô 36/8 nguyên bản sở hữu cấu hình 8 côn 8 búa, nổi bật với mặt số nổi nằm ngang và kiểu thùng kính chuông khá ít gặp.

Những phiên bản mặt số nổi dạng này thường đi cùng thùng có kích thước lớn, tạo nên dáng vẻ bề thế và cân đối. Kết hợp với bộ côn dài đặc trưng của Ô Đô 36/8, đồng hồ cho chất âm trầm ấm, ngân nga, mềm mại và rất dễ nghe.

Mặt số nổi, thùng kính chuông cùng bộ máy nguyên bản tạo nên một phiên bản Ô Đô 36/8 vừa đẹp về hình thức, vừa có chất âm đồng hồ cổ đặc trưng và giá trị sưu tầm đáng chú ý.

#DongHoOdo #Odo368 #8Con8Bua #MatSoNoi #ThungKinhChuong #DongHoCoPhap #DongHoQuaLac #AmThanhDongHoCo #DongHoNguyenBan #GiaTriSuuTam",87,"09/11/2026 19:28",https://www.facebook.com/reel/1425181676192970/,"Thước phim",,"Trọn đời",6,+17.2x,0,0,0,1634,,,11,0,3,1558,1779,9.188,15004.512,20,0
1678078073879204,100050310827163,"Đồng hồ Nhà kho","Đồng hồ công cộng là một thế giới hoàn toàn khác so với đồng hồ dùng trong gia đình. Chúng được chế tạo để người đứng từ khoảng cách rất xa vẫn có thể xem giờ, vì vậy mặt số có thể rộng từ vài chục centimet đến hàng mét, đi cùng bộ máy, kim và hệ truyền động có kích thước tương ứng.

Trong thực tế, những cỗ máy này từng phục vụ nhà ga, trường học, nhà máy, tòa thị chính, nhà thờ hay tháp đồng hồ. Thời kỳ đồng hồ cá nhân chưa phổ biến, chúng chính là một phần của hệ thống báo giờ chung cho cả cộng đồng.

Ngày nay, khi chức năng xem giờ công cộng không còn quan trọng như trước, giá trị của chúng lại chuyển sang một hướng khác: giá trị lịch sử, cơ khí và sưu tầm. Một bộ máy lớn còn nguyên bản, xác định được nơi từng lắp đặt và vẫn vận hành tốt không chỉ là một chiếc đồng hồ cổ, mà còn giống như một phần kiến trúc và ký ức của một thời được giữ lại.",27,"09/11/2026 18:00",https://www.facebook.com/reel/824922147346073/,"Thước phim",,"Trọn đời",0,+11.3x,0,0,0,6338,,,76,2,19,6179,8095,11.567,71671.802,95,4
1678062730547405,100050310827163,"Đồng hồ Nhà kho","Số 1038 – Junhan đồng bạch nguyên bản, máy có hộp cộng hưởng phía đáy giúp tiếng chuông trầm và dày hơn. Ngoại hình đẹp, cơ cấu đặc biệt, giá trị sưu tầm cao và cũng là lý do dòng này luôn được nhiều người chơi yêu thích.

#dong_ho_co #dong_ho_qua_lac #junhan #dong_bach #giao_lo_xua",122,"09/11/2026 17:28",https://www.facebook.com/reel/1261397059446638/,"Thước phim",,"Trọn đời",1,+4.9x,0,0,0,1285,,,7,0,4,1251,1407,4.155,5526.237,12,0
1677664183920593,100050310827163,"Đồng hồ Nhà kho","Những mẫu đồng hồ vai bò Pháp luôn có một vẻ đẹp rất riêng. Thay vì thiên về sự bề thế, nhiều mẫu được tạo dáng thanh lịch, cân đối và mềm mại, từ đường cong của bộ thùng đến mặt số, hoa văn và những chi tiết trang trí nhỏ.

Mỗi kiểu dáng lại mang một cá tính khác nhau, khó nhầm lẫn với những dòng đồng hồ khác. Chính sự tinh tế, hài hòa và giàu tính nghệ thuật ấy đã tạo nên sức hút đặc biệt, khiến vai bò Pháp luôn được nhiều người chơi và sưu tầm yêu thích.",43,"09/11/2026 06:20",https://www.facebook.com/reel/1964312671640150/,"Thước phim",,"Trọn đời",3,+9.5x,0,0,0,1957,,,13,0,9,1984,2211,8.158,16121.214,25,1
1677532393933772,100050310827163,"Đồng hồ Nhà kho","Đồng hồ vai bò Đức nổi bật với mặt số đồng đúc, số men hạt mang đậm nét cổ điển. Bộ thùng được khảm vân gỗ, hình thức đẹp và hài hòa, càng ngắm càng thấy chiều sâu của một món đồ xưa.

Bên trong là bộ 5 côn 5 búa, cho tiếng chuông ngân ấm và dễ nghe. Một mẫu vai bò đẹp cả mặt số, thùng gỗ lẫn chất âm, rất phù hợp để bài trí và sưu tầm.",58,"09/11/2026 03:04",https://www.facebook.com/reel/1085435497276374/,"Thước phim",,"Trọn đời",0,+10.8x,0,0,0,1671,,,9,0,20,1682,1928,8.446,14560.984,28,0
1677494887270856,100050310827163,"Đồng hồ Nhà kho","Đồng hồ thiên văn Millennium Clock – vẻ đẹp của thời gian và địa lý

Mẫu để bàn rất lạ mắt, nổi bật với quả địa cầu xanh cobalt, hệ vòng thiên văn mạ vàng, bộ máy lộ cơ và toàn bộ được bảo vệ dưới chụp kính. Tấm nhãn ghi Royal Geographical Society – Millennium Clock, kết hợp đế gỗ cùng họa tiết Mặt Trời – Mặt Trăng tạo cảm giác như một mô hình thiên văn thu nhỏ. Một món décor vừa cơ khí vừa nghệ thuật, ngắm rất cuốn.
#dong_ho_co #dong_ho_de_ban #millennium_clock #dong_ho_thien_van #giao_lo_xua",0,"09/11/2026 02:04",https://www.facebook.com/donghonhakho.vn/posts/pfbid0GV1fU52JESNgQ2rr2kv7kDvkUu8YjuNZh9CRisYdNM6SFouBXHpjFYff3LAZQhA1l,Photo,,"Trọn đời",0,--,0.05,0.05,0,854,,,4,0,1,857,1205,,,5,0
1677256327294712,100050310827163,"Đồng hồ Nhà kho","Đồng hồ để bàn Pháp đá Malachite – vẻ đẹp quý phái của đồ cổ châu Âu

Một mẫu đồng hồ để bàn cổ rất ấn tượng với chất liệu kết hợp giữa đồng, đồng mạ vàng và đá Malachite đá lông công. Tổng thể gồm 1 đồng hồ ở giữa và 2 chân nến hai bên, tạo nên bố cục cân đối, sang trọng và đậm chất đồ cổ châu Âu. Điểm nhấn nổi bật là phần trang trí chân dung một nhà hiền triết, mang lại chiều sâu thẩm mỹ và nét cổ điển rất riêng.

Mẫu đồng hồ cổ Pháp này sử dụng chuông chén, mỗi 30 phút điểm chuông một lần, vừa tạo giá trị sử dụng vừa đem lại nét thú vị cho người chơi sưu tầm đồng hồ cổ. Một bộ đồng hồ đẹp, chất liệu quý, hình thức sang và có giá trị sưu tầm cao.

#dong_ho_co #dong_ho_de_ban #dong_ho_phap #do_co_chau_au #suu_tam_dong_ho_co",44,"09/10/2026 18:57",https://www.facebook.com/reel/1386400809720576/,"Thước phim",,"Trọn đời",1,+4x,0,0,0,1228,,,7,0,4,1177,1308,5.434,6630.37,12,0
1677249450628733,100050310827163,"Đồng hồ Nhà kho","Đồng hồ để bàn Hermle – nét cơ khí cổ điển trong một thiết kế đương đại

Lấy cảm hứng từ dáng tháp Big Ben, chiếc Hermle này gây ấn tượng bởi thiết kế thanh thoát và rất dễ hòa vào không gian nội thất hiện đại. Đồng hồ sử dụng chuông chén, mỗi giờ điểm một lần, âm thanh nhẹ nhàng, vừa đủ để tạo điểm nhấn.

Phần máy được bảo vệ trong ly thủy tinh, hạn chế bụi và tác động của luồng gió lên bộ phận dao động, đồng thời giúp người chơi quan sát vẻ đẹp của cơ cấu bên trong.

Những năm gần đây, Hermle có nhiều thiết kế kết hợp cơ khí truyền thống với ngôn ngữ nội thất đương đại. Chính vì vậy, đồng hồ không chỉ dành cho người yêu máy cơ mà còn phù hợp để bài trí trong những không gian sống hiện nay.

Một chiếc đồng hồ đẹp, nguyên bản, vừa có giá trị sử dụng, trang trí, vừa mang nét thú vị để sưu tầm.",48,"09/10/2026 18:45",https://www.facebook.com/reel/1396272512636641/,"Thước phim",,"Trọn đời",3,+6.8x,0,0,0,1079,,,11,0,4,996,1162,4.858,5179.01,17,0
1677183277302017,100050310827163,"Đồng hồ Nhà kho","Ô Đô 36/10 – nguyên trạng nhiều năm, tiếng vẫn cuốn hút
Một chiếc 36/10 còn nguyên mặt sau, chưa qua can thiệp hay vi chỉnh trong thời gian dài. Dù chưa được căn chỉnh, lau dầu và bảo dưỡng lại, bộ máy vẫn vận hành, tiếng chuông còn rõ và giàu cảm xúc. Chính chất âm tự nhiên ấy khiến người nghe rất dễ bị cuốn vào.
#dong_ho_co #dong_ho_phap #36_10 #am_thanh_hay #giao_lo_xua",34,"09/10/2026 16:35",https://www.facebook.com/reel/1048797074581387/,"Thước phim",,"Trọn đời",5,+9.6x,0,0,0,2049,,,22,2,3,1967,2312,7.97,16267.738,32,1
1676995623987449,100050310827163,"Đồng hồ Nhà kho",,14,"09/10/2026 10:56",https://www.facebook.com/reel/1091932110460494/,"Thước phim",,"Trọn đời",7,+24.1x,0,0,0,26530,,,396,30,17,25451,37734,10.465,271192.689,444,59
1676895730664105,100050310827163,"Đồng hồ Nhà kho","Suy cho cùng nó HAY cũng ở múc độ nào đó thôi, chứ không đến mức SIÊU VIỆT như lời kể của mấy anh em đẩy nó lên Mây xanh.",0,"09/10/2026 08:35",https://www.facebook.com/donghonhakho.vn/posts/pfbid02WBx7zqCYZgKEeaFmMRwy3DMbTtDSFcoyNFQcYpwRyLsYNFPetaqmqp3QYTesyhzNl,Photo,,"Trọn đời",17,--,0.35,0.35,0,4368,,,19,0,1,4340,6250,,,37,0
1676792900674388,100050310827163,"Đồng hồ Nhà kho","Vê đét 37 số 975 – dáng đẹp, âm thanh dễ nghe

Một mẫu Vê đét 37 có kiểu dáng cân đối, mặt đồng hồ tạo cảm giác cổ điển và tổng thể rất hài hòa. Chiếc số 975 này gây ấn tượng bởi chất âm nghe êm, rõ và có nét riêng của dòng đồng hồ Pháp cổ. Một mẫu đáng chú ý cho anh em thích sưu tầm những chiếc đồng hồ vừa đẹp dáng vừa hay tiếng.

#dong_ho_co #dong_ho_phap #dong_ho_qua_lac #suutam #giao_lo_xua",80,"09/10/2026 06:19",https://www.facebook.com/reel/2328994354620872/,"Thước phim",,"Trọn đời",1,+5.3x,0,0,0,1562,,,13,0,3,1520,1618,4.439,6833.14,17,0
1676592560694422,100050310827163,"Đồng hồ Nhà kho","Nhiều chiếc đồng hồ công sở từng hiện diện trên các tháp chuông nhà thờ, tại bưu điện, nhà ga, hội sở và những không gian công cộng. Khi ấy, chúng không chỉ dùng để xem giờ mà còn đảm nhiệm vai trò báo thời gian cho cả một cộng đồng cùng sinh hoạt và làm việc.

Theo năm tháng, khi phương thức báo giờ hiện đại dần thay thế, những cỗ máy này không còn giữ nhiệm vụ ban đầu. Từ một thiết bị phục vụ đời sống công cộng, chúng trở thành những cỗ máy cơ khí cổ mang dấu ấn lịch sử, được nhiều người yêu đồ cổ châu Âu, đồng hồ cơ cổ và sưu tầm đồng hồ cổ tìm kiếm.

Ngày nay, giá trị của những chiếc đồng hồ ấy không chỉ nằm ở tuổi đời, mà còn ở kết cấu cơ khí, quy mô, kỹ nghệ chế tác và câu chuyện của một thời mà chúng đã từng đi qua.",16,"09/10/2026 01:14",https://www.facebook.com/reel/1052501430917803/,"Thước phim",,"Trọn đời",3,+11.3x,0,0,0,8025,,,110,10,10,7412,10053,7.793,60092.39,130,4
1676575100696168,100050310827163,"Đồng hồ Nhà kho","Đồng hồ Ô Đô 36/8 – Máy 3 vách bệt, thùng chạm khắc đẹp- Mã số #588
💵:24tr7
✨ Chiếc đồng hồ cổ Pháp nổi bật với thùng gỗ dáng cân đối, chạm hoa thủ công hai bên và phần đỉnh rất có chiều sâu. 
✨ Bộ máy 36/8 3 vách bệt, kết cấu cơ khí chắc chắn, bền bỉ. 
✨ Côn lòng máng tạo dải trầm sâu, tiếng ngân nga, ấm và dễ nghe, là kiểu chất âm rất được người chơi đồng hồ treo tường cổ ưa chuộng.

📐 Kích thước: 69 × 32 cm
📍 Đồng hồ Nhà Kho – Văn Phú, Hà Đông, Hà Nội
☎️ 0963 456 963

#donghotreotuong #donghophap #donghoodo #dongho8con #donghoqualac #donghoco",0,"09/10/2026 00:47",https://www.facebook.com/donghonhakho.vn/posts/pfbid02qks1YC3a29ArD44ccFZWffxdmHeHAhud2HXeUHduFy3RyaQzfPK7YFmyncQH8qEBl,Photo,,"Trọn đời",1,--,0.05,0.05,0,651,,,4,0,1,645,951,,,6,0
1676497580703920,100050310827163,"Đồng hồ Nhà kho","Ngon bổ rẻ",65,"09/09/2026 22:31",https://www.facebook.com/reel/1085725573908931/,"Thước phim",,"Trọn đời",6,+17.4x,0,0,0,1802,,,12,0,3,1730,1967,7.703,13851.692,21,0
1676486164038395,100050310827163,"Đồng hồ Nhà kho","Odo 36/8 – một phiên bản được người chơi đồng hồ cổ đặc biệt yêu thích

Odo 36/8 là phiên bản được nhiều người chơi và sưu tầm ưa chuộng nhờ bộ máy 8 côn 8 búa, chơi bản Westminster quen thuộc. Điểm nổi bật của dòng này là bộ côn lòng máng chữ U; trong đó côn chữ U trắng được nhiều người chơi đánh giá cao bởi chất âm trầm, dày và ngân rất dễ nghe.

Một cấu hình vừa đẹp về cơ khí, vừa có chất âm đặc trưng, rất đáng để tìm hiểu trong dòng đồng hồ Odo cổ.

#dong_ho_co #odo_36_8 #dong_ho_qua_lac #westminster #giao_lo_xua",49,"09/09/2026 22:10",https://www.facebook.com/reel/1423290593124533/,"Thước phim",,"Trọn đời",0,+2.8x,0,0,0,1060,,,5,0,4,1033,1212,6.601,7155.883,9,2
1676474277372917,100050310827163,"Đồng hồ Nhà kho","Odo 24 đời 1962 – âm sắc đặc trưng của Westminster và Sonodo

Trong dòng đồng hồ cổ Pháp Odo, phiên bản máy 24 đời 1962 là một cấu hình rất đáng chú ý với 10 búa, 6 côn, chơi hai bản nhạc Westminster và Sonodo.

Điểm thú vị nằm ở bộ 6 côn được khai thác để tạo nên hai phong cách âm thanh khác nhau. Westminster quen thuộc, trang trọng; trong khi Sonodo tạo màu sắc riêng, giúp chất âm của chiếc đồng hồ trở nên giàu nhạc tính và dễ nhận biết.

Theo những hiện vật và kinh nghiệm sưu tầm, sửa chữa được ghi nhận đến nay, Sonodo mới chỉ được gặp trên dòng máy Odo 24. Chưa ghi nhận cấu hình Sonodo trên máy 30 hay máy 36. Đây nên được hiểu là ghi nhận thực tế từ các hiện vật đã gặp, chưa phải khẳng định tuyệt đối rằng những cấu hình khác không từng tồn tại.

Với cấu hình 10 búa 6 côn, hai bản Westminster – Sonodo cùng chất âm đặc trưng, Odo 24 đời 1962 là một nhánh rất thú vị để tìm hiểu khi sưu tầm đồng hồ cổ và nghiên cứu các biến thể máy Odo.",142,"09/09/2026 21:49",https://www.facebook.com/reel/4049595262008466/,"Thước phim",,"Trọn đời",2,+10.1x,0,0,0,2024,,,10,0,3,1926,2111,9.768,19254.532,14,0
1676444920709186,100050310827163,"Đồng hồ Nhà kho","ĐỒNG HỒ CÔNG SỞ CHÂU ÂU CỔ – DẤU ẤN HƠN 100 NĂM

Ngày xưa, những chiếc đồng hồ công sở cỡ lớn thường được sử dụng tại bưu điện, nhà ga, cơ quan và những không gian công cộng. Không chỉ để xem giờ, tiếng chuông của đồng hồ còn có vai trò báo thời gian cho cả một cộng đồng cùng sinh hoạt và làm việc.

Chiếc đồng hồ cổ này gây ấn tượng bởi kích thước rất lớn, tổng trọng lượng khoảng 60 kg. Riêng quả tạ phía dưới nặng khoảng 15 kg, tạo nguồn năng lượng để bộ máy cơ vận hành. Chính kết cấu cơ khí quy mô lớn này làm nên nét đặc biệt mà những mẫu đồng hồ gia đình thông thường khó có được.

Theo thông tin về chiếc đồng hồ, sản phẩm có niên đại từ khoảng năm 1910, thuộc nhóm đồng hồ châu Âu cổ có tuổi đời trên 100 năm. Những dòng đồng hồ công cộng tương tự từng được sử dụng khá phổ biến trong nửa đầu thế kỷ XX.

Kích thước tổng thể khoảng cao 2,8 m, ngang 1,2 m, tạo cảm giác bề thế như một tác phẩm kiến trúc thu nhỏ. Đồng hồ được đưa nguyên trạng từ châu Âu về Việt Nam, hiện bộ máy vẫn hoạt động tốt.

Với những người yêu đồng hồ cổ, đồng hồ cơ cổ và đồ cổ châu Âu, giá trị của chiếc đồng hồ không chỉ nằm ở khả năng xem giờ. Kích thước hiếm gặp, kết cấu máy lớn, tuổi đời và dấu ấn lịch sử khiến đây trở thành một món đồng hồ sưu tầm rất đáng chú ý để bổ sung vào một bộ sưu tập chuyên sâu.

#dong_ho_co #dong_ho_co_chau_au #dong_ho_co_khi #do_co_chau_au #suu_tam_dong_ho_co",113,"09/09/2026 20:56",https://www.facebook.com/reel/1382325587369580/,"Thước phim",,"Trọn đời",0,+15.6x,0,0,0,3975,,,36,1,5,3744,4198,8.661,34248.789,40,3
1675751024111909,100050310827163,"Đồng hồ Nhà kho","Đồng hồ vai bò Junhan 8 côn chơi 2 bản nhạc –Dáng đẹp dễ trưng bày, âm ngân hay- Mã số #1093
💵:  12tr5
✨ Một mẫu đồng hồ cổ Đức dáng vai bò kích thước lớn, form dài 73 cm, thùng gỗ lên màu óng đẹp, đường cong hai vai cân đối. Mặt số nổi tông vàng kết hợp phần tâm vân gỗ tạo cảm giác cổ điển, sang và rất dễ bày.

⚙️ Máy cơ 3 ổ cót, bộ máy cơ khí chắc chắn, hoạt động ổn định.

♬ 8 côn – 8 búa
🎶 Chơi 2 bản nhạc: Westminster – Whittington
Âm thanh có độ vang, tiếng côn ngân nối tiếp, tạo chất âm đồng hồ cổ đặc trưng và nghe rất đã tai.

📐 Kích thước: 73 × 25 cm

⭐️ Một mẫu đồng hồ quả lắc dáng vai bò Đức vừa đẹp hình thức, vừa có cấu hình nhạc thú vị, rất hợp trưng phòng khách, phòng làm việc hoặc bổ sung vào bộ sưu tầm đồng hồ cổ.

📍 Đồng hồ Nhà Kho – Văn Phú, Hà Đông, Hà Nội
☎️ 𝟶𝟿𝟼𝟥 • 𝟺𝟻𝟼 • 𝟿𝟼𝟥

#dong_ho_co #dong_ho_duc #dong_ho_qua_lac #8_con #westminster #donghovaibo #donghoduc",0,"09/09/2026 02:00",https://www.facebook.com/donghonhakho.vn/posts/pfbid0iC4Ju6RHG91wiiZKyaXvJL15rMNRb9XgRXXbVruAigdKYYW1EwaRKf78rnSVuC1El,Photo,,"Trọn đời",4,--,0.05,0.05,0,852,,,1,0,1,841,1225,,,6,1
1675716480782030,100050310827163,"Đồng hồ Nhà kho","Đồng hồ Ô Đô 10 búa 6 côn  chơi 2 bản nhạc Sonodo và Westminster- Dáng thùng bè rất sang- Mã số #956
💵:19tr6
✨ Một mẫu đồng hồ cổ Pháp có dáng thùng bè lớn, lên tường rất bề thế. Phần vỏ phối nhiều mảng vân gỗ đẹp, nước gỗ bóng sâu, hai bên tạo khối cong mềm mại. Điểm nhấn là tay cầm bằng kim loại phía trước, vừa tiện thao tác vừa tạo nét cổ điển riêng cho chiếc đồng hồ.

⚙️ Máy móc: cấu hình 6 côn – 10 búa, bộ máy cơ cổ bố trí chắc chắn, hệ côn và búa cho thấy đây là dòng thiên về phần nhạc khá đặc biệt.

🎶 Âm thanh: chơi 2 bản Sonodo và Westminster, chất âm có độ ngân, nhiều lớp tiếng, nghe đầy đặn hơn các cấu hình thông thường. Khi lên đủ bài, phần hòa âm tạo cảm giác rất dễ chịu và có chiều sâu — đúng chất của một chiếc đồng hồ quả lắc dành cho người thích nghe nhạc chuông cổ.

📐 Kích thước lớn: 55 × 54 cm
📍 Đồng hồ Nhà Kho – Văn Phú, Hà Đông, Hà Nội
☎️ 𝟶𝟿𝟼𝟥 • 𝟜𝟝𝟞 • 𝟿𝟞𝟥

#dong_ho_co #dong_ho_co_phap #dong_ho_qua_lac #westminster #sonodo #dong_ho_suu_tam",0,"09/09/2026 01:01",https://www.facebook.com/donghonhakho.vn/posts/pfbid0228ikD5ebrjn3qMeYnhrYP1B2wf1fdKrafupiQqSKijp77aPnRBcjqjrbTLeGSqtrl,Photo,,"Trọn đời",1,--,0.09,0.09,0,1450,,,10,0,2,1452,1977,,,12,0
1675583070795371,100050310827163,"Đồng hồ Nhà kho","Đồng hồ Junhan 5 côn đồng bạch – máy W64, dáng dài thanh lịch, âm vang rất dễ nghe- Mã số #1153
💵:15tr
✨ Mẫu đồng hồ cổ Đức có dáng thùng ngang dài, phần đỉnh giữa uốn cong mềm mại, hai vai trải rộng cân đối. Vân gỗ nổi rõ, nước gỗ nâu vàng bóng đẹp, điểm thêm các đường chỉ và họa tiết trang trí nhẹ nhàng tạo cảm giác sang mà không quá cầu kỳ.

⚙️ Sử dụng bộ máy W64, kết cấu cơ khí chắc chắn. Bộ 5 côn đồng bạch đi cùng 5 búa bố trí gọn phía sau, các chi tiết máy còn khá sạch và đồng đều.

🔔 Âm thanh: côn đồng bạch cho tiếng chuông sáng, vang, độ ngân tốt nhưng vẫn mềm tai. Chất âm đồng hồ cổ Đức đặc trưng, nghe rõ từng nhịp và rất phù hợp trưng bày trong phòng khách hoặc không gian đồ cổ châu Âu.

📐 Kích thước: 72 × 24 cm

📍 Đồng hồ Nhà Kho – Văn Phú, Hà Đông, Hà Nội
☎️ 𝟶𝟿𝟼𝟥 • 𝟺𝟻𝟼 • 𝟿𝟼𝟥
 
#donghovaibo #donghoduc #donghochauau #donghoco #donghosuutam",0,"09/08/2026 21:03",https://www.facebook.com/donghonhakho.vn/posts/pfbid0UTUjHbk3tvZon5VG3ZZ6tGYi1GT8LjgnoWJPYpT7pzk9XJJJNJGqDzJ77nxEFWrSl,Photo,,"Trọn đời",1,--,0.05,0.05,0,726,,,1,0,1,707,1005,,,3,0
1674864097533935,100050310827163,"Đồng hồ Nhà kho","Đồng hồ Gi-rô 8 côn – 2 bản nhạc, dáng thùng dài rất đẹp- Mã số #41(Y145)
💵:  5tr2
✨ Một mẫu đồng hồ cổ Pháp có dáng thùng vuông dài, đường nét khỏe khoắn theo phong cách Art Deco. Phần đỉnh thùng chạm nổi hoa lá, mặt số đa giác với bộ số lớn tạo vẻ cổ điển nhưng rất dễ nhìn.

⚙️ Bộ máy cơ cổ vận hành bằng cót, kết cấu chắc chắn, bộ máy còn giữ được vẻ đồng đều và đẹp mắt.

🎶 Âm thanh: Điểm nổi bật là khả năng chơi 2 bản nhạc, tiếng chuông ngân vang, có độ dày và độ ngân tốt. Khi lên đủ câu nhạc, âm thanh tạo cảm giác đầy đặn, rất đặc trưng của dòng đồng hồ cơ cổ dùng bộ côn.

📐 Kích thước: 70 × 30 cm

⭐️ Một mẫu đồng hồ quả lắc vừa có kiểu dáng đẹp, vừa có chất âm đồng hồ cổ cuốn hút, phù hợp cho anh em yêu sưu tầm đồng hồ cổ và đồ cổ châu Âu.

📍 Đồng hồ Nhà Kho – Văn Phú, Hà Đông, Hà Nội
☎️ 𝟶𝟿𝟼𝟥 • 𝟜𝟝𝟞 • 𝟿𝟞𝟥

#dong_ho_co #dong_ho_co_phap #dong_ho_qua_lac #dong_ho_co_chau_au #8_con #2_ban_nhac #am_thanh_dong_ho_co #gia_tri_suu_tam",0,"09/08/2026 01:14",https://www.facebook.com/donghonhakho.vn/posts/pfbid0JU1ZZUkyonDCJX6qdLpRDFVg8aMsViAF7TkERrkxZZatAAPpLdS9j8iAXmCnLe83l,Photo,,"Trọn đời",3,--,0.1,0.1,0,1608,,,12,0,1,1554,2335,,,16,0
1674681304218881,100050310827163,"Đồng hồ Nhà kho","Đồng hồ Vê Đét 8 côn 8 búa – Chất âm ngân dài, thùng chạm khắc đẹp- Mã số #1135
💵:5tr3
✨ Một mẫu đồng hồ cổ Pháp có dáng thùng vuông khỏe khoắn, gỗ màu nâu vàng ấm. Phần đỉnh và bốn góc quanh mặt được chạm hoa văn nổi khá duyên, kết hợp mặt số đa giác phong cách Art Deco tạo nét rất riêng. Khoang kính phía dưới để lộ quả lắc đồng, tổng thể cổ điển nhưng gọn gàng, dễ trưng bày.

⚙️ Bộ máy cơ lên cót Pháp, kết cấu bản máy lớn và chắc chắn. Hệ thống 8 côn 8 búa, bộ côn dài kết hợp thùng gỗ tạo không gian cộng hưởng tốt.

🔔 Âm thanh chuông có nhiều tầng âm, tiếng rõ nhưng không khô, đặc biệt độ ngân rất dài và sâu. Khi điểm nhạc, các nốt nối tiếp nhau tạo cảm giác đầy đặn, dư âm còn lưu lại khá lâu trong thùng – đúng chất âm đồng hồ cổ mà người chơi rất thích.

📐 Kích thước: 69 × 33 cm
📍 Đồng hồ Nhà Kho – Văn Phú, Hà Đông, Hà Nội
☎️ 𝟬𝟵𝟲𝟯 ✦ 𝟰𝟱𝟲 ✦ 𝟵𝟲𝟯

⭐️ Một chiếc đồng hồ quả lắc Pháp 8 côn 8 búa đẹp từ dáng thùng, bộ máy đến chất âm, rất đáng để anh em yêu đồng hồ châu Âu cổ và sưu tầm đồng hồ cổ tham khảo.

#dong_ho_co #dong_ho_phap #dong_ho_qua_lac #8_con #8_bua #dong_ho_co_khi #am_thanh_dong_ho_co #chat_am_dong_ho_co #dong_ho_suu_tam #do_co_chau_au",0,"09/07/2026 19:46",https://www.facebook.com/donghonhakho.vn/posts/pfbid02xcVktsPtNawswnaZRUgYcerF3tS3tropAgsYR8rm6ucwiXQVHhq9f3wd1jtaDhcWl,Photo,,"Trọn đời",1,--,0.04,0.04,0,522,,,3,0,1,498,787,,,5,0
1674665334220478,100050310827163,"Đồng hồ Nhà kho","Đồng hồ vai bò Đức 8 côn 8 búa – 2 bản nhạc, dáng khủng, âm ngân cực hay- Mã số #1149
💵:9tr
✨ Một mẫu đồng hồ vai bò Đức có kích thước rất bề thế, ngang tới 80 cm. Bộ thùng gỗ dáng trải dài, hai vai nở rộng cân đối, những đường cong mềm chạy từ đỉnh xuống hai bên tạo vẻ cổ điển và sang trọng. Vân gỗ nổi rõ, màu nâu ấm, mặt số lớn hài hòa với tổng thể.

⚙️ Bộ máy cổ Đức cơ lên cót, kết cấu chắc chắn, tạo nên phần cơ khí rất đáng ngắm ở một chiếc đồng hồ cơ cổ cỡ lớn.

♬ Âm thanh cực ngân: Điểm hấp dẫn nhất là khả năng chơi 2 bản nhạc Westminster – Whittington. Dàn 8 búa gõ trên 8 côn tạo tiếng chuông dày, từng nốt tách rõ, độ ngân dài và có chiều sâu. Với thùng lớn, âm thanh đồng hồ cổ được cộng hưởng tốt, nghe đầy đặn và rất cuốn tai.

📐 Kích thước: 80 × 25 cm
📍 Đồng hồ Nhà Kho – Văn Phú, Hà Đông, Hà Nội
☎️ 𝟶𝟿𝟼𝟥 • 𝟜𝟝𝟞 • 𝟿𝟞𝟥

⭐️ Một mẫu đồng hồ cổ Đức 8 côn 8 búa hội tụ cả dáng thùng lớn, bộ máy đẹp và chất âm đặc trưng, rất đáng để anh em sưu tầm đồng hồ cổ tham khảo ạ.

#dong_ho_co #dong_ho_duc #vai_bo_duc #dong_ho_co_duc #8_con #8_bua #westminster #whittington #dong_ho_co_khi #dong_ho_suu_tam #am_thanh_dong_ho_co",0,"09/07/2026 19:22",https://www.facebook.com/donghonhakho.vn/posts/pfbid0BvBEjN9j6bn3NKofxR9XfCpyB5sTrPpCyqd3V7pkHU6QTikLvjT5pPsDkyZByvW1l,Photo,,"Trọn đời",2,--,0.04,0.04,0,646,,,2,0,1,624,932,,,5,0
1674657797554565,100050310827163,"Đồng hồ Nhà kho","Đã đẹp, đã to, lại còn giá chơi rất hợp lý thì đúng là khó tìm lý do để bỏ qua! - Máy cổ lòi 17x23 12 côn 3 bài

Chiếc đồng hồ Đức này kích thước cực lớn, vào không gian rất bề thế và nổi bật. Dàn côn nhiều cho chất âm dày, vang và đầy đặn.

Một lựa chọn thú vị cho anh em thích những chiếc đồng hồ to – đẹp – âm thanh ấn tượng mà mức giá vẫn dễ tiếp cận.",0,"09/07/2026 19:09",https://www.facebook.com/donghonhakho.vn/posts/pfbid02Q7Xj84JvZDQzCkQPt5pPHwWUWauSqFw6yLe6zEhPmkMVUTmaxLMBipPfowbyaUmBl,Photo,,"Trọn đời",0,--,0.05,0.05,0,743,,,2,0,1,726,1024,,,3,0
1674015740952104,100050310827163,"Đồng hồ Nhà kho","Đồng hồ Kenzi Đức 8 côn 8 búa – Dáng đuôi chuột thanh thoát, chất âm đầy đặn- Mã số #141(Y518)
💵: 8tr5
✨ Điểm cuốn hút của chiếc đồng hồ cổ Đức này nằm ở bộ thùng đuôi chuột dài, dáng thanh thoát nhưng tổng thể vẫn rất bề thế. Phần đỉnh thùng chạm hoa, nơ nổi cầu kỳ; hai bên thân và bốn góc mặt được chạm hoa đồng điệu, tạo nét cổ điển đặc trưng của đồ cổ châu Âu.

✨ Mặt số tròn 20 cm, nền sáng với bộ số cách điệu rất đẹp, tỷ lệ cân đối với thân thùng. Phía dưới là ô kính chia nan dài, để lộ quả lắc bên trong, giúp dáng đồng hồ càng có chiều sâu.

⚙️ Máy móc: Bộ máy cơ cổ Đức, kết cấu chắc chắn. Hệ thống 8 côn – 8 búa bố trí trên giá côn gang lớn, mang đúng chất của những mẫu đồng hồ cơ cổ chơi chuông nhiều côn.

🔔 Âm thanh: 8 búa gõ trên 8 thanh côn tạo tiếng chuông dày, vang, có độ ngân và chiều sâu. Thùng gỗ lớn cũng góp phần tạo không gian cộng hưởng tốt, cho chất âm đồng hồ cổ nghe đầy đặn và rất cuốn hút.

📏 Kích thước: 90 × 33 cm

☎️ 0963.456.963 
📍 Địa chỉ:  KĐT Văn Phú, Hà Đông, Hà Nội

⭐️ Một mẫu đồng hồ sưu tầm đẹp khá toàn diện từ dáng thùng đuôi chuột, mặt số cho tới bộ 8 côn 8 búa – rất hợp với các bác yêu thích sưu tầm đồng hồ cổ Đức và chú trọng cả hình thức lẫn chất âm.

#dong_ho_co #dong_ho_co_duc #dong_ho_duc #dong_ho_co_khi #dong_ho_qua_lac #dong_ho_duoi_chuot #8_con_8_bua #dong_ho_suu_tam #do_co_chau_au #am_thanh_dong_ho_co",0,"09/07/2026 01:32",https://www.facebook.com/donghonhakho.vn/posts/pfbid02jFS38Y3Mjej8UfniVxaewyJic9a8go7K1nh7HSnL9whMST1DeDTXXgPhu2cuKb6ul,Photo,,"Trọn đời",1,--,0.02,0.02,0,993,,,6,0,1,974,1492,,,8,0
1673994820954196,100050310827163,"Đồng hồ Nhà kho","Đồng hồ vai bò Đức 5 côn – Dáng dài thanh thoát, thùng gỗ đẹp, âm thanh trong trẻo dễ nghe – Mã số #1198
💵: 4tr6
✨ Một mẫu đồng hồ vai bò Đức 5 côn có dáng dài thanh thoát, thiết kế gọn gàng nhưng lên đồ rất sang và cân đối.

✨ Dáng vai bò trải dài hai bên, các góc được bo cong mềm mại. Nước gỗ nâu vàng ấm, bề mặt bóng đẹp, điểm thêm những đường chỉ mảnh chạy ngang tạo cảm giác tinh tế. Mặt số tròn phối màu vàng đồng hài hòa với tổng thể chiếc đồng hồ.

⚙️ Máy móc: Bộ máy cổ Đức cơ lên cót, kết cấu chắc chắn với 3 ổ cót. Hệ thống 5 côn đi cùng 5 búa gõ, bộ máy và cơ cấu bên trong còn khá sạch, bố trí gọn gàng.

🔔 Âm thanh: Bộ 5 côn cho tiếng chuông mộc, ấm và có độ ngân. Khi đặt trong thùng gỗ dài, tiếng gõ có độ cộng hưởng khá dễ chịu, mang đúng nét đặc trưng của âm thanh đồng hồ cổ và phù hợp với người thích chất âm nhẹ nhàng.

📐 Kích thước: 57 × 21 cm

⭐️ Một mẫu đồng hồ cổ Đức dễ chơi, dáng đẹp, kích thước vừa phải, thích hợp bày trên tủ, kệ phòng khách hoặc phối cùng đồ cổ châu Âu.

📍 Địa chỉ: Văn Phú – Hà Đông – Hà Nội
☎️ 0963.456.963

#donghoco #donghocoduc #donghovaibo #dongho5con #donghococo #donghocodoban #donghocoChauAu #maycoduc #amthanhdonghoco #chatamdonghoco #suutamdonghoco #donghosuutam #docochauau",0,"09/07/2026 01:02",https://www.facebook.com/donghonhakho.vn/posts/pfbid02yUd9btpSVj7CHUm6jP2xNfrwtFDbqpM7K5gGk7xkeDLoyaWmfV1viean5EjsLPYxl,Photo,,"Trọn đời",1,--,0.04,0.04,0,885,,,3,0,1,873,1279,,,4,0
1673986220955056,100050310827163,"Đồng hồ Nhà kho","Đồng hồ Vê Đét 8 côn – Thùng đẹp, vân gỗ bắt mắt, âm thanh ngân vang – Mã số #1132
💵: 8tr5
✨ Một mẫu đồng hồ cổ Pháp có dáng thùng lớn, đường nét cổ điển, tổng thể cân đối và đặc biệt nổi bật nhờ bộ vân gỗ rất đẹp.

✨ Thùng gỗ nu lên vân xoáy tự nhiên, các mảng vân đối xứng tạo chiều sâu bắt mắt. Phần đỉnh chạm hoa văn trang trí, cửa kính quả lắc tạo hình nhiều cạnh mang đậm nét thẩm mỹ của đồng hồ châu Âu cổ.

✨ Có tay cầm chắc chắn, một chi tiết khá thú vị vừa thuận tiện khi thao tác, vừa giữ được nét đặc trưng của dòng đồng hồ cơ cổ Pháp.

⚙️ Máy móc: Bộ máy cơ lên cót 3 ổ, kết cấu chắc chắn. Hệ thống 8 côn đi cùng 8 búa gõ, bộ máy và cơ cấu bên trong còn khá sạch đẹp.

🔔 Âm thanh: Bộ 8 côn cho tiếng chuông nhiều lớp, rõ tiếng và có độ ngân. Khi kết hợp với khoang thùng gỗ lớn, âm thanh đồng hồ cổ nghe đầy đặn, ấm và có chiều sâu – một điểm đáng chú ý với người thích sưu tầm đồng hồ cổ.

📐 Kích thước: 74 × 35 cm

⭐️ Một mẫu đồng hồ cổ Pháp đáng chơi ở cả kiểu dáng, vân gỗ lẫn chất âm. Kích thước lớn vừa đủ tạo điểm nhấn khi treo phòng khách hoặc phối cùng đồ cổ châu Âu.

📍 Địa chỉ: Văn Phú – Hà Đông – Hà Nội
☎️ 0963.456.963

#donghoco #donghocoPhap #donghoVedet #dongho8con #donghocoquylac #donghococo #donghocoChauAu #donghocoWestminster #amthanhdonghoco #chatamdonghoco #suutamdonghoco #donghosuutam #docochauau",0,"09/07/2026 00:50",https://www.facebook.com/donghonhakho.vn/posts/pfbid02iPR1Ex1gP9G2E71jpiT29JiXitma5F61bbaZsRPBoLWg8Y6hqWWSoyrtmE4UgRUql,Photo,,"Trọn đời",1,--,0.04,0.04,0,609,,,4,0,1,583,898,,,6,0
1673837554303256,100050310827163,"Đồng hồ Nhà kho","Đồng hồ vai bò Đức 3 côn – Dáng đẹp, chuông bính boong trầm ấm- Mã số #822
💵: 2tr9
✨ Một mẫu đồng hồ vai bò Đức có dáng cổ điển, kích thước vừa phải nhưng lên đồ rất sang và cân đối.

✨ Kiểu dáng mềm mại, mặt gỗ nu nổi vân xoáy tự nhiên rất đẹp. Mặt số đồng kiểu Art Deco đồng điệu với tổng thể chiếc đồng hồ.

✨ Hai chân gỗ chạm nổi hoa văn, tạo thế đứng chắc chắn và làm chiếc đồng hồ thêm phần cổ kính, khác biệt.

⚙️ Máy móc: Bộ máy cổ Đức cơ lên cót, kết cấu chắc chắn. Hệ thống 3 côn đi cùng 3 búa gõ, cơ cấu bên trong còn khá sạch và đẹp.

🔔 Âm thanh: Điểm bính boong, tiếng gõ mộc, trầm ấm và có độ ngân. Đây chính là nét thú vị của dòng đồng hồ cơ cổ để bàn: cấu hình không cầu kỳ nhưng chất âm đồng hồ cổ nghe rất dễ chịu.

📐 Kích thước: 44 × 23 cm

⭐️ Một mẫu đồng hồ cổ Đức dáng đẹp, vân gỗ nổi bật, phù hợp chơi trên tủ, bàn làm việc hoặc phối cùng đồ cổ châu Âu.

📍 Địa chỉ: Văn Phú – Hà Đông – Hà Nội
☎️ 0963.456.963 

#donghoco #donghocoduc #donghovaibo #donghococo #donghocodoban #donghocoChauAu #donghocoquylac #maycoduc #donghobinhboong #amthanhdonghoco #chatamdonghoco #suutamdonghoco #donghosuutam #docochauau",0,"09/06/2026 20:12",https://www.facebook.com/donghonhakho.vn/posts/pfbid02kDSXQUcrEzeB7Mf5toN3wAUzzHHqXFdLJMzNqyTjJMYiNQ1tN9AFf9VoRS6fohXl,Photo,,"Trọn đời",1,--,0.04,0.04,0,609,,,3,0,1,580,932,,,5,0
1672311147789230,100050310827163,"Đồng hồ Nhà kho","Đồng hồ vai bò Đức 5 côn – Dáng đẹp cổ điển- Mã số #1167
💵: 4tr4
✨ Một mẫu đồng hồ cổ Đức dáng vai bò rất cân đối, thân thùng kéo dài mềm mại, lớp vân gỗ sáng ấm và mặt số nổi phong cách Art Deco tạo vẻ thanh lịch đặc trưng.

⚙️ Bộ máy cơ cổ Đức lên cót 3 ổ, kết cấu máy đồng chắc chắn, đi cùng hệ 5 côn và 5 búa gõ. Bộ côn dài cho tiếng chuông có độ ngân, âm sắc sáng nhưng vẫn dày và ấm, nghe rõ từng lớp âm.

📏 Kích thước: 57 × 22 cm – dáng gọn, dễ trưng trên tủ, kệ phòng khách hoặc không gian đồ cổ châu Âu.

☎️ 0963.456.963
🏠 Khu đô thị Văn Phú, phường Phú La, quận Hà Đông, Hà Nội

#DongHoCo #DongHoCoDuc #DongHoCo5Con #DongHoCoKhi #SuuTamDongHoCo",0,"09/05/2026 00:48",https://www.facebook.com/donghonhakho.vn/posts/pfbid02Ev3E82RsUHb52QuBEUMq5gvQAAs46CbuMQBfxVQGLyzUQxAQhmzkTYr3z7gPvzRrl,Photo,,"Trọn đời",1,--,0.06,0.06,0,966,,,5,0,1,928,1450,,,7,0
1671576871195991,100050310827163,"Đồng hồ Nhà kho","Đồng hồ chim cúc cu cổ 3 tạ – nguyên bản, tiếng chim trầm ấm

Một chiếc đồng hồ chim cúc cu cổ còn nguyên bản, sử dụng máy tạ 3 tạ, mang đúng nét cơ khí đặc trưng của dòng đồng hồ cổ Đức.

Cứ mỗi 30 phút, cơ cấu điểm chuông hoạt động, cánh cửa mở và chim xuất hiện báo giờ. Điểm tôi thích ở chiếc này là tiếng chim hót trầm, ấm và có độ vang, nghe mộc nhưng rất ấn tượng, khác hẳn cảm giác của âm thanh điện tử hiện đại.

Từ bộ máy tạ, chuyển động cơ khí cho tới tiếng chim báo giờ đều tạo nên cái thú riêng của đồng hồ cơ cổ. Một món đồ cổ châu Âu vừa đẹp để trưng bày, vừa thú vị để nghe và có giá trị sưu tầm đối với người thích những chiếc đồng hồ còn giữ được nét nguyên bản.

#donghoco #donghocoDuc #donghoqulac #donghonguyenban #may3ta #amthanhdonghoco #chatamdonghoco #donghosuutam #suutamdonghoco #docochauAu #giatrisuutam",0,"09/04/2026 04:30",https://www.facebook.com/donghonhakho.vn/posts/pfbid037nEumfCYc8F7fv7Gk1xxCQjC4BSVyzNaEtvnky5oSg3KXXANZXVLu21yBRXhtoE7l,Photo,,"Trọn đời",17,--,0.27,0.27,0,3878,,,29,0,2,3736,5464,,,46,0
1671501957870149,100050310827163,"Đồng hồ Nhà kho","❤️ Đẹp - xấu xét sau.
🔥 Yếu tố đầu tiên là phải zin đã",0,"09/04/2026 02:34",https://www.facebook.com/donghonhakho.vn/posts/pfbid02G2h4k1ET4agETdijy8Gv4NzuexonmUa3QGUqS9jAqcm9FC49TiuTjnN1JGMDcjRtl,Photo,,"Trọn đời",0,--,0.06,0.06,0,838,,,1,0,1,816,1211,,,2,0
1671461954540816,100050310827163,"Đồng hồ Nhà kho","Đồng hồ vai bò Đức 5 côn – Dáng tivi nhỏ gọn- Mã số #1195
💵:3tr9
✨ Một mẫu đồng hồ cổ Đức có kiểu dáng khá đặc biệt: thân ngang thanh thoát, phần mặt vuông bo góc tạo cảm giác giống chiếc tivi cổ, kích thước vừa phải nên dễ trưng bày trên tủ, kệ hoặc bàn làm việc.

⚙️ Máy cơ 5 côn chắc chắn, kết cấu gọn gàng. Bộ côn cho tiếng ngân rõ, âm sắc sáng nhưng vẫn có độ vang, phù hợp với không gian phòng khách hoặc phòng làm việc.

🔔 Điểm thú vị nằm ở núm ngắt chuông phía sau, cho phép chủ động tắt phần điểm chuông khi cần yên tĩnh. Đây là một chi tiết tiện dụng trên những mẫu đồng hồ cơ cổ dùng để chơi lâu dài.

✨ Tổng thể nhỏ gọn nhưng vẫn giữ được nét đặc trưng của đồng hồ châu Âu cổ và có giá trị sưu tầm tốt với người thích dòng vai bò Đức.

📐 Kích thước: 52 × 20 cm
📍 Đồng hồ Nhà Kho – Văn Phú, Hà Đông, Hà Nội
☎️ 𝟶𝟿𝟼𝟥 • 𝟜𝟝𝟞 • 𝟿𝟞𝟥

#donghoco #donghocoduc #donghocochauau #donghococo #donghoco5con #donghocoqulac #donghocobaybo #amthanhdonghoco #chatamdonghoco #suutamdonghoco #docochauau",0,"09/04/2026 01:28",https://www.facebook.com/donghonhakho.vn/posts/pfbid025LpDwfMfdwFVfD4m4JEsoSx2LYj8f9FRQeb54aboHwMm6Czf46md43UApZx17Zw7l,Photo,,"Trọn đời",1,--,0.03,0.03,0,478,,,0,0,1,443,744,,,2,0
1671459571207721,100050310827163,"Đồng hồ Nhà kho","Đồng hồ thế giới Thụy Sĩ sản xuất năm 1988

Một mẫu đồng hồ để bàn Thụy Sĩ rất đặc biệt, sản xuất năm 1988, nổi bật với thiết kế quả địa cầu màu đen kết hợp bộ khung kim loại màu vàng cổ điển.

Điểm thú vị nhất của chiếc đồng hồ này là hệ tra cứu giờ thế giới. Trên quả địa cầu thể hiện nhiều khu vực, quốc gia và mốc thời gian khác nhau; phía dưới là vòng chia giờ giúp đối chiếu thời gian giữa các thành phố trên thế giới.

Thiết kế vừa mang tính kỹ thuật, vừa có giá trị trang trí, tạo cảm giác giống một dụng cụ địa lý thu nhỏ hơn là một chiếc đồng hồ thông thường.

Với người yêu đồng hồ sưu tầm và đồ cổ châu Âu, mẫu sản xuất năm 1988 này có nét riêng nhờ sự kết hợp giữa thời gian, địa lý và phong cách chế tác Thụy Sĩ.

#donghodeban #donghoThuySi #donghothegioi #1988 #WorldTime #donghosuutam #docochauAu #giatrisuutam",92,"09/04/2026 01:26",https://www.facebook.com/reel/916135937811065/,"Thước phim",,"Trọn đời",4,+14.5x,0,0,0,2415,,,20,1,4,2421,2658,6.733,16652.581,29,2
1671347547885590,100050310827163,"Đồng hồ Nhà kho","Đồng hồ Pháp 8 côn đồng 8 búa – máy lớn, thùng chùm nho và bông lúa mạch

Một mẫu đồng hồ cổ Pháp mang kiểu dáng rất đặc trưng với phần thùng chạm chùm nho kết hợp bông lúa mạch, tạo tổng thể cổ điển, cân đối và có chiều sâu khi trưng bày.

Bên trong là bộ máy lớn, 8 côn đồng – 8 búa. Khi máy và hệ côn được căn chỉnh tốt, tiếng đánh rõ, độ ngân đẹp và cho chất âm đồng hồ cổ ấm, dễ nghe.

Sự kết hợp giữa máy lớn, bộ 8 côn đồng và kiểu thùng chùm nho – bông lúa mạch tạo nên nét riêng của chiếc đồng hồ cơ cổ này, rất thú vị với những người yêu và sưu tầm đồng hồ cổ Pháp.

#donghoco #donghocoPhap #8con8bua #condong #chumnho #bongluamach #donghoqulac #amthanhdonghoco #chatamdonghoco #donghosuutam #suutamdonghoco #docochauAu #giatrisuutam",52,"09/03/2026 22:13",https://www.facebook.com/reel/1041344355384834/,"Thước phim",,"Trọn đời",7,+12.9x,0,0,0,2040,,,16,0,4,1887,2233,7.762,15657.527,25,2
1671324271221251,100050310827163,"Đồng hồ Nhà kho","Đồng hồ tủ Đức nguyên bản – giá trị nằm ở cả hình thức và âm thanh

Một chiếc đồng hồ tủ Đức đẹp, còn giữ được tổng thể nguyên bản và bộ máy vận hành tốt luôn có vị trí riêng trong giới sưu tầm đồng hồ cổ.

Dáng tủ lớn, tỷ lệ cân đối tạo nên vẻ cổ kính và sang trọng. Nhưng sức hấp dẫn của dòng này không chỉ nằm ở phần nhìn. Khi bộ máy, hệ gông và thùng gỗ phối hợp tốt, âm thanh đồng hồ cổ có độ vang, tiếng ngân sâu và nghe rất có chiều dày.

Với những chiếc còn nguyên bản đẹp, máy móc đồng bộ và chất âm tốt, giá trị sưu tầm thường nằm ở chính sự toàn vẹn ấy. Đây là dòng đồng hồ cổ Đức vừa đẹp để trưng bày, vừa đáng để nghiên cứu và thưởng thức lâu dài.

#donghoco #donghocoDuc #donghotuDuc #donghotuco #donghococo #donghonguyenban #amthanhdonghoco #chatamdonghoco #donghosuutam #suutamdonghoco #docochauAu #giatrisuutam",0,"09/03/2026 21:38",https://www.facebook.com/donghonhakho.vn/posts/pfbid0X2Dv6sLCB6TfTKc7x9BsmmW8sQQ64LDD6QvVLZKdtPwbAPL2SmcgKHYiAzVW4Gpyl,Photo,,"Trọn đời",0,--,0.03,0.03,0,518,,,0,0,1,495,809,,,1,0
1671322137888131,100050310827163,"Đồng hồ Nhà kho","Đồng hồ tủ Đức nguyên bản – giá trị nằm ở cả hình thức và âm thanh

Một chiếc đồng hồ tủ Đức đẹp, còn giữ được tổng thể nguyên bản và bộ máy vận hành tốt luôn có vị trí riêng trong giới sưu tầm đồng hồ cổ.

Dáng tủ lớn, tỷ lệ cân đối tạo nên vẻ cổ kính và sang trọng. Nhưng sức hấp dẫn của dòng này không chỉ nằm ở phần nhìn. Khi bộ máy, hệ gông và thùng gỗ phối hợp tốt, âm thanh đồng hồ cổ có độ vang, tiếng ngân sâu và nghe rất có chiều dày.

Với những chiếc còn nguyên bản đẹp, máy móc đồng bộ và chất âm tốt, giá trị sưu tầm thường nằm ở chính sự toàn vẹn ấy. Đây là dòng đồng hồ cổ Đức vừa đẹp để trưng bày, vừa đáng để nghiên cứu và thưởng thức lâu dài.

#donghoco #donghocoDuc #donghotuDuc #donghotuco #donghococo #donghonguyenban #amthanhdonghoco #chatamdonghoco #donghosuutam #suutamdonghoco #docochauAu #giatrisuutam",100,"09/03/2026 21:35",https://www.facebook.com/reel/1612663960529273/,"Thước phim",,"Trọn đời",6,+17.2x,0,0,0,1713,,,8,1,4,1591,1883,7.416,12652.914,19,0
1671295807890764,100050310827163,"Đồng hồ Nhà kho","Trong các phiên bản đồng hồ cổ Ô Đô 10 côn 2 bài nhạc, đây là một cấu hình được nhiều người chơi và sưu tầm đồng hồ cổ quan tâm bởi cả phần nhạc lẫn cách điểm chuông.

Hai giai điệu chính là Westminster và Gai Carillon. Trong đó, Gai Carillon có màu sắc riêng, nghe mềm và giàu nhạc tính hơn khi kết hợp với hệ 10 côn, tạo nên chất âm đồng hồ cổ dày, vang và có nhiều lớp.

Điểm đáng chú ý hơn nữa là cơ cấu chuông kép và điểm giờ kép, tạo cảm giác khác biệt so với nhiều cấu hình thông thường. Chính sự kết hợp giữa hai bản nhạc, hệ 10 côn và cách điểm chuông đặc trưng đã tạo nên nét riêng cho dòng đồng hồ cơ cổ này.

Một cấu hình không chỉ đáng nghe, mà còn rất đáng tìm hiểu trong thế giới đồng hồ châu Âu cổ và giá trị sưu tầm.",58,"09/03/2026 20:49",https://www.facebook.com/reel/1391939259577949/,"Thước phim",,"Trọn đời",2,+6x,0,0,0,2307,,,23,3,4,2114,2518,9.336,21258.436,31,0
1670646627955682,100050310827163,"Đồng hồ Nhà kho","Đồng hồ chim cúc cu Đức ba tạ – nguyên bản, âm thanh hay

Một chiếc đồng hồ chim cúc cu Đức ba tạ còn giữ được vẻ nguyên bản rất đáng chơi. Bộ ba quả tạ đảm nhiệm các chức năng của máy chạy, tiếng chim và phần âm thanh, tạo nên nét thú vị riêng của dòng đồng hồ cơ cổ này.

Điểm cuốn hút nhất vẫn là khoảnh khắc chim xuất hiện báo giờ cùng tiếng gọi đặc trưng, kết hợp với âm thanh cơ khí mộc mạc, nghe rất có không khí của những chiếc đồng hồ cổ Đức.

Với người sưu tầm đồng hồ cổ, một chiếc ba tạ có hình thức đẹp, máy móc đồng bộ, nguyên bản và vận hành tốt luôn là món đồ cổ châu Âu có nét riêng để vừa trưng bày vừa thưởng thức.

#donghoco #donghocoDuc #donghocoqulac #donghococo #batạ #donghonguyenban #amthanhdonghoco #donghosuutam #suutamdonghoco #docochauAu #giatrisuutam",37,"09/03/2026 02:57",https://www.facebook.com/reel/1032111436315783/,"Thước phim",,"Trọn đời",5,+9.4x,0,0,0,3640,,,18,0,3,3490,3986,7.645,27744.153,25,2
1670636901289988,100050310827163,"Đồng hồ Nhà kho","Ô Đô 36/8 côn mặt số nổi – một phiên bản ít gặp

Ảnh toàn bộ mặt trước của chiếc đồng hồ cổ Pháp Ô Đô 36/8 côn mặt số nổi, một phiên bản khá ít gặp trong dòng máy 36.

Điểm dễ nhận ra nhất là phần mặt số nổi ngang với thùng kính, tạo cho tổng thể dáng giống quả chuông, nhìn rất khác so với những mẫu mặt số nằm sâu bên trong. Kết hợp với bộ máy 36 và cấu hình 8 côn, chiếc đồng hồ có dáng cổ điển nhưng vẫn rất riêng.

Điều đáng chú ý hơn là tình trạng nguyên bản đẹp, các chi tiết tổng thể còn hài hòa và đúng chất của dòng đồng hồ này. Với người sưu tầm đồng hồ cổ, những phiên bản ít gặp, hình thức đặc trưng và còn giữ được độ nguyên bản thường có giá trị sưu tầm riêng.

#donghoco #donghocoPhap #dongho36 #8con #matsono #donghoqulac #donghococo #donghonguyenban #donghosuutam #suutamdonghoco #docochauAu #giatrisuutam",0,"09/03/2026 02:42",https://www.facebook.com/donghonhakho.vn/posts/pfbid02AMCppZCQB59xq1pcwQK8ow8mPDZgghJaVEoZtqwFxSGGhLm9eXoiAZJo37Y1s43hl,Photo,,"Trọn đời",0,--,0.08,0.08,0,1262,,,6,0,1,1247,1750,,,7,0
1670398264647185,100050310827163,"Đồng hồ Nhà kho","The Dictaphone – cỗ máy ghi âm văn phòng hơn 100 năm tuổi

Trong lịch sử phát triển của công nghệ ghi âm, Dictaphone là một trong những cái tên gắn liền với giai đoạn đầu khi việc ghi lại giọng nói bắt đầu được ứng dụng rộng rãi trong môi trường văn phòng. Chiếc máy trong hình được sản xuất vào khoảng đầu thế kỷ XX, khoảng thập niên 1910, đến nay đã trải qua hơn 100 năm.

Cỗ máy ghi lại giọng nói từ thời chưa có băng từ

Khác hoàn toàn với máy ghi âm điện tử ngày nay, những chiếc Dictaphone đời đầu sử dụng cơ cấu cơ khí và ống trụ ghi âm. Người sử dụng có thể đọc thư từ, tài liệu hoặc nội dung cần lưu lại để máy ghi tiếng nói lên ống trụ, sau đó phát lại phục vụ việc nghe và đánh máy.

Đây là một trong những công nghệ quan trọng giúp việc ghi và tái tạo giọng nói trở nên hữu ích trong hoạt động văn phòng thời kỳ đầu thế kỷ XX.

Thiết kế đồ sộ và đậm chất công nghiệp

Ấn tượng nhất ở chiếc máy này là toàn bộ hệ thống vẫn còn khá đầy đủ sau hơn một thế kỷ.

Máy được đặt trên bộ chân sắt rất nặng và chắc chắn, phù hợp với cách bố trí cố định trong các văn phòng thời bấy giờ. Phía trên là loa kèn kim loại cỡ lớn, tạo nên hình dáng rất đặc trưng của những thiết bị âm thanh cổ.

Thước điều chỉnh, cơ cấu truyền động, bộ phận giữ ống trụ và nhiều chi tiết cơ khí vẫn hiện diện trên máy. Đặc biệt, chiếc máy hiện vẫn có khả năng vận hành, một điểm rất thú vị đối với người yêu thiết bị cơ khí và công nghệ cổ.

Không chỉ là máy ghi âm, mà còn là dấu tích của lịch sử công nghệ

Ngày nay, một chiếc Dictaphone hơn 100 năm tuổi không đơn thuần được nhìn nhận như một thiết bị ghi âm. Nó còn cho thấy cách con người từng giải quyết nhu cầu lưu giữ tiếng nói trước thời đại băng từ, cassette và ghi âm kỹ thuật số.

Từ một thiết bị phục vụ công việc văn phòng, sau hơn một thế kỷ, cỗ máy trở thành một hiện vật thú vị để nghiên cứu về lịch sử ghi âm, thiết bị văn phòng cổ và kỹ thuật cơ khí đầu thế kỷ XX.

Từ khóa SEO: máy ghi âm cổ, The Dictaphone, Dictaphone cổ, máy ghi âm ống trụ, máy ghi âm đầu thế kỷ 20, thiết bị văn phòng cổ, máy ghi âm hơn 100 năm tuổi, lịch sử máy ghi âm.",200,"09/02/2026 19:25",https://www.facebook.com/reel/1605821591277584/,"Thước phim",,"Trọn đời",8,+22.2x,0,0,0,1596,,,14,0,4,1480,1730,12.235,19221.221,26,1
1670385167981828,100050310827163,"Đồng hồ Nhà kho","Đây là một trong những cỗ máy ghi âm cơ học đời đầu, được sản xuất vào khoảng những năm 1910, nghĩa là đến nay đã trải qua hơn một thế kỷ.

Điều thú vị là chiếc máy vẫn còn khá đầy đủ các bộ phận và có thể vận hành. Toàn bộ cơ cấu được đặt trên một bộ chân bằng sắt rất nặng, đúng với kiểu thiết bị chuyên dụng từng được sử dụng trong văn phòng thời kỳ đầu thế kỷ XX.

Phía trên là miệng loa bằng kim loại dạng kèn lớn, vừa là một phần của hệ thống âm thanh, vừa tạo nên diện mạo rất đặc trưng của những thiết bị ghi và phát tiếng nói thời kỳ sơ khai.

Hơn 100 năm trước, khi chưa có băng từ hay thiết bị ghi âm điện tử hiện đại, những cỗ máy như thế này đã giúp con người ghi lại và tái tạo giọng nói – một bước tiến rất đáng chú ý trong lịch sử công nghệ âm thanh.",0,"09/02/2026 19:04",https://www.facebook.com/donghonhakho.vn/posts/pfbid02soTwGHgpEFdiuHp5WkLGk8sVSAiNF27Czgqn7wMPc8BKX5GCCDcjVYZrazKuXF4gl,Photo,,"Trọn đời",2,--,0.06,0.06,0,867,,,5,0,1,840,1232,,,8,0
1670339794653032,100050310827163,"Đồng hồ Nhà kho","Đồ sưu tầm không được định giá giống đồ tiêu dùng

Có thể lấy một ví dụ rất dễ hình dung từ đồ gốm.

Một chiếc bát cổ từ vài trăm năm trước, dù của Trung Quốc hay của Việt Nam, về công năng chưa chắc đã tốt bằng một chiếc bát đẹp được làm tại Bát Tràng ngày nay.

Bát mới có thể:

* tròn đều hơn;
* men sạch hơn;
* bền hơn;
* dễ dùng hơn;
* và quan trọng nhất là có thể mang ra ăn cơm mỗi ngày mà chẳng phải suy nghĩ.

Còn một chiếc bát cổ giá hàng chục cây vàng?

Có lẽ phần lớn người sở hữu chỉ đặt nó trong tủ kính để ngắm.

Chẳng ai mua một món cổ quý rồi hàng ngày đem ra chan canh.

Như vậy, nếu chỉ xét “công dụng của cái bát là để đựng thức ăn” thì chiếc bát cổ gần như thua hoàn toàn chiếc bát mới.

Thế nhưng giá của nó vẫn có thể cao hơn hàng nghìn lần.

Tại sao?

Bởi người ta không mua riêng công dụng.

Người ta mua tuổi đời, độ hiếm, nguồn gốc, lịch sử, tính nguyên bản và cảm giác được sở hữu một vật mà không phải ai cũng có.

Đồng hồ cổ cũng vậy.

⸻

Giá của 36/10 không chỉ nằm trong 10 côn và 10 búa

Nếu chỉ tính vật chất, một chiếc 36/10 vẫn là một bộ máy cơ, một dàn côn, một bộ búa, mặt số, quả lắc và một chiếc thùng gỗ.

Nhưng những thứ ấy ghép lại chưa đủ để giải thích giá.

Thứ làm cho 36/10 khác biệt nằm ở vị trí mà nó đã tạo ra trong tâm trí người chơi qua nhiều thế hệ.

Từ rất sớm, những chiếc 36/10 đã được đánh giá cao bởi cấu hình âm thanh, kiểu điểm chuông và cá tính riêng.

Đến khi xuất hiện tại Việt Nam, nó tiếp tục được người chơi chú ý.

Rồi một người có.

Người khác nghe.

Người thứ ba muốn tìm.

Cứ như vậy qua nhiều năm, từ một chiếc đồng hồ hay, 36/10 dần trở thành một biểu tượng trong thú chơi Odo.

Đến lúc ấy, giá không còn được quyết định riêng bởi bộ máy.

Nó được quyết định bởi cả ký ức tập thể của người chơi.",0,"09/02/2026 17:36",https://www.facebook.com/donghonhakho.vn/posts/pfbid02CJ23FuqbBGxkr5Nt7mws7cUYWPrAu6eQNupNrqNgaqfHvrLEt1atDo2ZSstgd1Jal,Photo,,"Trọn đời",3,--,0.03,0.03,0,1661,,,15,0,1,1595,2537,,,19,0
1669950641358614,100050310827163,"Đồng hồ Nhà kho","Côn nguyên bản 111 – đăng để anh em tham khảo

Bộ côn nguyên bản 111 này tôi không bán rời. Tôi để đi cùng một chiếc đồng hồ cổ Pháp Ô Đô đời 1954, 10 côn 10 búa để giữ đúng cấu hình của đồng hồ.

Tôi đăng hình riêng bộ côn để anh em chơi đồng hồ cổ có thêm tài liệu đối chiếu, nhất là khi xem độ nguyên bản, hình dáng côn, cách bố trí và các chi tiết đi kèm. Những tư liệu thực tế như thế này theo tôi khá hữu ích, vì càng nhìn nhiều đồ thật thì càng dễ hình thành kinh nghiệm khi sưu tầm đồng hồ cổ.

#donghoco #donghocoPhap #10con10bua #connguyenban #donghonguyenban #donghosuutam #suutamdonghoco #tailieudonghoco #giatrisuutam",0,"09/02/2026 06:31",https://www.facebook.com/donghonhakho.vn/posts/pfbid035PKpqsBDibsSVdee24yjaomDj3RoSWEa7z3jwGRAZLx9JcR161kdA5uqVaGZvVYkl,Photo,,"Trọn đời",10,--,0.18,0.18,0,2246,,,10,1,1,2164,3305,,,22,0
1669926904694321,100050310827163,"Đồng hồ Nhà kho","Nhiều anh em hỏi tôi: làm sao nhìn một món đồ để biết còn zin hay không? Thật ra chuyện này không chỉ riêng đồng hồ cổ, nhiều món đồ khác cũng vậy. Với những người va chạm nhiều, nhìn nhiều, làm nhiều năm thì đôi khi chỉ cần nhìn tổng thể là đã có cảm nhận khá rõ món đồ đó có đúng chất nguyên bản hay không.

Nhưng để chỉ ra thật cụ thể từng chỗ, từng dấu hiệu, từng cách nhìn thì lại không đơn giản. Có những thứ mình biết vì đã gặp quá nhiều lần, chứ không phải lúc nào cũng có thể giải thích ngay thành một công thức rõ ràng.

Tôi nghĩ phần này chủ yếu phải dựa vào thời gian, trải nghiệm thực tế và số lượng đồ mình đã được nhìn qua. Càng tiếp xúc nhiều thì mắt càng quen, cảm nhận càng chắc. Còn để diễn đạt hết những gì mình nhìn thấy thành lời cho người khác hiểu ngay thì với tôi vẫn là việc khá khó.",0,"09/02/2026 05:56",https://www.facebook.com/donghonhakho.vn/posts/pfbid0wGjuF2ZceUfTUcPNd7xnygUREMwffuiNL7EgsGf4ooj3J1xMG7msFhSfXAqN5RT2l,Photo,,"Trọn đời",0,--,0.16,0.16,0,1972,,,4,0,1,1946,2706,,,5,0
1669894528030892,100050310827163,"Đồng hồ Nhà kho","Chiếc vai bò máy trơn Ô đô 1954
🔥 Độc lạ
🔥 Âm hay
🔥 Thương hiệu nổi tiếng",0,"09/02/2026 05:10",https://www.facebook.com/donghonhakho.vn/posts/pfbid02CawqbKpf5TXvv5YH6ZyL9J3JVSoGzv2MgdDPnR4LmbvkfizgWT5xzx9mmKNWD1nBl,Photo,,"Trọn đời",3,--,0.01,0.01,0,706,,,3,0,1,671,1059,,,7,-1
1669792071374471,100050310827163,"Đồng hồ Nhà kho","Đồng hồ thế giới Thụy Sĩ 1988 – cả thế giới thu nhỏ trên một chiếc đồng hồ

Được sản xuất tại Thụy Sĩ năm 1988, chiếc đồng hồ thế giới này gây ấn tượng bởi thiết kế quả địa cầu và dấu ấn của Hiệp hội Địa lý Hoàng gia Anh. Đây không chỉ là một chiếc đồng hồ để bàn đẹp mà còn là một dụng cụ tra cứu thời gian mang đậm tinh thần khám phá địa lý.

Điểm đặc biệt nhất là khả năng xác định và đối chiếu giờ tại nhiều quốc gia, thành phố trên thế giới thông qua hệ thống tên địa danh, múi giờ và các vòng chia thời gian bố trí quanh quả địa cầu. Chỉ với một thiết bị cơ học nhỏ gọn, người sử dụng có thể hình dung cùng một thời điểm thì London, Paris, New York, Tokyo hay nhiều thành phố khác đang là mấy giờ.

Thiết kế kim loại kết hợp quả địa cầu màu đen đem lại vẻ cổ điển rất đặc trưng của cuối thập niên 1980. Với người yêu đồng hồ sưu tầm và đồ cổ châu Âu, sức hấp dẫn của chiếc đồng hồ nằm ở sự kết hợp giữa thời gian – địa lý – kỹ thuật – nghệ thuật trưng bày.

Sản xuất năm 1988, nhưng trên mặt đồng hồ là thời gian của cả thế giới.

#donghothegioi #donghoThuySi #donghodeban #donghosuutam #1988 #WorldTime #RoyalGeographicalSociety #SwissMade #docochauAu #giatrisuutam",47,"09/02/2026 02:28",https://www.facebook.com/reel/1010046242062740/,"Thước phim",,"Trọn đời",2,+3.9x,0,0,0,1089,,,7,0,1,1011,1190,5.331,5730.936,10,0
1669791771374501,100050310827163,"Đồng hồ Nhà kho","Đồng hồ cổ Pháp 8 côn 8 búa – vẻ đẹp chùm nho và bông lúa mạch

Một trong những kiểu thùng rất được yêu thích trên đồng hồ cổ Pháp là họa tiết chùm nho kết hợp bông lúa mạch. Những đường nét mềm mại chạy trên nền gỗ tạo nên vẻ cổ kính, trang nhã và rất dễ nhận ra khi trưng bày.

Bên trong là bộ 8 côn – 8 búa, mang đến tiếng chuông vang, âm sắc trong và độ ngân dễ chịu. Chính sự hòa quyện giữa chất âm đồng hồ cổ và nghệ thuật tạo hình của thùng gỗ đã làm nên sức hút bền bỉ của dòng đồng hồ này.

Không quá cầu kỳ nhưng càng ngắm càng có nét riêng — một mẫu đồng hồ cơ cổ vừa đẹp để trưng bày, vừa thú vị để thưởng thức âm thanh và rất có duyên trong một bộ sưu tầm đồng hồ cổ.

#donghoco #donghocoPhap #8con8bua #chumnho #bongluamach #donghoqulac #donghococo #amthanhdonghoco #chatamdonghoco #donghosuutam #docochauAu #giatrisuutam",29,"09/02/2026 02:28",https://www.facebook.com/reel/2165183497361453/,"Thước phim",,"Trọn đời",0,+2.5x,0,0,0,2772,,,13,0,4,2707,3023,3.872,10758.754,16,2
1669791114707900,100050310827163,"Đồng hồ Nhà kho","Đồng hồ Pháp 8 côn 8 búa – chùm nho kết hợp bông lúa mạch

Một thiết kế rất có duyên của đồng hồ cổ Pháp, nổi bật với phần thùng chạm chùm nho kết hợp bông lúa mạch – hai họa tiết cổ điển tạo nên vẻ mềm mại và sang trọng đặc trưng của đồ cổ châu Âu.

Bên trong là cấu hình 8 côn – 8 búa, khi được căn chỉnh tốt cho tiếng chuông rõ nốt, độ ngân đẹp và chất âm đồng hồ cổ dễ nghe. Sự kết hợp giữa thùng gỗ nhiều họa tiết, bộ máy cơ cổ và âm thanh giàu tính thưởng thức khiến kiểu đồng hồ này được nhiều người chơi yêu thích.

Với người sưu tầm đồng hồ cổ, một chiếc còn đẹp, đồng bộ và giữ được nhiều chi tiết nguyên bản luôn có sức hấp dẫn riêng cả về thẩm mỹ lẫn giá trị sưu tầm.

#donghoco #donghocoPhap #8con8bua #donghoqulac #donghococo #chumnho #bongluamach #amthanhdonghoco #chatamdonghoco #donghonguyenban #donghosuutam #suutamdonghoco #docochauAu #giatrisuutam",121,"09/02/2026 02:27",https://www.facebook.com/reel/1712574383185815/,"Thước phim",,"Trọn đời",0,+1.7x,0,0,0,885,,,2,0,1,794,920,4.252,3686.702,3,0
1669788178041527,100050310827163,"Đồng hồ Nhà kho","Junhan 10 côn 10 búa – máy hoa thị đẹp, nguyên bản

Một mẫu đồng hồ cổ Đức được nhiều người chơi yêu thích với cấu hình 10 côn – 10 búa, chơi hai bản nhạc và sử dụng dòng máy hoa thị rất đặc trưng.

Điểm đáng giá nằm ở sự đồng bộ giữa bộ máy, hệ côn và cơ cấu đánh nhạc. Khi còn giữ được tình trạng nguyên bản, tiếng chuông thường có độ vang tốt, nhiều lớp âm và tạo cảm giác đầy đặn hơn khi thưởng thức.

Dáng máy hoa thị đẹp mắt cũng là một chi tiết khiến dòng này dễ nhận diện và có sức hút riêng trong sưu tầm đồng hồ cổ Đức. Vừa có giá trị thẩm mỹ, vừa có chất âm đồng hồ cổ dễ nghe, đây là kiểu đồng hồ cơ cổ rất được người chơi ưa chuộng.

#donghoco #donghocoDuc #Junhan #10con10bua #mayhoathi #donghococo #amthanhdonghoco #chatamdonghoco #donghonguyenban #donghosuutam #suutamdonghoco #giatrisuutam",24,"09/02/2026 02:22",https://www.facebook.com/reel/1052995717623918/,"Thước phim",,"Trọn đời",13,+22x,0,0,0,4984,,,55,1,4,4656,6128,9.772,48177.946,71,4
1669785471375131,100050310827163,"Đồng hồ Nhà kho","Đồng hồ thế giới Thụy Sĩ 1988 – một cỗ máy để “đọc” thời gian toàn cầu

Một mẫu đồng hồ sưu tầm Thụy Sĩ rất đặc biệt, được sản xuất năm 1988 và gắn với Royal Geographical Society – Hiệp hội Địa lý Hoàng gia Anh.

Điểm cuốn hút nhất không chỉ nằm ở bộ khung kim loại và quả địa cầu màu đen mang phong cách cổ điển, mà ở khả năng tra cứu giờ theo các quốc gia và thành phố trên thế giới. Hệ thống bản đồ, kinh tuyến và vòng chia giờ được bố trí quanh quả địa cầu, biến chiếc đồng hồ thành một công cụ trực quan để quan sát sự khác biệt múi giờ giữa nhiều khu vực.

Nhìn kỹ có thể thấy các thành phố, khu vực địa lý cùng những mốc thời gian được thể hiện ngay trên bề mặt quả địa cầu; phía dưới là hệ vòng chia độ và cơ cấu tra cứu. Vì vậy, đây không đơn thuần là một chiếc đồng hồ để bàn mà còn mang tinh thần của một dụng cụ địa lý – thời gian, rất đúng với chủ đề khám phá thế giới.

Sản xuất tại Thụy Sĩ năm 1988, lại sở hữu thiết kế quả địa cầu đặc trưng, chiếc đồng hồ tạo nên sự giao thoa thú vị giữa cơ khí đo thời gian, địa lý và nghệ thuật trưng bày. Một món đồ sưu tầm châu Âu khác biệt, càng phù hợp với phòng làm việc, thư viện hay một bộ sưu tập chuyên về những thiết bị đo thời gian độc đáo.

#donghothegioi #donghoThuySi #donghodeban #donghosuutam #RoyalGeographicalSociety #WorldTime #SwissMade #1988 #docochauAu #giatrisuutam",64,"09/02/2026 02:18",https://www.facebook.com/reel/969883022788226/,"Thước phim",,"Trọn đời",2,+14.9x,0,0,0,2796,,,10,0,4,2683,2971,8.486,23167.589,16,0
1669782274708784,100050310827163,"Đồng hồ Nhà kho","Đồng hồ thế giới Thụy Sĩ 1988 – một cỗ máy để “đọc” thời gian toàn cầu

Một mẫu đồng hồ sưu tầm Thụy Sĩ rất đặc biệt, được sản xuất năm 1988 và gắn với Royal Geographical Society – Hiệp hội Địa lý Hoàng gia Anh.

Điểm cuốn hút nhất không chỉ nằm ở bộ khung kim loại và quả địa cầu màu đen mang phong cách cổ điển, mà ở khả năng tra cứu giờ theo các quốc gia và thành phố trên thế giới. Hệ thống bản đồ, kinh tuyến và vòng chia giờ được bố trí quanh quả địa cầu, biến chiếc đồng hồ thành một công cụ trực quan để quan sát sự khác biệt múi giờ giữa nhiều khu vực.

Nhìn kỹ có thể thấy các thành phố, khu vực địa lý cùng những mốc thời gian được thể hiện ngay trên bề mặt quả địa cầu; phía dưới là hệ vòng chia độ và cơ cấu tra cứu. Vì vậy, đây không đơn thuần là một chiếc đồng hồ để bàn mà còn mang tinh thần của một dụng cụ địa lý – thời gian, rất đúng với chủ đề khám phá thế giới.

Sản xuất tại Thụy Sĩ năm 1988, lại sở hữu thiết kế quả địa cầu đặc trưng, chiếc đồng hồ tạo nên sự giao thoa thú vị giữa cơ khí đo thời gian, địa lý và nghệ thuật trưng bày. Một món đồ sưu tầm châu Âu khác biệt, càng phù hợp với phòng làm việc, thư viện hay một bộ sưu tập chuyên về những thiết bị đo thời gian độc đáo.

#donghothegioi #donghoThuySi #donghodeban #donghosuutam #RoyalGeographicalSociety #WorldTime #SwissMade #1988 #docochauAu #giatrisuutam",49,"09/02/2026 02:13",https://www.facebook.com/reel/1643220360756666/,"Thước phim",,"Trọn đời",4,+8.4x,0,0,0,3299,,,15,0,4,3160,3503,6.168,19992.841,23,0
1669778021375876,100050310827163,"Đồng hồ Nhà kho","Đồng hồ cổ Pháp chùm nho – bông lúa mì, nét đẹp rất đặc trưng

Một dáng đồng hồ cổ Pháp được nhiều người chơi yêu thích với phần thùng trang trí chùm nho và bông lúa mì. Những họa tiết mang hơi hướng đồng quê châu Âu tạo cho chiếc đồng hồ vẻ cổ điển, mềm mại và càng ngắm lâu càng thấy có duyên.

Bên trong là bộ máy cơ cổ, kết hợp hệ thống chuông cho tiếng đánh rõ, độ ngân tốt và âm thanh dễ nghe. Khi thùng gỗ và bộ gông cộng hưởng hài hòa, chất âm đồng hồ cổ trở nên ấm và có chiều sâu hơn.

Với người sưu tầm đồng hồ cổ, những mẫu thùng chùm nho – lúa mì đẹp, máy móc tốt và âm thanh chuẩn luôn có nét riêng trong một bộ đồ cổ châu Âu.

#donghoco #donghocoPhap #donghoqulac #donghococo #chumnho #bongluami #amthanhdonghoco #chatamdonghoco #donghosuutam #suutamdonghoco #docochauAu #giatrisuutam",121,"09/02/2026 02:06",https://www.facebook.com/reel/1535849031166286/,"Thước phim",,"Trọn đời",0,+3x,0,0,0,985,,,4,0,3,953,1054,4.067,4067.914,7,2
1668799168140428,100050310827163,"Đồng hồ Nhà kho","Ô Đô 24 đời 1957 – 10 côn 11 búa, hai bản nhạc Westminster và Ave Maria

Một cấu hình rất thú vị của đồng hồ cổ Pháp: Ô Đô máy 24 đời 1957, sở hữu bộ 10 côn – 11 búa, chơi hai bản nhạc Westminster và Ave Maria.

Điểm đáng nghe nằm ở hai sắc thái âm nhạc khác nhau. Westminster trang trọng, mạnh mẽ và quen thuộc; trong khi Ave Maria mềm mại, sâu lắng hơn. Bộ 10 côn kết hợp 11 búa giúp phần hòa âm có nhiều lớp tiếng, khi căn chỉnh chuẩn sẽ cho chất âm đồng hồ cổ vang, ngân và giàu cảm xúc.

Ở một chiếc đồng hồ cơ cổ, con số 10 côn 11 búa không chỉ để nói về cấu hình. Điều quan trọng hơn là cách bộ máy điều khiển từng búa, thứ tự các nốt và sự cộng hưởng của cả thùng đồng hồ để tạo thành hai giai điệu hoàn chỉnh.

Máy 24 – đời 1957 – 10 côn 11 búa – Westminster & Ave Maria: một cấu hình đáng để người yêu sưu tầm đồng hồ cổ nghe và tìm hiểu kỹ.

#donghoco #donghocoPhap #dongho24 #1957 #10con11bua #Westminster #AveMaria #donghococo #amthanhdonghoco #chatamdonghoco #donghosuutam #suutamdonghoco #docochauAu #giatrisuutam",27,"08/31/2026 21:59",https://www.facebook.com/reel/1389956495800679/,"Thước phim",,"Trọn đời",3,+6.9x,0,0,0,4308,,,38,2,3,4156,5022,8.749,37116.851,46,2
1668792654807746,100050310827163,"Đồng hồ Nhà kho","Đồng hồ tủ Pháp 10 côn – hai bản nhạc Westminster và Ave Maria

Một chiếc đồng hồ cổ Pháp hấp dẫn không chỉ bởi dáng tủ sang trọng mà còn ở bộ 10 côn chơi hai bản nhạc Westminster và Ave Maria.

Westminster mang sắc thái trang nghiêm, nhịp điệu quen thuộc; Ave Maria lại mềm mại và giàu cảm xúc hơn. Khi hệ 10 côn và bộ búa được căn chỉnh tốt, từng nốt tách rõ, tiếng ngân dài và hòa âm đầy đặn, tạo nên chất âm đồng hồ cổ rất dễ nghe.

Với người sưu tầm đồng hồ cổ, đây là kiểu đồng hồ đáng thưởng thức bằng cả mắt lẫn tai: dáng tủ đẹp, bộ máy cơ cổ thú vị và đặc biệt là hai bản nhạc mang hai màu sắc hoàn toàn khác nhau.

#donghoco #donghocoPhap #donghotuPhap #10con #Westminster #AveMaria #donghococo #amthanhdonghoco #chatamdonghoco #donghosuutam #suutamdonghoco #docochauAu #giatrisuutam",100,"08/31/2026 21:48",https://www.facebook.com/reel/1741466620396414/,"Thước phim",,"Trọn đời",7,+22.6x,0,0,0,4059,,,20,0,4,3823,4246,8.579,34087.285,30,0
1668711428149202,100050310827163,"Đồng hồ Nhà kho","Đồng hồ treo tường Đức 10 côn 10 búa – hai bản nhạc kinh điển

Một chiếc đồng hồ treo tường Đức sở hữu cấu hình khá hấp dẫn: 10 côn, 10 búa, chơi hai bản nhạc Westminster và Trinity.

Bộ 10 côn mang lại tiếng chuông dày, nhiều tầng âm và độ ngân dài. Westminster trang trọng, quen thuộc; Trinity lại có tiết tấu và màu âm khác, tạo cảm giác mới mẻ khi chuyển bài.

Đây cũng chính là cái thú của sưu tầm đồng hồ cổ: không chỉ ngắm dáng thùng hay bộ máy, mà còn được thưởng thức cách những cơ cấu cơ khí hàng chục năm tuổi tạo nên cả một bản nhạc.

Một mẫu đồng hồ cổ Đức đẹp cả phần nhìn lẫn chất âm, rất đáng để nghe trực tiếp.

#donghoco #donghotreotuong #donghocoDuc #10con10bua #Westminster #Trinity #donghococo #amthanhdonghoco #chatamdonghoco #donghosuutam #suutamdonghoco #giatrisuutam",60,"08/31/2026 19:16",https://www.facebook.com/reel/1357273916322900/,"Thước phim",,"Trọn đời",0,+2.1x,0,0,0,2217,,,15,0,3,2169,2385,4.078,9069.625,17,0
1668192414867770,100050310827163,"Đồng hồ Nhà kho","Đồng hồ treo tường Đức 10 côn 10 búa – hai bản nhạc Westminster và Trinity

Một cấu hình rất đáng chú ý của đồng hồ cổ Đức: bộ máy 10 côn – 10 búa, chơi hai bản nhạc Westminster và Trinity.

Hệ 10 côn tạo nên dải âm phong phú, nhiều lớp tiếng và độ ngân tốt. Westminster mang sắc thái trang trọng, quen thuộc; trong khi Trinity tạo sự thay đổi về giai điệu, giúp trải nghiệm âm thanh đồng hồ cổ thú vị hơn so với những dòng chỉ chơi một bản nhạc.

Với một chiếc đồng hồ cơ cổ, điều đáng nghe không đơn thuần là tiếng lớn hay nhỏ, mà còn nằm ở độ tách nốt, độ ngân của côn và sự hòa quyện giữa 10 búa khi cả hệ thống được căn chỉnh chuẩn.

10 côn – 10 búa – 2 bản nhạc, một cấu hình vừa để thưởng thức chất âm đồng hồ cổ, vừa có giá trị sưu tầm đối với người yêu đồng hồ châu Âu cổ.

#donghoco #donghocoDuc #donghotreotuong #donghococo #10con10bua #Westminster #Trinity #dongho2bannhac #amthanhdonghoco #chatamdonghoco #donghosuutam #suutamdonghoco #docochauAu #giatrisuutam",0,"08/31/2026 04:38",https://www.facebook.com/donghonhakho.vn/posts/pfbid0zEXYxb818fR2KbJwAxoewPP6j7MkvQusJqrHqEoESKfcRa7G3vQE93Boe3uvrkCzl,Photo,,"Trọn đời",0,--,0.08,0.08,0,1453,,,8,0,1,1436,1970,,,9,1
1668099094877102,100050310827163,"Đồng hồ Nhà kho","Đồng Hồ Vai Bò Junhan 4 Côn 4 Búa – Máy W200, Có Hộp Âm Cộng Hưởng- Mã số #1038
💵:10tr3
✨ Một mẫu đồng hồ vai bò Đức có dáng trải ngang rất đẹp, thân thùng cân đối, phần đỉnh giữa uốn cao mềm mại kết hợp các đường chỉ và họa tiết chạm nhẹ. Vân gỗ hai bên nổi rõ, nước màu nâu vàng ấm tạo cảm giác sang nhưng vẫn giữ nét cổ điển của dòng đồng hồ châu Âu cổ.

⚙️ Bộ máy W200 – cấu hình 4 côn. Máy cơ hoàn thiện chắc chắn. Điểm đáng chú ý là bộ côn kết hợp hộp âm cộng hưởng, giúp tiếng gõ có độ đầy và chiều sâu hơn so với kiểu côn đặt trực tiếp trên thùng.

🔔 Tiếng chuông ngân khá dài, âm vang tròn và có độ dày. Hộp cộng hưởng giúp phần âm cuối lan đều, nghe êm tai, phù hợp với người thích chất âm đồng hồ cổ thiên về độ ngân hơn là tiếng gõ khô, sắc.

✨ Tổng thể đây là một chiếc đồng hồ cơ cổ vừa đẹp về hình thức, vừa có cấu hình máy và âm thanh đáng để trải nghiệm.

📐 Kích thước: 74 × 25 cm

📍 Địa chỉ: KĐT Văn Phú – Kiến Hưng – Hà Nội
☎️ Liên hệ: 𝟶𝟿𝟼𝟥 • 𝟜𝟝𝟞 • 𝟿𝟞𝟥

#donghoco #donghovaiBo #donghocoDuc #donghocoChauAu #donghocoNguyenBan #donghocoSuutam #mayW200 #donghoconDong #amthanhdonghoco #chatamDongHoCo #donghocoQuaLac #suutamdonghoco #docochauau #giaTriSuuTam",0,"08/31/2026 02:08",https://www.facebook.com/donghonhakho.vn/posts/pfbid0AHGrWUvgBcwgarL92UVWWN7ovn8QVDvR9cWDbsA1FckWXuBDm8AVHybEK1zKYcHVl,Photo,,"Trọn đời",3,--,0.04,0.04,0,560,,,2,0,1,539,840,,,6,0
1668092074877804,100050310827163,"Đồng hồ Nhà kho","Junhan 10 côn – hai bản nhạc Westminster và Trinity

Một cấu hình rất thú vị trong thế giới đồng hồ cổ Đức: Junhan 10 côn, chơi luân phiên hai bản nhạc Westminster và Trinity.

Điểm hấp dẫn của bộ 10 côn không chỉ nằm ở số lượng thanh côn mà còn ở cách tạo nên nhiều lớp âm. Westminster mang giai điệu quen thuộc, trang trọng; trong khi Trinity đem lại sắc thái khác biệt, giúp người chơi có thêm trải nghiệm khi thưởng thức âm thanh đồng hồ cổ.

Khi bộ máy được căn chỉnh tốt, búa gõ đều và hệ côn còn chuẩn, tiếng ngân có độ vang, các nốt tách tương đối rõ và phần hòa âm đầy đặn. Chính sự kết hợp giữa đồng hồ cơ cổ, bộ 10 côn và hai bài nhạc đã khiến cấu hình này trở thành một lựa chọn đáng chú ý trong sưu tầm đồng hồ cổ Đức.

Một chiếc đồng hồ đẹp để ngắm, nhưng với đồng hồ chơi nhạc, chất âm mới là phần khiến người ta muốn đứng lại nghe thêm một lần nữa.

#donghoco #donghocoDuc #donghococo #Junhan #10con #Westminster #Trinity #dongho2bannhac #amthanhdonghoco #chatamdonghoco #donghosuutam #suutamdonghoco #docochauAu #giatrisuutam",48,"08/31/2026 01:58",https://www.facebook.com/reel/2303668337072130/,"Thước phim",,"Trọn đời",0,+4x,0,0,0,2210,,,9,0,7,2176,2426,5.202,11679.294,16,0
1668086194878392,100050310827163,"Đồng hồ Nhà kho","Đồng hồ Junhan 10 Côn – Chơi 2 Bản Nhạc Trinity & Wesminster- Mã số #1194
💵:12tr8
✨ Một mẫu đồng hồ cổ Đức dáng thùng dài rất đẹp, những mảng veneer ghép vân gỗ đối xứng cực kỳ bắt mắt. Phần cửa dưới phối kính hình học, hai bên chạm hoa nổi tạo tổng thể vừa cổ điển vừa sang.

⚙️ Bộ máy cơ bền bỉ, cấu hình 10 côn – 10 búa, máy lớn, bố trí chắc chắn. Hai bản nhạc Trinity và Westminster cho phép thưởng thức hai phong cách giai điệu khác nhau trên cùng một chiếc đồng hồ cơ cổ.

🔔 Dàn 10 côn tạo tiếng ngân dày, nhiều lớp; tiếng trầm có độ sâu, tiếng cao sáng và rõ. Westminster quen thuộc, trang trọng; Trinity lại tạo màu sắc khác biệt, giúp chiếc đồng hồ có giá trị chơi âm thanh và giá trị sưu tầm cao hơn những dòng đơn bản nhạc.

📐 Kích thước: 66 × 31 cm
📍 Địa chỉ: KĐT Văn Phú – Kiến Hưng – Hà Nội
☎️ Liên hệ: 𝟶𝟿𝟼𝟥 • 𝟜𝟝𝟞 • 𝟿𝟞𝟥

#donghoco #donghocoDuc #donghocoquaLac #donghocoWestminster #amthanhdonghoco #donghococokhi #suutamdonghoco #giatrisuutam",0,"08/31/2026 01:49",https://www.facebook.com/donghonhakho.vn/posts/pfbid02awpJQ1JMTvgTraGjqtuCtRUgS7s2sDkLX9kEoVfCxwgT5AZ7aBRDCvZ33k7xXcFxl,Photo,,"Trọn đời",3,--,0.11,0.11,0,1312,,,6,0,1,1280,1957,,,10,0
1668080621545616,100050310827163,"Đồng hồ Nhà kho","🕰️ Kenzi Đức 8 côn 8 búa – dáng đuôi chuột cực đẹp

Điểm cuốn hút của chiếc này nằm ở bộ thùng đuôi chuột dài, thanh thoát nhưng vẫn rất bề thế. Mặt số tròn 20 cm cân đối với thân thùng, tạo nên dáng vẻ cổ điển đặc trưng của đồng hồ Đức.

Bộ 8 côn 8 búa mang đến tiếng chuông dày, vang và có chiều sâu. Một mẫu đẹp từ dáng thùng, mặt số cho tới chất âm, rất được người chơi đồng hồ cổ yêu thích.",73,"08/31/2026 01:39",https://www.facebook.com/reel/2857380097980584/,"Thước phim",,"Trọn đời",6,+15.6x,0,0,0,2492,,,13,1,4,2352,2695,6.002,14963.435,24,3
1668074504879561,100050310827163,"Đồng hồ Nhà kho","🕰️ Đồng hồ Kenzi Đức 8 côn 8 búa – thùng đuôi chuột

Một dáng thùng rất được anh em chơi đồng hồ Đức yêu thích: thân dài thanh thoát, phần đuôi thu gọn tạo cảm giác cân đối và sang trọng. Mặt số tròn 20 cm mang nét cổ điển, dễ nhìn.

Bên trong là bộ máy 8 côn 8 búa, cho chất âm đầy đặn, ngân vang và rất dễ nghe. Một mẫu đồng hồ đẹp cả hình thức lẫn âm thanh, đáng để sưu tầm và bài trí.",0,"08/31/2026 01:28",https://www.facebook.com/donghonhakho.vn/posts/pfbid0pXSWesM8JJNCGeJLst8MCGTHSFtCpfJGKTUSh1f416su3kXLcH6rKuR2YR5wUC3Ql,Photo,,"Trọn đời",2,--,0.06,0.06,0,1309,,,5,0,1,1292,1881,,,8,0
1668059678214377,100050310827163,"Đồng hồ Nhà kho","🥂 Bộ ly pha lê tiệc đẹp xuất sắc, hàng mới, còn nguyên hộp, trong veo và lấp lánh dưới ánh sáng. Kiểu dáng sang trọng, phù hợp để trưng bày, sử dụng trong những buổi tiệc hoặc hoàn thiện một không gian bàn ăn cổ điển.

Một bộ pha lê vừa có tính ứng dụng, vừa đẹp để sưu tầm và lưu giữ lâu dài.",35,"08/31/2026 01:03",https://www.facebook.com/reel/4046678788967320/,"Thước phim",,"Trọn đời",0,+2.2x,0,0,0,2303,,,3,0,3,2203,2489,7.938,18115.471,6,0
1667252118295133,100050310827163,"Đồng hồ Nhà kho","Bộ sưu tập những chiếc đồng hồ để bàn đẹp – nét duyên của đồng hồ châu Âu cổ

Không cần kích thước lớn, những chiếc đồng hồ để bàn cổ vẫn có sức hút riêng nhờ thiết kế cân đối, bộ máy cơ khí tinh tế và âm thanh đặc trưng.

Trong bộ sưu tập này có những chiếc đồng hồ Thụy Sĩ với kiểu dáng thanh lịch, những mẫu Ugly mang phong cách rất riêng, cùng các phiên bản chơi bản nhạc Westminster quen thuộc. Mỗi chiếc là một cách kết hợp khác nhau giữa bộ máy, mặt số, vỏ và chất âm.

Đồng hồ để bàn cũng là một nhánh thú vị của sưu tầm đồng hồ cổ: nhỏ gọn để trưng bày nhưng vẫn chứa đựng kỹ thuật chế tác, thẩm mỹ và dấu ấn của từng thời kỳ.

Với đồ cổ châu Âu, đôi khi chính những món đồ nhỏ lại tạo nên một góc trưng bày rất có chiều sâu và giá trị sưu tầm.

#donghoco #donghodeban #donghoThuySi #donghocoChauAu #donghococo #Westminster #amthanhdonghoco #chatamdonghoco #donghosuutam #suutamdonghoco #docochauAu #giatrisuutam",0,"08/30/2026 01:48",https://www.facebook.com/donghonhakho.vn/posts/pfbid08WchEjqRg9j5dGGGq7bsTgcFiuDLtZ4ws75sp2hdvvF3siSU2JozwGsirBX9ECcol,Photo,,"Trọn đời",0,--,0.05,0.05,0,816,,,4,0,1,801,1127,,,5,0
1667237094963302,100050310827163,"Đồng hồ Nhà kho","Ô Đô 36 máy vách hở – dấu vết từ catalogue 1930–1931

Một tư liệu rất đáng chú ý giúp chúng ta hiểu thêm về đồng hồ cổ Pháp Ô Đô 36 máy vách hở.

Trong catalogue đề năm 1930–1931, hình ảnh dòng máy vách hở đã xuất hiện cùng phần giới thiệu khá cụ thể. Điều này cho thấy kiểu máy này đã tồn tại và được thương mại hóa ít nhất vào giai đoạn 1930–1931. Vì vậy, có cơ sở để nhận định dòng Ô Đô 36 máy vách hở xuất hiện quanh đầu thập niên 1930, dù chỉ từ catalogue này thì chưa nên khẳng định một năm ra đời tuyệt đối.

Điểm đặc biệt hơn nằm ở phần mô tả âm nhạc. Catalogue ghi rõ:

“Carillon deux airs: Westminster & Cloches Comtoises”

Tức chiếc đồng hồ sử dụng hai bản nhạc: Westminster và Cloches Comtoises. Tài liệu đồng thời ghi cấu hình 4 quarts – 8 tiges – 8 jours, tương ứng cơ chế đánh theo từng phần tư giờ, 8 thanh gông và bộ máy chạy khoảng 8 ngày.

Trang mô tả kỹ thuật còn nhắc tới ba hộp cót, các cụm truyền động có thể tháo riêng, bộ thoát kiểu Brocot và cơ cấu chuyển bản nhạc bằng cần gạt. Đây là những chi tiết rất có giá trị khi đối chiếu một chiếc đồng hồ cơ cổ còn tồn tại với tài liệu nguyên thủy.

Đặc biệt, tư liệu này giúp làm rõ một vấn đề mà người sưu tầm đồng hồ cổ thường gặp: tên bản nhạc không còn phải xác định chỉ bằng cách nghe rồi truyền miệng. Ít nhất với cấu hình được giới thiệu trong catalogue 1930–1931, nhà sản xuất đã ghi trực tiếp hai tên Westminster và Cloches Comtoises.

Gần một thế kỷ sau, một chiếc Ô Đô 36 máy vách hở còn giữ được cấu hình tương ứng không chỉ đáng chú ý bởi chất âm đồng hồ cổ, mà còn bởi chúng ta có thể đặt nó cạnh chính tư liệu của thời kỳ ấy để nghiên cứu.

Đồng hồ cổ càng có tư liệu để đối chiếu, câu chuyện về tuổi đời và giá trị sưu tầm của nó càng trở nên rõ ràng.

#donghoco #donghocoPhap #dongho36 #donghomayvach #donghomayvachho #donghocoqulac #donghococo #Westminster #ClochesComtoises #amthanhdonghoco #chatamdonghoco #donghonguyenban #donghosuutam #suutamdonghoco #cataloguedonghoco #giatrisuutam",0,"08/30/2026 01:24",https://www.facebook.com/donghonhakho.vn/posts/pfbid0zeLQQmesWsBtKJXuaShGZGDbjBC9J9pZj29TrjswdMw6nu1mBQKD432Rxc9kZYUvl,Photo,,"Trọn đời",0,--,0.05,0.05,0,1766,,,3,0,1,1746,2648,,,4,0
1666999391653739,100050310827163,"Đồng hồ Nhà kho","Một vẻ đẹp rất riêng của những chiếc đồng hồ cổ có chức năng ngắt chuông đêm – tính năng được rất nhiều người chơi yêu thích.

Ban ngày, đồng hồ vẫn điểm chuông để chúng ta thưởng thức chất âm đặc trưng. Khi về đêm, cơ cấu sẽ tự động ngắt tiếng chuông, giữ cho không gian yên tĩnh và không ảnh hưởng đến giấc ngủ. Đến sáng hôm sau, đồng hồ lại tự động đánh chuông bình thường.

Một chi tiết nhỏ nhưng cực kỳ thực dụng, đặc biệt phù hợp với phòng ngủ, căn hộ hoặc những không gian cần sự yên tĩnh vào ban đêm.",72,"08/29/2026 18:18",https://www.facebook.com/reel/2004250760288049/,"Thước phim",,"Trọn đời",0,+6x,0,0,0,2921,,,16,0,4,2785,3043,4.326,12482.922,20,0
1666985044988507,100050310827163,"Đồng hồ Nhà kho","Nhìn vào chiếc đồng hồ này, điểm gây ấn tượng đầu tiên chính là mặt số La Mã đậm chất cổ điển.

Đây là một mẫu đồng hồ vai bò Đức, dáng thùng cân đối, đường nét mềm mại và rất dễ bài trí. Bên trong là bộ 5 côn 5 búa, cho tiếng chuông ngân vang, nhẹ nhàng và dễ nghe.

Cái hay của chiếc này là tổng thể rất hài hòa: mặt số đẹp, dáng thùng đẹp, âm thanh vừa phải. Một mẫu vai bò Đức không cần quá cầu kỳ nhưng càng ngắm càng có nét, rất phù hợp để vừa chơi, vừa trang trí và sưu tầm.",89,"08/29/2026 17:54",https://www.facebook.com/reel/1970220850331476/,"Thước phim",,"Trọn đời",0,+2.7x,0,0,0,853,,,3,0,3,813,909,3.602,3101.981,6,0
1666980131655665,100050310827163,"Đồng hồ Nhà kho","Chân móng thú – Một họa tiết đặc trưng trên đồ cổ châu Âu

Trên nhiều đồng hồ cổ và đồ nội thất châu Âu, chúng ta thường bắt gặp hình chân móng thú. Kiểu tạo hình này không chỉ giúp món đồ trông vững chãi, mạnh mẽ hơn mà còn gợi đến những biểu tượng về sức mạnh, sự bảo hộ và may mắn trong quan niệm trang trí xưa.

Ở một góc nhìn khác, hình tượng móng thú cũng gắn với đời sống săn bắn và những chiến lợi phẩm từng được xem như dấu hiệu của sức mạnh, địa vị và thành quả lao động. Khi đưa vào đồng hồ hay đồ nội thất, chi tiết này tạo nên vẻ cổ kính, uy nghi và rất đặc trưng của phong cách châu Âu xưa.

#DongHoCo #ChanMongThu #DoCoChauAu #NoiThatCoDien #GiaTriSuuTam",87,"08/29/2026 17:46",https://www.facebook.com/reel/1044896928347827/,"Thước phim",,"Trọn đời",2,+6x,0,0,0,982,,,8,0,4,920,1051,4.007,3963.704,14,0
1665529245134087,100050310827163,"Đồng hồ Nhà kho","Đồng hồ Vê đét 8 côn – Thùng cánh nơ sang trọng, chất âm đầy cuốn hút- Mã số #939
💵:7tr3
✨ Một mẫu đồng hồ cổ Pháp Vê đét nổi bật với thiết kế thùng cánh nơ mềm mại, đường vân gỗ đối xứng đẹp mắt cùng những chi tiết trang trí tinh tế tạo nên vẻ sang trọng, cổ điển.

⚙️ Bộ máy 8 côn chắc chắn, hoàn thiện tốt, vận hành ổn định với kết cấu đặc trưng của dòng đồng hồ cơ cổ châu Âu.
🔔 Âm thanh chuông trong trẻo, vang ngân, mang nét riêng của dòng đồng hồ quả lắc Vê đét, vừa để thưởng thức tiếng chuông vừa có giá trị trưng bày và sưu tầm cao.

📐 Kích thước: 57 x 47 cm

🏠 Đồng hồ Nhà Kho – Văn Phú, Hà Đông, Hà Nội
☎️ 0963.456.963 

#DongHoCo #DongHoCoPhap #DongHoQuaLac #DongHoSuuTam #VeDet #8Con #AmThanhDongHoCo #DoCoChauAu",0,"08/28/2026 01:21",https://www.facebook.com/donghonhakho.vn/posts/pfbid0LTmoLJn5srqDqSVH7S51hdpzxUkWfjStdh1e84piPSGgb2fvRfAvqExDjbfV9ACil,Photo,,"Trọn đời",2,--,0.01,0.01,0,531,,,2,0,1,493,824,,,5,0
1665517958468549,100050310827163,"Đồng hồ Nhà kho","Đồng hồ Gi rô 8 côn – 2 bản nhạc, thùng dài kính rào cổ điển- Mã số #51(Y185)
💵:  5tr7
✨ Dáng thùng dài thanh thoát, phần kính rào phía dưới tạo điểm nhấn rất riêng, kết hợp cùng những đường nét gỗ hài hòa và mặt số góc cạnh cổ điển.

⚙️ Bộ máy 8 côn chắc chắn, kết cấu đẹp, các chi tiết máy hoàn thiện tinh tế theo phong cách đồng hồ cơ cổ châu Âu.
🔔 Chơi 2 bản nhạc, tiếng chuông vang, rõ nét, mang chất âm đồng hồ cổ đặc trưng, phù hợp cho những anh em yêu thích trải nghiệm âm thanh và giá trị sưu tầm.

📐 Kích thước: 71 x 33 cm

🏠 Đồng hồ Nhà Kho – Văn Phú, Hà Đông, Hà Nội
☎️ 0963.456.963 

#DongHoCo #DongHoCoPhap #DongHoCoDuc #DongHoQuaLac #DongHoSuuTam #GiRo #8Con #AmThanhDongHoCo",0,"08/28/2026 01:05",https://www.facebook.com/donghonhakho.vn/posts/pfbid0ZRMfo4s4vAx6PHVMMa37qv5CjwxGg484K8qkyRVJCyzkJKhpkbS9dPPKHPL2Wbsel,Photo,,"Trọn đời",3,--,0.14,0.14,0,1679,,,13,1,2,1621,2337,,,19,0
1665333911820287,100050310827163,"Đồng hồ Nhà kho","Junghan chân móng",0,"08/27/2026 19:51",https://www.facebook.com/donghonhakho.vn/posts/pfbid02eB16XNv4h6nY6Xx57EwfWCU4YkmESAUzKvyaSgRB5ZSMQc5PCcnbETrd1VGnTkVUl,Photo,,"Trọn đời",7,--,0.34,0.34,0,4813,,,24,0,4,4818,6495,,,34,0
1664736301880048,100050310827163,"Đồng hồ Nhà kho","Đồng hồ công cộng 1932 – 4 quả nặng, 2 chuông cổ

Một cỗ đồng hồ công cộng cổ có niên đại 1932, sở hữu hệ thống cơ khí lớn với 4 quả nặng và 2 chuông. Những bộ máy dạng này được thiết kế để vận hành ổn định trong thời gian dài, tạo lực đủ mạnh để điều khiển cơ cấu điểm giờ và phát ra âm thanh cho không gian rộng.

Không chỉ là một chiếc đồng hồ, đây còn là một tác phẩm cơ khí châu Âu cổ, ghi dấu một thời kỳ mà đồng hồ công cộng giữ vai trò quan trọng trong đời sống cộng đồng.

#DongHoCongCong #DongHoCo #CoKhiCo #DongHoChauAuCo #GiaTriSuuTam",10,"08/27/2026 03:13",https://www.facebook.com/reel/1346017830680563/,"Thước phim",,"Trọn đời",4,+27.4x,0,0,0,21401,,,459,29,31,20504,28635,7.039,143371.45,511,37
1664645578555787,100050310827163,"Đồng hồ Nhà kho","ĐỒNG HỒ ĐỊA CẦU – THE ROYAL GEOGRAPHICAL SOCIETY WORLD CLOCK 1988- Mã số #1185

⭐️ Một mô hình nhỏ, nhưng mang cả thế giới trên mặt số.

✨ Chiếc đồng hồ địa cầu nổi bật với quả cầu thế giới màu đen, bản đồ và múi giờ được thể hiện bằng sắc vàng rất đẹp mắt. Phía dưới là mặt số chia 24 giờ, cho phép tham chiếu thời gian tại nhiều khu vực khác nhau trên thế giới.

✨ Ý tưởng thiết kế rất thú vị: vừa xem thời gian, vừa hình dung sự chênh lệch múi giờ giữa các quốc gia. Hệ khung kim loại màu vàng kết hợp chân đế gỗ tạo nên vẻ sang trọng, cổ điển và đậm chất đồ sưu tầm châu Âu.

🏅 Phía trước có bảng đồng ghi The Royal Geographical Society World Clock – 1988, tạo thêm điểm nhấn và câu chuyện riêng cho món đồ.

⭐️ Không chỉ có công năng, đây còn là một mẫu đồng hồ sưu tầm có giá trị trưng bày cao, rất hợp đặt phòng khách, phòng làm việc hoặc trong bộ sưu tập những món đồ cơ khí – địa lý độc đáo.

📐 Kích thước: 28 × 22 cm

📍 Đồng Hồ Nhà Kho- KĐT Văn Phú, Hà Đông, Hà Nội
☎️ 0963.456.963 

#DongHoCo #DongHoDiaCau #WorldTime #DongHoSuuTam #GiaTriSuuTam",0,"08/27/2026 00:34",https://www.facebook.com/donghonhakho.vn/posts/pfbid02fe5QJ2DQ3pcsr8JqGmPrW6jZj7AZ8vzDX9hLJE44Gu4z5pSsVa4vtQX5DBboBBzcl,Photo,,"Trọn đời",1,--,0.05,0.05,0,734,,,1,0,1,669,1105,,,3,1
1664500305236981,100050310827163,"Đồng hồ Nhà kho","Đồng Hồ MAP 8 Côn – Mặt Số Nổi Vàng, Thùng Lúa Mạch Chùm Nho Sang Trọng- Mã số #1052
💵:13tr
✨ Một mẫu đồng hồ cổ Pháp có bộ thùng gỗ lớn, vân gỗ sáng đẹp, hai bên trang trí bông lúa mạch kết hợp chùm nho nổi khối rất bắt mắt. Phía trước có tay cầm tạo điểm nhấn riêng và tăng nét cổ điển cho tổng thể.

✨ Mặt số đa giác phong cách Art Deco, bộ số nổi màu vàng kết hợp viền sáng, nhìn sang và có chiều sâu.

⚙️ Bên trong là bộ máy lớn, kết cấu chắc khỏe, lên cót 3 ổ. Dàn 8 côn đồng cho tiếng chuông vang, độ ngân dài và lan tỏa rất ấn tượng – một chất âm đồng hồ cổ rất đáng để thưởng thức.

📐 Kích thước: 55 × 50 cm

⭐ Mẫu đồng hồ cơ cổ đẹp cả thùng, mặt số lẫn âm thanh, phù hợp trưng bày và sưu tầm đồng hồ cổ.

📍 Địa chỉ:  KĐT Văn Phú – Hà Đông – Hà Nội
☎️ 0963.456.963 

#donghoco #donghocoPhap #donghoco8con #donghocoMAP #suutamdonghoco",0,"08/26/2026 20:09",https://www.facebook.com/donghonhakho.vn/posts/pfbid0nhqL3esxiwK83oC1stY88L1A2nFeikMREAsbTLJGHicxtJsRxHhDSZ4YCXkbHUZzl,Photo,,"Trọn đời",3,--,0.06,0.06,0,750,,,3,0,1,717,1126,,,7,0
1663795181974160,100050310827163,"Đồng hồ Nhà kho","Đồng Hồ Úp ly cơ Kundo cót 400 ngày – Dáng Lồng Đèn Sang Trọng- Mã số #1192
💵:5tr
✨ Mẫu đồng hồ cơ cổ Kundo nổi bật với thiết kế lồng kính bốn mặt, khung kim loại ánh vàng sang trọng, để lộ toàn bộ bộ máy và cụm quả lắc xoay đặc trưng.

✨ Mặt số nền vàng, cọc số La Mã nổi trên các ô men trắng, kim hoa văn cổ điển tạo vẻ thanh lịch và rất dễ trưng bày.

⚙️ Cơ chế cót 400 ngày, hoạt động ổn định, chuyển động quả lắc xoay chậm rãi rất cuốn mắt.

⭐️ Một mẫu đồng hồ cổ Đức vừa mang giá trị trang trí, vừa có giá trị sưu tầm cao với người yêu đồng hồ châu Âu cổ.

📐 Kích thước: Cao 25 cm × Rộng 20 cm

📍 Địa chỉ: KĐT Văn Phú – Hà Đông – Hà Nội
☎️ 0963.456.963 

#donghoco #donghocoDuc #dongho400ngay #Kundo #donghosuutam",0,"08/26/2026 00:25",https://www.facebook.com/donghonhakho.vn/posts/pfbid0CKmSrNp9Trekc7VP9TXYpaZY8socG3yDoR8sqrSY3eSxCpMkxqCMWwv56CJ3gAiZl,Photo,,"Trọn đời",1,--,0.05,0.05,0,802,,,3,0,1,741,1231,,,5,0
1663698575317154,100050310827163,"Đồng hồ Nhà kho",,0,"08/25/2026 21:25",https://www.facebook.com/donghonhakho.vn/posts/pfbid0M44i6i8DYa4tknWVwwZgXeHfKcAH16ccCjGDFJ5gf64LLAzu7mVU3HTpJrotT1wql,Photo,,"Trọn đời",2,--,0.06,0.06,0,1076,,,7,0,1,1039,1596,,,10,0
1663650611988617,100050310827163,"Đồng hồ Nhà kho","Đồng Hồ Ô Đô 57 – 10 Côn 11 Búa, 2 Bản Nhạc – Thùng Trái Đào Sang Trọng- Mã số #1015
💵:34tr5
✨ Một mẫu đồng hồ cổ Pháp nổi bật với bộ thùng trái đào lớn, nước vân đẹp và bố cục cân đối. Hai bên thùng phối vân gỗ sọc, điểm thêm họa tiết chạm nổi hoa quả cùng các đường chỉ uốn mềm, tạo chiều sâu và nét sang trọng đặc trưng của đồ cổ châu Âu.
✨ Mặt số đa giác phong cách Art Deco, bộ số nổi lớn rõ nét, viền sáng tạo điểm nhấn rất đẹp.
✨ Thùng có tay cầm phía trước, vừa tiện dụng vừa tạo nét riêng cho tổng thể thiết kế.
⚙️ Bên trong là bộ máy Ô Đô 57 lớn, kết cấu chắc khỏe, lên cót 3 ổ, cơ cấu chơi nhạc hoàn chỉnh.
🔔 Dàn 10 côn – 11 búa, chơi 2 bản nhạc Westminster và Ave Maria, cho chất âm phong phú, tiếng chuông ngân vang, có chiều sâu và độ lan tỏa rất cuốn hút.

📐 Kích thước: 57x51 cm

⭐️ Một mẫu đồng hồ cơ cổ vừa đẹp về thùng, nổi bật về họa tiết, vừa sở hữu cấu hình âm thanh đáng chơi cho các bác yêu thích sưu tầm đồng hồ cổ.

📍 Đồng hồ Nhà Kho – Văn Phú, Hà Đông, Hà Nội
☎️ 𝟶𝟿𝟼𝟥 • 𝟜𝟝𝟞 • 𝟿𝟼𝟥

#donghoco #donghocoPhap #10con11bua #donghoqulac #suutamdonghoco",0,"08/25/2026 20:00",https://www.facebook.com/donghonhakho.vn/posts/pfbid02ptBwv9r9FtdC8NDFvPRTMDht8kNsCgja3qSxNHjWemKaBEuqZQvRwsX47N4Zr8fNl,Photo,,"Trọn đời",3,--,0.05,0.05,0,731,,,6,0,1,674,1153,,,10,0
1663585678661777,100050310827163,"Đồng hồ Nhà kho","Atmos phiên bản giới hạn – Giá trị nằm ở sự khác biệt và độ hiếm

Những chiếc Atmos phiên bản giới hạn luôn có sức hút riêng với người sưu tầm nhờ số lượng sản xuất hạn chế, thiết kế khác biệt và tính nhận diện cao. Bên cạnh cơ chế vận hành đặc trưng của dòng Atmos, yếu tố độ hiếm, tình trạng nguyên bản và câu chuyện của từng phiên bản chính là những điểm làm nên giá trị sưu tầm lâu dài.

#DongHoAtmos #DongHoCo #DongHoSuuTam #GiaTriSuuTam #DoCoChauAu",0,"08/25/2026 18:04",https://www.facebook.com/donghonhakho.vn/posts/pfbid0sxXi56bAsms3Muci4Ct2UFJpsmGkRmLf2pPVwVzZKHUtnGsFFPy7wd1ffhPF32jPl,Photo,,"Trọn đời",0,--,0.08,0.08,0,1447,,,3,0,1,1374,2014,,,4,0
1662856528734692,100050310827163,"Đồng hồ Nhà kho","Tây tuyệt đối. Em nhá tạm kiểu hình xin khoe anh em trước",0,"08/24/2026 22:40",https://www.facebook.com/donghonhakho.vn/posts/pfbid02my2GWz89NfDmm9oUbA3getANRaPWXAt81ZMG6QBtGSKQ1MjacNhKPJZtC1KokdErl,Photo,,"Trọn đời",7,--,0.93,0.93,0,10028,,,41,0,1,9886,13461,,,48,0
1662774388742906,100050310827163,"Đồng hồ Nhà kho","Đồng hồ vai bò Đức 3 côn– Nhỏ Gọn, âm bính boong dễ nghe- Mã số #823
💵:2tr9
✨ Một mẫu đồng hồ vai bò Đức dáng để bàn nhỏ gọn nhưng rất có duyên. Thùng gỗ tạo hình vuông bo cong phần đỉnh, nước gỗ nâu ấm với vân tự nhiên đẹp mắt. Mặt số tối giản, các cọc số nổi ánh bạc tạo nét cổ điển đặc trưng.

⚙️ Bộ máy cơ cổ Đức lên cót tay, kết cấu gọn gàng, chắc chắn. Hệ 3 côn kết hợp búa gõ cho tiếng bính boong trong trẻo, âm thanh mộc, ngân vừa phải và rất dễ nghe trong không gian gia đình.

🔔 Dáng nhỏ, tiếng chuông hay, phù hợp đặt bàn làm việc, tủ trang trí hoặc bổ sung vào bộ sưu tầm đồng hồ cổ.

📐 Kích thước: 32 × 23 cm

📍 Đồng hồ Nhà Kho – Văn Phú, Hà Đông, Hà Nội
☎️ 𝟶𝟿𝟼𝟥 • 𝟜𝟝𝟞 • 𝟿𝟞𝟥

#dong_ho_co #vai_bo_duc #dong_ho_co_duc #dong_ho_co_de_ban #suutam_donghoco",0,"08/24/2026 20:18",https://www.facebook.com/donghonhakho.vn/posts/pfbid037KvNWpJrsLC7RYf7Ar8QcHFH1EkbTgxnkUREkRVkERQ2cYXGFyfDbrhxFQKKQvdkl,Photo,,"Trọn đời",1,--,0.05,0.05,0,625,,,1,0,1,569,923,,,3,1
1662739932079685,100050310827163,"Đồng hồ Nhà kho","Đồng Hồ Vai Bò Hermle 5 Côn – Dáng Dài Sang Trọng- Mã số #711
💵:6tr3
✨ Một mẫu đồng hồ vai bò Đức sở hữu dáng thùng dài 71 cm rất cân đối, nước gỗ nâu ấm cùng các đường chạm hoa lá chạy đối xứng hai bên, tạo vẻ cổ điển nhưng thanh thoát. Mặt số tròn nổi bật với cọc số La Mã, phối vàng – kem – nâu hài hòa với tổng thể thùng.

⚙️ Bộ máy cơ, kết cấu chắc chắn, vận hành ổn định. Hệ 5 côn – 5 búa cho tiếng chuông có độ ngân tốt, âm trong, rõ tiếng và mang chất âm đồng hồ cổ Đức rất đặc trưng.

🔔 Một mẫu đồng hồ cơ cổ vừa đẹp để trưng bày, vừa thú vị với các bác yêu âm thanh đồng hồ cổ và sưu tầm đồng hồ châu Âu cổ.

📐 Kích thước: 71 × 25 cm

📍 Đồng hồ Nhà Kho – Văn Phú, Hà Đông, Hà Nội
☎️ 𝟶𝟿𝟼𝟥 • 𝟜𝟝𝟞 • 𝟿𝟞𝟥

#dong_ho_co #vai_bo_duc #dong_ho_co_duc #dong_ho_qua_lac #suutam_donghoco",0,"08/24/2026 19:18",https://www.facebook.com/donghonhakho.vn/posts/pfbid02U5JrYUGjqu5qkVXpsA6KNkCmGaEPYL2c3YwkuwYaNqXYdep1gJn7G3N81idNTawEl,Photo,,"Trọn đời",0,--,0.04,0.04,0,821,,,3,0,1,788,1156,,,4,0
1662207608799584,100050310827163,"Đồng hồ Nhà kho","Đồng hồ để bàn – Cầm trên tay thôi đã thấy đẹp
Vai bò Đức chân móng hàng tuyển đang nằm chờ khách",0,"08/24/2026 05:00",https://www.facebook.com/donghonhakho.vn/posts/pfbid0M8ymm4jBAWTjYtv7FVJgzatgZu8dNqWMeiqcvpd2Ar3tKGoj9BjnWGAcwzvxir3Pl,Photo,,"Trọn đời",0,--,0.02,0.02,0,976,,,5,0,1,920,1392,,,5,0
1662201798800165,100050310827163,"Đồng hồ Nhà kho","Junhan W64 côn đồng bạch – Chất âm làm nên tên tuổi

Junhan W64 côn đồng bạch là dòng đồng hồ cổ Đức được nhiều anh em yêu thích bởi bộ máy bền bỉ và chất âm sáng, vang, ngân rất đặc trưng. Khi thể hiện bản nhạc Westminster, tiếng côn rõ ràng, dễ nghe và có cá tính riêng. Trong phân khúc đồng hồ vai bò Đức, W64 côn đồng bạch luôn là một lựa chọn đáng chơi cả về âm thanh đồng hồ cổ, cơ khí lẫn giá trị sưu tầm.

#DongHoCoDuc #DongHoVaiBo #ConDongBach #Westminster #AmThanhDongHoCo

YouTube: 06 – Âm thanh đồng hồ cổ",0,"08/24/2026 04:53",https://www.facebook.com/donghonhakho.vn/posts/pfbid0tHrtGCpP3B5ZFd8daCF6PYGtjVg53GkPVRFmdpnGLxdQRJwG4WkFLp51jajPzuWnl,Photo,,"Trọn đời",0,--,0.01,0.01,0,810,,,4,0,1,753,1159,,,5,0
1662095825477429,100050310827163,"Đồng hồ Nhà kho","Chùm nho và bông lúa mạch – Nét đẹp quen thuộc trên đồng hồ cổ Pháp

Chùm nho và bông lúa mạch là những hình ảnh gắn bó lâu đời với đời sống và văn hóa ẩm thực của Pháp nói riêng, châu Âu nói chung. Những họa tiết này cũng thường xuất hiện trên đồng hồ cổ Pháp, được chạm khắc trên thùng gỗ, tạo nên vẻ đẹp mềm mại, cổ kính và rất dễ nhận biết. Chính nét trang trí giàu tính truyền thống ấy khiến nhiều chiếc đồng hồ châu Âu cổ đến nay vẫn được người chơi yêu thích và sưu tầm.

#DongHoCo #DongHoCoPhap #ChumNho #BongLuaMach #SuuTamDongHoCo",81,"08/24/2026 02:08",https://www.facebook.com/reel/1605792651219496/,"Thước phim",,"Trọn đời",2,+15.6x,0,0,0,3139,,,26,0,6,3006,3363,6.8,21361.855,33,0
1662084455478566,100050310827163,"Đồng hồ Nhà kho","Ô Đô 57/10 – Hai bài nhạc, nguyên bản, giá hợp lý

Chiếc Ô Đô 57/10 chơi 2 bài nhạc, giữ tình trạng nguyên bản và có chất âm đặc trưng của dòng đồng hồ cổ Pháp. Máy móc đẹp, hình thức hài hòa, phù hợp cho anh em muốn tìm một mẫu 10 côn có giá trị sưu tầm nhưng mức giao lưu vẫn tương đối hợp lý.

#DongHoCo #DongHoCoPhap #Odo5710 #DongHoNguyenBan #SuuTamDongHoCo",0,"08/24/2026 01:49",https://www.facebook.com/donghonhakho.vn/posts/pfbid0a2Qwg88ivfZHQBhgJ9hxoAS2gQHFR8oVsKqtDw6t7rYy5kacRJqicGoDDXK1zVUzl,Photo,,"Trọn đời",2,--,0.04,0.04,0,547,,,2,0,1,493,787,,,5,0
1662069922146686,100050310827163,"Đồng hồ Nhà kho","Đồng hồ địa cầu – Một mô hình nhỏ, nhưng mang cả thế giới trên mặt số

Chiếc đồng hồ cổ nổi bật với mặt số chia 24 giờ, kết hợp một quả địa cầu dùng để tham chiếu giờ tại những vị trí khác nhau trên thế giới. Một thiết kế nhỏ nhưng ý tưởng rất thú vị: vừa xem thời gian, vừa hình dung sự chênh lệch múi giờ giữa các khu vực.

Không chỉ có công năng, đây còn là món đồng hồ sưu tầm có giá trị trưng bày cao và đặc biệt là có câu chuyện phía sau để kể.

#DongHoCo #DongHoDiaCau #WorldTime #DongHoSuuTam #GiaTriSuuTam",0,"08/24/2026 01:22",https://www.facebook.com/donghonhakho.vn/posts/pfbid0zrgC6uaWGEDjfbRrA1uqbXGZq84zm7FPEJ6TNbR2AKcdkakyi6obnGu8Bwjh1CPNl,Photo,,"Trọn đời",2,--,0.01,0.01,0,634,,,1,0,1,603,875,,,4,0
1662067345480277,100050310827163,"Đồng hồ Nhà kho","Mấy chiếc đồng hồ cổ Pháp đẹp – Chùm nho và bông lúa mạch

Giao lưu một số mẫu đồng hồ cổ Pháp có thùng chạm chùm nho và bông lúa mạch rất đẹp. Họa tiết mềm mại, cổ kính, tổng thể hài hòa và mang nét đặc trưng riêng của đồ cổ châu Âu. Mẫu đẹp đã sẵn, mời các bác yêu và sưu tầm đồng hồ cổ tham khảo.

#DongHoCo #DongHoCoPhap #ChumNho #BongLuaMach #SuuTamDongHoCo",0,"08/24/2026 01:19",https://www.facebook.com/donghonhakho.vn/posts/pfbid0tMuFRhk3PSSsN6QvfrvnNtxi5kf2hMGoWBM8Qgb4863x4ETZyS1cZJWpn2qMcKkYl,Photo,,"Trọn đời",2,--,0.04,0.04,0,596,,,2,0,1,551,836,,,5,0
1662066878813657,100050310827163,"Đồng hồ Nhà kho","Đồng Hồ Vai Bò Đức 4 Côn – Chuông Bính Boong Cổ Điển- Mã số #750
💵:2tr7
✨ Một mẫu đồng hồ cổ Đức dáng vai bò ngang rất thanh lịch, thân gỗ dài 61cm với đường nét bo tròn mềm mại, vân gỗ ấm và mặt số nổi tạo điểm nhấn sang trọng.

⚙️ Bộ máy cơ cổ 2 ổ cót, kết cấu chắc chắn, máy sạch đẹp. Hệ 4 côn cho tiếng bính boong ngân vang, âm trong, gọn và dễ nghe – đúng nét đặc trưng của dòng đồng hồ Đức xưa.

📐 Kích thước: 61 × 23 cm

📍 Đồng hồ Nhà Kho – Văn Phú, Hà Đông, Hà Nội
☎️ 𝟶𝟿𝟼𝟥 • 𝟜𝟝𝟞 • 𝟿𝟞𝟥

#donghoco #donghocoDuc #donghocoqulac #donghococo #suutamdonghoco",0,"08/24/2026 01:19",https://www.facebook.com/donghonhakho.vn/posts/pfbid0n61jvQxz4KjMdUCuu1QSimUGEXStYDTii9TczLRjDmuyp8zTXoxLtEF6wQaC8ufPl,Photo,,"Trọn đời",1,--,0.04,0.04,0,492,,,1,0,1,465,725,,,2,0
1661976562156022,100050310827163,"Đồng hồ Nhà kho","Kim máy hát.
￼Hôm trước trong nhóm có bác nào đang tìm nếu gần Hà Đông Hà Nội qua em tặng 1-2 chiếc.
Không ship không bán",0,"08/23/2026 22:37",https://www.facebook.com/donghonhakho.vn/posts/pfbid02W1FNUyEdapwatitByqrDDJR1NDuzJWCfmfNY631dkrdSv5EPfD8ZFM6ro18VuRdtl,Photo,,"Trọn đời",2,--,0.11,0.11,0,1816,,,5,0,1,1820,2491,,,8,0
1639541577732854,100050310827163,"Đồng hồ Nhà kho","Đồng hồ vai bò Đức 8 côn chơi 3 bản nhạc- Dáng nhỏ gọn dễ trưng bày- Mã số #638
💵:6tr8
✨ Mẫu đồng hồ cổ Đức sở hữu thiết kế vai bò thanh lịch với kích thước chỉ 46 × 23 cm, rất dễ bố trí trên kệ, tủ, bàn làm việc hay phòng khách mà vẫn tạo điểm nhấn sang trọng.

🔹 Thùng gỗ dáng vai bò cân đối, vân gỗ ấm màu, mặt số nổi cổ điển kết hợp bộ kim thanh mảnh, mang đậm nét đẹp của đồng hồ cơ cổ châu Âu.

🔹 Bộ máy cơ 8 côn hoạt động ổn định, lên cót tuần, chế tác chắc chắn – một lựa chọn đáng cân nhắc cho anh em yêu đồng hồ nguyên bản và đồng hồ sưu tầm.

🔹 Chơi 3 bản nhạc với chất âm trong, ngân và có chiều sâu, mỗi lần điểm nhạc đều mang đến cảm giác thư thái, đúng tinh thần âm thanh đồng hồ cổ.

📏 Kích thước: 46 × 23 cm

📍 Đồng hồ Nhà Kho
🏠 KĐT Văn Phú, Phú La, Hà Đông, Hà Nội
☎️ 𝟘𝟡𝟞𝟛 • 𝟜𝟝𝟞 • 𝟡𝟞𝟛

#donghoco #donghovaibo #donghocoduc #donghocochauau #donghococo #donghoquala #donghonguyenban #donghosuutam #amthanhdonghoco",0,"07/29/2026 20:00",https://www.facebook.com/donghonhakho.vn/posts/pfbid0esxT7NCcRKnvbd4cXxs9tZf9JBhGBBwtWuC8ByNNLbSvxXWVMTUreYCwf44ZMJSdl,Ảnh,,"Trọn đời",1,--,0.04,0.04,0,571,3,0,1,0,1,538,844,,
1639660581054287,100050310827163,"Đồng hồ Nhà kho","🔥 8 Bát + 5 Vòng = 13 Nốt nhạc.
Mỗi nốt các cụ cho em xin 10 củ.",0,"07/29/2026 23:34",https://www.facebook.com/donghonhakho.vn/posts/pfbid0zBUCEuzK8vG9hPR8SNybyHdzLTtxzS3BuJeVnxKwUwSnncZVoeRoCkv9ARgvDvVRl,Ảnh,,"Trọn đời",0,--,0.09,0.09,0,1436,8,1,7,0,2,1396,2141,,
1639737101046635,100050310827163,"Đồng hồ Nhà kho","Đồng hồ vai bò Kenzi 5 côn dáng Napoleon – Vẻ đẹp cổ điển vượt thời gian- Mã số #990
💵:4tr7
🔹 Dáng Napoleon cổ điển, thùng gỗ vân đẹp, kích thước gọn gàng 53 × 28 cm, phù hợp phòng khách, phòng làm việc hoặc góc trưng bày.

🔹 Máy cơ hoạt động ổn định, chế tác chắc chắn theo phong cách đồng hồ cơ cổ Đức.

🔹 Trang bị 5 côn 5 búa, chất âm trong trẻo, ngân vang, tạo cảm giác ấm cúng và hoài niệm – một nét đặc trưng của âm thanh đồng hồ cổ.

🔹 Có cần gạt ngắt chuông ngay trên mặt số, giúp dễ dàng chuyển đổi giữa chế độ đánh chuông và im lặng khi cần.

✨ Một mẫu đồng hồ sưu tầm vừa đẹp về kiểu dáng, vừa dễ sử dụng, phù hợp với những ai yêu thích đồng hồ châu Âu cổ và muốn sở hữu một chiếc đồng hồ nguyên bản mang đậm dấu ấn thời gian.

📍 KĐT Văn Phú – Phú La – Hà Đông – Hà Nội
☎️ 0963.456.963 

#ĐồngHồCổ #ĐồngHồCổĐức #ĐồngHồVaiBò #ĐồngHồCơCổ #ĐồngHồSưuTầm #ĐồngHồChâuÂuCổ #GiáTrịSưuTầm",0,"07/30/2026 01:47",https://www.facebook.com/donghonhakho.vn/posts/pfbid0Lxc2Pp2ay41wYPADSBGFtemUSshWJLyTvi6mARgrZfWNLRLtM9U6KSRdBQWVgiyWl,Ảnh,,"Trọn đời",1,--,0.04,0.04,0,615,3,0,1,0,1,600,867,,
1640307590989586,100050310827163,"Đồng hồ Nhà kho","Vì sao đồng hồ đánh chuông không đúng vị trí của kim giờ?

Nhiều anh em chơi đồng hồ cổ gặp tình huống này:

Ví dụ, đồng hồ chỉ 7 giờ 15, nhưng phải đến khoảng 7 giờ 18 bản nhạc hoặc tiếng chuông mới bắt đầu đánh.

Trong trường hợp này, đa số nguyên nhân không phải do bộ máy, mà do lõi kim phút đã bị trượt sau nhiều năm sử dụng.

Cách xử lý cũng khá đơn giản.

Anh em dùng một chiếc kìm nhỏ hoặc dụng cụ phù hợp, giữ phần lõi kim phút. Nếu đồng hồ đánh muộn khoảng 5 phút thì xoay lõi kim ngược lại một góc tương ứng khoảng 5 phút rồi lắp lại.

Sau đó kiểm tra lại.

Mục tiêu là khi kim chỉ đúng thời điểm, đồng hồ cũng bắt đầu đánh chuông hoặc chơi nhạc đúng thời điểm đó.

Nếu đồng hồ đánh sớm thì làm ngược lại, điều chỉnh theo chiều còn lại.

Đây là một lỗi khá phổ biến trên đồng hồ cổ sau nhiều chục năm sử dụng và thường có thể xử lý nhanh mà không cần can thiệp vào bộ máy.",150,"07/30/2026 16:42",https://www.facebook.com/reel/1346890343749249/,"Thước phim",,"Trọn đời",11,+210.4x,0.58,0.58,0,17455,138,4,114,14,10,17137,18018,18.528,311035.128
1640314077655604,100050310827163,"Đồng hồ Nhà kho","Đồng hồ Ô-đô 8 côn, 8 búa chơi được 2 bản nhạc Westminster và Cloches Comtoises. Đây là phiên bản 3 vách bệt đời đầu, được sản xuất sau dòng 3 vách hoa và trước dòng vách sơn. Chính vì nằm trong giai đoạn chuyển tiếp nên chiếc đồng hồ vẫn mang nhiều đặc điểm của cả hai thế hệ. Tổng thể còn giữ được độ nguyên bản cao, hình thức đẹp, âm thanh trong, ngân vang và là một mẫu rất đáng sưu tầm đối với anh em yêu dòng Ô-đô.",73,"07/30/2026 16:54",https://www.facebook.com/reel/2079400222649444/,"Thước phim",,"Trọn đời",5,+16.1x,0.03,0.03,0,1896,26,1,18,0,3,1840,2063,9.136,17323.395
1640318307655181,100050310827163,"Đồng hồ Nhà kho","Dòng Ô-đô 36 được xem là một trong những dòng đồng hồ cao cấp nhất của hãng, nổi bật với kết cấu máy 3 vách. Trong quá trình phát triển, dòng 36 được chia thành ba thế hệ chính: máy 3 vách dày bốn số, máy 3 vách mỏng bốn số và máy 3 vách năm số. Mỗi thế hệ đều có những đặc điểm riêng về kết cấu bộ máy, mặt số, kim, vách máy và nhiều chi tiết nhận diện khác, tạo nên giá trị nghiên cứu và sưu tầm rất thú vị đối với người chơi đồng hồ cổ.",36,"07/30/2026 17:03",https://www.facebook.com/reel/1936490910258678/,"Thước phim",,"Trọn đời",0,+3.7x,0.03,0.03,0,2924,38,4,26,7,5,2819,3267,10.21,29333.388
1640329014320777,100050310827163,"Đồng hồ Nhà kho","🕰️ Đồng hồ công cộng là những cỗ máy cơ khí cỡ lớn, từng đảm nhiệm việc báo giờ và điểm chuông cho cả một khu vực, nhà thờ, trường học hay công trình công cộng. Theo thời gian, chúng dần được thay thế bởi hệ thống điện hiện đại do kích thước lớn và việc vận hành phức tạp hơn. Ngày nay, những cỗ máy này trở thành hiện vật sưu tầm giá trị, hấp dẫn những anh em đam mê cơ khí và lịch sử đồng hồ.",49,"07/30/2026 17:24",https://www.facebook.com/reel/1742857483431242/,"Thước phim",,"Trọn đời",0,+2.1x,0.02,0.02,0,1304,12,2,10,0,2,1173,1528,13.112,16927.942
1640329617654050,100050310827163,"Đồng hồ Nhà kho","Với những món đồ sưu tầm, em nghĩ vẻ đẹp nhiều khi không nằm ở bản thân món đồ.

Nó nằm ở tình yêu của người dành cho nó.
Người yêu thì nhìn đâu cũng thấy đẹp, thấy từng chi tiết đều có giá trị.

Còn người không thích thì dù đó là món đồ quý đến đâu, họ cũng chỉ thấy nó như một cục sắt, một khúc gỗ hay một món đồ cũ mà thôi.

Giá trị của đồ sưu tầm không chỉ được tạo nên bởi món đồ, mà còn được tạo nên bởi người biết trân trọng nó.",0,"07/30/2026 17:25",https://www.facebook.com/donghonhakho.vn/posts/pfbid0PFBj7rGz1Tn3dvSoXvBs9kc6mgpo1P3WtCev2wCdsRWsfa6SkxJsLEFuRE3q8sYql,Ảnh,,"Trọn đời",0,--,0.05,0.05,0,2171,11,0,11,0,1,2073,3010,,
1640420414311637,100050310827163,"Đồng hồ Nhà kho","Sau khi quay khá nhiều chiếc đồng hồ 36/10, em để ý thấy một chi tiết rất thú vị. Không biết các bác đã từng để ý chưa?

Ở hầu hết các bộ côn, thanh côn ngoài cùng gần như lúc nào cũng cũ hơn những thanh còn lại. Màu xuống nhiều hơn, lớp mạ bạc hơn, thậm chí có bộ còn hơi rỉ nhẹ, trong khi các thanh phía trong vẫn đẹp hơn khá rõ.

Em cũng đang tự hỏi nguyên nhân vì sao lại như vậy. Liệu vì đây là thanh dài nhất nên rung nhiều hơn? Hay vì nó nằm ngoài cùng nên tiếp xúc với môi trường nhiều hơn? Hoặc còn một nguyên nhân nào khác mà em chưa nghĩ tới?

Em chưa dám kết luận. Các bác có kinh nghiệm hoặc từng gặp hiện tượng này thì để lại bình luận nhé. Biết đâu từ những chia sẻ của mọi người, chúng ta lại tìm ra được lời giải thích hợp lý nhất.",38,"07/30/2026 20:02",https://www.facebook.com/reel/2018820152085728/,"Thước phim",,"Trọn đời",3,+7x,0.04,0.04,0,2359,28,2,22,0,3,2269,2866,11.924,28392.744
1640432647643747,100050310827163,"Đồng hồ Nhà kho","Hôm nay em muốn giới thiệu với các bác một món đồ rất đặc biệt. Đây là một chiếc máy ghi âm bằng ống sáp của Mỹ, ra đời cách đây khoảng hơn 100 năm. Nó thuộc loại máy rất lớn, cao khoảng 1,2 mét, bên dưới còn có nguyên bộ chân và bánh xe để di chuyển. Cơ cấu bên trong hiện tại vẫn hoạt động đầy đủ, quay rất nhẹ và rất mượt.

Tuy nhiên, cái khó là em chưa có ống sáp để thử máy. Em đang muốn tìm đúng loại ống phù hợp để lắp vào, xem sau hơn một thế kỷ thì chiếc máy này còn có thể ghi và phát lại âm thanh được hay không.

Nếu trong các bác có ai đang sưu tầm máy hát, máy ghi âm cổ, hoặc biết nơi còn bán ống sáp cho dòng máy này thì để lại bình luận hoặc liên hệ giúp em nhé. Em rất muốn phục hồi và cho chiếc máy hơn trăm năm tuổi này cất tiếng nói một lần nữa.",54,"07/30/2026 20:23",https://www.facebook.com/reel/1229647089259394/,"Thước phim",,"Trọn đời",20,+31.9x,0.09,0.09,0,5805,69,3,45,2,4,5479,6349,9.896,55857.062
1640464210973924,100050310827163,"Đồng hồ Nhà kho","🕰️ Đồng hồ cổ Oruba 8 côn máy chân kiềng là lựa chọn phù hợp cho anh em mới chơi cũng như người yêu đồng hồ cơ cổ. Mẫu này có giá thành tương đối hợp lý, dễ sưu tầm, máy hoạt động ổn định và sử dụng côn đồng cho chất âm trầm ấm, ngân vang đặc trưng. Một chiếc đồng hồ đáng để trải nghiệm trong tầm giá.

#DongHoCo #Oruba #DongHo8Con #DongHoQuaLac #DongHoSuuTam",117,"07/30/2026 21:19",https://www.facebook.com/reel/1350964290584824/,"Thước phim",,"Trọn đời",1,+12.6x,0.03,0.03,0,1421,23,2,20,0,3,1337,1601,11.555,17102.361
1640493230971022,100050310827163,"Đồng hồ Nhà kho","Nói anh em thương lái thông cảm chứ,
Đồng bạch giờ RẺ rồi ạ",0,"07/30/2026 22:10",https://www.facebook.com/donghonhakho.vn/posts/pfbid0ikpZjtqfmoWLYpp9Rcz1XkNe5aqWzpdKYMxCPCzVwQ3UXCkdokVrx7THqr314Whsl,Ảnh,,"Trọn đời",19,--,1.29,1.29,0,14067,61,1,43,0,3,13808,18477,,
1640494930970852,100050310827163,"Đồng hồ Nhà kho","Các bác nghe em nói thật một câu nhé.

Nếu đã theo dõi kênh của em từ lâu, xem mấy chục video em chia sẻ về đồng hồ Ô-đô 36, về Gi-rô, về cách nhận biết đời máy, mà cuối cùng vẫn đi mua phải một chiếc 36 nâng từ máy Gi-rô, thì theo em các bác nên tạm dừng việc mua đồng hồ một thời gian.

Không phải vì các bác không có tiền, mà vì các bác đang thiếu kiến thức.

Em đã chia sẻ rất nhiều, từ cách nhận biết, cách định giá cho đến những kinh nghiệm thực tế. Có nhiều điều em biết nhưng không nói hết. Không phải em giấu nghề, mà có những chuyện nói thẳng quá sẽ ảnh hưởng đến nhiều người trong nghề, rồi cuối cùng người khó xử lại là chính mình.

Vì vậy, những gì em chia sẻ đều là trong phạm vi em thấy phù hợp.

Thế nên nếu đã xem kênh mà vẫn không phân biệt được máy Gi-rô với máy Ô-đô 36, thì tốt nhất hãy dừng lại. Dành thời gian học thêm, xem thêm, cầm nhiều đồng hồ hơn rồi hãy xuống tiền.

Bởi một khi đã mua rồi thì mọi chuyện đều là sự đã rồi.

Thực ra, máy Gi-rô có rất nhiều đặc điểm nhận biết. Kết cấu máy mở, các vách máy xòe ra, nhìn bằng mắt thường cũng có thể nhận ra nếu chịu khó quan sát. Em đã nhắc đi nhắc lại nhiều lần trong các video.

Hơn nữa, em cũng chia sẻ rất nhiều về mặt bằng giá của đồng hồ Ô-đô 36. Nếu một chiếc có giá chỉ bằng một phần rất nhỏ so với giá trị thông thường, thì điều đầu tiên nên nghĩ không phải là “mình gặp hời”, mà là “vì sao nó lại rẻ như vậy?”

Rất nhiều người mua vì nghĩ người bán không biết giá. Nhưng sau khi mang về mới bắt đầu tìm hiểu kiến thức thì lúc đó đã muộn.

Trong sưu tầm, kiến thức nên đi trước quyết định mua. Đừng mua rồi mới đi học. Đó là cách ít tốn tiền nhất, và cũng là cách nhanh nhất để trở thành một người chơi thực thụ.",0,"07/30/2026 22:12",https://www.facebook.com/donghonhakho.vn/posts/pfbid02McwGHj3KPhbM9CiRsujGH46oKxagE8MeVTfjTjuBtJM6JCdo6tVDhJvszDxZbmwsl,Ảnh,,"Trọn đời",4,--,0.04,0.04,0,1639,11,1,7,0,1,1599,2316,,
1640519307635081,100050310827163,"Đồng hồ Nhà kho","Đừng mua đồng hồ rồi mới bắt đầu học

Có một điều em thấy khá tiếc.

Nhiều bác theo dõi kênh của em từ lâu, xem hàng chục video em chia sẻ về đồng hồ cổ, về cách nhận biết đời máy, cách phân biệt từng dòng, cách định giá… Thế nhưng cuối cùng vẫn nhắn cho em:

“Anh ơi, em mua phải đồng hồ nâng rồi.”

Thật lòng mà nói, nếu các bác đã xem kênh của em mà vẫn mua phải những trường hợp quá dễ nhận biết, thì theo em các bác nên tạm dừng việc mua đồng hồ một thời gian.

Không phải để bỏ cuộc, mà để tích lũy thêm kiến thức.

Em làm video không phải để chứng minh mình giỏi hơn ai. Cũng không phải để dạy đời. Những gì em chia sẻ đều là kinh nghiệm thực tế mà em thấy có thể chia sẻ được. Có nhiều chuyện em biết nhưng không tiện nói quá thẳng, vì mỗi người đều có công việc và cuộc sống của mình. Em chỉ mong anh em có thêm góc nhìn để tự bảo vệ mình khi chơi đồng hồ.

Điều đáng tiếc nhất là rất nhiều người lại làm theo quy trình ngược.

Mua trước. Học sau.

Trong khi đáng lẽ phải là:

Học trước. Hiểu rồi mới mua.

Ví dụ như một chiếc máy Gi-rô và một chiếc Ô-đô 36, nếu chịu khó tìm hiểu một chút thì có rất nhiều đặc điểm để phân biệt. Em cũng đã làm không ít video về chủ đề này.

Hay như giá cả cũng vậy.

Nếu một chiếc đồng hồ mà giá chỉ bằng một nửa, thậm chí chỉ bằng một phần ba so với mặt bằng chung, thì điều đầu tiên nên nghĩ không phải là “mình gặp hời”, mà là:

“Tại sao nó lại rẻ như vậy?”

Trong sưu tầm, rất ít khi có chuyện ai đó bán rẻ một món đồ giá trị chỉ vì họ không biết.

Đa số những khoản tiền mất đi đều bắt đầu từ suy nghĩ:

“Biết đâu mình là người may mắn.”

Em vẫn luôn nói với anh em rằng:

Kiến thức là khoản đầu tư rẻ nhất.

Dành vài tháng học hỏi có thể giúp các bác tiết kiệm vài chục triệu, thậm chí nhiều hơn.

Đừng để chiếc đồng hồ đầu tiên trở thành học phí.

Hãy để kiến thức là người dẫn đường trước khi xuống tiền.",128,"07/30/2026 22:55",https://www.facebook.com/reel/1062132246160748/,"Thước phim",,"Trọn đời",0,+61x,0.19,0.19,0,6540,61,4,44,9,11,6116,7337,19.192,124252.887
1640586957628316,100050310827163,"Đồng hồ Nhà kho","🕰️ Ô Đô 36/8 côn luôn là dòng đồng hồ được nhiều anh em sưu tầm yêu thích nhờ chất âm đặc trưng. Tiếng chuông trầm, ấm và ngân vang, rất phù hợp với gu thưởng thức của người chơi đồng hồ cổ, đặc biệt là tại Việt Nam. Đây là mẫu đồng hồ giữ được sức hút bền bỉ qua nhiều năm.

#DongHoCo #Odo368 #DongHoQuaLac #DongHoSuuTam #DongHoDep",48,"07/31/2026 00:51",https://www.facebook.com/reel/1797222598308416/,"Thước phim",,"Trọn đời",4,+8.8x,0.03,0.03,0,2621,31,1,24,1,4,2531,3144,9.801,27041.679
1640664630953882,100050310827163,"Đồng hồ Nhà kho","🕰️ Mặt số La Mã luôn có một sức hút rất riêng đối với người chơi đồng hồ cổ. Không biết quan điểm các bác thế nào, nhưng theo cảm nhận của em, số La Mã mang đến vẻ đẹp cổ kính, sang trọng, dễ nhìn và đậm chất truyền thống. Chính những chi tiết ấy tạo nên nét cuốn hút khó thay thế theo thời gian.

#DongHoCo #MatSoLaMa #DongHoQuaLac #DongHoSuuTam #DongHoDep",0,"07/31/2026 03:04",https://www.facebook.com/donghonhakho.vn/posts/pfbid02YkayRu2uv62Ua85zmFsrAbWpEeoMiayt6VMS2LwWJFEkZFFFfj6o1P4uRzXmxg7ul,Ảnh,,"Trọn đời",3,--,0.05,0.05,0,766,4,0,2,0,1,736,1191,,
1640665444287134,100050310827163,"Đồng hồ Nhà kho","🕰️ Hậu trường quay chụp đồng hồ cổ là cả một quá trình tỉ mỉ để mang đến những hình ảnh và thước phim chân thực nhất. Từ căn góc, ánh sáng đến từng chi tiết nhỏ đều được chăm chút, giúp anh em cảm nhận rõ vẻ đẹp và thần thái của từng chiếc đồng hồ ngay cả khi xem qua màn hình.

#DongHoCo #HauTruong #DongHoQuaLac #DongHoSuuTam #BehindTheScenes",6,"07/31/2026 03:05",https://www.facebook.com/reel/1038185309076123/,"Thước phim",,"Trọn đời",1,+4.7x,0,0,0,9793,80,8,75,2,4,9492,13910,4.55,43684.88
1641339897553022,100050310827163,"Đồng hồ Nhà kho","🕰️ Đồng hồ cổ Ô Đô 24 đời 1962 sở hữu 10 côn 11 búa, chơi 2 bản nhạc Westminster và Ave Maria với chất âm trầm ấm, ngân vang. Máy nguyên bản, mang giá trị sưu tầm cao, nổi bật với thùng độc, kiểu dáng lạ, tạo dấu ấn khác biệt so với nhiều mẫu cùng dòng. Một lựa chọn đáng cân nhắc cho anh em yêu đồng hồ cổ.

#DongHoCo #Odo24 #DongHoQuaLac #DongHoSuuTam #Westminster",98,"07/31/2026 21:30",https://www.facebook.com/reel/1457395195974342/,"Thước phim",,"Trọn đời",3,+25.3x,0.06,0.06,0,4378,41,0,34,1,4,4157,4620,9.929,43114.778
1642158524137826,100050310827163,"Đồng hồ Nhà kho","🕰️ Ô Đô 36/8 côn có thể không hề thua kém dòng 36/10 về hình thức, đời máy hay chất âm. Tuy nhiên, mức giá giữa hai dòng lại có sự chênh lệch rất lớn. Điều đó cho thấy giá trị của đồng hồ cổ không chỉ nằm ở máy móc hay âm thanh, mà còn phụ thuộc vào độ hiếm, giá trị sưu tầm và thị hiếu của người chơi.

#DongHoCo #Odo368 #DongHoSuuTam #DongHoQuaLac #KienThucDongHo",148,"08/01/2026 20:44",https://www.facebook.com/reel/4417497051899835/,"Thước phim",,"Trọn đời",32,+257.7x,0.3,0.3,0,13734,163,32,114,8,14,12565,15200,28.618,386756.096
1642161874137491,100050310827163,"Đồng hồ Nhà kho","Vì sao Ô-đô 36/10 giá cao gấp nhiều lần Ô-đô 36/8?

Đây là câu hỏi em nhận được rất nhiều.

Nếu chỉ nhìn dưới góc độ sử dụng, chưa chắc Ô-đô 36/10 đã vượt trội hơn Ô-đô 36/8.

Về độ bền, hai dòng gần như tương đương.

Về độ chính xác, cũng không có sự khác biệt đáng kể.

Thậm chí, xét về tính đơn giản trong kết cấu, khả năng sửa chữa và chi phí thay thế linh kiện, nhiều người thợ còn đánh giá Ô-đô 36/8 có phần thuận lợi hơn.

Như vậy, nếu chỉ xét giá trị sử dụng, Ô-đô 36/8 hoàn toàn không hề thua kém, thậm chí ở một vài khía cạnh còn có lợi thế hơn Ô-đô 36/10.

Vậy vì sao giá của 36/10 lại cao gấp nhiều lần?

Bởi vì giá trị sử dụng và giá trị sưu tầm là hai khái niệm hoàn toàn khác nhau.

Một món đồ sưu tầm không được định giá chỉ bằng việc nó chạy có chuẩn hay không, bền hay không hoặc dễ sửa hay không.

Giá của nó còn được quyết định bởi độ hiếm, giá trị lịch sử và đặc biệt là mức độ yêu thích của cộng đồng người sưu tầm.

Khi một dòng đồng hồ được nhiều người cùng tìm kiếm nhưng số lượng còn lại ngày càng ít, giá trị của nó sẽ tăng lên theo quy luật cung và cầu.

Ngược lại, có những chiếc đồng hồ rất đẹp, chất âm rất hay, hoạt động rất ổn định, nhưng vì số lượng còn nhiều hoặc chưa được thị trường săn tìm ở mức tương tự nên giá thành vẫn dễ tiếp cận hơn.

Điều này không chỉ đúng với đồng hồ cổ.

Xe cổ, tranh cổ, tiền cổ hay bất kỳ món đồ sưu tầm nào cũng đều vận hành theo quy luật ấy.

Vì vậy, khi đánh giá một chiếc đồng hồ, anh em cần xác định rõ mình đang nhìn dưới góc độ nào.

Nếu để sử dụng, có rất nhiều mẫu mang lại hiệu quả tuyệt vời với mức chi phí hợp lý.

Nhưng nếu để sưu tầm, thì độ hiếm, giá trị lịch sử và sự yêu thích của cộng đồng mới là những yếu tố tạo nên sự chênh lệch rất lớn về giá.

Đó cũng là lý do vì sao có những chiếc đồng hồ nhìn qua tưởng rất giống nhau, chất lượng sử dụng cũng không khác biệt nhiều, nhưng giá trị trên thị trường lại cách nhau tới cả chục lần.",0,"08/01/2026 20:50",https://www.facebook.com/donghonhakho.vn/posts/pfbid0F99PXZtzJgiBDts5jDzfrGkBoveWZ5pfFHDaDnt3Hnowsoe8SM61a8LeYuU3mTtwl,Ảnh,,"Trọn đời",6,--,0.49,0.49,0,7145,24,3,17,1,1,6926,10016,,
1642190037468008,100050310827163,"Đồng hồ Nhà kho","Em xin cảm ơn anh @Khinh Công Nguyễn đã để lại một bình luận rất hay. Em xin phép mượn chính bình luận của anh để chia sẻ thêm một góc nhìn với mọi người.

Có bác cho rằng sở dĩ Ô-đô 36/10 đắt hơn vì ngày xưa sản xuất tốn công hơn, nhiều vật liệu hơn.

Theo em thì chưa hẳn như vậy.

Trong sản xuất công nghiệp, một hãng không chỉ tạo ra một sản phẩm. Họ tạo ra nhiều dòng khác nhau để phục vụ nhiều nhóm khách hàng khác nhau.

Ví dụ như Toyota có Vios, Corolla Altis, Camry hay Land Cruiser. Không phải chiếc nào đắt hơn cũng chỉ vì dùng nhiều sắt thép hơn, mà mỗi dòng được tạo ra để phục vụ một nhu cầu và một phân khúc khách hàng khác nhau.

Đồng hồ cũng vậy.

Ô-đô có rất nhiều dòng máy khác nhau. Nếu ngày đó nhà máy chỉ sản xuất toàn 36/10 thì có lẽ ngày nay 36/10 cũng sẽ không còn hiếm và chưa chắc đã có giá trị như bây giờ.

Điều quyết định giá của một món đồ sưu tầm không phải chỉ là chi phí sản xuất.

Mà còn là độ hiếm, giá trị lịch sử và mức độ yêu thích của cộng đồng người chơi.

Thực tế, nếu chỉ xét về giá trị sử dụng, Ô-đô 36/8 không hề thua kém 36/10.

Độ bền gần như tương đương.

Độ chính xác cũng tương đương.

Thậm chí kết cấu đơn giản hơn nên việc sửa chữa, thay thế linh kiện của 36/8 còn thuận lợi và tiết kiệm hơn.

Nhưng khi bước sang thế giới của đồ sưu tầm, câu chuyện không còn chỉ là dùng có tốt hay không.

Nó là câu chuyện của độ hiếm và thị hiếu.

Đó cũng là lý do có những chiếc đồng hồ nhìn rất giống nhau, dùng cũng rất tốt như nhau, nhưng giá trị trên thị trường lại chênh lệch rất lớn.

Theo em, đây cũng là một trong những điều thú vị nhất của thú chơi đồng hồ cổ. Người hiểu về giá trị sử dụng sẽ chọn theo nhu cầu của mình. Còn người hiểu về giá trị sưu tầm sẽ nhìn thêm cả lịch sử, độ hiếm và câu chuyện phía sau chiếc đồng hồ. Đó là hai góc nhìn khác nhau, và cả hai đều đáng được tôn trọng.",0,"08/01/2026 21:34",https://www.facebook.com/donghonhakho.vn/posts/pfbid02BGAt3cbzbNUH8Ck5WKLwdoZqsQZCKYhoWUmnGgJSUvvECzcc8LqSFSBbJ2Y8NBThl,Ảnh,,"Trọn đời",0,--,0.01,0.01,0,614,4,0,3,0,1,548,905,,
1642231857463826,100050310827163,"Đồng hồ Nhà kho","🕰️ Đồng hồ cổ Vê Đét Pháp nổi bật với chức năng tự động ngắt chuông đêm, giúp không gian yên tĩnh khi nghỉ ngơi mà vẫn giữ trọn giá trị của một đồng hồ cơ cổ. Máy hoạt động ổn định, âm thanh hay, phù hợp cho anh em yêu đồng hồ cổ Pháp và mong muốn một mẫu đồng hồ vừa đẹp vừa tiện sử dụng.

#DongHoCo #Vedette #DongHoPhap #DongHoQuaLac #DongHoSuuTam",0,"08/01/2026 22:46",https://www.facebook.com/donghonhakho.vn/posts/pfbid0GNTb4g6ihAmDhbx8cMgHH97Y9qF4cu72TPcRAUL18uuYd5o61FiJehmg8rWRVdYol,Ảnh,,"Trọn đời",0,--,0.05,0.05,0,764,4,0,3,0,1,721,1082,,
1642449637442048,100050310827163,"Đồng hồ Nhà kho","Vê Đét là một trong những thương hiệu đồng hồ cổ Pháp được nhiều người sưu tầm yêu thích nhờ thiết kế cân đối, tinh tế và luôn hướng đến trải nghiệm người dùng. Những chiếc đồng hồ cơ cổ của Vê Đét nổi bật với kiểu dáng sang trọng, bộ máy bền bỉ, chất âm đồng hồ cổ nhẹ nhàng, dễ nghe và phù hợp với nhiều không gian. Đặc biệt, trong những năm gần đây, giá thành của đồng hồ sưu tầm Vê Đét vẫn ở mức khá dễ tiếp cận, trở thành lựa chọn hấp dẫn cho cả người mới chơi lẫn các nhà sưu tầm lâu năm.",55,"08/02/2026 04:53",https://www.facebook.com/reel/2172648276640668/,"Thước phim",,"Trọn đời",0,+2.3x,0.03,0.03,0,2049,15,-1,11,1,3,1920,2204,8.884,18194.603
1642460644107614,100050310827163,"Đồng hồ Nhà kho","🕰️ Ô Đô 36/10 là một trong những mẫu đồng hồ cổ được nhiều anh em yêu thích nhờ 10 côn 10 búa, chất âm trầm ấm và ngân vang đặc trưng. Hình thức đẹp, máy hoạt động ổn định, giá trị sưu tầm cao, phù hợp cho cả người mới chơi lẫn anh em đã đam mê đồng hồ cơ cổ nhiều năm.

#DongHoCo #Odo3610 #DongHoQuaLac #DongHoSuuTam #DongHoCoPhap",20,"08/02/2026 05:08",https://www.facebook.com/reel/4120339388258088/,"Thước phim",,"Trọn đời",35,+70.6x,2.07,2.07,0,121110,915,118,842,53,18,120037,177745,15.047,1805195.897
1642541834099495,100050310827163,"Đồng hồ Nhà kho","🕰️ Đồng hồ cổ Pháp 8 côn 8 búa nguyên bản với kiểu dáng hài hòa, hình thức đẹp và rất dễ trưng bày trong nhiều không gian.

Chất âm ngân vang, ấm áp là điểm nhấn của dòng 8 côn 8 búa, kết hợp cùng bộ máy cơ khí bền bỉ và độ nguyên bản cao, tạo nên giá trị sưu tầm được nhiều anh em yêu thích. Một mẫu đồng hồ đẹp cả về hình thức lẫn âm thanh, rất đáng để tham khảo.",65,"08/02/2026 07:08",https://www.facebook.com/reel/1710586986694410/,"Thước phim",,"Trọn đời",4,+9.9x,0.02,0.02,0,2211,19,0,15,0,0,2100,2318,7.946,17363.86
1642865927400419,100050310827163,"Đồng hồ Nhà kho","🕰️ Đồng hồ vai bò Đức số 1118 – phiên bản 5 côn 5 búa nguyên bản, nổi bật với dáng chân móng thú mạnh mẽ và đầy cuốn hút.

Chiếc đồng hồ còn giữ nguyên tem nhãn, bộ máy đẹp, chất âm hay và vận hành ổn định. Kiểu dáng sang trọng, độ nguyên bản cao cùng giá trị sưu tầm bền vững khiến đây là một mẫu đồng hồ rất được anh em yêu đồng hồ cơ cổ yêu thích và săn tìm.",109,"08/02/2026 16:18",https://www.facebook.com/reel/1414737927163357/,"Thước phim",,"Trọn đời",0,+3.6x,0.01,0.01,0,1148,10,0,7,1,3,1071,1209,4.617,5309.704
1642874137399598,100050310827163,"Đồng hồ Nhà kho","🕰️ Đồng hồ vai bò Junhan nguyên bản – một trong những dòng đồng hồ cổ Đức được nhiều anh em yêu thích bởi bộ máy bền bỉ và chất âm đặc trưng.

Thiết kế sang trọng, cân đối, vận hành ổn định cùng tiếng chuông ngân vang đầy cảm xúc. Một mẫu đồng hồ vừa đẹp về hình thức, vừa mang giá trị sưu tầm cao, rất đáng để anh em tham khảo.",72,"08/02/2026 16:35",https://www.facebook.com/reel/900552662614574/,"Thước phim",,"Trọn đời",0,+6.1x,0.01,0.01,0,1382,12,0,9,0,3,1236,1463,10.131,13839.923
1642883834065295,100050310827163,"Đồng hồ Nhà kho","🕰️ Ô-đô 36/10 và Ô-đô 62/10 đều là những phiên bản 10 côn thuộc phân khúc cao cấp của hãng. Tuy nhiên, trên thị trường sưu tầm, giá trị của hai dòng này lại có sự chênh lệch khá rõ.

36/10 được nhiều anh em ví như “nữ hoàng âm thanh”, trong khi 62/10 có mức giá mềm hơn và dễ tiếp cận hơn. Em lên một video để các bác cùng lắng nghe và so sánh trực tiếp chất âm của hai phiên bản. Theo các bác, điều gì đã tạo nên sự khác biệt lớn về giá trị sưu tầm giữa hai dòng máy này?",96,"08/02/2026 16:54",https://www.facebook.com/reel/1955028331816135/,"Thước phim",,"Trọn đời",7,+33.4x,0.05,0.05,0,2369,42,3,29,3,3,2265,2729,13.317,33027.649
1643033794050299,100050310827163,"Đồng hồ Nhà kho","Đẹp - Rẻ, nhưng chưa được người Việt lựa chọn nhiều?

Nếu chỉ nhìn vào bản thân chiếc đồng hồ, Vê Đét có rất nhiều điểm đáng để yêu thích.

Thiết kế thùng thanh thoát, cân đối, mang đậm phong cách Pháp.

Hầu hết các mẫu nguyên bản đều sử dụng kính cong phía trước mặt số, tạo cảm giác mặt số có chiều sâu và sang trọng hơn.

Thay vì dùng chung khuôn thùng với nhiều hãng khác, Vê Đét còn phát triển những thiết kế rất riêng, từ kích thước mặt số đến bố cục tổng thể. Những mẫu như thùng bông lúa mạch, bốn bông chùm nho, kính chuông hay hoa tulip đến nay vẫn được rất nhiều người đánh giá cao về tính thẩm mỹ.

Không chỉ đẹp.

Vê Đét còn là một trong số rất ít thương hiệu đưa vào sản xuất cơ cấu ngắt chuông đêm tự động.

Chỉ cần gạt sang chế độ SIL-NUIT, đồng hồ sẽ tự động ngừng điểm chuông vào ban đêm và hoạt động trở lại vào buổi sáng.

Ở thời điểm những năm 1950 trở đi, đây là một ý tưởng rất thực dụng, hướng nhiều hơn tới sự tiện nghi của người sử dụng.

Về âm thanh cũng vậy.

Nếu Ô-đô nổi tiếng với Gai Carillon thì Vê Đét lại có những phiên bản chơi Frère Jacques – bản nhạc mà ở Việt Nam nhiều người quen gọi là “Kìa con bướm vàng”.

Tiếng chuông của Vê Đét không mạnh và vang như Ô-đô.

Nhưng đổi lại, nó trầm hơn, đều hơn và rất dễ nghe.

Đặc biệt, những bộ côn lòng máng của Vê Đét có chất âm mà theo cảm nhận của tôi, hoàn toàn có thể đứng ngang hàng với nhiều mẫu Ô-đô cùng phân khúc.

Vậy tại sao ở Việt Nam, Vê Đét vẫn chưa được lựa chọn nhiều?

Theo tôi, câu trả lời nằm ở thị hiếu, chứ không hẳn nằm ở chất lượng.

Ô-đô đã xuất hiện ở Việt Nam từ rất sớm và được nhiều thế hệ người chơi biết đến.

Qua nhiều năm, cái tên Ô-đô dần trở thành một “chuẩn mực” trong suy nghĩ của rất nhiều người sưu tầm.

Khi thị hiếu đã hình thành, nó sẽ tự tạo ra giá trị thị trường.

Điều đó không có nghĩa những thương hiệu khác kém hơn.

Chỉ đơn giản là cộng đồng đang dành nhiều sự quan tâm hơn cho một thương hiệu.

Thực tế, trong vài năm gần đây, Vê Đét được đưa về Việt Nam nhiều hơn.

Giá thành vẫn rất dễ tiếp cận.

Hình thức đẹp.

Máy bền.

Âm thanh có bản sắc riêng.

Với những anh em yêu đồ xưa và muốn tìm một chiếc đồng hồ Pháp nguyên bản để thưởng thức hằng ngày, theo tôi, Vê Đét vẫn là một lựa chọn rất đáng cân nhắc.",0,"08/02/2026 21:35",https://www.facebook.com/donghonhakho.vn/posts/pfbid02gTh8dcvEfHtgmav8yJJdZ9FJZJzhmHKQx5gxN7c8shnT6ZB7BT6eZX3YzwYwXfdjl,Ảnh,,"Trọn đời",0,--,0.09,0.09,0,1633,9,0,8,0,1,1593,2437,,
1643226320697713,100050310827163,"Đồng hồ Nhà kho","❤️ Mấy loại này bây giờ rẻ rồi. Các bác cứ tin em đi, mạnh dạn liên hệ là mua được.

#DongHoCo #Odo3610 #DongHoQuaLac #DongHoSuuTam #DongHoCoPhap",0,"08/03/2026 03:06",https://www.facebook.com/donghonhakho.vn/posts/pfbid02zyZAKDb3UbGk9Y5Xx79xLybZEoBcJgBv1sHppLCnEvxewT5DR11UjMzmgQxM56Rol,Ảnh,,"Trọn đời",4,--,0.21,0.21,0,3011,26,1,22,0,1,2988,4175,,
1643318874021791,100050310827163,"Đồng hồ Nhà kho","🔥Mấy bạn Hà Đông chuẩn bị nhận hàng.
Cảm ơn các anh đã nhường ạ.",0,"08/03/2026 05:18",https://www.facebook.com/donghonhakho.vn/posts/pfbid02u97X19fUThkRPefCvjeLDowt1Bu9jfBvZxsSyUyFN3qaXJZMpk6PLZ8jQ2tFPK8El,Ảnh,,"Trọn đời",4,--,0.5,0.5,0,5629,29,0,26,0,2,5640,7709,,
1643823103971368,100050310827163,"Đồng hồ Nhà kho","🕰️ Đồng hồ lồng đèn Junhan Đức 4 côn, nguyên bản, trang bị hộp cộng hưởng cho chất âm nhẹ nhàng, ấm áp và rất dễ chịu.

Đây không phải dòng chuông lớn, nhưng lại chinh phục người chơi bởi sự tinh tế, thanh thoát và vẻ đẹp cổ điển. Kiểu dáng hài hòa, bài trí đẹp trong nhiều không gian, là một mẫu đồng hồ cơ cổ mang giá trị sưu tầm cao.",90,"08/03/2026 19:11",https://www.facebook.com/reel/906323895880295/,"Thước phim",,"Trọn đời",1,+5.5x,0.01,0.01,0,1228,12,1,8,0,3,1152,1304,4.728,5825.761
1643829717304040,100050310827163,"Đồng hồ Nhà kho","🕰️ Đồng hồ vai bò Đức trụ full vòm với những đường đục chạm tinh xảo, sắc nét, thể hiện trình độ chế tác thủ công rất cao.

Sản phẩm còn giữ được độ nguyên bản, kiểu dáng bề thế, sang trọng và mang giá trị sưu tầm bền vững. Đây là một trong những mẫu đồng hồ được nhiều anh em yêu đồng hồ cổ Đức đặc biệt yêu thích bởi vẻ đẹp cơ khí và tính thẩm mỹ vượt thời gian.",113,"08/03/2026 19:22",https://www.facebook.com/reel/1574105217712336/,"Thước phim",,"Trọn đời",0,+5.3x,0.01,0.01,0,1519,15,0,12,1,3,1424,1607,5.862,8834.127
1643831027303909,100050310827163,"Đồng hồ Nhà kho","🕰️ Đồng hồ vai bò Đức nguyên bản, hình thức đẹp xuất sắc, mang đậm nét cổ điển và giá trị sưu tầm cao.
 ☎ 𝟶𝟿𝟼𝟥•𝟜𝟝𝟞•𝟿𝟞𝟥 
Trang bị bộ côn vòng với tiếng chuông điểm mỗi 30 phút, chất âm trầm ấm, ngân vang và đầy cuốn hút. Một mẫu đồng hồ vừa đẹp về ngoại hình, vừa hay về âm thanh, rất đáng để anh em yêu đồng hồ cơ cổ tham khảo.",0,"08/03/2026 19:24",https://www.facebook.com/donghonhakho.vn/posts/pfbid0LsFedt3dUc6U5uHXpKYza3c8uC3VZ2WptprWcJdcQjVX4MiNKp7FpRRQXyL2XPFEl,Ảnh,,"Trọn đời",0,--,0.01,0.01,0,469,1,0,0,0,1,443,633,,
1643833780636967,100050310827163,"Đồng hồ Nhà kho","🕰️ Đồng hồ vai bò Đức nguyên bản, hình thức đẹp xuất sắc, mang đậm nét cổ điển và giá trị sưu tầm cao.

Trang bị bộ côn vòng với tiếng chuông điểm mỗi 30 phút, chất âm trầm ấm, ngân vang và đầy cuốn hút. Một mẫu đồng hồ vừa đẹp về ngoại hình, vừa hay về âm thanh, rất đáng để anh em yêu đồng hồ cơ cổ tham khảo.",47,"08/03/2026 19:29",https://www.facebook.com/reel/1957894814910254/,"Thước phim",,"Trọn đời",2,+5x,0.01,0.01,0,1350,11,0,6,0,3,1229,1455,5.947,7975.539
1644061137280898,100050310827163,"Đồng hồ Nhà kho","Đồng hồ vai bò Đức 8 côn – 3 bản nhạc, chất âm cuốn hút- Mã số #1059
💵:6tr7
✨ Một mẫu đồng hồ vai bò Đức mang vẻ đẹp mềm mại với phần mái uốn cong thanh lịch, vân gỗ tự nhiên nổi bật và tổng thể hài hòa, dễ kết hợp với nhiều không gian nội thất.

⚙️ Bộ máy cơ Đức 8 ngày hoạt động ổn định, nổi tiếng về độ bền và độ chính xác. Cấu hình 8 côn chơi 3 bản nhạc cho âm thanh trong trẻo, ngân vang, từng giai điệu chuyển tiếp mượt mà trước khi điểm giờ, tạo cảm giác ấm cúng và đầy hoài niệm. Dòng máy cơ Đức nhiều côn được người chơi đánh giá cao nhờ độ ổn định và chất âm đặc trưng.  

✨ Một chiếc đồng hồ cơ cổ không chỉ để xem giờ mà còn là món đồng hồ sưu tầm mang đậm giá trị của đồ cổ châu Âu, thích hợp trưng bày trong phòng khách, phòng làm việc hay không gian cổ điển.
✨ Kích thước: 60x22 cm
🏠 Đồng Hồ Nhà Kho
📍 Văn Phú – Hà Đông – Hà Nội
📞 Liên hệ: 𝟘𝟡𝟞𝟛 • 𝟜𝟝𝟞 • 𝟡𝟞𝟛

#donghoco #donghocoduc #vaiboduc #donghocochauau #donghoqulac #8con #3bannhac #amthanhdonghoco #suutamdonghoco",0,"08/04/2026 01:51",https://www.facebook.com/donghonhakho.vn/posts/pfbid02m9jZmEKjPT9HeNmUMdaEuYaMKeyY3h81w4iq5qxww2KsaGJRHUUcbxhRxdFhrs83l,Ảnh,,"Trọn đời",4,--,0.06,0.06,0,866,12,0,8,0,1,834,1267,,
1644172770603068,100050310827163,"Đồng hồ Nhà kho","🕰️ Đồng hồ cổ Vê đét Pháp 10 côn, chơi 2 bản nhạc kinh điển, nguyên bản với chất âm ngân vang, trầm ấm và giàu cảm xúc.

Bộ máy bền bỉ, kiểu dáng cổ điển hài hòa cùng giá trị sưu tầm cao đã giúp dòng 10 côn của Vê đét luôn được nhiều anh em yêu đồng hồ cổ săn tìm. Một lựa chọn rất đáng để tham khảo.",53,"08/04/2026 04:46",https://www.facebook.com/reel/1538104081427419/,"Thước phim",,"Trọn đời",4,+7.9x,0.02,0.02,0,2585,22,1,15,1,3,2408,2879,7.043,18441.063
1644878647199147,100050310827163,"Đồng hồ Nhà kho","Đồng hồ vai bò Đức 4 côn – Dáng nhỏ gọn, chất âm ngân vang- Mã số #696
💵:4tr3
✨ Mẫu đồng hồ cổ Đức mang phong cách tối giản nhưng tinh tế. Thiết kế thân gỗ cân đối kết hợp mặt số La Mã nổi bật với vân gỗ tự nhiên tạo nên vẻ đẹp trang nhã, dễ hài hòa trong nhiều không gian.

⚙️ Bộ máy cơ cổ 4 côn hoạt động ổn định, mang đậm nét kỹ thuật chế tác của châu Âu. Cụm côn được bố trí gọn gàng, cho khả năng điểm chuông rõ ràng và bền bỉ theo thời gian.

🔔 Âm thanh đồng hồ cổ trong trẻo, ngân vang, tạo cảm giác ấm cúng và thư thái. Đây là một mẫu đồng hồ quả lắc có giá trị chơi lâu dài, phù hợp cho người yêu đồng hồ nguyên bản và sưu tầm đồng hồ cổ.

📏 Kích thước: 60 × 23 cm

📍 Đồng Hồ Cổ Nhà Kho- KĐT Văn Phú, Hà Đông, Hà Nội.
📞 Liên hệ: 𝟢𝟫𝟨𝟥 • 𝟦𝟧𝟨 • 𝟫𝟨𝟥

#donghoco #donghocoduc #donghoqualac #donghococo #suutamdonghoco #donghovaibo",0,"08/05/2026 00:10",https://www.facebook.com/donghonhakho.vn/posts/pfbid086GAsYXgedwnPffbHWngX7cfXkGHxHuQVrje8cjExWfK5emv15GNXwgd6k8quLrcl,Ảnh,,"Trọn đời",1,--,0.03,0.03,0,561,5,0,3,0,1,537,815,,
1644948330525512,100050310827163,"Đồng hồ Nhà kho","🕰️ Đồng hồ tượng Pháp cổ chế tác khoảng năm 1905, nổi bật với chất liệu đồng mạ vàng và tạo hình thiên thần (Cupid/Eros) đang tựa bên cây cung. Trong nghệ thuật châu Âu, hình tượng này tượng trưng cho tình yêu, vẻ đẹp và sự lãng mạn. Kích thước 34 × 36 cm, kiểu dáng cân đối, phù hợp trưng bày trên bàn, kệ hoặc tủ cổ. Mẫu đồng hồ nguyên bản mang đậm phong cách Belle Époque, vừa có giá trị thẩm mỹ vừa là món đồng hồ sưu tầm đáng chú ý.

#DongHoCo #DongHoPhap #DongHoTuong #DongHoSuuTam #DoCoChauAu",0,"08/05/2026 02:02",https://www.facebook.com/donghonhakho.vn/posts/pfbid02rGgDcHSwdK58JWEnnWguUqseL3pLZLbdw2tqRmjmj7RFa4aSZedkjqNYznqaPc9il,Ảnh,,"Trọn đời",0,--,0.04,0.04,0,814,4,-4,2,0,2,779,1151,,
1644965430523802,100050310827163,"Đồng hồ Nhà kho","🕰️ Đồng hồ tượng Pháp cổ chế tác khoảng năm 1905, nổi bật với thân đồng mạ vàng và tạo hình Cupid (thần Tình yêu) đang cầm cung. Từng đường nét đúc sắc sảo, bệ đồng chạm nổi mang đậm phong cách nghệ thuật Pháp đầu thế kỷ XX. Kích thước 34 × 36 cm, phù hợp trưng bày phòng khách, phòng làm việc hoặc không gian cổ điển. Một mẫu đồng hồ cổ Pháp có giá trị thẩm mỹ và giá trị sưu tầm cao.

#DongHoCo #DongHoPhap #DongHoTuong #DoCoChauAu #DongHoSuuTam",56,"08/05/2026 02:29",https://www.facebook.com/reel/1342965514664827/,"Thước phim",,"Trọn đời",1,+6.9x,0,0,0,1800,25,0,11,3,10,1787,2021,4.639,8662.244
1644987520521593,100050310827163,"Đồng hồ Nhà kho","Vì sao tượng đồng châu Âu cổ luôn có cảm giác rất “có hồn”?

Có nhiều anh em hỏi tôi:

“Tại sao những tác phẩm tượng đồng châu Âu cổ nhìn rất hài hòa, rất có hồn, trong khi nhiều tượng đúc ngày nay lại đẹp nhưng vẫn thấy thiếu một điều gì đó?”

Theo tôi, điều khác biệt không nằm hoàn toàn ở công nghệ.

Mà nằm ở con người.

Khoảng trước những năm 1950, phần lớn những tác phẩm tượng đồng châu Âu sau khi đúc xong đều còn trải qua rất nhiều công đoạn hoàn thiện bằng tay.

Người nghệ nhân sẽ chạm lại từng nếp áo, từng lọn tóc, từng đường nét trên khuôn mặt, chỉnh lại bố cục, tạo chiều sâu và xử lý bề mặt.

Nói cách khác, đúc chỉ tạo ra phần xác. Còn phần hồn được tạo nên bởi đôi bàn tay của người nghệ nhân.

Những người làm công việc đó không chỉ là thợ.

Họ được đào tạo rất bài bản về hội họa, điêu khắc, tỷ lệ cơ thể và bố cục mỹ thuật.

Vì vậy, khi hoàn thiện một tác phẩm, họ luôn tuân thủ những quy chuẩn về cân đối, ánh sáng, chuyển động và cảm xúc.

Đó cũng là lý do khi nhìn một tác phẩm tượng cổ, nhiều người có cảm giác rất hài hòa dù không thể giải thích cụ thể vì sao.

Ngày nay, công nghệ đúc đã hiện đại hơn rất nhiều.

Một khuôn đúc có thể tạo ra hàng trăm, hàng nghìn sản phẩm gần như giống hệt nhau.

Điều đó giúp giảm giá thành và tăng năng suất.

Nhưng ở nhiều sản phẩm sản xuất hàng loạt, công đoạn hoàn thiện thủ công đã được rút ngắn đáng kể.

Vì thế, chúng ta vẫn có thể thấy một bức tượng rất sắc nét, rất đều, nhưng lại thiếu đi cái “hồn” mà những tác phẩm châu Âu cổ thường mang lại.

Theo tôi, giá trị của một tác phẩm cổ không chỉ nằm ở chất liệu hay tuổi đời.

Mà còn nằm ở dấu ấn của người nghệ nhân đã dành hàng giờ, hàng ngày để hoàn thiện từng chi tiết bằng chính đôi bàn tay của mình.",0,"08/05/2026 03:07",https://www.facebook.com/donghonhakho.vn/posts/pfbid02hCioTUHSSNG1kNN7DzgDuSmVBKwz8JChHrFYbp6zuCTymTT1ckb2gavvfZ4QXcFHl,Ảnh,,"Trọn đời",0,--,0.01,0.01,0,773,3,0,2,0,1,717,1097,,
1645657343787944,100050310827163,"Đồng hồ Nhà kho","Trong dòng Ô-đô 36/10, máy chân kiềng luôn được xem là “cánh cửa” dễ bước vào nhất. Vẫn là đồng hồ nguyên bản của Pháp, vẫn mang đầy đủ giá trị của thương hiệu Ô-đô, nhưng do thị hiếu người chơi chưa cao bằng dòng 3 vách bệt nên mức giá dễ tiếp cận hơn rất nhiều. Đây là cơ hội để anh em sở hữu một chiếc Ô-đô 36/10 nguyên bản với chi phí hợp lý, trong khi độ bền, chất lượng cơ khí và giá trị sử dụng vẫn rất đáng trải nghiệm.",30,"08/05/2026 21:02",https://www.facebook.com/reel/1072511075288504/,"Thước phim",,"Trọn đời",7,+15.4x,0.09,0.09,0,7851,136,8,124,2,6,7583,9423,10.623,82756.746
1645978160422529,100050310827163,"Đồng hồ Nhà kho","Hướng dẫn chỉnh nhanh – chậm cho đồng hồ quả lắc

Đồng hồ quả lắc chạy nhanh hoặc chậm một chút là chuyện bình thường. Vì vậy, ngay từ khi thiết kế, nhà sản xuất đã tạo sẵn cách điều chỉnh rất đơn giản bằng con ốc phía dưới quả lắc.

Nguyên lý chỉ cần nhớ:

* Quả lắc ngắn hơn → đồng hồ chạy nhanh hơn.
* Quả lắc dài hơn → đồng hồ chạy chậm hơn.

Cách chỉnh:

* Đồng hồ chạy nhanh: vặn ốc sang trái để hạ quả lắc xuống.
* Đồng hồ chạy chậm: vặn ốc sang phải để nâng quả lắc lên. 

Với nhiều mẫu đồng hồ thông dụng, có thể tạm lấy mốc:

Một vòng ốc tương ứng khoảng 30 giây sai lệch trong 24 giờ.

Ví dụ đồng hồ nhanh 5 phút mỗi ngày, về lý thuyết cần khoảng 10 vòng để làm chậm lại. Tuy nhiên, bước ren, chiều dài lắc và từng loại máy khác nhau nên không nên vặn liền một lần quá nhiều. Hãy chỉnh trước 2–3 vòng, cho đồng hồ chạy đủ 24 giờ, đối chiếu lại rồi tiếp tục chỉnh. 

Khi chỉnh, nên dùng tay đỡ nhẹ quả lắc để giảm tải lên bộ treo, xoay ốc từng vòng rõ ràng và ghi lại số vòng đã chỉnh. Nếu đã chỉnh nhiều lần mà đồng hồ vẫn sai lớn, chạy thất thường hoặc hay chết thì nguyên nhân có thể nằm ở bộ máy, lúc đó nên kiểm tra và bảo dưỡng thay vì tiếp tục vặn quả lắc.

Nhớ đơn giản: chậm thì nâng lên, nhanh thì hạ xuống.",0,"08/06/2026 05:47",https://www.facebook.com/donghonhakho.vn/posts/pfbid0TUuczcnnzzRReKNJ6N8GDznKVhEtaT8sNHmji4vq4crbMqymDw3SdJ8vKqFwTsm9l,Ảnh,,"Trọn đời",0,--,0.14,0.14,0,2299,12,0,11,0,1,2277,3250,,
1646444957042516,100050310827163,"Đồng hồ Nhà kho","Ô-đô 36/10 có thật sự hay hơn, hay chỉ là hiệu ứng tâm lý?

Có một câu hỏi tôi nghĩ người chơi đồng hồ cổ nên thử tự hỏi: Nếu che thương hiệu, che đời máy và không nói giá, liệu chúng ta có còn chắc chắn nhận ra chiếc 36/10 hay hơn những chiếc khác?

Tôi nghĩ câu trả lời không đơn giản là có hoặc không.

Xét thuần túy về giá trị sử dụng, 36/10 chưa chắc vượt trội. Một chiếc 36/8 được căn chỉnh tốt vẫn có độ bền và độ chính xác tương đương, kết cấu lại đơn giản, dễ sửa chữa, linh kiện thay thế dễ tìm và chi phí thấp hơn. Nhiều chiếc đồng hồ cổ Pháp khác cũng có thùng đẹp, máy tốt và chất âm đồng hồ cổ rất đáng nghe.

Nhưng đồ sưu tầm chưa bao giờ được định giá chỉ bằng công năng.

Một chiếc ô tô cổ đắt tiền chưa chắc chạy tốt hơn một chiếc xe hiện đại. Một chai vang nổi tiếng chưa chắc trong thử mù ai cũng thấy ngon gấp mười lần chai rẻ hơn. Tranh, đồ cổ châu Âu hay những món đồ sưu tầm cũng vậy. Khi chúng ta biết tên tuổi, độ hiếm, giá tiền và câu chuyện phía sau, cảm nhận của chúng ta về món đồ cũng thay đổi.

36/10 cũng không nằm ngoài quy luật ấy.

Nó được nhiều người săn tìm, số lượng đẹp nguyên bản có giới hạn, cộng đồng nhắc đến nhiều, giá ngày càng cao. Những yếu tố đó tiếp tục củng cố vị thế của nó. Người mới bước vào cộng đồng thấy người chơi lâu năm tìm 36/10, tự nhiên cũng muốn có 36/10. Càng nhiều người muốn sở hữu, nó càng trở nên đáng mơ ước.

Đó có yếu tố tâm lý, nhưng không có nghĩa giá trị của nó là giả.

Bởi thị hiếu, lịch sử, độ hiếm, tính nguyên bản và sự công nhận của cộng đồng chính là một phần rất thật của giá trị sưu tầm.

Điều tôi không đồng ý là lấy giá thị trường để suy ngược rằng một chiếc 36/10 đắt gấp nhiều lần thì nhất định phải đẹp hơn, bền hơn hoặc hay hơn tương ứng. Hai chuyện đó hoàn toàn khác nhau.

Với người chỉ cần một chiếc đồng hồ cơ cổ đẹp, chạy ổn định và chất âm hay, có rất nhiều lựa chọn hợp lý hơn.

Nhưng với người muốn sở hữu một phiên bản được cộng đồng săn tìm, muốn tìm chiếc đồng hồ nguyên bản đẹp và muốn hoàn thiện bộ sưu tập, 36/10 lại có ý nghĩa khác.

Vì thế, 36/10 có thật sự hay hơn không?

Tôi nghĩ nên đổi câu hỏi:

Hay hơn về cái gì — sử dụng, âm thanh, cơ khí, hay giá trị sưu tầm?

Chỉ cần tách được bốn thứ ấy ra, chúng ta sẽ nhìn 36/10 công bằng hơn: không thần thánh hóa nó, nhưng cũng không phủ nhận lý do vì sao rất nhiều người vẫn muốn sở hữu nó.",0,"08/06/2026 18:23",https://www.facebook.com/donghonhakho.vn/posts/pfbid02JAKLeBxE98grpo5S4hKUyRj1ukJ5LbnEzycHPZZoqHg3LWxjPBtTYVW9whJqte5zl,Ảnh,,"Trọn đời",6,--,0.03,0.03,0,1858,11,0,6,0,1,1782,2646,,
1646455440374801,100050310827163,"Đồng hồ Nhà kho","Một thiết kế rất đẹp đến từ Vê Đét, có thể treo tường hoặc để bàn đều hài hòa. Đồng hồ sử dụng dòng máy truyền thống của hãng, cấu hình 5 côn 5 búa, cứ 15 phút điểm nhạc một lần với bản Westminster quen thuộc. Kiểu dáng đẹp, cách sử dụng linh hoạt, phù hợp cho anh em yêu đồng hồ cổ Pháp và đồng hồ cơ cổ.

#DongHoCo #DongHoPhap #DongHoQuaLac #Westminster #DongHoSuuTam",0,"08/06/2026 18:41",https://www.facebook.com/donghonhakho.vn/posts/pfbid027rwLhbZ1xSgs9VyAgagiqrhUxaUT8e8xA4NbeaMQ2ws2cxAszTBWDVf8NH3AkfxWl,Ảnh,,"Trọn đời",3,--,0.04,0.04,0,742,5,0,0,1,1,707,1124,,
1646659650354380,100050310827163,"Đồng hồ Nhà kho","Hermle là thương hiệu đồng hồ Đức nổi tiếng với những sản phẩm đồng hồ cơ học chất lượng. Điểm thú vị nằm ở sự kết hợp giữa giá trị cơ khí truyền thống và ngôn ngữ thiết kế mới: vẫn giữ nét cổ điển nhưng kiểu dáng được cách điệu hiện đại, phù hợp với nội thất đương đại. Một lựa chọn đẹp cho phòng khách, phòng làm việc và không gian trưng bày.

#DongHoCo #DongHoDuc #DongHoCoKhi #DongHoSuuTam #NoiThatDep",9,"08/07/2026 00:30",https://www.facebook.com/reel/1052016627375233/,"Thước phim",,"Trọn đời",55,+104.5x,0,0,0,52492,935,210,833,49,30,51089,72841,6.695,345448.774
1646725550347790,100050310827163,"Đồng hồ Nhà kho","Ô-đô 36 vách bệt và chân kiềng khác nhau thế nào?

Đây là Ô-đô 36 máy vách bệt, còn đây là Ô-đô 36 máy chân kiềng. Cùng thuộc dòng máy 36, cùng sử dụng kết cấu ba vách, vậy hai loại này khác nhau ở đâu?

Điểm dễ nhận biết nhất nằm ở hình dáng bộ máy.

Với máy vách bệt, mép dưới của cả ba vách gần như nằm trên một đường thẳng, nhìn bộ máy khá liền và kín.

Còn máy chân kiềng, hai vách bên kéo xuống tạo thành hai chân, trong khi vách giữa được khoét cao lên, để lộ phần hộp cót phía dưới. Chỉ cần nhìn vào đặc điểm này, anh em đã có thể phân biệt khá nhanh hai loại máy.

Về đời máy, vách bệt ra đời trước, chân kiềng xuất hiện sau. Tuy khác giai đoạn sản xuất nhưng cơ cấu chuyển động của hai loại về cơ bản tương đương nhau.

Một khác biệt khá thú vị nằm ở chất âm đồng hồ cổ. Máy vách bệt thường cho màu âm trầm và ấm hơn, trong khi máy chân kiềng có xu hướng đánh tông cao và sáng hơn. Tất nhiên, âm thanh thực tế của từng chiếc còn chịu ảnh hưởng bởi bộ côn, búa, thùng và tình trạng căn chỉnh.

Về giá trị sưu tầm, vách bệt hiện được người chơi ưa chuộng hơn nên giá thành thường cao hơn. Máy chân kiềng ít được săn tìm bằng, vì vậy mức giá dễ tiếp cận hơn.

Nhưng giá thấp hơn không có nghĩa máy chân kiềng kém hơn tương ứng về công năng. Đây vẫn là dòng Ô-đô 36 với cơ cấu vận hành tương đương. Phần chênh lệch giá còn đến từ đời máy, thị hiếu và giá trị sưu tầm.

Vì vậy, nếu muốn một chiếc đồng hồ cổ Pháp nguyên bản thuộc dòng 36 nhưng mức đầu tư hợp lý hơn, máy chân kiềng là lựa chọn rất đáng cân nhắc. Còn với người đặt nặng tính sưu tầm và yêu màu âm trầm đặc trưng, vách bệt thường là phiên bản được ưu tiên hơn.",161,"08/07/2026 02:24",https://www.facebook.com/reel/1798400024649538/,"Thước phim",,"Trọn đời",6,+46.4x,0.1,0.1,0,2691,48,3,37,2,4,2642,3177,30.245,86200.357
1646929823660696,100050310827163,"Đồng hồ Nhà kho","Một số mẫu đồng hồ vai bò đẹp đang sẵn có, mời các anh, các bác cùng tham khảo. Mỗi chiếc mang một kiểu dáng, vân gỗ, mặt số và chất âm riêng. Từ những mẫu đơn giản, dễ chơi đến những chiếc có giá trị sưu tầm cao, anh em có thể lựa chọn theo sở thích, không gian trưng bày và mức đầu tư phù hợp.

#donghoco #donghovaibo #donghocoduc #donghoqulac #donghosuutam",0,"08/07/2026 07:28",https://www.facebook.com/donghonhakho.vn/posts/pfbid037QcjyXmAnePmYudSV4W3MvRWqqJD937vmxhxxJ9GyARmKR3p3V7xU3sKdgwRGqpgl,Ảnh,,"Trọn đời",2,--,0.1,0.1,0,1854,16,0,11,0,3,1806,2497,,
1647516763602002,100050310827163,"Đồng hồ Nhà kho","Đồng hồ cổ vai bò Đức nổi bật với họa tiết lúa mạch – hoa hồng tinh xảo, tổng thể nguyên bản và hình thức rất đẹp. Máy 5 côn 5 búa, vận hành ổn định, chất âm ngân vang dễ nghe. Điểm cuốn hút nằm ở bộ hoa văn được xử lý hài hòa, tạo vẻ sang trọng và cổ kính, rất phù hợp cho anh em yêu đồng hồ cổ Đức và đồ sưu tầm châu Âu.

#donghoco #donghovaibo #donghocoduc #donghoqulac #donghosuutam",42,"08/08/2026 00:57",https://www.facebook.com/reel/1033826846297850/,"Thước phim",,"Trọn đời",0,+1.1x,0.03,0.03,0,2148,21,1,21,1,0,2005,2399,10.49,22502.623
1647517970268548,100050310827163,"Đồng hồ Nhà kho","Đồng hồ công cộng – Những cỗ máy báo giờ cho cả một vùng

Đồng hồ công cộng là những cỗ máy cơ khí cỡ lớn, từng được sử dụng để báo giờ và điểm chuông tại nhà thờ, trường học, nhà ga hay các công trình công cộng. Khi các phương tiện xem giờ cá nhân chưa phổ biến, tiếng chuông đồng hồ đóng vai trò báo thời gian cho cả một khu vực. Ngày nay, nhiều bộ máy cơ khí đã được thay thế bằng hệ thống điện, còn những cỗ máy xưa trở thành hiện vật có giá trị đối với người yêu cơ khí, đồng hồ cổ và đồ cổ châu Âu.

#DongHoCongCong #DongHoCo #DongHoCoKhi #DongHoSuuTam #DoCoChauAu",182,"08/08/2026 00:59",https://www.facebook.com/reel/1564939891971044/,"Thước phim",,"Trọn đời",1,+8.4x,0.01,0.01,0,1320,16,1,12,1,3,1243,1471,9.433,12782.258
1647528943600784,100050310827163,"Đồng hồ Nhà kho","Kenzi Đức 8 côn 8 búa – Westminster nguyên bản

Một mẫu đồng hồ cổ Đức Kenzi mang số 1076, cấu hình 8 côn 8 búa, chơi bản nhạc Westminster quen thuộc. Đồng hồ giữ tình trạng nguyên bản, máy vận hành ổn định, chất âm hay và ngân vang. Một lựa chọn đẹp, dễ chơi và phù hợp cho anh em yêu đồng hồ cơ cổ Đức, đặc biệt là những bác thích thưởng thức âm thanh đồng hồ cổ theo phong cách truyền thống.

#DongHoCo #DongHoCoDuc #DongHoWestminster #DongHoQuaLac #DongHoSuuTam",72,"08/08/2026 01:17",https://www.facebook.com/reel/930962333358542/,"Thước phim",,"Trọn đời",3,+15.4x,0.02,0.02,0,2329,25,1,19,0,4,2232,2567,7.704,18267.541
1648247153528963,100050310827163,"Đồng hồ Nhà kho","「01」Đồng hồ công cộng – Khi một chiếc đồng hồ phục vụ cả cộng đồng

Ngày trước, khi đồng hồ cá nhân chưa phổ biến, đồng hồ công cộng là một trong những phương tiện báo giờ quan trọng cho số đông. Những cỗ máy cơ khí lớn thường xuất hiện tại nhà thờ, quảng trường hay các công trình công cộng, dùng tiếng chuông để báo thời gian cho cả một khu vực. Ngày nay, chúng trở thành những tác phẩm cơ khí cổ mang giá trị lịch sử và sưu tầm.

#DongHoCongCong #DongHoCo #DongHoCoKhi #DongHoChauAuCo #DoCoChauAu",4,"08/08/2026 22:08",https://www.facebook.com/reel/2558331327938812/,"Thước phim",,"Trọn đời",0,+1.9x,0,0,0,1252,12,1,13,1,3,1330,2354,3.89,5621.366
1648297153523963,100050310827163,"Đồng hồ Nhà kho","「02」Vì sao đồng hồ công cộng phải có bộ máy khổng lồ?

Để vận hành những quả chuông lớn, đồng hồ công cộng cần một bộ máy đủ khỏe. Vì vậy, bánh răng, trục và hệ thống truyền động đều có kích thước lớn, kết cấu chắc chắn và khả năng chịu lực cao. Nhìn vào những cỗ máy này có thể thấy rõ tư duy cơ khí của người xưa: mọi chi tiết đều được chế tạo để thực hiện một nhiệm vụ nặng nề và hoạt động bền bỉ trong thời gian dài.

#DongHoCongCong #DongHoCoKhi #BoMayDongHo #CoKhiCo #DongHoSuuTam",9,"08/08/2026 23:41",https://www.facebook.com/reel/815516568251762/,"Thước phim",,"Trọn đời",13,+37.5x,0,0,0,20470,519,59,441,48,26,19145,28859,6.339,126537.508
1648312610189084,100050310827163,"Đồng hồ Nhà kho","「03」Những quả chuông lớn của đồng hồ công cộng

Một trong những đặc điểm ấn tượng nhất của đồng hồ công cộng là những quả chuông lớn, nhiều loại có kích thước tương tự chuông nhà thờ. Tiếng chuông cần đủ mạnh và vang xa để nhiều người cùng nghe được. Vì vậy, phía sau tiếng chuông ấy là cả một hệ thống cơ khí lớn với bộ máy khỏe và cơ cấu truyền lực được thiết kế đặc biệt.

#DongHoCongCong #AmThanhDongHoCo #ChuongDongHo #DongHoCo #DoCoChauAu",18,"08/09/2026 00:08",https://www.facebook.com/reel/930182063458845/,"Thước phim",,"Trọn đời",3,+6.3x,0.01,0.01,0,2183,18,1,13,0,3,2082,2640,5.425,11931.633
1648416953511983,100050310827163,"Đồng hồ Nhà kho","「04」Bánh răng đồng hồ công cộng – Nhìn thôi đã thấy sức mạnh

Nếu đồng hồ gia đình hấp dẫn bởi sự tinh xảo thì đồng hồ công cộng lại gây ấn tượng bởi vẻ đẹp khỏe khoắn của cơ khí. Những bánh răng lớn, trục khỏe và kết cấu chắc chắn đảm nhiệm việc truyền lực cho cả hệ thống. Ngày nay, chính những chi tiết cơ khí lộ thiên này khiến bộ máy trở thành một tác phẩm trưng bày rất cuốn hút với người yêu đồng hồ cổ.

#DongHoCongCong #BanhRangDongHo #DongHoCoKhi #DongHoCo #DongHoSuuTam",9,"08/09/2026 03:10",https://www.facebook.com/reel/984743191251874/,"Thước phim",,"Trọn đời",2,+6x,0,0,0,5085,58,2,51,2,4,4901,7081,6.258,31632.043
1648451843508494,100050310827163,"Đồng hồ Nhà kho","「05」Quả lắc lớn có tác dụng gì trên đồng hồ công cộng?

Nhiều đồng hồ công cộng sử dụng hệ quả lắc có kích thước và khối lượng lớn. Khi được thiết kế và căn chỉnh chính xác, hệ dao động với quán tính lớn giúp duy trì nhịp hoạt động ổn định cho bộ máy. Đây cũng là điểm rất thú vị khi quan sát đồng hồ cơ cổ cỡ lớn: từng bánh răng, quả lắc và cơ cấu truyền động đều phối hợp thành một hệ thống hoàn chỉnh.

#DongHoCongCong #DongHoQuaLac #DongHoCoKhi #CoCauDongHo #DongHoCo",10,"08/09/2026 04:07",https://www.facebook.com/reel/1210698524575582/,"Thước phim",,"Trọn đời",0,+2.1x,0,0,0,3587,16,0,13,0,3,4558,8239,7.066,40704.041
1648460660174279,100050310827163,"Đồng hồ Nhà kho","「06」Thời chưa có đồng hồ cá nhân, người dân xem giờ bằng gì?

Ở châu Âu xưa, khi đồng hồ cá nhân và đồng hồ gia đình chưa phổ biến như ngày nay, đồng hồ công cộng giữ vai trò rất quan trọng. Mặt số lớn giúp quan sát từ xa, còn tiếng chuông giúp mọi người nhận biết thời gian mà không cần trực tiếp nhìn đồng hồ. Những cỗ máy này vì thế từng gắn liền với nhịp sinh hoạt của cả cộng đồng.

#DongHoCongCong #LichSuDongHo #DongHoChauAuCo #DongHoCo #KienThucDongHo",18,"08/09/2026 04:21",https://www.facebook.com/reel/1065663589550113/,"Thước phim",,"Trọn đời",0,+2.5x,0.03,0.03,0,4697,30,0,28,0,3,4697,6112,8.824,40805.197
1648581006828911,100050310827163,"Đồng hồ Nhà kho","「07」Vì sao đồng hồ công cộng cơ khí dần ít được sử dụng?

Sự phát triển của điện, điện tử và các phương tiện xem giờ cá nhân khiến việc báo giờ trở nên đơn giản hơn rất nhiều. Những cỗ máy cơ khí lớn, cần không gian lắp đặt và bảo dưỡng thường xuyên vì thế dần ít được sử dụng. Nhưng cũng chính từ đây, chúng có một giá trị mới: trở thành những hiện vật lịch sử và tác phẩm cơ khí dành cho người yêu đồ cổ châu Âu.

#DongHoCongCong #DongHoCo #DongHoCoKhi #DongHoSuuTam #DoCoChauAu",13,"08/09/2026 07:15",https://www.facebook.com/reel/1763908458126368/,"Thước phim",,"Trọn đời",0,+2.3x,0.01,0.01,0,2555,32,0,29,0,3,2419,3308,6.291,16031.69
1648927733460905,100050310827163,"Đồng hồ Nhà kho","「08」Đưa một cỗ máy đồng hồ công cộng về Việt Nam khó thế nào?

Khối lượng lớn, nhiều bánh răng và những chi tiết cơ khí nặng khiến việc vận chuyển đồng hồ công cộng cổ không hề đơn giản. Từ tháo dỡ, đóng gói, vận chuyển cho tới lắp ráp lại đều cần sự cẩn thận và kinh nghiệm. Để một cỗ máy cổ từ châu Âu có thể về tới Việt Nam nguyên vẹn là cả một hành trình, đặc biệt với những bộ máy kích thước lớn.

#DongHoCongCong #DongHoCo #DongHoChauAuCo #DongHoSuuTam #DoCoChauAu",11,"08/09/2026 17:24",https://www.facebook.com/reel/912587565232876/,"Thước phim",,"Trọn đời",0,+1.7x,0.01,0.01,0,2480,21,2,18,1,2,2431,3464,6.231,15579.803
1648962860124059,100050310827163,"Đồng hồ Nhà kho","Tổng hợp đồng hồ vai bò giá rẻ – Nhiều lựa chọn từ hơn 1 triệu đồng

Tổng hợp những mẫu đồng hồ vai bò Đức đang có với nhiều phân khúc, mức giá từ hơn 1 triệu đồng. Từ những mẫu cơ bản dễ chơi đến các phiên bản Junhan côn đồng bạch được nhiều anh em yêu thích. Nhiều chiếc có hình thức đẹp, độ nguyên bản tốt, máy móc ổn định và chất âm đặc trưng, phù hợp cho cả người mới chơi lẫn anh em muốn tìm đồng hồ cổ có giá trị sưu tầm.

#DongHoVaiBo #DongHoCoDuc #DongHoCo #DongHoSuuTam #DongHoGiaRe",0,"08/09/2026 18:34",https://www.facebook.com/donghonhakho.vn/posts/pfbid027gLx1AyykHppsKZnGwKu5bCW7pLJWjaHaSndU8n3VDX1recC5B7oeD798RCD3Vcdl,Ảnh,,"Trọn đời",0,--,0.04,0.04,0,842,5,0,4,0,1,828,1180,,
1648967413456937,100050310827163,"Đồng hồ Nhà kho","Một vài mẫu đồng hồ vai bò đẹp dành cho anh em yêu và sưu tầm đồ xưa

Một vài mẫu đồng hồ vai bò Đức với kiểu dáng đẹp, vân gỗ cổ điển, máy móc tốt và chất âm đặc trưng. Mỗi chiếc mang một nét riêng từ mặt số, bộ kim đến hoa văn thùng gỗ, phù hợp để trưng bày và sưu tầm. Mời các bác yêu đồng hồ cổ, đồng hồ cơ cổ và đồ xưa cùng tham khảo.

#DongHoVaiBo #DongHoCo #DongHoCoDuc #DongHoSuuTam #DoCoChauAu",0,"08/09/2026 18:42",https://www.facebook.com/donghonhakho.vn/posts/pfbid02FBYgUobsJ9NJKho7oopMecHHCfsQugqwpDGoe4C4NPvq7gsLrkYFZYvuTLPbjXkkl,Ảnh,,"Trọn đời",0,--,0.01,0.01,0,299,1,0,0,0,1,278,428,,
1648980693455609,100050310827163,"Đồng hồ Nhà kho","[Mã 930] Đồng hồ để bàn Đức – Chuông chén bính boong nguyên bản

Chiếc đồng hồ để bàn xuất xứ Đức nổi bật với hệ chuông chén bính boong, cho chất âm trong trẻo, nhẹ nhàng và dễ nghe. Đồng hồ giữ được độ nguyên bản tốt, kiểu dáng cổ điển, phù hợp trưng bày trên bàn, tủ hoặc trong không gian sưu tầm. Một mẫu đồng hồ cơ cổ đẹp, vừa có giá trị sử dụng vừa mang giá trị sưu tầm.

#DongHoCo #DongHoDeBan #DongHoCoDuc #DongHoCoKhi #DongHoSuuTam",40,"08/09/2026 19:07",https://www.facebook.com/reel/27563025013388820/,"Thước phim",,"Trọn đời",2,+4.7x,0,0,0,777,9,0,3,1,3,696,877,5.46,4281.039
1648988800121465,100050310827163,"Đồng hồ Nhà kho","[Mã 1125] Đồng hồ cổ Pháp 8 côn đồng – Mặt số nổi, thùng chùm nho lúa mạch

Chiếc đồng hồ cổ Pháp giữ được nét nguyên bản, nổi bật với mặt số nổi cùng những họa tiết chùm nho và bông lúa mạch đặc trưng trên thùng. Đồng hồ sử dụng cấu hình 8 côn 8 búa, bộ côn đồng cho chất âm trầm ấm, ngân nga và dễ nghe. Tổng thể hài hòa từ kiểu dáng đến hoa văn, phù hợp cho anh em yêu đồng hồ cổ Pháp và giá trị sưu tầm.

#DongHoCo #DongHoCoPhap #DongHoQuaLac #DongHoConDong #DongHoSuuTam",147,"08/09/2026 19:23",https://www.facebook.com/reel/2148740745997244/,"Thước phim",,"Trọn đời",2,+8.2x,0,0,0,781,11,0,6,0,3,713,836,9.714,7451.091
1648989596788052,100050310827163,"Đồng hồ Nhà kho","Nhiều mẫu giá rẻ",56,"08/09/2026 19:25",https://www.facebook.com/reel/2281387619295258/,"Thước phim",,"Trọn đời",0,+1.8x,0,0,0,800,6,0,3,0,3,738,865,2.683,2106.594
1648991710121174,100050310827163,"Đồng hồ Nhà kho","[Mã 728] Đồng hồ để bàn Đức 3 côn 3 búa – Nhỏ gọn, dễ trưng bày

Chiếc đồng hồ để bàn Đức có kích thước nhỏ gọn chỉ khoảng 20 cm, hình thức đẹp, cân đối và ưa nhìn. Máy cơ sử dụng 3 côn 3 búa, điểm chuông bính boong với chất âm nhẹ nhàng, dễ nghe. Kích thước vừa phải giúp chiếc đồng hồ dễ dàng trưng bày trên bàn làm việc, kệ tủ hoặc trong những không gian sưu tầm đồ cổ châu Âu.

#DongHoDeBan #DongHoCoDuc #DongHoCo #DongHoCoKhi #DongHoSuuTam",54,"08/09/2026 19:28",https://www.facebook.com/reel/950610168045344/,"Thước phim",,"Trọn đời",1,+3.3x,0,0,0,899,8,0,5,0,3,854,1005,4.895,4440.146
1648994130120932,100050310827163,"Đồng hồ Nhà kho","Một vài mẫu đồng hồ vai bò đẹp dành cho anh em yêu và sưu tầm đồ xưa

Một vài mẫu đồng hồ vai bò Đức với kiểu dáng đẹp, vân gỗ cổ điển, máy móc tốt và chất âm đặc trưng. Mỗi chiếc mang một nét riêng từ mặt số, bộ kim đến hoa văn thùng gỗ, phù hợp để trưng bày và sưu tầm. Mời các bác yêu đồng hồ cổ, đồng hồ cơ cổ và đồ xưa cùng tham khảo.

#DongHoVaiBo #DongHoCo #DongHoCoDuc #DongHoSuuTam #DoCoChauAu",56,"08/09/2026 19:32",https://www.facebook.com/reel/3371234129721708/,"Thước phim",,"Trọn đời",2,+4.7x,0,0,0,965,9,0,5,0,3,903,1088,3.866,3777.274
1649164783437200,100050310827163,"Đồng hồ Nhà kho","Đồng hồ vai bò Đức 3 côn điểm bính boong nhẹ nhàng, dễ trưng bày- Mã số #781
💵:2tr7
✨ Một mẫu đồng hồ cổ Đức có kiểu dáng vai bò thấp, trải ngang cân đối, kích thước chỉ 50 × 23 cm, rất dễ bố trí trên kệ, tủ hoặc bàn trang trí. Thùng gỗ nổi vân tự nhiên, mặt số La Mã tông vàng kết hợp kim thanh mảnh tạo vẻ cổ điển, trang nhã.

⚙️ Máy cơ lên cót, kết cấu chắc chắn; hệ 3 côn kết hợp búa gõ tạo tiếng bính boong đặc trưng.

🔔 Chất âm đồng hồ cổ gọn, trong và vừa phải. Đây là lựa chọn đẹp cho anh em thích đồng hồ cơ cổ có âm thanh nhưng muốn một chiếc nhỏ gọn, dễ chơi và dễ trưng bày.

📐 Kích thước: 50 × 23 cm
📍 Địa chỉ: Văn Phú – Hà Đông – Hà Nội
☎️ 0963.456.963 

#đồnghồcổ, #đồnghồcổĐức, #đồnghồcơcổ, #đồnghồvaibò, #sưutầmđồnghồcổ",0,"08/10/2026 00:51",https://www.facebook.com/donghonhakho.vn/posts/pfbid02hHdpFMcCNknLmGJiVuXW1qCzDmcLG7yXQ71gVB4tNiMb6XRdmSweVsYqcBrV75edl,Ảnh,,"Trọn đời",1,--,0.02,0.02,0,242,2,0,0,0,1,225,358,,
1649210370099308,100050310827163,"Đồng hồ Nhà kho","Nhiều mẫu đồng hồ cổ đẹp đang có tại Đồng Hồ Nhà Kho

Từ đồng hồ treo tường, đồng hồ vai bò, đồng hồ cổ Pháp, đồng hồ cổ Đức đến những mẫu đồng hồ để bàn, đồng hồ 5 côn với nhiều kiểu dáng và chất âm khác nhau. Nhiều sản phẩm giữ độ nguyên bản tốt, hình thức đẹp, phù hợp từ nhu cầu trang trí đến sưu tầm đồng hồ cổ. Mời các bác cùng tham khảo và lựa chọn mẫu mình thực sự yêu thích.

#DongHoCo #DongHoVaiBo #DongHoCoPhap #DongHoCoDuc #DongHoSuuTam",503,"08/10/2026 02:06",https://www.facebook.com/reel/1047683118118706/,"Thước phim",,"Trọn đời",2,+7.8x,0.01,0.01,0,1500,17,1,14,0,3,1402,1654,8.484,12955.257
1649334410086904,100050310827163,"Đồng hồ Nhà kho","Đồng hồ để bàn Junhan Đức 4 côn 4 búa – Kiểu dáng cổ điển

Chiếc đồng hồ để bàn Đức Junhan sử dụng máy cơ 4 côn 4 búa, kiểu dáng cân đối, mang nét cổ điển đặc trưng của đồng hồ châu Âu cổ. Kích thước 40 × 27 cm, vừa đẹp để trưng bày trên bàn, kệ tủ hoặc trong không gian sưu tầm. Một mẫu đồng hồ cơ cổ phù hợp cho anh em yêu máy móc và đồ xưa.

#DongHoDeBan #DongHoCoDuc #DongHoCo #DongHoCoKhi #DongHoSuuTam",0,"08/10/2026 05:12",https://www.facebook.com/donghonhakho.vn/posts/pfbid0Ze2SCaQvcLMPNNSBn2wLnW3iVyMopHWzELa9hWUGWcgqQLdrDddK1G4GBGtHkeU8l,Ảnh,,"Trọn đời",2,--,0.03,0.03,0,630,7,-1,4,0,1,605,943,,
1650628409957504,100050310827163,"Đồng hồ Nhà kho","Ô Đô 36/10 hai bài nhạc – Dòng cao cấp, giá trị sưu tầm cao

Ô Đô 36/10 là một trong những dòng đồng hồ cổ Pháp được nhiều người chơi yêu thích, nổi bật với cấu hình 10 côn 10 búa, hai bài nhạc. Chiếc đang có tại Đồng Hồ Nhà Kho sở hữu hình thức đẹp, độ nguyên bản cao, chất âm đặc trưng và giá trị sưu tầm đáng chú ý. Một lựa chọn dành cho anh em muốn tìm những mẫu đẹp và có chiều sâu để chơi lâu dài.

#DongHoCo #DongHoCoPhap #DongHo3610 #DongHoNguyenBan #GiaTriSuuTam",37,"08/11/2026 16:52",https://www.facebook.com/reel/1584964336698460/,"Thước phim",,"Trọn đời",3,+9.5x,0.01,0.01,0,4991,78,3,66,4,7,4686,5691,11.152,54668.162
1650735813280097,100050310827163,"Đồng hồ Nhà kho","Ô Đô 24 đời 1962 – 10 côn, hai bài nhạc, mặt tròn mạ vàng hồng

Chiếc đồng hồ cổ Pháp Ô Đô 24 phiên bản 1962 sở hữu cấu hình 10 côn, hai bài nhạc Westminster và Ave Maria Lourdes. Điểm nổi bật là mặt tròn đường kính 20 cm, hoàn thiện tông mạ vàng hồng sang trọng, tạo nên tổng thể vừa cổ điển vừa nổi bật. Một phiên bản đẹp, giàu chất âm và đáng chú ý với anh em sưu tầm đồng hồ cổ.

#DongHoCo #DongHoCoPhap #DongHoOdo24 #Westminster #DongHoSuuTam",0,"08/11/2026 20:10",https://www.facebook.com/donghonhakho.vn/posts/pfbid036EoEguiE7HtZZcbQHUXS5KivHuuRao1VgYZNBdAN6mHBxWYddh8GaNHu3hQSvbjdl,Ảnh,,"Trọn đời",0,--,0.04,0.04,0,515,1,0,0,0,1,504,733,,
1650742296612782,100050310827163,"Đồng hồ Nhà kho","Ở một góc độ nào đó, những chiếc đồng hồ cổ mặt tròn vẫn luôn giữ được nét đẹp rất riêng: cổ kính, truyền thống nhưng không kém phần sang trọng. Kiểu dáng cân đối, dễ nhìn và phù hợp với nhiều không gian trưng bày, từ cổ điển đến tân cổ điển. Chiếc Ô Đô 1962 nguyên bản là một ví dụ đẹp, vừa có giá trị thẩm mỹ vừa đáng chú ý với người sưu tầm đồng hồ cổ.

#DongHoCo #DongHoCoPhap #DongHoMatTron #DongHoNguyenBan #GiaTriSuuTam",0,"08/11/2026 20:22",https://www.facebook.com/donghonhakho.vn/posts/pfbid02Zw4WSyFc11UYmTPopbJvTBsPXoriReeAAzPDCtJ8hrtwU1Cima32WUwcQLZEoWphl,Ảnh,,"Trọn đời",0,--,0.03,0.03,0,440,2,0,1,0,1,428,625,,
1650751709945174,100050310827163,"Đồng hồ Nhà kho","Ô Đô 36 máy vách chân kiềng – Lựa chọn dễ tiếp cận để sưu tầm

Những chiếc Ô Đô 36 máy vách chân kiềng thường có mức giao lưu hợp lý hơn, nhờ vậy anh em dễ dàng tiếp cận và bắt đầu sưu tầm. Vẫn mang những đặc trưng quen thuộc của dòng Ô Đô 36 về cơ khí, kiểu dáng và chất âm, đây là lựa chọn đáng tham khảo cho người yêu đồng hồ cổ Pháp nhưng muốn mức đầu tư vừa phải.

#DongHoCo #DongHoCoPhap #DongHoOdo36 #DongHoCoKhi #SuuTamDongHoCo",90,"08/11/2026 20:38",https://www.facebook.com/reel/1597935012070797/,"Thước phim",,"Trọn đời",2,+14.6x,0,0,0,1597,15,3,9,1,4,1454,1804,10.434,16674.772
1650799466607065,100050310827163,"Đồng hồ Nhà kho","Đồng hồ vai bò Đức – Ngoại hình rất mới, hoa văn tinh xảo
 ☎ 𝟶𝟿𝟼𝟥•𝟜𝟝𝟞•𝟿𝟞𝟥 
Một chiếc đồng hồ vai bò Đức trong tình trạng rất mới, tổng thể đẹp và cân đối. Điểm nổi bật nằm ở những họa tiết, hoa văn được tạo hình tinh xảo, vừa đủ cầu kỳ nhưng vẫn giữ được nét trang nhã, cổ điển. Một mẫu đồng hồ đẹp để trưng bày và đáng tham khảo với anh em yêu đồng hồ cổ Đức và sưu tầm đồ xưa.

#DongHoVaiBo #DongHoCoDuc #DongHoCo #DongHoSuuTam #DoCoChauAu",0,"08/11/2026 21:57",https://www.facebook.com/donghonhakho.vn/posts/pfbid0nMXCHC8ytUUMufBqFAtPusZrU1ACxE91b1fTxiBUzgBMbUsnNVbgGQWGHPxKujZql,Ảnh,,"Trọn đời",0,--,0.04,0.04,0,510,4,1,3,0,1,504,737,,
1650802413273437,100050310827163,"Đồng hồ Nhà kho","Đồng hồ vai bò Junhan 4 côn – Dáng chữ nhật nhỏ gọn, cổ điển- Mã số #1143
💵:5tr
✨ Một mẫu đồng hồ cổ Đức mang thiết kế chữ nhật khá lạ mắt, kích thước nhỏ gọn nhưng tổng thể rất cân đối. Thùng gỗ lên vân đẹp, hai bên điểm họa tiết chạm nổi, mặt số Ả Rập phong cách Art Deco tạo nét cổ kính đặc trưng.

⚙️ Bộ đồng hồ cơ cổ sử dụng máy cơ khí chắc chắn, hệ 4 côn kết hợp 4 búa gõ. Bộ máy còn sạch đẹp, bố trí cơ cấu rõ ràng và mang đậm kỹ thuật chế tác đồng hồ Đức xưa.

🔔 Hệ côn tạo âm thanh đồng hồ cổ trong, gọn và dễ nghe; tiếng chuông vừa đủ vang, rất phù hợp trưng bày trong phòng khách, phòng làm việc hoặc không gian sưu tầm.

📐 Kích thước: 41 × 27 cm

📍 Đồng hồ Nhà Kho – Văn Phú, Hà Đông, Hà Nội
☎️ 𝟶𝟿𝟼𝟥 • 𝟜𝟝𝟞 • 𝟿𝟞𝟥

#ĐồngHồCổ #ĐồngHồCổĐức #ĐồngHồCơCổ #ĐồngHồVaiBò #SưuTầmĐồngHồCổ",0,"08/11/2026 22:02",https://www.facebook.com/donghonhakho.vn/posts/pfbid02Atz3nJBiVPmbfFixLN5LHUghHVyWWqqCD15G9JThfJFrGNNqCBDrjHKawtQEgcXml,Ảnh,,"Trọn đời",3,--,0.05,0.05,0,574,7,0,3,0,1,543,903,,
1650827243270954,100050310827163,"Đồng hồ Nhà kho","Đồng hồ để bàn xách tay Đức – Dáng lồng đèn độc đáo

Những chiếc đồng hồ để bàn xách tay xuất xứ Đức nổi bật với thiết kế dáng lồng đèn nhỏ gọn, đẹp và khác biệt. Nhiều kiểu dáng, cấu hình máy và chất âm để lựa chọn, đồng thời rất dễ bài phối trong nhiều không gian nội thất. Một dòng đồng hồ cơ cổ vừa đẹp để trang trí, vừa phù hợp cho anh em yêu và sưu tầm đồ cổ châu Âu.

#DongHoDeBan #DongHoCoDuc #DongHoCo #DongHoCoKhi #DongHoSuuTam",0,"08/11/2026 22:45",https://www.facebook.com/donghonhakho.vn/posts/pfbid0DEQXN4bWwQes5ovCQpdFkkYieJvLsc2ZCmcsySdR94NcHzvn13Y1zoYeW8W95NVNl,Ảnh,,"Trọn đời",0,--,0.05,0.05,0,767,6,0,5,0,1,741,1066,,
1650884073265271,100050310827163,"Đồng hồ Nhà kho","Đồng hồ Gi rô 8 côn chơi 2 bản nhạc- Thùng có nhiệt kế & Áp kế độc đáo- Mã số #970
💵:6tr
✨ Một mẫu đồng hồ cổ Pháp khá đặc biệt với thùng gỗ lớn, vân gỗ sáng đẹp, bốn góc chạm họa tiết mềm mại. Điểm thú vị nằm ở nhiệt kế và áp kế bố trí cân xứng ngay trên mặt thùng, tạo dáng vẻ vừa cổ điển vừa mang nét kỹ thuật rất riêng.

✨ Bộ máy cơ  chắc chắn, hệ 8 côn đồng kết hợp dàn búa chơi 2 bản nhạc, cho chất âm ngọt, ngân nga và có chiều sâu – một nét hấp dẫn của âm thanh đồng hồ cổ Pháp.

📐 Kích thước: 63 × 43 cm

📍 Đồng hồ Nhà Kho – Văn Phú, Hà Đông, Hà Nội
☎️ 𝟶𝟿𝟼𝟥 • 𝟜𝟝𝟞 • 𝟿𝟞𝟥

#ĐồngHồCổ #ĐồngHồCổPháp #ĐồngHồQuảLắc #ÂmThanhĐồngHồCổ #SưuTầmĐồngHồCổ",0,"08/12/2026 00:32",https://www.facebook.com/donghonhakho.vn/posts/pfbid02wBPU1sgViy1Mbam1iv8qDHjyEmpNPDx3x2T16pLiM69PWuoSSpGWBGF7ErCVsoSjl,Ảnh,,"Trọn đời",1,--,0.07,0.07,0,852,4,0,2,0,1,840,1319,,
1650910829929262,100050310827163,"Đồng hồ Nhà kho","Có những chiếc đồng hồ đẹp bởi cảm xúc của người chơi

Trong thế giới sưu tầm đồng hồ cổ, có những chiếc được yêu thích không hẳn vì đắt tiền hay sở hữu giá trị vượt trội, mà đơn giản bởi cảm xúc mà nó mang lại.

Những chiếc Ô Đô mặt số tròn là một ví dụ. Đặc biệt với dòng Ô Đô 36 thùng sóng tiện, mặt số tròn kết hợp cùng những đường nét uốn lượn của thùng tạo nên tổng thể cân đối, mềm mại và hài hòa.

Bởi với đồ sưu tầm, đôi khi vẻ đẹp không hoàn toàn nằm ở bản thân món đồ, mà còn nằm trong cảm xúc của người đang nhìn nó.

#DongHoCo #DongHoCoPhap #DongHoMatTron #SuuTamDongHoCo #GiaTriSuuTam",0,"08/12/2026 01:13",https://www.facebook.com/donghonhakho.vn/posts/pfbid02k8KmWykLMY4rcggihF92GDwqPnjD2qwCApCGC9YRRkNVcVB6wkCSFPemdzHcHikZl,Ảnh,,"Trọn đời",2,--,0.09,0.09,0,1311,16,0,12,1,1,1249,1857,,
1651594896527522,100050310827163,"Đồng hồ Nhà kho","Đồng hồ Đức máy pin – Nhỏ gọn, có chuông Westminster

Một mẫu đồng hồ Đức chính hãng sử dụng máy pin, kích thước nhỏ gọn và rất dễ bài trí. Điểm thú vị là đồng hồ vẫn có chức năng điểm chuông với bản nhạc Westminster quen thuộc, âm thanh dễ nghe. Kiểu dáng gọn gàng, vận hành đơn giản, phù hợp để bàn, trang trí nội thất hoặc dành cho anh em yêu những sản phẩm đồng hồ châu Âu.

#DongHoDuc #DongHoDeBan #Westminster #DongHoTrangTri #DoChauAu",0,"08/12/2026 19:51",https://www.facebook.com/donghonhakho.vn/posts/pfbid02r83qoWTr89XwLR6qDMdUzDZK14PwAraShuFkE3hVPLnpdJh3JJTJqPkeKuwcpmhYl,Ảnh,,"Trọn đời",3,--,0.06,0.06,0,908,9,0,6,0,1,861,1308,,
1651605689859776,100050310827163,"Đồng hồ Nhà kho","Đồng hồ vai bò Đức 5 côn – Dáng gọn, âm bính boong trong trẻo- Mã số #740
💵:2tr8
✨ Một mẫu đồng hồ cổ Đức dáng vai bò cân đối, kích thước vừa vặn, nổi bật với lớp vân gỗ chạy đẹp và nước gỗ ấm. Mặt số La Mã sáng, bộ kim thanh thoát mang đậm nét cổ điển của đồng hồ châu Âu cổ.

⚙️ Bộ máy cơ cổ chắc chắn, củ côn cao tạo độ ngân tốt. Đồng hồ điểm chuông bính-boong, cứ 30 phút điểm một lần; chất âm trong trẻo, ngân vừa phải, nghe sang mà không quá nặng tiếng.

🏡 Dáng nhỏ gọn nên rất hợp bày phòng khách, phòng ngủ hoặc căn hộ chung cư, vừa xem giờ vừa tạo điểm nhấn đồ cổ châu Âu đầy thú vị.

📐 Kích thước: 52 × 22 cm

📍 Đồng hồ Nhà Kho – Văn Phú, Hà Đông, Hà Nội
☎️ 𝟶𝟿𝟼𝟥 • 𝟜𝟝𝟞 • 𝟿𝟼𝟥

#ĐồngHồCổ #ĐồngHồCổĐức #ĐồngHồVaiBò #ĐồngHồCơCổ #SưuTầmĐồngHồCổ",0,"08/12/2026 20:11",https://www.facebook.com/donghonhakho.vn/posts/pfbid0NbWS3vtjikBtBJqXgvHk93CL6kNTDMjJpqxQBQjgAwvLrzoqZHMDbkUJ7pYKJ69Ml,Ảnh,,"Trọn đời",1,--,0.03,0.03,0,484,4,0,2,0,1,465,791,,
1651660076521004,100050310827163,"Đồng hồ Nhà kho","Máy 10 nguyên bản nhưng thùng chỉ ở mức khá – Các bác có chấp nhận?

Không chắc có phải quan điểm về cái đẹp của mỗi thời mỗi khác, nhưng thực tế có nhiều chiếc máy 10 nguyên bản lại không được trang bị những bộ thùng mà ngày nay anh em sưu tầm gọi là “thùng đẹp”.

Chiếc này theo em vẫn thuộc nhóm thùng khá đẹp nếu xét trong dòng máy 10. Nhưng câu hỏi là: với số tiền lên tới hàng trăm triệu đồng, các bác có chấp nhận một chiếc đồng hồ nguyên bản, giá trị sưu tầm cao nhưng ngoại hình chỉ ở mức trung bình khá?

Hay đã bỏ số tiền ấy thì máy phải đáng chơi, thùng cũng phải thực sự đẹp?

#DongHoCo #DongHoNguyenBan #SuuTamDongHoCo #GiaTriSuuTam #DongHoCoPhap",0,"08/12/2026 21:53",https://www.facebook.com/donghonhakho.vn/posts/pfbid02mvBbzx975JjJyRgL7pUUJUn1UKJvUF5Ur1gn2XCYRtLvwH6PWnnNeid6VJCTgeehl,Ảnh,,"Trọn đời",0,--,0.09,0.09,0,1012,3,0,2,0,1,992,1459,,
1651670006520011,100050310827163,"Đồng hồ Nhà kho","Vê Đét Pháp – Mặt số nổi đẹp, chất âm hay

Một chiếc đồng hồ cổ Pháp Vê Đét nổi bật với thiết kế mặt số nổi đẹp và dễ nhìn. Bộ máy cơ vận hành ổn định, chất âm trong trẻo, ngân nga và dễ thưởng thức. Tổng thể mang đậm nét cổ điển của đồng hồ châu Âu cổ, phù hợp để trưng bày và dành cho anh em yêu đồng hồ cổ Pháp có giá trị sưu tầm.

#DongHoCo #DongHoCoPhap #MatSoNoi #AmThanhDongHoCo #DongHoSuuTam",53,"08/12/2026 22:10",https://www.facebook.com/reel/1564242001776237/,"Thước phim",,"Trọn đời",0,+2.9x,0,0,0,2750,27,4,21,2,4,2623,3112,7.337,20559.614
1652364846450527,100050310827163,"Đồng hồ Nhà kho","Vài cái bò đẹp công khai mời anh em.
📍 37TT37 – Khu đô thị Văn Phú, Hà Đông, Hà Nội .
☎️ 𝟶𝟿𝟼𝟥•𝟜𝟝𝟞•𝟿𝟞𝟥
Em cảm ơn anh ạ!",0,"08/13/2026 17:13",https://www.facebook.com/donghonhakho.vn/posts/pfbid0qjE4GNd7XPuvLRGyHGsG64vnJFp2jGEkrEtieTdDkzkwAkUoYGQWsF1qWgvtr6z9l,Ảnh,,"Trọn đời",0,--,0.01,0.01,0,777,3,0,2,0,1,721,1183,,
1652436646443347,100050310827163,"Đồng hồ Nhà kho","Đồng hồ vai bò 5 côn – Dáng cổ điển, vân gỗ đẹp- Mã số #210
💵:3tr9
✨ Một mẫu đồng hồ cổ Đức sở hữu dáng vai bò ngang 73 cm khá bề thế. Thùng gỗ nổi bật với những đường vân chạy đối xứng, hai bên tạo khối khỏe khoắn; mặt số cọc nổi tông vàng hài hòa với màu gỗ cổ điển.

✨ Bộ máy cơ cổ 3 ổ cót, kết cấu chắc chắn, bền bỉ, hoạt động ổn định.

✨ Bộ côn thép tạo chất âm đồng hồ cổ vang, có độ ngân và chiều sâu, rất thú vị khi thưởng thức trong không gian phòng khách.

📏 Kích thước: 73 × 23 cm

🏠 Đồng hồ Nhà Kho
📍 Văn Phú – Hà Đông – Hà Nội
☎️ 0963.456.963 

#ĐồngHồCổ #ĐồngHồCổĐức #ĐồngHồCơCổ #ÂmThanhĐồngHồCổ #SưuTầmĐồngHồCổ",0,"08/13/2026 19:25",https://www.facebook.com/donghonhakho.vn/posts/pfbid0XoDaP8eEpivjN1cdWMNE87sw1kTqKmha82NjzSnD8BC9o8RGTaPaQcRMwHRhhaihl,Ảnh,,"Trọn đời",1,--,0.03,0.03,0,501,5,0,3,0,1,461,773,,
1652450249775320,100050310827163,"Đồng hồ Nhà kho","Đồng hồ cổ Vê đét 8 côn thùng dài chạm khắc đẹp- Mã số #598
💵:5tr
✨ Thiết kế dáng thùng dài, các họa tiết hoa lá chạm khắc tinh xảo, mặt số đa giác mang phong cách cổ điển, tổng thể cân đối và sang trọng.

⚙️ Bộ máy 8 côn hoạt động bền bỉ, lên cót nhẹ nhàng, bộ máy cơ cổ chắc chắn, phù hợp sử dụng và trưng bày lâu dài.

🔔 Âm chuông ngân vang, êm tai, độ ngân vừa phải, chất âm đồng hồ cổ dễ nghe và dễ thưởng thức.

📏 Kích thước: 71x35 cm – phù hợp nhiều không gian trưng bày.

☎️ 0963.456.963 
🏠 Khu đô thị Văn Phú, Hà Đông, Hà Nội.

#dong_ho_co #dong_ho_qua_lac #dong_ho_ve_det #dong_ho_8_con #dong_ho_treo_tuong #dong_ho_phap #dong_ho_co_chau_au #am_thanh_dong_ho #dong_ho_dep #do_xua_chau_au",0,"08/13/2026 19:48",https://www.facebook.com/donghonhakho.vn/posts/pfbid027foH6AD76wPBQEgc3pCGJQCgXCjy1CDvG2JxpprbwQZqntnh96cyHvkc3hZkhCUvl,Ảnh,,"Trọn đời",1,--,0.05,0.05,0,645,7,0,5,1,1,611,976,,
1652611243092554,100050310827163,"Đồng hồ Nhà kho","Hình tượng Jacquemart và mối liên hệ với tháp đồng hồ Saint-Marc ở Venezia

Với người chơi đồng hồ cổ tại Việt Nam, đây là một chiếc đồng hồ rất quen thuộc, thường được gọi bằng cái tên dân dã “Ông Tây Đánh Chuông” – dòng Ô Đô Jacquemar của Pháp.

Nhìn hình ảnh người đàn ông cầm búa đứng bên quả chuông, chúng ta có thể nghĩ đây chỉ là một cách trang trí thú vị. Nhưng phía sau hình tượng ấy là một truyền thống cơ khí đã tồn tại hàng trăm năm tại châu Âu.

Trong thuật ngữ đồng hồ quốc tế, Jacquemart là hình nhân cơ khí gắn với đồng hồ và thực hiện động tác đánh chuông báo giờ. Một trong những hình ảnh nổi tiếng nhất của truyền thống này nằm trên tháp đồng hồ Saint-Marc tại Venezia: hai hình nhân bằng đồng đứng hai bên quả chuông lớn và thực hiện hoạt cảnh đánh chuông.

Tuy nhiên, cần phân biệt rõ: Saint-Marc không phải nơi hình tượng Jacquemart bắt đầu. Những hình nhân đánh chuông đã xuất hiện ở châu Âu từ trước đó. Saint-Marc nên được hiểu là một trong những biểu hiện nổi tiếng và dễ nhận biết nhất của truyền thống này.

Điều thú vị xuất hiện khi đặt Saint-Marc cạnh chiếc “Ông Tây Đánh Chuông” quen thuộc với người Việt. Một bên là đồng hồ công cộng khổng lồ, một bên là đồng hồ cơ cổ trong gia đình, nhưng cả hai cùng sử dụng một ngôn ngữ thị giác:

Con người – chiếc búa – quả chuông – thời điểm báo giờ.

Catalogue Ô Đô n°80 còn ghi trực tiếp nhóm “Jacquemar avec sonneur automate”, cho thấy Jacquemar thực sự là tên gọi được hãng sử dụng cho dòng đồng hồ có hình nhân đánh chuông.

Nhưng hiện chưa có tài liệu hãng đủ mạnh để khẳng định chính tháp Saint-Marc đã trực tiếp truyền cảm hứng cho sự ra đời của dòng Jacquemar. Câu chuyện về một chuyến đi Venezia vì vậy vẫn nên được xem là giả thuyết cần tiếp tục kiểm chứng, thay vì kể như một sự thật lịch sử.

Điều chúng ta có thể nhìn thấy rõ hơn là sự tiếp nối của một ý tưởng cơ khí rất lâu đời: hình nhân đánh chuông từng xuất hiện trên những công trình công cộng lớn của châu Âu, rồi được thu nhỏ thành một hoạt cảnh trên chiếc đồng hồ cổ Pháp trong không gian gia đình.

Không chỉ để con người nghe thấy thời gian, mà còn để họ nhìn thấy thời gian đang diễn ra.

#DongHoCo #DongHoCoPhap #OngTayDanhChuong #Jacquemart #SuuTamDongHoCo",0,"08/14/2026 00:42",https://www.facebook.com/donghonhakho.vn/posts/pfbid02sKQ2Sy5doHYXuD9Q8T1rLqZSBdSwFRXfE24vZPNyg2Ws75WHpZPe6WeS4BJbrbDkl,Ảnh,,"Trọn đời",0,--,0.04,0.04,0,869,5,0,4,0,1,831,1174,,
1652663726420639,100050310827163,"Đồng hồ Nhà kho","Lá mía đồng hồ cổ là gì? Từ sợi tơ ngày xưa đến lá thép ngày nay

Nếu lật mặt sau của bộ máy đồng hồ cổ và nhìn vào vị trí treo quả lắc, các bác sẽ dễ bắt gặp một chi tiết rất nhỏ. Thông thường đó là một hoặc vài lá thép rất mỏng, được kẹp cố định ở hai đầu.

Trong giới chơi và sửa đồng hồ tại Việt Nam, chúng ta thường gọi bộ phận này bằng một cái tên khá dân dã: lá mía.

Nhìn nó đơn giản, nhỏ bé, thậm chí nhiều bác mới chơi còn chẳng để ý tới. Nhưng đây lại là một chi tiết gần như ngày nào cũng phải làm việc cùng quả lắc.

Vậy lá mía thực sự để làm gì? Tại sao nó phải mỏng như vậy? Và tại sao trên một số chiếc đồng hồ rất cổ, thay vì lá thép, chúng ta lại thấy quả lắc được treo bằng một sợi tơ mảnh?

Câu chuyện của bộ phận nhỏ này thú vị hơn chúng ta tưởng.

Lá mía dùng để làm gì?

Hiểu đơn giản nhất, lá mía là một phần của hệ treo quả lắc.

Quả lắc cần được giữ chắc ở phía trên nhưng lại không thể treo cứng hoàn toàn. Nó phải có khả năng đung đưa đều đặn từ bên này sang bên kia.

Bởi vậy, người làm đồng hồ cần một bộ phận vừa đủ chắc để giữ hệ quả lắc, vừa đủ mềm để chuyển động theo nó.

Những lá thép mỏng của lá mía đảm nhiệm công việc đó.

Mỗi lần quả lắc đi sang trái rồi trở về bên phải, lá thép phía trên chỉ uốn đi một chút. Biên độ uốn nhìn bằng mắt có thể chẳng đáng bao nhiêu, nhưng chuyển động nhỏ ấy cứ lặp đi lặp lại hàng nghìn lần trong suốt quá trình chiếc đồng hồ hoạt động.

Bởi vậy mới có một điều khá thú vị:

Lá mía cần cứng để treo được quả lắc, nhưng đồng thời lại phải mềm để quả lắc được tự do dao động.

Hai yêu cầu nghe có vẻ trái ngược ấy lại cùng nằm trên vài lá thép rất mỏng.

Vì sao lá mía lại dễ gãy?

Đây là chuyện rất nhiều bác chơi đồng hồ quả lắc từng gặp.

Đang tháo quả lắc, chỉnh ngựa, tháo bộ máy ra vệ sinh hoặc loay hoay phía sau máy, bỗng nhiên:

“Tách!”

Lá mía gãy.

Đặc biệt với người mới chơi, lúc này thường khá hoảng. Quả lắc không treo được nữa, nhìn miếng thép bé tí bị gãy lại nằm ngay trên bộ máy nên nhiều bác tưởng rằng mình vừa làm hỏng một linh kiện khó kiếm.

Nhưng thực ra không đáng sợ đến vậy.

Lá mía vốn được làm rất mỏng để có độ đàn hồi. Khi hoạt động đúng hướng, nó có thể uốn nhẹ qua lại trong thời gian rất dài. Nhưng nếu chúng ta vô tình bẻ ngang, xoắn hoặc kéo mạnh theo hướng mà nó không được thiết kế để chịu lực thì nó lại khá dễ gãy.

Nói nôm na:

Nó rất bền khi làm đúng công việc của nó, nhưng khá yếu nếu chúng ta bẻ sai hướng.

Đây cũng là lý do khi chỉnh ngựa hoặc tháo lắp quả lắc, người mới chơi cần đặc biệt nhẹ tay ở khu vực này.

Gãy lá mía có phải sửa lớn không?

May mắn là không.

Ngày nay lá mía là một loại linh kiện tương đối dễ tìm. Những mẫu thông dụng được gia công mới và bán khá phổ biến trên thị trường.

Với một số loại cơ bản, giá tham khảo có thể chỉ khoảng 15.000–20.000 đồng một chiếc, tùy kiểu và kích thước.

Vì vậy nếu chẳng may làm gãy lá mía trong lúc tháo lắp đồng hồ cổ, các bác không cần quá hoảng.

Thông thường đây không phải một hư hỏng nghiêm trọng.

Nhưng có một điều cần phân biệt:

Dễ thay không có nghĩa là lấy chiếc nào lắp vào cũng được.

Lá mía mới có dùng tốt không?

Hoàn toàn có thể.

Một số người chơi đồng hồ sưu tầm thường có tâm lý rằng linh kiện cũ lúc nào cũng tốt hơn linh kiện mới. Với lá mía thì không nhất thiết phải hiểu như vậy.

Bản chất đây là một bộ phận làm việc dựa nhiều vào đặc tính đàn hồi của lá thép. Những lá mía được gia công mới hiện nay, nếu vật liệu phù hợp, kích thước đúng và được lắp đúng cách, vẫn có thể đáp ứng tốt yêu cầu làm việc của nhiều bộ máy.

Quan trọng hơn chuyện “mới hay cũ” là có đúng loại hay không.

Một chiếc lá nhìn gần giống chưa chắc đã phù hợp. Người thợ còn phải để ý đến chiều dài, độ rộng, độ dày của lá thép, kiểu kẹp và đặc biệt là độ đàn hồi phù hợp với hệ quả lắc phía dưới.

Lá quá mềm chưa chắc tốt.

Lá quá cứng lại càng chưa chắc tốt.

Mục tiêu là lựa chọn một chiếc đúng với cấu tạo của bộ máy và hệ quả lắc đang sử dụng.

Với những chiếc đồng hồ có giá trị sưu tầm cao hoặc cấu tạo đặc biệt, việc giữ lại lá mía cũ còn tốt hoặc làm lại theo đúng thông số ban đầu vẫn đáng được ưu tiên.

Nhưng đồng hồ ngày xưa chưa chắc đã có lá mía

Đây có lẽ là phần thú vị nhất.

Nếu đi sâu hơn vào những chiếc đồng hồ châu Âu cổ có niên đại rất sớm, đôi khi các bác sẽ gặp một cấu tạo khá lạ:

Quả lắc được treo bằng một sợi tơ rất mảnh.

Người chưa từng gặp kiểu này rất dễ nghĩ:

“Có phải lá mía gãy rồi người ta lấy chỉ buộc tạm vào không?”

Không hẳn.

Hệ treo bằng sợi tơ thực sự đã xuất hiện từ những ngày rất sớm của lịch sử đồng hồ quả lắc.

Ngay trên những chiếc đồng hồ quả lắc đầu tiên của thế kỷ XVII, người ta đã sử dụng sợi mảnh để treo quả lắc. Kiểu treo này về sau vẫn xuất hiện trên nhiều đồng hồ cổ Pháp và đồng hồ Thụy Sĩ vào cuối thế kỷ XVIII, đầu thế kỷ XIX.

Bởi vậy, nếu một ngày các bác mở một chiếc đồng hồ rất cổ và phát hiện quả lắc được treo bằng sợi tơ, đừng vội sửa nó thành lá thép.

Trước tiên phải tìm hiểu xem cấu tạo nguyên thủy của bộ máy đó là gì.

Đôi khi thứ nhìn có vẻ “thô sơ” đối với chúng ta ngày nay lại chính là cấu tạo đúng của chiếc đồng hồ cách đây hai trăm năm.

Tại sao sau này người ta chuyển sang lá thép?

Sợi tơ có lợi thế là rất mềm, nhờ vậy quả lắc có thể dao động khá tự nhiên.

Nhưng nó cũng có một nhược điểm dễ hình dung: đó vẫn là một sợi tơ.

Qua thời gian, độ ẩm, nhiệt độ và môi trường có thể ảnh hưởng đến đặc tính của nó. Đối với một chiếc đồng hồ cần chạy liên tục trong nhiều năm, người làm đồng hồ dần tìm đến những giải pháp ổn định và bền hơn.

Khi kỹ thuật chế tạo vật liệu phát triển, những lá thép rất mỏng với độ đàn hồi tốt ngày càng được sử dụng rộng rãi.

Đến khoảng giữa thế kỷ XIX, kiểu treo bằng lá thép đã dần trở nên phổ biến trên nhiều dòng đồng hồ cơ cổ.

Và từ đó chúng ta có hình thức lá mía khá quen thuộc như ngày nay.

Có thể nói, chỉ nhìn vào cách treo quả lắc thôi, chúng ta đã thấy một phần quá trình phát triển của kỹ thuật chế tạo đồng hồ:

Từ một sợi tơ rất mảnh → đến những lá thép đàn hồi ngày càng ổn định và chính xác hơn.

Một lưu ý rất quan trọng khi vận chuyển đồng hồ

Có một nguyên nhân làm hỏng lá mía mà người mới chơi rất dễ mắc phải:

Mang đồng hồ đi nhưng vẫn để nguyên quả lắc treo trên máy.

Khi đồng hồ đứng yên trên tường, lá mía chỉ phải chịu tải và uốn nhẹ theo chuyển động bình thường của quả lắc.

Nhưng khi bê chiếc đồng hồ lên, nghiêng qua nghiêng lại hoặc đi qua đoạn đường xóc, quả lắc phía dưới có thể giật mạnh sang hai bên.

Toàn bộ lực đó truyền lên bộ phận treo.

Một lá thép vốn chỉ quen uốn nhẹ bỗng bị kéo, vặn hoặc xoắn mạnh. Khi ấy nó rất dễ cong hoặc gãy.

Vì vậy, trước khi vận chuyển đồng hồ quả lắc, đặc biệt là đi xa, tháo quả lắc khỏi máy vẫn là cách an toàn hơn.

Có nên tự thay lá mía ở nhà?

Nếu đã hiểu cấu tạo của máy thì việc thay lá mía không phải công việc quá phức tạp.

Nhưng với người mới chơi, điều khó không nằm ở chuyện tháo chiếc cũ rồi lắp chiếc mới.

Khó hơn là biết:

Chiếc lá nào mới đúng?

Và sau khi lắp:

Hệ quả lắc đã nằm đúng vị trí chưa? Ngựa đã làm việc đúng chưa? Quả lắc có dao động tự nhiên không?

Nếu chỉ thay một chiếc lá rồi cố bẻ, chỉnh liên tục để đồng hồ chạy, đôi khi một việc rất nhỏ lại dẫn đến những sai lệch khác.

Vì vậy, nếu chưa quen với bộ máy, tốt nhất nên chụp lại cấu tạo ban đầu trước khi tháo và hạn chế tự ý bẻ chỉnh những bộ phận xung quanh.

Nhỏ bé nhưng không hề thừa

Một chiếc lá mía mới đôi khi chỉ đáng giá vài chục nghìn đồng.

Nó nằm phía sau bộ máy, khách đến nhà gần như chẳng bao giờ nhìn thấy. Nó cũng không tạo ra âm thanh đồng hồ cổ, không đẹp như mặt số, không nổi bật như quả lắc hay bộ côn đồng.

Nhưng thiếu nó, quả lắc lại chẳng thể làm đúng công việc của mình.

Điều thú vị hơn cả là từ một miếng thép nhỏ như vậy, chúng ta có thể lần ngược lại hàng trăm năm lịch sử: từ thời người ta còn treo quả lắc bằng những sợi tơ mảnh cho tới khi những lá thép đàn hồi trở thành cấu tạo quen thuộc trên rất nhiều đồng hồ cổ ngày nay.

Đó cũng là cái hay của việc sưu tầm đồng hồ cổ.

Càng tháo một bộ máy ra, càng quan sát những chi tiết tưởng như vụn vặt, chúng ta càng nhận ra rằng một chiếc đồng hồ không chỉ có mặt số đẹp, thùng gỗ đẹp hay chất âm đồng hồ cổ hay.

Đằng sau mỗi nhịp tích – tắc còn là hàng trăm chi tiết nhỏ cùng làm việc với nhau.

Và lá mía chính là một trong những chi tiết nhỏ bé như thế.",0,"08/14/2026 02:08",https://www.facebook.com/donghonhakho.vn/posts/pfbid034SHRLxRufMJ5Wmom8M66H514sffhgFogCvwN84NszLeQbdLZVcRbaGTyPme45Gpxl,Ảnh,,"Trọn đời",14,--,0.6,0.6,0,6636,41,0,28,1,1,6611,9105,,
1652693153084363,100050310827163,"Đồng hồ Nhà kho","Ông Tây Đánh Chuông size lớn – Quả lắc ngoài đẹp mắt

Mẫu “Ông Tây Đánh Chuông” của thương hiệu Ô Đô nổi bật với kích thước lớn và thiết kế quả lắc nằm phía ngoài, tạo điểm nhấn rất riêng khi trưng bày. Tổng thể đẹp, ưa nhìn, hoạt cảnh hình nhân đánh chuông sinh động, phù hợp với các bác yêu đồng hồ cổ Pháp và muốn tìm một mẫu có hình thức khác biệt để sưu tầm.

#ĐồngHồCổ #ĐồngHồCổPháp #ÔngTâyĐánhChuông #ĐồngHồQuảLắc #SưuTầmĐồngHồCổ",77,"08/14/2026 02:59",https://www.facebook.com/reel/998552093231339/,"Thước phim",,"Trọn đời",5,+13.6x,0,0,0,2590,37,2,29,1,3,2453,2831,7.797,20578.349
1652756563078022,100050310827163,"Đồng hồ Nhà kho","Hàng mới nhập – Vai bò Junhan côn đồng bạch nguyên bản

Hàng mới về, một số mẫu đồng hồ vai bò Junhan sử dụng bộ côn đồng bạch được nhiều anh em yêu thích. Đồng hồ nguyên bản, hình thức đẹp, kiểu dáng hài hòa và chất âm sáng, vang đặc trưng. Những chiếc vai bò đẹp, hàng tuyển luôn có sức hút riêng với anh em yêu đồng hồ cổ Đức và sưu tầm đồ xưa.

#ĐồngHồVaiBò #ĐồngHồCổĐức #CônĐồngBạch #ĐồngHồNguyênBản #SưuTầmĐồngHồCổ",38,"08/14/2026 04:40",https://www.facebook.com/reel/1399162535471366/,"Thước phim",,"Trọn đời",1,+4.1x,0,0,0,2814,27,1,23,0,4,2652,3121,5.553,15765.746
1652773783076300,100050310827163,"Đồng hồ Nhà kho","Bán lô đồng hồ vai bò – Tặng kèm thằng cháu chăn bò

Lô đồng hồ vai bò đẹp đã sẵn sàng phục vụ các bác. Bác nào lấy cả lô em khuyến mại luôn thằng cháu chăn bò, ngày ngày ngồi canh đồng hồ, đảm bảo không thất lạc con nào!

#ĐồngHồVaiBò #ĐồngHồCổ #SưuTầmĐồngHồCổ #ĐồngHồCổĐức #ĐồCổChâuÂu",0,"08/14/2026 05:05",https://www.facebook.com/donghonhakho.vn/posts/pfbid0Rp3Dt5yoNiyysPuX8cKQ7YCR2ToRMSYzXs2gTukr4FVcPbc8qZYyBwnxW6BJZRful,Ảnh,,"Trọn đời",1,--,0.18,0.18,0,2090,13,0,11,0,1,2020,2812,,
1652864443067234,100050310827163,"Đồng hồ Nhà kho","Chia sẻ catalog và bảng giá Ô Đô năm 1967 – Tư liệu dành cho người sưu tầm

Chia sẻ cùng anh em một phần catalog kèm bảng giá Ô Đô giai đoạn năm 1967 mà tôi sưu tầm được. Tài liệu hiện chưa đầy đủ, tôi sẽ tiếp tục cập nhật và gửi dần để anh em cùng tham khảo.

Qua những tư liệu gốc này, chúng ta có thêm cơ sở tìm hiểu sản phẩm, thương hiệu, nguồn gốc, niên đại và mức giá tại thời điểm xuất xưởng, từ đó có cái nhìn đầy đủ hơn về lịch sử cũng như giá trị sưu tầm của đồng hồ cổ Pháp Ô Đô.

#ĐồngHồCổ #ĐồngHồCổPháp #CatalogĐồngHồ #LịchSửĐồngHồ #SưuTầmĐồngHồCổ",0,"08/14/2026 07:17",https://www.facebook.com/donghonhakho.vn/posts/pfbid02CT5n2jUtEYppErgiQcuKVJjgQHbQGNTy9atKpLARUMA9p5JmgWbmPJ2axCpFc95Ml,Ảnh,,"Trọn đời",0,--,0.03,0.03,0,443,4,0,2,1,1,415,633,,
1652893766397635,100050310827163,"Đồng hồ Nhà kho","Gông đồng hay gông thép – cái nào hay hơn?

Trong thế giới sưu tầm đồng hồ cổ, có một câu chuyện mà anh em tranh luận mãi vẫn chưa có hồi kết: gông đồng hay hơn hay gông thép hay hơn?

Tôi đã nghe rất nhiều ý kiến khác nhau. Người thích gông đồng thì cho rằng tiếng trầm, ấm, ngân dài và có chiều sâu. Người thích gông thép lại đánh giá cao sự sáng tiếng, rõ nốt, mạch lạc và có nhạc tính hơn.

Từ góc nhìn của một người đã có thời gian sửa chữa, nghe thử và sưu tầm khá nhiều mẫu đồng hồ khác nhau, tôi cho rằng không có một kết luận tuyệt đối rằng đồng hay hơn thép, hoặc thép hay hơn đồng. Mỗi loại có một màu âm riêng, một ưu điểm riêng và phù hợp với một gu nghe khác nhau.

Gông đồng thường cho chất âm trầm, ấm và có độ ngân khá rõ. Một ưu điểm dễ nhận thấy là gông đồng thường khá “dễ kêu”, tức là ngay cả khi được đặt trong những bộ thùng không quá lớn, âm thanh vẫn có độ đầy và cảm giác trầm tương đối tốt.

Có thể hiểu đơn giản rằng bản thân màu âm của gông đồng đã thiên về dải trầm, vì vậy nó không phụ thuộc quá nhiều vào khả năng cộng hưởng của một chiếc thùng thật lớn mới tạo được cảm giác ấm tiếng.

Nhưng chính ưu điểm này đôi khi lại trở thành nhược điểm.

Khi độ ngân quá dài và dải trầm quá dày, các tiếng có thể chồng lên nhau. Tiếng trước chưa dứt hẳn thì tiếng sau đã vang lên, khiến giai điệu dễ bị lẫn, thiếu độ tách nốt và đôi khi tạo cảm giác hơi “ồn” nếu bộ gông, búa và thùng không được căn chỉnh tốt.

Gông thép lại mang một tính cách khác.

Theo cảm nhận của tôi, gông thép thường cho màu âm sáng hơn, rõ ràng hơn, vui tươi và nhộn nhịp hơn. Các tiếng có xu hướng tách nhau tốt nên khi chơi một bản nhạc nhiều nốt, người nghe thường dễ nhận ra đường giai điệu hơn.

Đặc biệt với những bộ đồng hồ chơi nhạc, khả năng thể hiện từng nốt rõ ràng là một lợi thế rất lớn.

Một bộ gông thép được làm và căn chỉnh tốt có thể cho cảm giác chuẩn tông, rõ nốt và có nhạc tính cao. Chính vì vậy, với những bản nhạc như Westminster hay các chương trình có nhiều câu nhạc liên tiếp, gông thép thường tạo cảm giác mạch lạc và dễ nghe.

Nhưng điều đó không có nghĩa gông thép luôn hay hơn.

Một người thích tiếng trầm, sâu, cổ kính có thể vẫn thích gông đồng hơn rất nhiều. Trong khi người thích nghe rõ từng câu nhạc, từng nốt lại dễ nghiêng về gông thép.

Thú vị hơn nữa là các nhà sản xuất đồng hồ trước đây dường như cũng hiểu rất rõ sự khác biệt này.

Không phải lúc nào họ cũng chọn một loại vật liệu cho toàn bộ hệ gông. Có những cấu hình sử dụng cả gông đồng và gông thép trên cùng một bộ đồng hồ nhằm tận dụng ưu thế của từng loại.

Trong một số cấu hình Odo mà giới chơi từng gặp, phần đánh nhạc sử dụng các thanh thép để tạo tiếng sáng, rõ và tách nốt tốt hơn, trong khi phần điểm giờ lại sử dụng thanh đồng nhằm tạo tiếng trầm hơn, mềm hơn và có cảm giác uy lực.

Cách phối như vậy rất hợp lý nếu nhìn từ góc độ âm nhạc.

Bản nhạc cần sự rõ ràng.

Từng nốt phải tách tương đối tốt để người nghe nhận ra giai điệu.

Trong khi tiếng điểm giờ không cần chạy thành một chuỗi giai điệu phức tạp. Một tiếng trầm, đầy và ngân dài lại có thể tạo cảm giác trang trọng hơn.

Đây cũng là bằng chứng rất thú vị cho thấy không có một vật liệu duy nhất phù hợp cho mọi mục đích âm thanh.

Thùng đồng hồ cũng đóng vai trò rất lớn.

Một bộ gông rất tốt nhưng đặt trong một chiếc thùng có khả năng cộng hưởng kém vẫn chưa chắc cho âm thanh hấp dẫn. Ngược lại, một bộ gông vừa phải nhưng đi cùng thùng có thể tích phù hợp, gỗ tốt, khoảng không cộng hưởng hợp lý và búa được căn chỉnh chính xác lại có thể cho tiếng rất dễ nghe.

Vì vậy khi nói một chiếc đồng hồ “âm hay”, chúng ta thực chất đang nghe kết quả của cả một hệ thống:

gông – búa – đầu búa – bộ máy – thùng – không gian cộng hưởng – cách căn chỉnh và cả vị trí đặt đồng hồ.

Không nên chỉ nhìn vào vật liệu gông rồi kết luận toàn bộ chất lượng âm thanh.

Trong giới sưu tầm, tôi cũng quan sát thấy ở một số dòng đồng hồ được người chơi đánh giá cao, đặc biệt những cấu hình phức tạp thuộc hệ Odo 36, gông thép xuất hiện khá nhiều. Những phiên bản gông thép đẹp, đúng cấu hình và cho chất âm tốt thường được người chơi kỹ tính tìm kiếm.

Tuy nhiên, từ đó cũng không nên suy ra một quy luật rằng gông thép chắc chắn có giá trị hơn gông đồng.

Giá giao dịch của một chiếc đồng hồ còn phụ thuộc rất nhiều vào độ nguyên bản, bộ máy, kiểu thùng, mặt số, cấu hình nhạc, độ hiếm, tình trạng phục hồi và nhu cầu của người chơi tại từng thời điểm.

Một chiếc gông đồng đúng cấu hình, nguyên bản và có chất âm đẹp hoàn toàn có thể đáng chơi hơn một chiếc gông thép đã thay đổi hoặc phục hồi không đúng.

Vậy cuối cùng, gông đồng hay gông thép – cái nào hay hơn?

Theo tôi, không có câu trả lời tuyệt đối.

Nếu thích tiếng trầm, ấm, dày và ngân dài, nhiều người sẽ chọn gông đồng.

Nếu thích tiếng sáng, rõ nốt, mạch lạc và có nhạc tính, nhiều người sẽ nghiêng về gông thép.

Còn nếu xét một chiếc đồng hồ cụ thể, tốt nhất đừng hỏi nó là đồng hay thép trước.

Hãy nghe chính chiếc đồng hồ đó.

Bởi cuối cùng, âm thanh vẫn là một trải nghiệm rất cá nhân.

Có người nghe một tiếng gông đồng trầm sâu là thấy mê.

Có người lại chỉ thực sự rung động khi từng nốt gông thép vang lên rõ ràng, sáng và gọn.

Đồng hay thép chỉ là vật liệu. Cái hay cuối cùng vẫn nằm ở cả bộ đồng hồ – và nằm trong đôi tai của người nghe.",0,"08/14/2026 07:55",https://www.facebook.com/donghonhakho.vn/posts/pfbid02HYw4cXRFM1xqXV8L9NYXMGJHNaqYJxX9TKesfeTqapbq4JGCiRfiQG2FXT2zhgRtl,Ảnh,,"Trọn đời",2,--,0.44,0.44,0,4785,21,0,16,1,2,4691,6722,,
1653012506385761,100050310827163,"Đồng hồ Nhà kho","Vai bò W64 côn đồng bạch – Một trong những chất âm Westminste đáng chơi nhất

Trong dòng đồng hồ vai bò, máy W64 côn đồng bạch luôn được đánh giá cao về chất âm. Tiếng côn sáng, vang, ngân tốt và thể hiện bản nhạc Westminster rất rõ nét. Trong cùng phân khúc, đây cũng là một trong những lựa chọn nổi bật về âm thanh, được nhiều anh em chơi và sưu tầm đồng hồ cổ Đức yêu thích.

#ĐồngHồVaiBò #ĐồngHồCổĐức #CônĐồngBạch #Westminster #ÂmThanhĐồngHồCổ",0,"08/14/2026 10:45",https://www.facebook.com/donghonhakho.vn/posts/pfbid031i9X3VaFPAxP4v71RqJ6a5CJcY1knrdGtxshExvnrn5kmXzjbXZTa9hehTbtgxqnl,Ảnh,,"Trọn đời",0,--,0.06,0.06,0,800,3,0,2,0,1,750,1122,,
1653184689701876,100050310827163,"Đồng hồ Nhà kho","Ba kiểu kim đặc trưng trên Odo 36

Trong thế giới đồng hồ Odo 36, ngoài bộ máy, côn, búa hay kiểu vách, bộ kim cũng là một chi tiết rất đáng để quan sát. Theo kinh nghiệm thực tế của Nhà Kho TV, Odo 36 thường gặp ba kiểu kim chính: kim số 8, kim hình bút và kim hình tháp.

Điều thú vị là ba kiểu kim này không cho thấy một quy luật tuyệt đối theo thời kỳ hay dáng thùng. Cùng một nhóm máy, cùng một kiểu thùng, thậm chí cùng giai đoạn, người chơi vẫn có thể gặp những bộ kim khác nhau. Vì vậy, có khả năng các kiểu kim từng được sử dụng song song theo từng cấu hình hoặc thị hiếu thẩm mỹ, nhưng hiện chưa có tài liệu hãng đủ rõ để khẳng định điều này.

Kim hình bút là loại gặp khá nhiều trên Odo 36 vách xoáy và một số cấu hình 10 côn, đặc biệt ở nhóm máy bốn số, vách mỏng mà người chơi thường gọi là đời trung. Dáng kim gọn, thanh, tạo cảm giác rõ ràng và dễ đọc.

Kim số 8 lại có đường nét mềm mại, tinh tế hơn. Kiểu kim này xuất hiện trên Odo 36 và đôi khi cũng gặp ở Odo 30. Theo cảm nhận thẩm mỹ, kim số 8 đặc biệt hợp với những mặt số nằm ngang vì tạo được sự mềm mại và cân đối cho toàn bộ bố cục.

Đặc trưng nhất vẫn là kim hình tháp.

Đây là kiểu kim có sức gợi Odo 36 rất mạnh. Kim tháp thường gặp ở máy năm số, máy chân kiềng, máy ba vách bệt và đôi khi cả trên một vách xoáy. Ngoài Odo 36, kiểu kim này đôi lúc cũng xuất hiện trên đồng hồ vai bò hoặc một số ít Odo 30, nhưng tần suất thấp hơn nhiều.

Kim hình tháp còn có hai dạng: tháp hai tầng và tháp ba tầng. Theo quan sát thực tế, những chiếc được xem là đời sớm thường gặp tháp hai tầng nhiều hơn, trong khi các phiên bản về sau thường thấy tháp ba tầng. Tuy nhiên, đây vẫn chỉ nên xem là một pattern thực địa, chưa phải mốc niên đại chính thức nếu chưa có catalogue hoặc tài liệu hãng xác nhận.

Về thẩm mỹ, kim tháp rất hợp với mặt bát giác đứng. Dáng kim vững, cân đối, đối xứng tốt với hình khối của mặt số và tạo nên một phong cách rất riêng.

Chính vì bộ kim của Odo 36 có bản sắc mạnh như vậy nên trong nhiều trường hợp, ngay cả khi mặt số không còn logo rõ ràng, người chơi lâu năm chỉ cần nhìn kiểu kim, mặt số và tổng thể bố cục cũng đã có thể nghĩ ngay tới Odo 36.

Tất nhiên, kim không thể là dấu hiệu duy nhất để kết luận một chiếc đồng hồ. Muốn nhận diện chính xác vẫn phải nhìn cùng bộ máy, kiểu vách, mặt số, côn, búa, thùng và dấu hiệu nguyên bản.

Nhưng nếu coi đồng hồ cổ là một tổng thể thiết kế, thì bộ kim chắc chắn không phải chi tiết phụ. Nó góp phần tạo nên sự cân đối, hài hòa và phong cách riêng của Odo 36 — một trong những lý do khiến dòng đồng hồ này được nhiều người chơi yêu thích cho tới tận hôm nay.",0,"08/14/2026 16:04",https://www.facebook.com/donghonhakho.vn/posts/pfbid0dW1rLFNghD4ZeNpQ6c29svmQXLc6QZ8GFtaSFda4ZRywip32BkdDGJBTid7DQAx2l,Ảnh,,"Trọn đời",4,--,0.16,0.16,0,2302,16,0,13,1,1,2249,3268,,
1653290713024607,100050310827163,"Đồng hồ Nhà kho","Vai bò Junhan côn đồng bạch – Chất âm nổi bật, giá trị sưu tầm cao

Chiếc đồng hồ vai bò Junhan côn đồng bạch có hình thức đẹp, độ nguyên bản cao và chất âm rất nổi bật. Tiếng côn sáng, vang, ngân dài, được nhiều người chơi đánh giá thuộc nhóm âm thanh hay nhất trong dòng đồng hồ để bàn cùng phân khúc. Một mẫu đồng hồ cổ Đức vừa đẹp để trưng bày, vừa đáng chơi về âm thanh và giá trị sưu tầm.

#ĐồngHồVaiBò #ĐồngHồCổĐức #CônĐồngBạch #ÂmThanhĐồngHồCổ #GiáTrịSưuTầm",35,"08/14/2026 19:08",https://www.facebook.com/reel/1461717225857755/,"Thước phim",,"Trọn đời",2,+5x,0,0,0,2971,15,1,11,0,3,2776,3403,6.586,19911.062
1653416036345408,100050310827163,"Đồng hồ Nhà kho","Vai bò w64 côn đồng bạch",0,"08/14/2026 22:03",https://www.facebook.com/donghonhakho.vn/posts/pfbid02Gddyod7EJd8nLjrUS325EmjiLbQBPMnL2fUCJ8EJzEZcEyriqjDwWrFnhz5FXj81l,Ảnh,,"Trọn đời",2,--,0.18,0.18,0,2205,13,0,10,0,2,2126,3020,,
1653542076332804,100050310827163,"Đồng hồ Nhà kho","Đồng hồ vai bò Ô Đô Pháp – Nguyên bản, thiết kế cực đẹp

Một chiếc đồng hồ vai bò Ô Đô xuất xứ Pháp với thiết kế cực đẹp, kiểu dáng hài hòa và đậm nét cổ điển. Đồng hồ giữ được độ nguyên bản cao, tổng thể đẹp từ thùng đến hình thức bên ngoài. Một mẫu đồng hồ cổ Pháp đáng chơi, phù hợp với anh em yêu hàng nguyên bản và đề cao giá trị sưu tầm.

#ĐồngHồVaiBò #ĐồngHồCổPháp #ĐồngHồNguyênBản #SưuTầmĐồngHồCổ #GiáTrịSưuTầm",0,"08/15/2026 01:20",https://www.facebook.com/donghonhakho.vn/posts/pfbid0TN8vhHdsHAuyyjifDg9aTiLTTH8diVGuq8KAhDTZDm2YXgTmHBeP9hKEFfXk8oril,Ảnh,,"Trọn đời",1,--,0.03,0.03,0,568,2,0,0,0,1,522,868,,
1653555362998142,100050310827163,"Đồng hồ Nhà kho","Gia đình có cái tủ hàng xưa đục cực đẹp kích thước 200x100x50cm",0,"08/15/2026 01:40",https://www.facebook.com/donghonhakho.vn/posts/pfbid0iE8dji7u4Vvh6YviLBru6hhjKVVYh92fWbXhuQv8mELcmxmJa2w9wY6R7p1eh94Ul,Ảnh,,"Trọn đời",3,--,0.02,0.02,0,952,4,0,0,0,1,904,1553,,
1653592099661135,100050310827163,"Đồng hồ Nhà kho","Vai bò Ô Đô Pháp – Đẹp và nguyên bản là đủ giá trị

Một chiếc đồng hồ vai bò Ô Đô có thiết kế cực kỳ đẹp, đường nét cân đối và mang đậm phong cách đồng hồ cổ Pháp. Điểm đáng giá nằm ở độ nguyên bản, hình thức hài hòa và sức hút riêng của một món đồ xưa còn giữ đúng tinh thần ban đầu. Mẫu đẹp dành cho các bác yêu đồng hồ nguyên bản và coi trọng giá trị sưu tầm.

#ĐồngHồVaiBò #ĐồngHồCổPháp #ĐồngHồNguyênBản #ĐồngHồSưuTầm #GiáTrịSưuTầm",121,"08/15/2026 02:39",https://www.facebook.com/reel/1366236402302403/,"Thước phim",,"Trọn đời",5,+26.5x,0,0,0,5682,45,4,38,0,4,5462,6119,7.417,42212.803
1655819392771739,100050310827163,"Đồng hồ Nhà kho","Carillon là gì trong đồng hồ cổ Pháp?

Nếu thường xuyên xem đồng hồ cổ Pháp, các bác chắc hẳn từng gặp chữ Carillon trên mặt số hoặc trong các tin bán đồng hồ như Carillon Westminster, Carillon Odo… Vì xuất hiện khá nhiều nên người mới chơi rất dễ nghĩ Carillon là tên một hãng đồng hồ.

Thực ra không phải vậy.

Trong tiếng Pháp, Carillon trước hết liên quan đến chuông và giai điệu. Dictionnaire de l’Académie française – từ điển của Viện Hàn lâm Pháp – giải thích carillon là một hệ chuông được chỉnh ở những cao độ khác nhau; trong đồng hồ, từ này còn dùng để chỉ giai điệu được phát theo những khoảng thời gian nhất định như 15 phút, nửa giờ hoặc đúng giờ.

Hiểu đơn giản:

Đồng hồ đánh chuông có thể chỉ “boong” một tiếng, hai tiếng, ba tiếng… để báo số giờ.

Còn đồng hồ Carillon sử dụng nhiều âm khác nhau, các búa đánh theo một trình tự để tạo thành một đoạn giai điệu nghe có tính nhạc.

Khoảng từ những năm 1930 trở đi, loại đồng hồ này phát triển mạnh trong ngành đồng hồ gia dụng Pháp. Chiếc đồng hồ lúc này không chỉ để xem giờ mà còn trở thành một món đồ có tính thưởng thức âm thanh trong không gian sống.

Westminster là một trong những giai điệu nổi tiếng nhất, nhưng cần phân biệt: Westminster là tên giai điệu, còn Carillon là khái niệm rộng hơn về loại đồng hồ có hệ chuông/chime tạo giai điệu.

Vì vậy, khi thấy chữ Carillon Westminster hay Carillon Odo, đừng vội nghĩ Carillon là tên hãng.

Chỉ cần nhớ một câu:

Carillon là kiểu đồng hồ mà tiếng chuông không chỉ để báo giờ, mà còn được phối thành giai điệu để người nghe thưởng thức.

#ĐồngHồCổ, #Carillon, #ĐồngHồPháp, #KiếnThứcĐồngHồ, #SưuTầmĐồngHồ",0,"08/17/2026 16:26",https://www.facebook.com/donghonhakho.vn/posts/pfbid0HfGXijjSTw9RspyVwHKnoZDCDKKaxXmWJmd7LQcxvXr6SgNc7Zam42JQYfXop8LHl,Ảnh,,"Trọn đời",0,--,0.13,0.13,0,2383,7,0,8,0,1,2292,3395,,
1656098459410499,100050310827163,"Đồng hồ Nhà kho","Đồng Hồ Ô Đô 10 Búa 6 Côn Chơi Bản Sonodo & Westminster - Thùng Vân Gỗ Cực Đẹp- Mã số #946
💵:26tr
✨ Một mẫu đồng hồ cổ Ô Đô nổi bật với kích thước 57 x 50 cm, dáng bè bề thế. Hai bên thùng bo cong mềm mại, đặc biệt phần vân gỗ nu nổi cuộn rất đẹp, mặt trước ghép vân đối xứng tạo chiều sâu sang trọng. Đồng hồ có tay cầm phía trước, vừa tiện sử dụng vừa tạo điểm nhấn duyên dáng cho tổng thể.

✨ Mặt số sáng, số nổi rõ nét, viền kim loại đa giác mang đậm phong cách đồng hồ châu Âu cổ. Ô kính phía dưới cho phép quan sát quả lắc chuyển động, tăng thêm nét cổ điển khi treo trong không gian.

⚙️ Bên trong là bộ máy cơ cổ 10 búa – 6 côn, máy đẹp, vận hành ổn định. Hệ thống búa và côn bố trí chắc chắn, chơi 2 bản nhạc Sonodo và Westminster – một cấu hình rất thú vị dành cho các bác thích thưởng thức âm thanh đồng hồ cổ.

🔔 Khi điểm nhạc, tiếng côn ngân dài, vang và có độ lan tỏa, từng nhịp búa tạo nên chất âm đồng hồ cổ rất đặc trưng. Vừa là chiếc đồng hồ quả lắc đẹp để trưng bày, vừa có giá trị thưởng âm và sưu tầm đồng hồ cổ.

📐 Kích thước: Cao 57 x ngang 50 cm

📍 Khu đô thị Văn Phú, Hà Đông, Hà Nội.
☎️ 0963.456.963 
#donghochauau #donghoco #donghophap #donghoqualac #donghosuutam",0,"08/18/2026 01:08",https://www.facebook.com/donghonhakho.vn/posts/pfbid0gLA8grjx2tCcGNe5XxuxzeXCcexPCYiG1GBxT41mW3oiobqWAwqsx4bZgtrj7znPl,Ảnh,,"Trọn đời",3,--,0.09,0.09,0,1187,11,0,6,0,2,1134,1723,,
1656834389336906,100050310827163,"Đồng hồ Nhà kho","Quạt cổ châu Âu nguyên bản – Đa dạng chất liệu, kiểu dáng

Một bộ sưu tập quạt cổ Pháp, quạt cổ Ý và quạt cổ châu Âu với nhiều phiên bản đẹp: quạt Malani, Malani gọng vót, củ đồng, củ gang, củ nhôm; cánh phíp, cánh nhôm và cánh đồng. Mỗi dòng mang một nét cơ khí và thẩm mỹ riêng, đặc biệt tất cả đều giữ được độ nguyên bản, phù hợp với anh em yêu đồ cổ châu Âu và giá trị sưu tầm.

#QuạtCổ #QuạtCổPháp #QuạtCổÝ #QuạtCổChâuÂu #ĐồCổChâuÂu",0,"08/18/2026 19:00",https://www.facebook.com/donghonhakho.vn/posts/pfbid02un2UPemJFMWxTaEMzv6VCrKyHfea7u9XCs6BeyPUg7dtzX8gtQjt6p7tTmqksZWYl,Ảnh,,"Trọn đời",1,--,0.04,0.04,0,990,5,0,3,0,1,974,1588,,
1656858212667857,100050310827163,"Đồng hồ Nhà kho","Quạt cổ Marelli gọng vó – Nguyên tem, lồng 30 cm

Một chiếc quạt cổ Marelli gọng vó đẹp, giữ được nhiều chi tiết nguyên bản. Lồng quạt kích thước 30 cm, còn nguyên tem giấy ghi ngày 02/08/1966, tạo thêm giá trị tư liệu và sưu tầm cho sản phẩm. Kiểu dáng cổ điển, cơ khí đặc trưng, phù hợp với anh em yêu quạt cổ châu Âu và đồ xưa nguyên bản.

#QuạtCổ #Marelli #QuạtCổChâuÂu #ĐồCổChâuÂu #GiáTrịSưuTầm",0,"08/18/2026 19:20",https://www.facebook.com/donghonhakho.vn/posts/pfbid021dtX9aQ6maanakEKjmsSVpiFWacRU96cbLXMfHqzTVn7Wej3SbaiTyN5j6nhzV1Dl,Ảnh,,"Trọn đời",2,--,0.05,0.05,0,771,3,0,0,0,1,743,1247,,
1656866166000395,100050310827163,"Đồng hồ Nhà kho","Bộ đôi Marelli gọng vó – Đẹp xuất sắc, zin tuyệt đối

Bộ đôi quạt cổ Marelli gọng vó đẹp xuất sắc, giữ độ nguyên bản cực cao. Em bao zin từng con vít, từng giọt sơn, từ tổng thể đến những chi tiết nhỏ đều đáng để anh em yêu quạt cổ châu Âu soi kỹ. Sai gì em đền quạt. Hàng đẹp, đúng chất sưu tầm, nhìn ngoài còn cuốn hơn trên ảnh.

#QuatCo #Marelli #QuatCoChauAu #DoCoChauAu #GiaTriSuuTam",0,"08/18/2026 19:27",https://www.facebook.com/donghonhakho.vn/posts/pfbid0qVnxBSnqLQJn191ZbzQcDzHWmgfdZhcB84mky4FsorvAmv1TKP6T9pqeMtwgNTkrl,Ảnh,,"Trọn đời",0,--,0.05,0.05,0,668,3,0,2,0,1,653,970,,
1656874029332942,100050310827163,"Đồng hồ Nhà kho","Toàn bộ quạt cổ châu Âu đều là hàng nguyên bản, chưa qua chỉnh sửa và được giữ đúng hiện trạng khi giao lưu. Với những chiếc quạt lâu năm, em ưu tiên các bác thợ hoặc anh em có kinh nghiệm lấy về, tự bảo dưỡng dầu mỡ, kiểm tra dây điện, cách điện và các yếu tố an toàn kỹ thuật trước khi sử dụng. Giữ nguyên bản nhưng vẫn phải đặt an toàn vận hành lên hàng đầu.

#QuatCo #QuatCoChauAu #DoCoChauAu #HangNguyenBan #GiaTriSuuTam",0,"08/18/2026 19:33",https://www.facebook.com/donghonhakho.vn/posts/pfbid02xLSf4K67k84Sc5hBBXFohY2AQHvswasCa2jN6xGAv47DRuStyNSUrp3uZSQ9is4sl,Ảnh,,"Trọn đời",2,--,0.04,0.04,0,634,10,0,7,0,1,592,993,,
1656893592664319,100050310827163,"Đồng hồ Nhà kho","Quạt cổ Italia đuôi bầu ngược – Hàng nguyên bụi, cánh 25 cm

Bộ đôi quạt cổ Italia đuôi bầu ngược, cánh 25 cm, đầy đủ dây và giữ nguyên trạng khi về Việt Nam. Hàng nguyên bụi, chưa test điện, cam kết chưa qua sửa chữa và chưa sang tay tại Việt Nam. Anh em lấy về chủ động bảo dưỡng, kiểm tra dầu mỡ và an toàn kỹ thuật điện trước khi sử dụng.

Giá giao lưu cả đôi: 7.500.000đ.

#QuatCo #QuatCoItalia #QuatCoChauAu #HangNguyenBan #DoCoChauAu",0,"08/18/2026 19:49",https://www.facebook.com/donghonhakho.vn/posts/pfbid0XttyiuXcwK5VMohYadQqV6eARwvNV8Kxzq9csEJC7frfTXjNU4XV2hR3edhKrNFGl,Ảnh,,"Trọn đời",0,--,0.06,0.06,0,764,6,2,5,0,1,730,1202,,
1656907305996281,100050310827163,"Đồng hồ Nhà kho","Quạt cổ Italia đuôi bầu gấc – Cánh 25 cm, hàng nguyên bụi

Bộ đôi quạt cổ Italia đuôi bầu gấc, cánh 25 cm, còn đủ dây và giữ nguyên trạng khi về Việt Nam. Hàng nguyên bản, nguyên bụi, chưa test điện, cam kết chưa qua sửa chữa và chưa sang tay tại Việt Nam. Anh em lấy về chủ động bảo dưỡng dầu mỡ, kiểm tra kỹ an toàn điện trước khi sử dụng.

Giá giao lưu cả đôi: 7.500.000đ.

#QuatCo #QuatCoItalia #QuatCoChauAu #HangNguyenBan #DoCoChauAu",0,"08/18/2026 19:59",https://www.facebook.com/donghonhakho.vn/posts/pfbid02NRMGYdAS7Kzgw6G8CnYVa9R7myFoXuy3R42CMYwK7ZgHgQFtkvBF3TUSs8fatBqzl,Ảnh,,"Trọn đời",0,--,0.07,0.07,0,777,3,0,2,0,1,750,1226,,
1656930292660649,100050310827163,"Đồng hồ Nhà kho","Quạt cổ châu Âu – Nên kiểm tra kỹ trước khi sử dụng

Những chiếc quạt cổ châu Âu đa phần đã trải qua nhiều năm sử dụng. Để vận hành an toàn và hiệu quả, anh em nên mang qua thợ điện hoặc thợ quạt có kinh nghiệm để kiểm tra lại dây điện, cách điện, tụ, ổ trục, dầu mỡ và các cơ cấu vận hành trước khi cắm điện sử dụng. Giữ nguyên bản là một giá trị, nhưng an toàn kỹ thuật vẫn phải đặt lên hàng đầu.

#QuatCo #QuatCoChauAu #DoCoChauAu #AnToanDien #GiaTriSuuTam",17,"08/18/2026 20:17",https://www.facebook.com/reel/1608592357721923/,"Thước phim",,"Trọn đời",315,+470.5x,0,0,0,117105,1415,687,1068,50,13,114129,150461,8.571,989100.697
1657012079319137,100050310827163,"Đồng hồ Nhà kho","Quạt cổ Marelli – Dáng đẹp, chạy tốt

Một chiếc quạt cổ Marelli rất tuyệt, kiểu dáng cổ điển đẹp mắt, tổng thể hài hòa và vận hành tốt. Một mẫu quạt cổ châu Âu vừa đẹp để sử dụng, vừa có nét riêng để trưng bày và sưu tầm.

#QuatCo #Marelli #QuatCoChauAu #DoCoChauAu #GiaTriSuuTam",28,"08/18/2026 21:26",https://www.facebook.com/reel/2040489020167070/,"Thước phim",,"Trọn đời",65,+97.7x,0,0,0,26040,274,55,208,3,3,24520,31635,9.656,244490.998
1657024452651233,100050310827163,"Đồng hồ Nhà kho","Quạt cổ Marelli gọng vó – Nguyên bản, hoạt động tốt

Chiếc quạt cổ Marelli gọng vó giữ tình trạng nguyên bản, hoạt động tốt với 3 cấp số, có tuốc năng. Lồng sắt đường kính 30 cm, kiểu dáng cổ điển đẹp và cân đối. Một mẫu quạt cổ châu Âu vừa sử dụng tốt, vừa đáng để anh em yêu đồ cổ sưu tầm.

#QuatCo #Marelli #QuatCoChauAu #QuatCoNguyenBan #DoCoChauAu",44,"08/18/2026 21:35",https://www.facebook.com/reel/2198326794433861/,"Thước phim",,"Trọn đời",122,+179.8x,0,0,0,14866,301,52,178,4,5,14034,17789,11.529,170421.332
1657769219243423,100050310827163,"Đồng hồ Nhà kho","Bầu dầu trên quạt cổ châu Âu – Một cơ cấu bôi trơn rất thú vị

Những chiếc quạt cổ châu Âu thường được trang bị hệ thống bầu dầu để bôi trơn trục và bạc. Dầu được chứa sẵn trong các hốc nhỏ, sau đó bấc vải dẫn dầu dần tới vị trí cần bôi trơn nhờ hiện tượng mao dẫn. Nhờ vậy, bộ phận quay được cấp dầu từ từ trong quá trình vận hành mà không cần tra dầu liên tục.

Một chi tiết cơ khí nhỏ nhưng cho thấy cách thiết kế rất thực dụng và thú vị trên những chiếc quạt cổ.

#QuatCo #QuatCoChauAu #CoKhiCo #DoCoChauAu #SuuTamDoCo",42,"08/19/2026 06:57",https://www.facebook.com/reel/1384612993029319/,"Thước phim",,"Trọn đời",14,+23.2x,0,0,0,10079,69,8,51,2,3,9754,11660,14.228,141654.239
1657781649242180,100050310827163,"Đồng hồ Nhà kho","Quạt cổ đồng bộ – Đẹp từ sự thống nhất trong thiết kế

Những chiếc quạt cổ châu Âu khi còn đồng bộ sẽ cho thấy sự thống nhất rất rõ từ màu sắc, hình dáng đến từng chi tiết cấu thành. Lồng, cánh, thân, đế và các bộ phận cơ khí được thiết kế để ăn nhập với nhau, tạo thành một tổng thể hài hòa. Chính sự đồng bộ ấy là một trong những yếu tố làm nên vẻ đẹp và giá trị sưu tầm của quạt cổ nguyên bản.

#QuatCo #QuatCoChauAu #QuatCoNguyenBan #DoCoChauAu #GiaTriSuuTam",58,"08/19/2026 07:04",https://www.facebook.com/reel/1594322625551834/,"Thước phim",,"Trọn đời",14,+23.2x,0,0,0,5502,61,12,44,1,4,5086,6201,9.239,50870.538
1657965252557153,100050310827163,"Đồng hồ Nhà kho","🌀 CẬP NHẬT MỘT SỐ MẪU QUẠT CỔ CÒN LẠI

Em cập nhật một số chiếc quạt cổ châu Âu còn lại để anh em tham khảo: Marelli chân chó, một số dòng quạt cổ của Pháp, Đức và Italia. Ngoài ra còn có những mẫu quạt cây cổ cao trên 2 mét, dáng rất ấn tượng, phù hợp cả sưu tầm lẫn trưng bày không gian lớn.

Anh em quan tâm mẫu nào vui lòng liên hệ em để xem chi tiết ạ.

📍 Đồng hồ Nhà Kho – Văn Phú, Hà Đông, Hà Nội
☎️ 𝟶𝟿𝟼𝟥 • 𝟜𝟝𝟞 • 𝟿𝟞𝟥

#quatco #quatchauau #quatcoPhap #quatcoDuc #Marelli",0,"08/19/2026 09:04",https://www.facebook.com/donghonhakho.vn/posts/pfbid02gq4DtSWEF2SFgcWP1gPkwMJgzB8JBkbhyCWTZYxk3orQ4Jkz3jxYb7ZvXf5GPbKl,Ảnh,,"Trọn đời",2,--,0.09,0.09,0,1280,11,2,7,0,2,1225,1801,,
1657990895887922,100050310827163,"Đồng hồ Nhà kho","🌀 Marelli gọng vó cổ – giao lưu 5.200.000đ

Một chiếc quạt cổ Marelli gọng vó còn giữ trạng thái nguyên bản rất đẹp, hiện hoạt động tốt. Các cấp số và chức năng điều chỉnh vẫn đầy đủ, có video hoạt động thực tế để anh em tham khảo.

Theo thời gian, miếng cao su chống rung dưới đế đã bị thất lạc, ngoài chi tiết này thì tổng thể quạt còn rất hoàn chỉnh, đẹp và có giá trị sưu tầm.

Anh em quan tâm vui lòng liên hệ em ạ.

#quatco #Marelli #quatchauau #quatItalia #dosuutam",34,"08/19/2026 09:22",https://www.facebook.com/reel/1739895207060665/,"Thước phim",,"Trọn đời",4,+8x,0,0,0,2168,24,4,15,3,3,2009,2536,8.299,18085.026
1657992602554418,100050310827163,"Đồng hồ Nhà kho","🌀 Marelli gọng vó cổ – giao lưu 5.200.000đ

Một chiếc quạt cổ Marelli gọng vó còn giữ trạng thái nguyên bản rất đẹp, hiện hoạt động tốt. Các cấp số và chức năng điều chỉnh vẫn đầy đủ, có video hoạt động thực tế để anh em tham khảo.

Theo thời gian, miếng cao su chống rung dưới đế đã bị thất lạc, ngoài chi tiết này thì tổng thể quạt còn rất hoàn chỉnh, đẹp và có giá trị sưu tầm.

Anh em quan tâm vui lòng liên hệ em ạ.

#quatco #Marelli #quatchauau #quatItalia #dosuutam",0,"08/19/2026 09:23",https://www.facebook.com/donghonhakho.vn/posts/pfbid0yfSKQR5PgFB6EkfSyLGkVnm661UGnxWZL8FM9S2xZKpUR39Gj6mbHAceXdg77Tpml,Ảnh,,"Trọn đời",5,--,0.33,0.33,0,3703,25,3,18,0,2,3661,5137,,
1657999919220353,100050310827163,"Đồng hồ Nhà kho","🌀 Marelli gọng vó cổ – giao lưu 5.200.000đ

Một chiếc quạt cổ Marelli gọng vó còn giữ trạng thái nguyên bản rất đẹp, hiện hoạt động tốt. Các cấp số và chức năng điều chỉnh vẫn đầy đủ, có video hoạt động thực tế để anh em tham khảo.

Theo thời gian, miếng cao su chống rung dưới đế đã bị thất lạc, ngoài chi tiết này thì tổng thể quạt còn rất hoàn chỉnh, đẹp và có giá trị sưu tầm.

Anh em quan tâm vui lòng liên hệ em ạ.

#quatco #Marelli #quatchauau #quatItalia #dosuutam",26,"08/19/2026 09:28",https://www.facebook.com/reel/1786361999056284/,"Thước phim",,"Trọn đời",19,+29.8x,0,0,0,6858,70,8,49,1,3,6473,8078,6.929,46988.894
1658482609172084,100050310827163,"Đồng hồ Nhà kho","Đồng hồ để bàn bằng đồng – Cao 75 cm, nguyên bản

Một chiếc đồng hồ để bàn bằng đồng kích thước lớn, chiều cao lên tới 75 cm, tạo cảm giác bề thế và nổi bật khi trưng bày. Đồng hồ giữ tình trạng nguyên bản, đang hoạt động tốt, vừa mang vẻ đẹp cổ điển của đồ cổ châu Âu, vừa có giá trị sưu tầm cao dành cho anh em yêu những món đồ cơ khí đặc biệt.

#DongHoCo #DongHoDeBan #DongHoBangDong #DoCoChauAu #GiaTriSuuTam",22,"08/19/2026 20:01",https://www.facebook.com/reel/1790209775323603/,"Thước phim",,"Trọn đời",58,+109.8x,0,0,0,52276,1104,237,989,45,28,50194,62681,8.708,436178.819
1658482782505400,100050310827163,"Đồng hồ Nhà kho","Đồng hồ để bàn Đức dáng lồng đèn – Nhiều cấu hình để lựa chọn

Một số mẫu đồng hồ để bàn Đức tạo dáng lồng đèn đẹp, nhỏ gọn và dễ bài trí. Dòng này khá đa dạng, có phiên bản điểm nhạc với chất âm phong phú, cũng có loại không chơi nhạc, chỉ điểm chuông nhẹ nhàng. Mỗi cấu hình mang một nét riêng, phù hợp để trưng bày và sưu tầm đồng hồ cổ Đức.

#DongHoDeBan #DongHoCoDuc #DongHoCo #AmThanhDongHoCo #DongHoSuuTam",23,"08/19/2026 20:01",https://www.facebook.com/reel/1531905068248495/,"Thước phim",,"Trọn đời",2,+5.6x,0,0,0,4580,32,2,27,2,4,4440,5261,4.453,20628.854
1658495405837471,100050310827163,"Đồng hồ Nhà kho","Quạt cổ Marelli Ý – Nguyên bản, nặng tới 9 kg

Một chiếc quạt cổ Marelli xuất xứ Ý, hình thức đẹp và giữ được tình trạng nguyên bản. Đồ xưa cầm rất đầm và nặng tay, riêng chiếc quạt này có khối lượng lên tới 9 kg. Kiểu dáng cổ điển, kết cấu chắc chắn, phù hợp với anh em yêu quạt cổ châu Âu và đề cao giá trị sưu tầm.

#QuatCo #Marelli #QuatCoY #QuatCoChauAu #GiaTriSuuTam",0,"08/19/2026 20:23",https://www.facebook.com/donghonhakho.vn/posts/pfbid0234EXDd7Gbd5TBCknu5kTtw1Yy4AghhnxAPkmQRTCxByUZPbHushXdF5CZNwNgMvGl,Ảnh,,"Trọn đời",3,--,0.06,0.06,0,975,8,0,3,0,2,926,1393,,
1658513742502304,100050310827163,"Đồng hồ Nhà kho","Quạt cổ Marelli Ý – Nguyên bản, nặng tới 9 kg

Một chiếc quạt cổ Marelli xuất xứ Ý, hình thức đẹp và giữ được tình trạng nguyên bản. Đồ xưa cầm rất đầm và nặng tay, riêng chiếc quạt này có khối lượng lên tới 9 kg. Kiểu dáng cổ điển, kết cấu chắc chắn, phù hợp với anh em yêu quạt cổ châu Âu và đề cao giá trị sưu tầm.

#QuatCo #Marelli #QuatCoY #QuatCoChauAu #GiaTriSuuTam",31,"08/19/2026 20:55",https://www.facebook.com/reel/922490900327519/,"Thước phim",,"Trọn đời",8,+13.8x,0,0,0,2958,34,2,23,1,3,2791,3579,7.907,23897.246
1658524015834610,100050310827163,"Đồng hồ Nhà kho","Kundo 400 ngày – Một lần lên cót, chạy gần 400 ngày

Chiếc đồng hồ để bàn Kundo xuất xứ Đức nổi bật với cơ chế 400 ngày, chỉ cần lên cót một lần có thể hoạt động trong thời gian rất dài. Đồng hồ giữ tình trạng nguyên bản, hình thức đẹp, kiểu dáng đặc trưng và phù hợp với anh em yêu đồng hồ cơ cổ, đồng hồ để bàn và những mẫu có giá trị sưu tầm.

#DongHoCo #DongHoKundo #DongHo400Ngay #DongHoDeBan #GiaTriSuuTam",30,"08/19/2026 21:14",https://www.facebook.com/reel/1598590091969504/,"Thước phim",,"Trọn đời",74,+113.1x,0,0,0,17630,272,51,180,12,9,17179,21324,10.4,180760.895
1658641902489488,100050310827163,"Đồng hồ Nhà kho","Đồng Hồ Ô Đô Ông Tây Đánh Chuông – Đẹp Và Đậm Chất Sưu Tầm- Mã số #1182
💵: 5tr5
✨ Một mẫu đồng hồ cổ Pháp rất duyên với cơ cấu ông Tây đánh chuông nổi bật phía trên mặt số. Mỗi khi điểm chuông, tượng chuyển động gõ trực tiếp vào quả chuông đồng, tạo nên nét thú vị riêng của dòng đồng hồ cơ cổ này.

✨ Thùng gỗ đẹp, phối nhiều mảng vân gỗ tương phản, kết hợp chạm hoa văn nổi khá tinh tế. Mặt số Art Deco cùng kính trang trí hai bên tạo tổng thể rất đặc trưng, giữ được vẻ cổ điển và nguyên bản.

⚙️ Bộ máy đẹp, sạch sẽ, cơ cấu đánh chuông trực quan và thú vị. Đồng hồ 30 phút điểm chuông một lần, tiếng chuông vang, gọn và dễ nghe. Đây vừa là một chiếc đồng hồ quả lắc để chơi, vừa có giá trị trưng bày đối với người sưu tầm đồng hồ cổ.

📐 Kích thước: 45 × 35 cm – nhỏ gọn, dễ bài trí trong nhiều không gian.

📍 Đồng hồ Nhà Kho – Văn Phú, Hà Đông, Hà Nội
☎️ 𝟶𝟿𝟼𝟥 • 𝟜𝟝𝟞 • 𝟿𝟞𝟥

#dong_ho_co #dong_ho_co_phap #dong_ho_qua_lac #dong_ho_ong_tay",0,"08/20/2026 00:55",https://www.facebook.com/donghonhakho.vn/posts/pfbid037u7xtRkM6NyayBtBxpYMj3BK3yxZMJyZ2fE3U3qBGs2upb34Ck6NEbGXyqmt3qBel,Ảnh,,"Trọn đời",1,--,0.06,0.06,0,835,5,1,3,0,1,785,1270,,
1659575702396108,100050310827163,"Đồng hồ Nhà kho","Zodiaco San Giorgio – Quạt cây Ý thập niên 1950, thiết kế cực kỳ đặc biệt

Nhìn tem trên lồng có thể nhận ra đây là Zodiaco San Giorgio, một mẫu quạt cổ Ý nổi tiếng với thiết kế rất khác biệt: thân cây cao, đầu quạt đặt trong bộ lồng gần như hình cầu, tạo cảm giác mang hơi hướng công nghiệp – tương lai của thập niên 1950. Các tư liệu sưu tầm quốc tế ghi nhận dòng Zodiaco của San Giorgio được sản xuất tại Ý, nhiều phiên bản có khả năng xoay 360°, 3 cấp gió và chiều cao khoảng 1,85–2,20 m. (InCollect)

Chiếc trong ảnh còn giữ nước sơn cũ, lồng kim loại, thân và đế mang dấu thời gian khá rõ. Chính vẻ nguyên bản, kích thước lớn và kiểu dáng hiếm gặp khiến Zodiaco San Giorgio ngày nay được xem như một món quạt cổ châu Âu có giá trị sưu tầm, vừa là thiết bị cơ khí, vừa giống một tác phẩm decor Ý giữa thế kỷ XX. (intOndo)

Riêng các chức năng như xoay 360°, số cấp gió hay tình trạng vận hành của chiếc cụ thể này vẫn nên kiểm tra thực tế trước khi khẳng định.

#QuatCo #QuatCoY #SanGiorgio #Zodiaco #DoCoChauAu",28,"08/21/2026 03:17",https://www.facebook.com/reel/1705131288283798/,"Thước phim",,"Trọn đời",136,+208.1x,0,0,0,65298,765,148,597,40,11,63569,82893,12.817,827878.565
1661798358840509,100050310827163,"Đồng hồ Nhà kho","Quạt cây Pezzoni – Nguyên bản, dáng cổ điển đẹp mắt

Một chiếc quạt cây Pezzoni giữ tình trạng nguyên bản, mang đúng vẻ đẹp cơ khí của những chiếc quạt cổ châu Âu. Dáng cây cao thanh thoát, thiết kế hài hòa và đậm chất đồ xưa, rất đẹp khi đặt trong không gian nội thất cổ điển. Một mẫu đáng chú ý với anh em yêu quạt cổ và đề cao giá trị sưu tầm.

#QuatCo #Pezzoni #QuatCayCo #QuatCoChauAu #GiaTriSuuTam",58,"08/23/2026 17:17",https://www.facebook.com/reel/1413126690742196/,"Thước phim",,"Trọn đời",4,+8.2x,0,0,0,3826,33,1,28,0,3,3775,4243,7.644,29234.346
1661850892168589,100050310827163,"Đồng hồ Nhà kho","Quạt cây Pezzoni – Nguyên bản, mang dấu vết thời gian

Một chiếc quạt cây Pezzoni giữ tình trạng nguyên bản, mang vẻ đẹp đặc trưng của quạt cổ châu Âu. Phần tem phía trước có lẽ đã bong mất theo thời gian, hiện vẫn còn nhìn thấy dấu vết keo cũ nhưng không còn tem. Ngoài ra, vị trí núm vặn điều chỉnh lên xuống hiện không vặn được. Em mô tả đúng hiện trạng để anh em chủ động đánh giá trước khi sưu tầm.

#QuatCo #Pezzoni #QuatCayCo #QuatCoChauAu #HangNguyenBan",33,"08/23/2026 19:01",https://www.facebook.com/reel/1329447048988495/,"Thước phim",,"Trọn đời",3,+6.4x,0,0,0,3495,19,1,13,1,3,3406,3959,5.984,21316.055
1661856892167989,100050310827163,"Đồng hồ Nhà kho","Marelli gọng vó – Thiết kế đặc trưng được giới sưu tầm yêu thích

Người chơi thường gọi dòng này là “quạt gọng vó” bởi phần lồng bảo vệ phía sau có hệ thống nan đỡ tạo hình khá giống bộ gọng của chiếc vó đánh cá ngày xưa. Chính thiết kế khác biệt ấy tạo nên dáng vẻ rất riêng và dễ nhận diện.

Một chiếc quạt cổ Marelli đẹp không chỉ được anh em sưu tầm tại Việt Nam yêu thích mà dòng quạt cổ này còn được giới chơi đồ xưa ở nhiều nơi trên thế giới quan tâm. Với những chiếc còn giữ được độ nguyên bản cao, vẻ đẹp cơ khí và dấu ấn thời gian càng làm tăng sức hấp dẫn cũng như giá trị sưu tầm.

#QuatCo #Marelli #QuatGongVo #QuatCoChauAu #GiaTriSuuTam",53,"08/23/2026 19:11",https://www.facebook.com/reel/2157539125120632/,"Thước phim",,"Trọn đời",4,+8.1x,0,0,0,3518,27,1,20,2,3,3438,3976,7.776,28159.002
1661865138833831,100050310827163,"Đồng hồ Nhà kho","Ông Tây Đánh Chuông – Một thiết kế rất riêng của đồng hồ cổ Pháp

“Ông Tây Đánh Chuông” là cách gọi rất quen thuộc của người chơi Việt dành cho dòng Ô Đô Jacquemar với hình nhân cầm búa bên quả chuông. Điểm cuốn hút nằm ở hoạt cảnh đánh chuông sinh động, biến việc báo giờ thành thứ vừa có thể nghe, vừa có thể nhìn thấy. Một thiết kế đặc biệt, đẹp để trưng bày và có sức hút riêng với anh em sưu tầm đồng hồ cổ.

#DongHoCo #DongHoCoPhap #OngTayDanhChuong #DongHoSuuTam #GiaTriSuuTam",27,"08/23/2026 19:26",https://www.facebook.com/reel/4497822640433688/,"Thước phim",,"Trọn đời",0,+2.1x,0,0,0,3282,16,0,15,0,3,3203,3590,4.693,15314.402
1661884848831860,100050310827163,"Đồng hồ Nhà kho","Cam ốc đồng hồ cổ – Cơ cấu giúp điểm chuông đúng theo giờ

Cam ốc trên đồng hồ cổ thường có 12 bậc tương ứng với 12 giờ. Mỗi bậc sẽ xác định vị trí của thanh răng, qua đó quyết định bộ máy phải điểm bao nhiêu tiếng chuông.

Hiểu đơn giản, cam ốc và thanh răng là cầu nối giữa kim chỉ giờ và bộ điểm chuông, giúp chiếc đồng hồ cơ cổ nhận biết giờ hiện tại để đánh đúng số tiếng tương ứng. Đây là một cơ cấu cơ khí đơn giản nhưng rất thông minh trên nhiều dòng đồng hồ cổ châu Âu.

#DongHoCo #DongHoCoKhi #CamOcDongHo #CoCauDiemChuong #SuuTamDongHoCo",49,"08/23/2026 20:02",https://www.facebook.com/reel/1427844832592862/,"Thước phim",,"Trọn đời",2,+6.2x,0,0,0,6203,65,3,56,7,3,6054,7070,13.951,83655.678
1625906432429702,100050310827163,"Đồng hồ Nhà kho","5 mẫu đồng hồ cổ dưới 10 triệu, người mới nên tham khảo

Nếu mới bắt đầu sưu tầm đồng hồ cổ, anh em sẽ rất dễ “lạc” giữa vô số thương hiệu, cấu hình máy, số côn, số búa, bản nhạc và mức giá khác nhau. Chính vì vậy, nhiều người mới thường băn khoăn không biết nên bắt đầu từ đâu và lựa chọn mẫu nào để vừa dễ chơi, vừa ít rủi ro.

Trong bài viết này, Nhà Kho chỉ chia sẻ góc nhìn cá nhân sau nhiều năm sửa chữa, phục chế và giao lưu đồng hồ cổ. Đây không phải bài bán hàng hay khuyên anh em phải mua ở đâu. Những mẫu dưới đây chỉ là những gợi ý để anh em tham khảo. Anh em hoàn toàn có thể tìm mua tại những cửa hàng uy tín gần nơi mình sinh sống hoặc trên internet để lựa chọn chiếc đồng hồ phù hợp nhất.

Tiêu chí lựa chọn

Theo kinh nghiệm của Nhà Kho, một chiếc đồng hồ dành cho người mới nên đáp ứng các tiêu chí sau:

* Chất âm hay, dễ nghe và phù hợp với nhiều không gian.
* Bộ máy bền bỉ, hoạt động ổn định.
* Dễ tìm linh kiện thay thế và dễ sửa chữa.
* Có cộng đồng người chơi đông đảo để dễ học hỏi kinh nghiệm.
* Có giá trị sưu tầm và tính thanh khoản tương đối tốt.

1. Đồng hồ Junhan côn hoa thị

Junhan là một trong những thương hiệu đồng hồ cổ Đức du nhập vào Việt Nam từ khá sớm và được nhiều người chơi yêu thích. Hãng có rất nhiều mẫu mã, kiểu dáng và phân khúc giá khác nhau.

Nếu dành cho người mới, em khuyên anh em nên lựa chọn dòng Junhan côn hoa thị. Dòng này sở hữu chất âm sáng, nhẹ, trong trẻo và rất dễ nghe, phù hợp với thị hiếu của đa số người chơi tại Việt Nam.

Ưu điểm của Junhan là máy móc bền bỉ, linh kiện phổ biến, dễ sửa chữa, cộng đồng người chơi đông và tính thanh khoản tốt. Đây cũng là một trong những dòng đồng hồ rất dễ bắt đầu đối với người mới sưu tầm.

2. Đồng hồ Carrez côn đồng

Carrez là thương hiệu đồng hồ cổ Pháp được nhiều người chơi lâu năm đánh giá cao nhờ bộ máy khỏe, kết cấu chắc chắn và chất âm rất đặc trưng.

Các thiết kế của Carrez thường sử dụng bộ máy lớn, hoạt động ổn định và có độ bền cao. Đặc biệt, những phiên bản côn đồng cho tiếng chuông trầm ấm, ngân vang và có chiều sâu, mang đến cảm giác rất dễ chịu khi thưởng thức.

Ở phân khúc dưới 10 triệu đồng, Carrez có khá nhiều lựa chọn đẹp, máy khỏe, dễ sửa chữa và giá trị sưu tầm ổn định. Nếu anh em yêu thích chất âm đồng hồ cổ thì đây là một lựa chọn rất đáng cân nhắc.

3. Đồng hồ Vê Đét 42

Vê Đét là một trong những thương hiệu đồng hồ cổ Pháp nổi tiếng với nhiều thiết kế đẹp và mang phong cách rất riêng.

Phiên bản em muốn giới thiệu là Vê Đét 42. Bộ máy khỏe, hoạt động ổn định, đặc biệt các phiên bản côn lông máng cho tiếng chuông ngân xa, cộng hưởng tốt và rất hợp với thị hiếu người chơi tại Việt Nam.

Hiện nay, giá của Vê Đét 42 vẫn khá dễ tiếp cận trong khi chất lượng và giá trị sưu tầm vẫn được đánh giá rất cao.

4. Đồng hồ FF thùng ngang

FF là thương hiệu được nhiều người biết đến nhờ bộ máy bền, dễ chạy, dễ sửa chữa và nguồn linh kiện khá phổ biến.

Nếu ba dòng phía trên chủ yếu là thiết kế thùng dài thì FF thùng ngang lại mang phong cách khác biệt hơn.

Đặc biệt, nhiều phiên bản sở hữu cấu hình 10 côn, 4 bản nhạc tự động thay đổi, rất phù hợp với những anh em yêu thích sự đa dạng về giai điệu. Dòng này có tiếng chuông to, rõ, máy khỏe, dễ vận hành và cũng là một lựa chọn đáng cân nhắc trong phân khúc dưới 10 triệu đồng.

5. Đồng hồ Ô Đô 30 và Ô Đô 36 máy trắng

Lựa chọn cuối cùng em muốn giới thiệu là các dòng Ô Đô 30 và Ô Đô 36 máy trắng.

Do sử dụng vách máy bằng hợp kim màu trắng nên dòng này thường không được săn tìm nhiều như máy đồng vàng, vì vậy mức giá cũng mềm hơn đáng kể.

Tuy nhiên, điều đó không có nghĩa chất lượng kém. Các bạc máy vẫn được chế tạo bằng đồng chống mài mòn, đảm bảo khả năng vận hành ổn định và độ bền lâu dài.

Quan trọng hơn, đây vẫn là đồng hồ mang thương hiệu Ô Đô – thương hiệu có sức ảnh hưởng rất lớn trong thú chơi đồng hồ cổ tại Việt Nam. Vì vậy, nếu muốn trải nghiệm chất lượng của Ô Đô với mức đầu tư dưới 10 triệu đồng thì đây là một lựa chọn rất đáng để bắt đầu.

Lời kết

Trên đây là 5 dòng đồng hồ cổ dưới 10 triệu đồng mà theo quan điểm cá nhân của Nhà Kho thật sự phù hợp với người mới bước vào thú chơi.

Danh sách này được lựa chọn dựa trên các tiêu chí về chất âm, độ bền của bộ máy, khả năng sửa chữa, tính phổ biến, giá trị sưu tầm và tính thanh khoản. Tất nhiên, mỗi người sẽ có sở thích khác nhau về kiểu dáng, âm thanh và thương hiệu, vì vậy anh em hãy coi đây là những gợi ý để tham khảo trước khi đưa ra quyết định.

Nếu có điều kiện, em vẫn khuyên anh em nên tìm mua tại những cửa hàng uy tín gần nơi mình sinh sống để thuận tiện cho việc bảo dưỡng và hỗ trợ kỹ thuật sau này.

Chúc anh em sớm tìm được chiếc đồng hồ cổ, đồng hồ cơ cổ hay đồng hồ quả lắc đầu tiên thật ưng ý và có nhiều niềm vui trên hành trình sưu tầm.",0,"07/13/2026 03:51",https://www.facebook.com/donghonhakho.vn/posts/pfbid0JMEpPgKrQa6HyErZbDZS6uoBAB3gKrgUYKVVSbL13gfihnba6YeuJAiwiDYXZs6Hl,Ảnh,,"Trọn đời",12,--,0.24,0.24,0,3701,40,1,25,3,1,3675,5608,,
1639525604401118,100050310827163,"Đồng hồ Nhà kho","Đồng Hồ Vai Bò Đức 5 Côn Dáng Dài – Họa Tiết Đồng Sang Trọng, Chất Âm Ngân Cuốn Hút- Mã số #1013
💵: 5tr
🔹 Thiết kế vai bò dáng dài cân đối, vân gỗ tự nhiên nổi bật, kết hợp họa tiết đồng tạo điểm nhấn sang trọng và hài hoà, dễ phối trong nhiều không gian nội thất.

🔹 Bộ máy Đức hoạt động ổn định, bền bỉ theo thời gian, phù hợp vừa sử dụng hằng ngày vừa sưu tầm lâu dài.

🔹 Trang bị cần gạt ngắt chuông ngay trên mặt số, thao tác nhanh chóng và tiện lợi khi cần tắt tiếng chuông.

🔹 Hệ thống 5 côn với củ côn cao cho chất âm ngân vang, trong trẻo và sâu lắng, mang đậm nét đặc trưng của âm thanh đồng hồ cổ.

📏 Kích thước: 73 × 21 cm

☎️ 0963.456.963 
🏠 KĐT Văn Phú, Hà Đông, Hà Nội

#DongHoCo #DongHoCoDuc #DongHoQuaLac #DongHoCoChauAu #DongHoSuuTam #DongHoCoNguyenBan #AmThanhDongHoCo",0,"07/29/2026 19:34",https://www.facebook.com/donghonhakho.vn/posts/pfbid0xtzHAhG1zSY8AopQye4asGv9jhq54DcXxCuFdr8hceMsdtJRHVZ2BV3CnueAPftsl,Ảnh,,"Trọn đời",1,--,0.05,0.05,0,575,5,0,3,0,1,546,841,,
1639516511068694,100050310827163,"Đồng hồ Nhà kho","Đồng Hồ Vai Bò Đức 4 Côn Điểm Bính Boong – Dáng Thanh Lịch, Âm Thanh Trầm Ấm- Mã số #746
💵:2tr8
✨ Một mẫu đồng hồ cổ Đức sở hữu thiết kế vai bò cân đối, đường cong mềm mại cùng vân gỗ nổi tự nhiên, phù hợp với nhiều không gian từ phòng khách đến phòng làm việc. Đây là lựa chọn đáng cân nhắc cho anh em yêu đồng hồ cơ cổ và đồng hồ châu Âu cổ.

🔹 Kiểu dáng vai bò cổ điển, mặt số nổi vàng kết hợp nền vân gỗ tạo tổng thể hài hòa, sang trọng.

🔹 Bộ máy Đức hoạt động ổn định, lên cót nhẹ, bền bỉ theo thời gian. Cơ cấu máy được hoàn thiện chắc chắn, phù hợp để chơi và sưu tầm lâu dài.

🔹 Hệ thống 4 côn điểm chuông bính boong cho chất âm ấm, vang vừa phải, báo giờ rõ ràng, mang đến cảm giác hoài niệm đặc trưng của âm thanh đồng hồ cổ.

📏 Kích thước: 54 × 23 cm

☎️ 0963.456.963 
🏠 KĐT Văn Phú, Hà Đông, Hà Nội

#DongHoCo #DongHoCoDuc #DongHoQuaLac #DongHoCoChauAu #DongHoSuuTam #DongHoCo #DoCoChauAu",0,"07/29/2026 19:21",https://www.facebook.com/donghonhakho.vn/posts/pfbid02P43abxPot8oauxBviduJidEdLeCiAv3tzGcALnCKkY7adNrfkjzyx2bXn2f6bSMul,Ảnh,,"Trọn đời",1,--,0.04,0.04,0,547,4,0,2,0,1,535,832,,
1639480101072335,100050310827163,"Đồng hồ Nhà kho","Sau 136 năm lịch sử",0,"07/29/2026 18:18",https://www.facebook.com/donghonhakho.vn/posts/pfbid0DkDksPdzP8DFnD9Bw3RDs5rwsf9iiXPk61Hef1oZ4wjm6vJXyWG4yUPQWaJsKefcl,Ảnh,,"Trọn đời",0,--,0.02,0.02,0,1070,8,0,6,0,2,1018,1446,,
1639431794410499,100050310827163,"Đồng hồ Nhà kho","TÔI KHÔNG NHỚ ĐÃ CÓ BAO NHIÊU CHIẾC ĐỒNG HỒ QUA TAY MÌNH

Thỉnh thoảng có anh em ghé Nhà Kho lại hỏi tôi:

“Đến giờ chắc đã có rất nhiều chiếc đồng hồ đi qua tay anh rồi nhỉ?”

Tôi chỉ cười.

Thật lòng mà nói…

Tôi không nhớ.

Gắn bó với đồng hồ cổ, đã có không biết bao nhiêu chiếc đồng hồ đi qua tay mình.

Có chiếc chỉ cần lau chùi, bảo dưỡng rồi lại tiếp tục hành trình.

Có chiếc phải dành cả tuần, thậm chí cả tháng để sửa chữa, căn chỉnh từng chút một mới có thể hoạt động ổn định.

Có chiếc theo tôi rất lâu.

Cũng có chiếc vừa về kho đã nhanh chóng tìm được người phù hợp.

Thời gian trôi qua, số lượng nhiều đến mức tôi không còn nhớ nổi đã từng cầm trên tay bao nhiêu chiếc đồng hồ.

Nhưng điều lạ là…

Tôi lại nhớ rất nhiều con người.

Có bác lớn tuổi đứng rất lâu trước một chiếc đồng hồ rồi kể về ngôi nhà cũ của mình.

Có anh chạy hàng trăm cây số chỉ để được nghe thử tiếng chuông ngoài đời.

Có người sau khi mang đồng hồ về nhà, vài tháng sau lại nhắn cho tôi một tấm ảnh.

Không phải để hỏi giá.

Không phải vì đồng hồ có vấn đề.

Chỉ đơn giản là muốn khoe:

“Anh xem này, treo lên đúng góc phòng em mong muốn rồi.”

Có người gửi cả một đoạn video.

Trong đó chẳng có gì đặc biệt.

Chỉ là đúng giờ, chiếc đồng hồ cất tiếng chuông.

Ở dưới, cả gia đình đang ngồi uống nước và nói chuyện với nhau.

Những khoảnh khắc như vậy, tôi nhớ rất lâu.

Làm nghề này, tôi dần nhận ra…

Điều khiến mình gắn bó không chỉ là những bộ máy cơ khí hay tiếng chuông ngân vang.

Mà là những con người mình có cơ hội gặp gỡ trên hành trình của mỗi chiếc đồng hồ.

Mỗi người tìm đến đồng hồ cổ bằng một lý do khác nhau.

Người muốn lưu giữ một góc ký ức.

Người muốn hoàn thiện không gian sống.

Người đơn giản chỉ vì yêu tiếng tích tắc đã theo mình từ thuở nhỏ.

Còn tôi…

Tôi thấy mình may mắn vì được đồng hành cùng những chiếc đồng hồ ấy trong một đoạn đường.

Có chiếc tôi chỉ sửa chữa.

Có chiếc tôi chăm sóc, bảo dưỡng.

Có chiếc tôi giúp tìm được một mái nhà mới.

May mắn vì có cơ hội giao lưu với những chủ nhân cũ, mới của những chiếc đồng hồ.

Rồi chúng lại tiếp tục kể câu chuyện của mình ở một nơi khác.

Nếu hôm nay ai đó hỏi tôi:

“Đã có bao nhiêu chiếc đồng hồ đi qua tay anh?”

Có lẽ tôi vẫn sẽ mỉm cười và trả lời:

“Tôi không nhớ.”

Nhưng tôi nhớ rất nhiều khuôn mặt, rất nhiều cuộc trò chuyện và rất nhiều câu chuyện mà những chiếc đồng hồ ấy đã mang đến.

Có lẽ, đó mới là điều quý giá nhất mà nghề này dành cho tôi.",0,"07/29/2026 16:44",https://www.facebook.com/donghonhakho.vn/posts/pfbid0tK4ZUS7uFSji6yLxznprBEEswmrwroekSruVYP9MfLfaWiuFPRMTHV1j7g4VWnZDl,Ảnh,,"Trọn đời",0,--,0.02,0.02,0,830,8,0,7,0,1,803,1147,,
1639412334412445,100050310827163,"Đồng hồ Nhà kho","KÝ ỨC KHÔNG THỂ NÂNG DỰNG

Có những cuộc gặp chỉ kéo dài vài tiếng.

Nhưng đến tận lúc ngồi đây viết những dòng này, câu chuyện vẫn còn nguyên trong đầu tôi.

Sáng nay, tôi đón hai anh khách đến Nhà Kho.

Một anh sinh năm 9X, quê Hải Hậu, Nam Định. Một anh chạc tuổi tôi, quê Vĩnh Lộc, Thanh Hóa.

Chỉ sau vài câu chuyện làm quen, chúng tôi mới biết hai anh đều từng học Trường Đại học Dược Hà Nội và cũng cùng thời sinh viên với tôi.

Thế là câu chuyện chẳng còn xoay quanh đồng hồ nữa.

Ba anh em bắt đầu nhắc về một Hà Nội của hơn hai mươi năm trước.

Nhắc về những đứa con từ vùng quê, xách chiếc hòm tôn lên Hà Nội nhập học.

Nhắc về những căn phòng trọ nhỏ, những bữa cơm sinh viên đạm bạc, những đồng tiền bố mẹ ở quê chắt chiu từng tháng gửi ra.

Ngày ấy ai cũng nghèo.

Nhưng ai cũng mang theo những ước mơ rất lớn.

Có lẽ vì cùng đi qua một quãng đời như thế nên dù mới gặp lần đầu, chúng tôi vẫn thấy gần gũi như những người bạn cũ.

Xem đồng hồ xong, chẳng ai muốn về.

Ba anh em rủ nhau ra quán bia gần đó.

Vài cốc bia, vài món nhắm, câu chuyện lại quay về với những chiếc đồng hồ cổ.

Tôi hỏi một anh:

“Điều gì khiến anh bắt đầu chơi đồng hồ cổ?”

Anh cười.

Anh bảo trước đây mình chẳng biết gì về đồng hồ.

Trong công ty có một cậu em rất mê đồng hồ cổ. Hai anh em chơi thân, cứ rảnh là lại ngồi nói chuyện. Hôm thì nghe về tiếng chuông, hôm thì nghe về bộ máy, hôm lại xem cậu ấy khoe chiếc đồng hồ mới tìm được.

Nghe nhiều rồi thành thích lúc nào không hay.

Rồi anh kể về bà của mình.

Ngày trước, trong nhà bà có một chiếc đồng hồ Liên Xô.

Bây giờ chiếc đồng hồ ấy chỉ đáng giá vài trăm nghìn đồng.

Nhưng anh bảo, nếu ngày đó chiếc đồng hồ ấy không còn là chiếc đồng hồ nguyên bản bà từng dùng, mà chỉ là một chiếc đồng hồ được làm lại theo ý thích của ai đó, thì có lẽ nó cũng không còn đem lại cho anh nhiều cảm xúc đến vậy.

Điều anh nhớ không phải là giá trị của chiếc đồng hồ.

Mà là hình ảnh của bà, là ngôi nhà cũ và là những tiếng chuông đã đi cùng tuổi thơ mình.

Có lẽ cũng từ những ký ức ấy mà anh bắt đầu tìm hiểu về đồng hồ cổ.

Sau nhiều ngày tìm hiểu, xem không ít cửa hàng, hỏi những người chơi lâu năm và anh em trên các diễn đàn, cuối cùng anh chọn mang về một chiếc Ô-đô 36/10 nguyên bản.

Tôi hỏi:

“Sao anh không chọn một chiếc nâng dựng đẹp hơn?”

Anh cười rồi trả lời rất nhẹ:

“Nếu sau này để lại cho con cháu, anh vẫn muốn đó là một chiếc đồng hồ nguyên bản.”

Tôi hỏi tiếp:

“Vì sao?”

Anh đáp:

“Chiếc đồng hồ Liên Xô của bà anh đâu có đáng bao nhiêu tiền. Nhưng giá trị của nó không nằm ở giá tiền. Nó nằm ở những ký ức mà nó mang theo. Anh nghĩ một chiếc đồng hồ nguyên bản cũng vậy. Sau này đến lượt mình truyền lại cho con cháu, anh cũng muốn truyền đi cả những câu chuyện gắn với nó.”

Ngồi nghe đến đó, tôi chỉ lặng im.

Có lẽ nhiều người tìm đến một chiếc đồng hồ nguyên bản không phải vì nó đẹp hơn.

Cũng không hẳn vì nó đắt hơn.

Mà vì những gì nó mang theo không thể làm lại được.

Một chiếc đồng hồ nâng dựng có thể phục hồi vẻ đẹp.

Có thể thay đổi hình thức.

Có thể làm mới gần như mọi thứ.

Nhưng không ai có thể nâng dựng lại những năm tháng mà chiếc đồng hồ ấy đã đi qua.

Chiều nay, tôi bán được một chiếc Ô-đô 36/10 nguyên bản.

Nhưng điều khiến tôi nhớ nhất lại không phải là chiếc đồng hồ.

Mà là câu chuyện của ba người đàn ông, từ những miền quê khác nhau, cùng ngồi bên vài cốc bia và nhắc về một thời tuổi trẻ.

Đến tận lúc ngồi viết những dòng này, dư vị của buổi bia trưa dường như cũng đã nhạt đi.

Chỉ có câu chuyện của anh vẫn còn ở lại.

Và tôi chợt nhận ra…

Có những thứ, dù giá trị vật chất không lớn, nhưng lại đáng quý vì chúng mang theo ký ức của nhiều thế hệ.

Có lẽ đó cũng là lý do, sau rất nhiều ngày tìm hiểu, anh đã chọn mang về một chiếc Ô-đô 36/10 nguyên bản. Không phải để cất giữ một món đồ cũ.

Mà để gìn giữ một phần ký ức, rồi một ngày nào đó lại tiếp tục trao phần ký ức ấy cho thế hệ sau.",0,"07/29/2026 16:08",https://www.facebook.com/donghonhakho.vn/posts/pfbid02Rgq5iFdQq9gzgr2o9ULwgTu3fFfxU8QKPqr3D6DVzS4Lmqstan6vWujoLogpdybRl,Ảnh,,"Trọn đời",2,--,0.02,0.02,0,1188,11,0,7,0,2,1143,1715,,
1638855917801420,100050310827163,"Đồng hồ Nhà kho","Đồng hồ vai bò Rolls 9 côn – 3 bản nhạc, mặt số La Mã nền vàng hồng sang trọng- Mã số #1062
💵:8tr3
✨ Mẫu đồng hồ vai bò kích thước lớn 75 × 24 cm với đường cong mềm mại, cân đối. Hai bên điểm nhấn bằng họa tiết đồng tinh xảo, tạo vẻ sang trọng và đậm chất đồng hồ châu Âu cổ.

✨ Mặt số La Mã nền vàng hồng nổi bật, kết hợp kim nguyên bản thanh mảnh. Trên mặt số tích hợp cần gạt ngắt chuông và cần gạt bài giúp dễ dàng chuyển bài nhạc Westminster – Whittington – St. Michael hoặc tắt chuông khi cần, rất tiện trong quá trình sử dụng.

⚙️ Máy cơ 9 côn bền bỉ, hoạt động ổn định, được đánh giá cao về độ chính xác và độ bền, phù hợp cả chơi lẫn sưu tầm đồng hồ cổ.

🎵 Âm thanh: Chất âm ngân vang, trong trẻo và ấm áp. Cứ mỗi 15 phút đồng hồ lại cất lên giai điệu đầy cuốn hút, mang đến không gian thư thái và đậm chất âm thanh đồng hồ cổ.

📏 Kích thước: 75 × 24 cm.

📍Đồng hồ Nhà Kho
🏠KĐT Văn Phú, Phú La, Hà Đông, Hà Nội
☎️ 0963 456 963

#DongHoCo #DongHoQuaLac #DongHoCoDuc #DongHoSuuTam #DoCoChauAu",0,"07/29/2026 01:30",https://www.facebook.com/donghonhakho.vn/posts/pfbid02zCtUkKuDmoKjC6EQZYqqsyzGSyEJHQq6vhVapRFusKWUJANvkQL12cNiqDnqVfX9l,Ảnh,,"Trọn đời",1,--,0.04,0.04,0,629,6,0,4,0,1,616,955,,
1638831057803906,100050310827163,"Đồng hồ Nhà kho","Đồng hồ vai bò Urgos 9 côn chơi 3 bản nhạc, chất âm cực ngân- Mã số #241
💵: 8tr3
✨ Thiết kế vai bò cân đối, đường cong mềm mại kết hợp vân gỗ đẹp tự nhiên, mang vẻ sang trọng và đậm chất đồng hồ châu Âu cổ, phù hợp nhiều không gian trưng bày.

⚙️ Bộ máy cơ 9 côn bền bỉ, hoạt động ổn định, cơ cấu chính xác, được nhiều người yêu đồng hồ sưu tầm đánh giá cao.

🎵 Chơi 3 bản nhạc, mỗi 15 phút ngân lên giai điệu trong trẻo, ấm áp. Chất âm ngân dài, sâu và truyền cảm là điểm nhấn khiến chiếc đồng hồ cơ cổ này luôn có sức hút với người chơi.

📏 Kích thước: 67 × 23 cm.

📍 Đồng hồ Nhà Kho
🏠 KĐT Văn Phú, Phú La, Hà Đông, Hà Nội
☎️ 0963 456 963

#DongHoCo #DongHoQuaLac #DongHoCoDuc #DongHoSuuTam #DoCoChauAu",0,"07/29/2026 00:49",https://www.facebook.com/donghonhakho.vn/posts/pfbid0PB318uxStifjHF4y9r5K2SDEreguMYMvFbTYaViM3p45jnyXqPNDQURCXWK28paol,Ảnh,,"Trọn đời",1,--,0.05,0.05,0,737,5,0,3,0,1,710,1150,,
1638678767819135,100050310827163,"Đồng hồ Nhà kho","🕰️ Ô Đô 36/10 zin – Dòng đồng hồ luôn được nhiều anh em lựa chọn nhờ thiết kế đẹp, máy bền và chất âm cuốn hút. Nếu đang có ý định sở hữu một chiếc 36/10, đây là thời điểm rất hợp lý để xuống tiền.

#DongHoCo #Odo3610 #DongHoQuaLac #DongHoCoDien #DongHoSuuTam",24,"07/28/2026 20:30",https://www.facebook.com/reel/1333941022215727/,"Thước phim",,"Trọn đời",17,+26.9x,0.08,0.08,0,8311,135,3,118,3,1,7908,9902,8.14,66895.834
1638574424496236,100050310827163,"Đồng hồ Nhà kho","🕰️ Ô Đô 36/10 zin – Mẫu đồng hồ cổ được nhiều anh em yêu thích nhờ máy 10 côn 10 búa, âm thanh ngân vang trầm ấm. Tình trạng nguyên bản, vận hành ổn định, ngoại hình đẹp và đặc biệt giá rất hợp lý, phù hợp cho cả người mới chơi lẫn anh em sưu tầm.

#DongHoCo #Odo3610 #DongHoQuaLac #DongHoSuuTam #DongHoDep",33,"07/28/2026 17:37",https://www.facebook.com/reel/915583111602641/,"Thước phim",,"Trọn đời",48,+72.4x,0.1,0.1,0,11987,169,25,116,12,3,11260,15180,12.419,145744.104
1638565224497156,100050310827163,"Đồng hồ Nhà kho","🕰️ Ô Đô 62/10 – Mẫu đồng hồ cổ được nhiều anh em sưu tầm yêu thích nhờ thiết kế sang trọng cùng chất âm trầm ấm. Máy 10 côn 10 búa chơi nhạc Westminster theo từng 15 phút, điểm giờ ngân vang đầy cuốn hút. Tổng thể nguyên bản, hoạt động ổn định, phù hợp trưng bày phòng khách hoặc không gian cổ điển.

#DongHoCo #Odo6210 #DongHoQuaLac #DongHoSuuTam #DongHoChauAu",41,"07/28/2026 17:20",https://www.facebook.com/reel/1694542001777791/,"Thước phim",,"Trọn đời",8,+13.7x,0.03,0.03,0,2822,28,1,16,1,3,2713,3064,7.477,20996.757
1638283097858702,100050310827163,"Đồng hồ Nhà kho","Đồng hồ tủ Vê Đét 10 côn 11 búa, chơi 2 bản nhạc. Mạ vàng hồng nguyên bản, âm thanh hay, tình trạng đẹp, giá hợp lý cho anh em sưu tầm.",130,"07/28/2026 09:18",https://www.facebook.com/reel/789684144207427/,"Thước phim",,"Trọn đời",2,+15.9x,0.05,0.05,0,3586,33,1,25,3,3,3497,3720,10.01,35398.26
1638144917872520,100050310827163,"Đồng hồ Nhà kho","24/8 đời 1954. Zin và long lanh như một viên ngọc được thời gian cất giữ.",0,"07/28/2026 06:05",https://www.facebook.com/donghonhakho.vn/posts/pfbid02Enip3DDsRuowYQCRc4NAScwdK5b82LvAJmzwukYB6WogJKu4esbF4moHgKDvmLmhl,Ảnh,,"Trọn đời",2,--,0.12,0.12,0,1638,10,0,7,0,1,1584,2227,,
1637943241226021,100050310827163,"Đồng hồ Nhà kho","❤️ Zin + Đẹp = Nhiều người thích
❤️ Nhiều người thích + Hiếm = Không rẻ
❤️ Hiểu giá trị của nó, các bác sẽ biết vì sao nó đáng để sở hữu.

📞 Các bác có hàng xịn cần bán = Cứ gọi tôi.
🛵 Dù 12 giờ đêm, tôi vẫn sẵn sàng xách nón đến tận nơi.",19,"07/28/2026 00:55",https://www.facebook.com/reel/28183854554638085/,"Thước phim",,"Trọn đời",0,+2.6x,0.01,0.01,0,1971,22,1,18,0,4,1861,2246,4.682,9200.142
1637943097892702,100050310827163,"Đồng hồ Nhà kho","❤️ Zin + Đẹp = Nhiều người thích
❤️ Nhiều người thích + Hiếm = Không rẻ
❤️ Hiểu giá trị của nó, các bác sẽ biết vì sao nó đáng để sở hữu.

📞 Các bác có hàng xịn cần bán = Cứ gọi tôi.
🛵 Dù 12 giờ đêm, tôi vẫn sẵn sàng xách nón đến tận nơi.",0,"07/28/2026 00:55",https://www.facebook.com/donghonhakho.vn/posts/pfbid0vpRMzBfvuoBY5D83X7aXnYaWUutUvLPeCpzC8VZCiSNPtD1YX9Hrpb4L7T8DobdFl,Ảnh,,"Trọn đời",0,--,0.01,0.01,0,756,7,0,7,0,1,716,1205,,
1637660194587659,100050310827163,"Đồng hồ Nhà kho","Câu trả lời của tôi là: Không xấu!

Mua nguyên bản cũng được.

Mua phục dựng cũng được.

Mua nâng dựng, độ chế cũng được.

Điều quan trọng là anh em biết mình đang bỏ tiền ra mua cái gì.

Theo cách tôi phân loại, đồng hồ cổ có ba nhóm.

1. Nguyên bản toàn bộ

Đây là những chiếc đồng hồ còn giữ nguyên những gì nhà sản xuất đã lắp ráp từ đầu. Bộ máy, mặt số, thùng vỏ và các chi tiết vẫn đồng bộ như khi xuất xưởng.

2. Phục dựng

Đây là những chiếc đồng hồ được phục hồi bằng các linh kiện nguyên bản.

Ví dụ, bộ máy có thể lấy từ một chiếc, thùng vỏ từ một chiếc khác, mặt số từ một chiếc khác…

Tất cả đều là đồ nguyên bản, nhưng không còn là một bộ đồng bộ như khi rời khỏi nhà máy.

3. Nâng dựng, độ chế

Đây là những chiếc đồng hồ được thay đổi hoặc làm mới theo ý tưởng của người làm.

Có thể thay đổi kiểu dáng.

Có thể kết hợp nhiều chi tiết để tạo nên một chiếc đồng hồ mới.

Có thể làm cho nó gần giống với một phiên bản được nhiều người yêu thích.

Hoặc cũng có thể tạo ra một phiên bản hoàn toàn riêng theo sở thích của người chơi.

Trong một số trường hợp, người ta còn thay đổi cả cấu hình hoạt động của chiếc đồng hồ. Ví dụ, một chiếc nguyên bản chỉ chơi một bản nhạc nhưng được cải tạo để chơi thêm một bản nhạc khác.

Những thay đổi đó có thể phù hợp với người này, nhưng cũng có thể không phù hợp với người khác.

Tuy nhiên, về bản chất, nó vẫn thuộc nhóm nâng dựng, độ chế.

⸻

Ba nhóm này đều có người yêu thích.

Đều có người sưu tầm.

Và đều có lý do để tồn tại.

Điều quan trọng không phải là chiếc đồng hồ thuộc nhóm nào.

Điều quan trọng là nó được giới thiệu đúng với bản chất của nó.

Nguyên bản thì gọi là nguyên bản.

Phục dựng thì gọi là phục dựng.

Nâng dựng, độ chế thì gọi là nâng dựng, độ chế.

Đừng biến một chiếc nâng dựng thành nguyên bản.

Cũng đừng biến một chiếc phục dựng thành nguyên bản toàn bộ.

Người mua không sợ hàng phục dựng.

Người mua cũng không sợ hàng nâng dựng.

Điều người mua sợ nhất là bỏ tiền ra nhưng không biết mình đang mua cái gì.

Khi mọi thứ được gọi đúng tên, người mua sẽ dễ lựa chọn hơn.

Người bán cũng xây dựng được uy tín của mình.

Và đó mới là nền tảng để thú chơi đồng hồ cổ phát triển một cách lành mạnh.",0,"07/27/2026 16:23",https://www.facebook.com/donghonhakho.vn/posts/pfbid02fBeXeyZwPD4wPSfNVbxXKqHwgU6SdTfhLDUxboHCPP1BzBnawcr4Q9ELHzPNcQVJl,Ảnh,,"Trọn đời",2,--,0.06,0.06,0,2855,21,0,17,1,1,2879,4212,,
1637328927954119,100050310827163,"Đồng hồ Nhà kho","Nhiều anh em sẽ không đồng ý.

Bởi thực tế, có rất nhiều chiếc đồng hồ đã tăng giá rất mạnh.

Ví dụ 57/10

Khoảng chục năm trước, giá của một chiếc Ô Đô 57 chỉ nhỉnh hơn Ô Đô 62 một chút. Chênh lệch không quá nhiều (Cách xa 54/10)

Còn hôm nay, một chiếc Ô Đô 57 đẹp có thể ngang giá, thậm chí cao hơn cả một chiếc Ô Đô 54 máy 10.

Nếu mua từ mười năm trước rồi bán hôm nay, nhiều anh em sẽ có một khoản lãi rất đẹp.

Nhưng ở chiều ngược lại…

Cũng vào thời điểm đó, một chiếc Junhan đẹp có giá gần tương đương Ô Đô 54 máy 10. Có những mẫu còn đắt gấp hai, gấp ba lần một chiếc Ô Đô 36-8 vách bệt

Nếu nhìn ở thời điểm hiện tại thì sao?

Một chiếc Ô Đô 54 máy 10 bây giờ có thể mua được rất nhiều chiếc Junhan.

Hai câu chuyện.

Hai kết quả hoàn toàn khác nhau.

Vậy có nên mua đồng hồ cổ để chờ tăng giá không?

Theo tôi thì không.

Với góc nhìn là người sưu tầm, sửa chữa và giao lưu đồ xưa, tôi luôn tách rất rõ hai việc.

Kinh doanh là kinh doanh.

Mua để bán thì đương nhiên phải có lợi nhuận. Đó là quy luật của bất kỳ ngành nghề nào.

Nhưng sưu tầm là sưu tầm.

Đến hôm nay tôi vẫn giữ cho mình một bộ sưu tập riêng.

Và những chiếc đồng hồ trong bộ sưu tập đó, tôi chưa bao giờ kỳ vọng chúng phải sinh lời.

Tôi giữ chúng vì tôi thích.

Vì tôi thấy chúng xứng đáng có mặt trong bộ sưu tập của mình.

Đó là hai cách nhìn hoàn toàn khác nhau.

Nếu mục tiêu của anh em là đầu tư an toàn và giữ giá trị tài sản…

Theo tôi, hãy mua đô la Mỹ.

Hoặc gửi tiền vào những ngân hàng lớn của Thụy Sĩ, như cách rất nhiều người trên thế giới vẫn lựa chọn.

Đó mới là những công cụ sinh ra để đầu tư.

Còn đồng hồ cổ…

Xin hãy để nó là một món đồ sưu tầm.

Hãy tìm đúng chiếc mình thật sự thích.

Nguyên bản thì gọi là nguyên bản.

Phục dựng thì gọi là phục dựng.

Đừng trả tiền cho những giá trị mình không nhìn thấy.

Đừng mua bằng những lời quảng cáo.

Và cũng đừng bán bằng những lời quảng cáo không đúng với sản phẩm.

Khi anh em mua một chiếc đồng hồ đúng với giá trị thật của nó…

Cuộc chơi sẽ nhẹ nhàng hơn rất nhiều.

Nếu một ngày nó tăng giá…

Đó là một niềm vui.

Nếu một ngày nó giảm giá…

Chiếc đồng hồ vẫn ở đó.

Tiếng chuông vẫn ngân lên.

Và mình vẫn thấy vui vì ngày ấy đã chọn mang nó về nhà.

Theo tôi, người sưu tầm khác nhà đầu tư ở đúng một điều.

Nhà đầu tư mua vì hy vọng ngày mai người khác sẽ trả giá cao hơn.

Người sưu tầm mua vì hôm nay chính mình đã thấy nó xứng đáng.

Đó cũng là cách tôi vẫn vui cùng đồng hồ suốt những năm qua.",0,"07/27/2026 07:02",https://www.facebook.com/donghonhakho.vn/posts/pfbid02xdNRxVS5oVfUH3jNPWvxVpp3Li3mgdE3AJwjdjgZRFtG7c2yX2HyvtuXkFfRvhfxl,Ảnh,,"Trọn đời",2,--,0.13,0.13,0,2174,15,1,12,0,1,2117,3077,,
1637155267971485,100050310827163,"Đồng hồ Nhà kho","Bản nhạc Ave Maria trên chiếc Đồng hồ tủ cây Vê đét 10 côn 10 búa chơi 2 bản nhạc
Chất âm trầm ấm, ngân vang
Nguyên bản, mặt số tạ và lắc đồng bộ
🏠 Địa chỉ: khu đô thị Văn Phú, Hà Đông, Hà Nội. 
☎️ 0963.456.963 
 #donghochauau  #donghophap  #DongHoTu",64,"07/27/2026 02:43",https://www.facebook.com/reel/1356876825894353/,"Thước phim",,"Trọn đời",0,+5.5x,0,0,0,1216,21,1,16,0,6,1133,1317,6.025,7392.856
1637145957972416,100050310827163,"Đồng hồ Nhà kho","Đồng hồ cổ Pháp 10 côn 10 búa chơi 2 bản nhạc kinh điển, nguyên bản toàn bộ từ thùng, mặt số đến bộ máy, mang giá trị sưu tầm cao.

Chất âm trầm ấm, ngân vang và giàu cảm xúc, mỗi lần cất tiếng chuông đều thể hiện đẳng cấp của dòng 10 côn. Với mức giá giao lưu chưa tới 30 triệu, đây là một lựa chọn rất đáng cân nhắc cho anh em yêu đồng hồ cổ châu Âu, vừa sở hữu chất lượng cơ khí bền bỉ, vừa có giá trị sưu tầm lâu dài.",0,"07/27/2026 02:27",https://www.facebook.com/donghonhakho.vn/posts/pfbid0evaVjTxJYJAyFHQoZ1BWHCVryozyQqixJUohNwM625Jv8eDVVvRwUsTGNBkPQ3nil,Ảnh,,"Trọn đời",0,--,0.07,0.07,0,1065,3,0,2,0,1,1048,1481,,
1637139817973030,100050310827163,"Đồng hồ Nhà kho","Đồng hồ cổ treo tường Đức 8 côn 8 búa sở hữu kiểu dáng hài hòa, trang nhã và rất dễ tạo điểm nhấn cho không gian sống.

Không chỉ gây ấn tượng bởi hình thức đẹp, chiếc đồng hồ còn mang chất âm trong trẻo, ngân vang đặc trưng của hệ thống 8 côn 8 búa. Bộ máy cơ khí bền bỉ cùng độ nguyên bản cao giúp chiếc đồng hồ luôn được nhiều anh em yêu thích và đánh giá cao về giá trị sưu tầm.

Một mẫu đồng hồ vừa đẹp về hình thức, hay về chất âm, vừa xứng đáng có mặt trong bộ sưu tập của những người yêu đồng hồ cổ châu Âu.",63,"07/27/2026 02:17",https://www.facebook.com/reel/1343735940725734/,"Thước phim",,"Trọn đời",2,+38.8x,0.07,0.07,0,3537,29,1,22,1,4,3455,4266,15.069,54386.64
1636942964659382,100050310827163,"Đồng hồ Nhà kho","Đồng hồ Ô-đô 24/8 nguyên bản là một trong những dòng máy được nhiều anh em yêu đồng hồ cổ đánh giá cao nhờ kết cấu bền bỉ và chất âm đặc trưng.

Phiên bản 8 côn 8 búa mang đến tiếng chuông ngân vang, ấm áp và giàu cảm xúc. Khi còn giữ được độ nguyên bản tốt, những chiếc 24/8 luôn có giá trị sưu tầm cao và được nhiều người chơi tìm kiếm.

Một mẫu đồng hồ đẹp, âm thanh hay, cơ khí ổn định và rất đáng để anh em yêu đồng hồ cổ tham khảo.",132,"07/26/2026 20:25",https://www.facebook.com/reel/1816519453061356/,"Thước phim",,"Trọn đời",0,+10.2x,0.01,0.01,0,1151,21,0,11,0,10,1096,1281,8.228,9800.37
1636937861326559,100050310827163,"Đồng hồ Nhà kho","Đồng hồ Ô-đô sản xuất khoảng năm 1962, phiên bản 10 côn 10 búa chơi 2 bản nhạc kinh điển, luôn là một trong những dòng được nhiều anh em yêu thích và săn tìm.

Chiếc đồng hồ sở hữu bộ máy cơ khí nguyên bản, chất âm trong, ngân vang và giàu cảm xúc. Mỗi 15 phút điểm nhạc một lần, mang đến trải nghiệm thưởng thức rất đặc trưng của dòng 10 côn.

Kiểu dáng hài hòa, giá trị sưu tầm cao, phù hợp với anh em yêu đồng hồ cổ châu Âu và muốn sở hữu một mẫu máy chất lượng, bền bỉ theo thời gian.",59,"07/26/2026 20:16",https://www.facebook.com/reel/1668264687570669/,"Thước phim",,"Trọn đời",0,+5.8x,0.02,0.02,0,2211,31,1,20,1,10,2168,2414,6.709,15103.382
1636931351327210,100050310827163,"Đồng hồ Nhà kho","Bán một chiếc đồng hồ cổ châu Âu nguyên bản với kiểu dáng hài hòa, hình thức đẹp và rất dễ bài trí trong nhiều không gian.

Chiếc đồng hồ vẫn giữ được nét cổ điển đặc trưng, phù hợp với anh em yêu cơ khí và đam mê sưu tầm đồng hồ cổ.

Em tặng kèm một mẫu phụ kiện đi cùng cho bác nào có nhu cầu sử dụng.",0,"07/26/2026 20:05",https://www.facebook.com/donghonhakho.vn/posts/pfbid02mG4yQDjm5BpsoMfjTUZAq6FGMbVPwy4jsqK3GUzp7bNScksnny1t7xvD1aaThUoSl,Ảnh,,"Trọn đời",0,--,0.1,0.1,0,1299,5,0,4,0,1,1266,1754,,
1636925231327822,100050310827163,"Đồng hồ Nhà kho","Một mẫu đồng hồ vai bò sở hữu thiết kế đẹp, cân đối và mang đậm nét cổ điển, được nhiều anh em chơi đồng hồ yêu thích.

Không chỉ gây ấn tượng bởi kiểu dáng, chiếc đồng hồ còn có giá trị sưu tầm cao nhờ độ nguyên bản và nét đẹp vượt thời gian. Với mức giá giao lưu hợp lý, đây là lựa chọn phù hợp cho cả người mới bắt đầu lẫn những anh em muốn bổ sung thêm một mẫu đồng hồ đẹp vào bộ sưu tập của mình.",0,"07/26/2026 19:54",https://www.facebook.com/donghonhakho.vn/posts/pfbid0qzWqrkHZVppyXXPg8ULzw3s7Ezu9m2vDydWd74gnjfbL82j2G6DDyYXfuwcUqAwMl,Ảnh,,"Trọn đời",0,--,0.01,0.01,0,419,3,0,2,0,1,408,586,,
1636896377997374,100050310827163,"Đồng hồ Nhà kho","Những chiếc đồng hồ cổ đẹp không chỉ hấp dẫn bởi kiểu dáng hay chất âm, mà còn bởi giá trị sưu tầm được tích lũy theo thời gian.

Đây là những mẫu đồng hồ được nhiều người chơi lâu năm yêu thích và săn tìm, bởi mỗi chiếc đều mang trong mình dấu ấn của một giai đoạn lịch sử, kỹ thuật chế tác và giá trị cơ khí riêng. Chính vì vậy, những phiên bản đẹp, nguyên bản và còn giữ được chất lượng tốt thường có giá trị không hề thấp.

Đối với người yêu đồng hồ cổ, đó không chỉ là một món đồ để xem giờ, mà còn là một hiện vật đáng để gìn giữ và sưu tầm.",0,"07/26/2026 19:01",https://www.facebook.com/donghonhakho.vn/posts/pfbid026SvPedPNbB8yT4azy5TQ2KytfprVx7TLpyopqK3BYUU9THtgEguPo3dGAieTq3G2l,Ảnh,,"Trọn đời",1,--,0.11,0.11,0,1362,12,0,11,0,1,1288,1843,,
1636849258002086,100050310827163,"Đồng hồ Nhà kho","Đồng hồ cổ 8 côn đồng nguyên bản – một lựa chọn rất đáng để anh em yêu đồng hồ cơ cổ tham khảo.

Sở hữu hệ thống 8 côn đồng nguyên bản, chiếc đồng hồ mang đến chất âm ấm áp, ngân vang và giàu cảm xúc. Bộ máy cơ khí vận hành ổn định, kết hợp cùng kết cấu nguyên bản giúp giữ trọn giá trị sưu tầm theo thời gian.

Không chỉ có chất âm hay và hình thức đẹp, chiếc đồng hồ còn có mức giá giao lưu rất hợp lý, phù hợp cho cả anh em mới bắt đầu chơi lẫn những người muốn bổ sung thêm một mẫu đồng hồ chất lượng vào bộ sưu tập của mình.",33,"07/26/2026 17:25",https://www.facebook.com/reel/1301254258502313/,"Thước phim",,"Trọn đời",0,+2.1x,0.01,0.01,0,1527,19,1,16,0,3,1466,1688,5.722,8841.168
1636847398002272,100050310827163,"Đồng hồ Nhà kho","Đồng hồ công cộng là những công trình đo thời gian từng hiện diện tại nhà ga, trường học, nhà máy, công sở hay những không gian sinh hoạt chung. Trong suốt nhiều năm, chúng âm thầm hoàn thành nhiệm vụ báo giờ, giúp con người tổ chức công việc và nhịp sống mỗi ngày.

Khi đã hoàn thành sứ mệnh của mình, những chiếc đồng hồ ấy không chỉ còn là một vật dụng cũ. Chúng trở thành những hiện vật mang dấu ấn lịch sử, phản ánh trình độ cơ khí, khoa học và kỹ nghệ thủ công của một thời kỳ.

Ngày nay, đồng hồ công cộng được nhiều anh em yêu cơ khí, yêu khoa học và trân trọng những giá trị văn hóa xưa tìm kiếm, gìn giữ. Mỗi chiếc đồng hồ là một phần ký ức của cộng đồng, được tiếp tục sống trong một vai trò mới: một món đồ sưu tầm giàu câu chuyện và giá trị thời gian.",18,"07/26/2026 17:21",https://www.facebook.com/reel/1019644620854247/,"Thước phim",,"Trọn đời",1,+4.3x,0.02,0.02,0,2841,27,0,22,0,4,2589,3433,7.646,21317.815
1636846818002330,100050310827163,"Đồng hồ Nhà kho","Đồng hồ công cộng là những công trình đo thời gian từng hiện diện tại nhà ga, trường học, nhà máy, công sở hay những không gian sinh hoạt chung. Trong suốt nhiều năm, chúng âm thầm hoàn thành nhiệm vụ báo giờ, giúp con người tổ chức công việc và nhịp sống mỗi ngày.

Khi đã hoàn thành sứ mệnh của mình, những chiếc đồng hồ ấy không chỉ còn là một vật dụng cũ. Chúng trở thành những hiện vật mang dấu ấn lịch sử, phản ánh trình độ cơ khí, khoa học và kỹ nghệ thủ công của một thời kỳ.

Ngày nay, đồng hồ công cộng được nhiều anh em yêu cơ khí, yêu khoa học và trân trọng những giá trị văn hóa xưa tìm kiếm, gìn giữ. Mỗi chiếc đồng hồ là một phần ký ức của cộng đồng, được tiếp tục sống trong một vai trò mới: một món đồ sưu tầm giàu câu chuyện và giá trị thời gian.",18,"07/26/2026 17:20",https://www.facebook.com/reel/4547775882136837/,"Thước phim",,"Trọn đời",7,+27.7x,0.6,0.6,0,57878,637,62,596,37,19,56170,78215,12.441,698256.209
1636844808002531,100050310827163,"Đồng hồ Nhà kho","Cùng là những chiếc Ô-đô 36/10 nguyên bản, nhưng mỗi phiên bản, mỗi đời máy và mỗi giai đoạn sản xuất lại mang một chất âm rất riêng.

Có chiếc cho âm lượng lớn, dứt khoát; có chiếc lại nhẹ nhàng, sâu và giàu độ ngân. Nhịp điệu cũng khác nhau, có phiên bản chơi khoan thai, có phiên bản nhanh và tươi hơn. Ngay cả màu âm cũng có sự thay đổi rõ rệt, từ chất âm sáng, trong cho đến trầm, ấm và dày tiếng.

Chính những khác biệt tưởng chừng rất nhỏ ấy lại tạo nên cá tính riêng cho từng chiếc đồng hồ. Và đó cũng là điều khiến người chơi lâu năm không chỉ nghe bản nhạc, mà còn có thể cảm nhận được từng đời máy, từng giai đoạn sản xuất chỉ qua chất âm mà chiếc đồng hồ cất lên.",0,"07/26/2026 17:18",https://www.facebook.com/donghonhakho.vn/posts/pfbid028cqi2JbX12WDqTTY4L5hHm8hZJuk4pBsbRjwXTV943ahh3pKUVtz6sLwdRztr9n3l,Ảnh,,"Trọn đời",0,--,0.04,0.04,0,694,7,0,6,0,1,682,978,,
1636844471335898,100050310827163,"Đồng hồ Nhà kho","Cùng là những chiếc Ô-đô 36/10 nguyên bản, nhưng mỗi phiên bản, mỗi đời máy và mỗi giai đoạn sản xuất lại mang một chất âm rất riêng.

Có chiếc cho âm lượng lớn, dứt khoát; có chiếc lại nhẹ nhàng, sâu và giàu độ ngân. Nhịp điệu cũng khác nhau, có phiên bản chơi khoan thai, có phiên bản nhanh và tươi hơn. Ngay cả màu âm cũng có sự thay đổi rõ rệt, từ chất âm sáng, trong cho đến trầm, ấm và dày tiếng.

Chính những khác biệt tưởng chừng rất nhỏ ấy lại tạo nên cá tính riêng cho từng chiếc đồng hồ. Và đó cũng là điều khiến người chơi lâu năm không chỉ nghe bản nhạc, mà còn có thể cảm nhận được từng đời máy, từng giai đoạn sản xuất chỉ qua chất âm mà chiếc đồng hồ cất lên.",66,"07/26/2026 17:18",https://www.facebook.com/reel/1039519301899133/,"Thước phim",,"Trọn đời",11,+31.2x,0.04,0.04,0,2108,37,0,23,1,3,2040,2358,11.934,25265.769
1636607311359614,100050310827163,"Đồng hồ Nhà kho","Lại xả tiếp đàn bò ""GẤU"" để anh em về tự nuôi",0,"07/26/2026 09:36",https://www.facebook.com/donghonhakho.vn/posts/pfbid0q424QP2vQLmLVwUPriyGKtUWAbMDMZmKFHZQ7k9FgHXNjYgsJw5DgReRgbGHgdc8l,Ảnh,,"Trọn đời",6,--,0.36,0.36,0,4575,25,2,17,0,2,4486,6097,,
1635977384755940,100050310827163,"Đồng hồ Nhà kho","Đồng hồ cổ Pháp 8 côn đồng 8 búa nguyên bản – một mẫu đồng hồ mang vẻ đẹp hài hòa và giá trị sưu tầm bền vững.

Điểm nổi bật của chiếc đồng hồ là hệ thống 8 côn đồng 8 búa cho chất âm ấm áp, ngân nga và trong trẻo. Bộ máy cơ khí vận hành ổn định, kết hợp cùng thiết kế cổ điển đậm phong cách Pháp, tạo nên sức hút rất riêng.

Đặc biệt, chiếc đồng hồ còn được trang bị ô lịch – một chi tiết không quá phổ biến trên các dòng đồng hồ cổ, vừa tăng tính tiện dụng, vừa tạo thêm nét độc đáo cho tổng thể. Một lựa chọn đáng để anh em yêu đồng hồ cơ cổ tham khảo và sưu tầm.",28,"07/25/2026 15:00",https://www.facebook.com/reel/1296939846827753/,"Thước phim",,"Trọn đời",2,+8x,0.02,0.02,0,2779,24,0,13,1,9,2729,3125,5.413,15178.182
1635920251428320,100050310827163,"Đồng hồ Nhà kho","Điểm làm nên sức hút của Ô-đô 36/10 chính là bộ côn 10 thanh được chế tác và cân chỉnh rất hài hòa. Khi chơi nhạc, âm thanh có độ ngân tốt, các nốt tách bạch nhưng vẫn hòa quyện, tạo nên cảm giác dày tiếng và giàu cảm xúc.

Với cấu hình 10 côn 10 búa, mỗi búa tác động lên một thanh côn riêng, giúp giai điệu được thể hiện rõ ràng và trọn vẹn hơn. Đây cũng là một trong những lý do khiến dòng Ô-đô 36/10 luôn được nhiều anh em yêu thích, vừa có chất âm đặc trưng, vừa mang giá trị sưu tầm cao trong thế giới đồng hồ cổ.",9,"07/25/2026 12:58",https://www.facebook.com/reel/1468358398662715/,"Thước phim",,"Trọn đời",2,+12x,0,0,0,7221,146,7,129,3,14,6695,10480,7.514,52916.869
1635910261429319,100050310827163,"Đồng hồ Nhà kho","Ô-đô 36/10 – một trong những phiên bản được nhiều anh em chơi đồng hồ cổ yêu thích và săn tìm.

Sở hữu cấu hình 10 côn 10 búa, chiếc đồng hồ mang đến những bản nhạc ngân vang đầy cảm xúc, kết hợp cùng tiếng điểm chuông trầm ấm, tạo nên dấu ấn rất riêng của dòng 36/10. Bộ máy cơ khí bền bỉ, kết cấu chắc chắn cùng kiểu dáng cổ điển giúp mẫu đồng hồ này luôn giữ được giá trị sưu tầm qua thời gian.

Một lựa chọn đáng để sở hữu dành cho anh em yêu vẻ đẹp nguyên bản, chất âm hay và giá trị của những chiếc đồng hồ cơ cổ.",11,"07/25/2026 12:38",https://www.facebook.com/reel/1304927468105516/,"Thước phim",,"Trọn đời",18,+74.9x,0.31,0.31,0,66887,1563,167,1437,80,61,64645,109013,10.421,688393.598
1635906428096369,100050310827163,"Đồng hồ Nhà kho","Một tuyệt tác kết hợp giữa nghệ thuật và cơ khí – đồng hồ tranh sơn dầu tích hợp hộp nhạc Thụy Sĩ từ thế kỷ XIX.

Không chỉ là một chiếc đồng hồ cổ, đây còn là một tác phẩm trang trí mang đậm dấu ấn châu Âu với bức tranh sơn dầu đầy chiều sâu. Bên trong là cơ cấu hộp nhạc Thụy Sĩ tinh xảo, mỗi khi vận hành lại cất lên những giai điệu mộc mạc, đưa người nghe trở về không gian của hơn một thế kỷ trước.

Một dòng hiện vật khá hiếm trên thị trường, hội tụ giá trị về mỹ thuật, cơ khí và lịch sử, rất đáng để anh em yêu đồ cổ và sưu tầm tham khảo.",50,"07/25/2026 12:31",https://www.facebook.com/reel/2137937493605490/,"Thước phim",,"Trọn đời",2,+9.7x,0.09,0.09,0,4621,57,2,41,5,11,4652,5181,10.81,50777.799
1635895001430845,100050310827163,"Đồng hồ Nhà kho","Một chiếc Ô-đô 36/10 nguyên bản luôn có sức hút rất riêng với người yêu đồng hồ cổ. Cấu hình 10 côn 10 búa mang đến những bản nhạc ngân vang, trong trẻo và giàu cảm xúc, kết hợp cùng kết cấu máy bền bỉ đã làm nên tên tuổi của dòng đồng hồ này.

Không chỉ là một chiếc đồng hồ xem giờ, Ô-đô 36/10 còn là một món đồ sưu tầm mang nhiều giá trị về cơ khí, âm thanh và dấu ấn thời gian. Nếu anh em đang tìm một mẫu đồng hồ vừa đẹp, vừa đáng chơi thì đây là lựa chọn rất đáng để tham khảo.",26,"07/25/2026 12:09",https://www.facebook.com/reel/886725254056778/,"Thước phim",,"Trọn đời",8,+13x,0.09,0.09,0,8558,83,5,71,5,0,8087,9909,8.374,70194.402
1635393021481043,100050310827163,"Đồng hồ Nhà kho","🎼 Hộp nhạc Thụy Sĩ 8 bản – Trái tim của cả tác phẩm

Nếu chỉ nhìn mặt trước, nhiều người sẽ nghĩ đây là một bức tranh có gắn đồng hồ.

Nhưng khi mở phía sau ra, điều giá trị nhất lại không nằm ở chiếc đồng hồ, mà là hộp nhạc cơ khí Thụy Sĩ mang tên B. A. Brémond – Geneva.

Điều khiến em thích nhất là tấm danh mục 8 bản nhạc gốc vẫn còn nguyên vẹn. Sau hơn một thế kỷ, người ta vẫn biết chính xác chiếc hộp nhạc này được chế tác để chơi những giai điệu nào. Đây là một chi tiết rất đáng quý, bởi trên nhiều hộp nhạc cổ, nhãn bài nhạc đã mất hoặc hư hỏng theo thời gian.

Bên trong là một trục nhạc bằng đồng cỡ lớn với hàng nghìn chốt nhỏ được bố trí chính xác đến từng milimét. Khi trục quay, từng chốt sẽ gảy vào các lá thép của lược nhạc để tạo thành giai điệu. Toàn bộ quá trình hoàn toàn bằng cơ khí, không dùng điện, không loa, không bất kỳ thiết bị khuếch đại nào.

Điều đáng khâm phục là những người thợ Thụy Sĩ hơn một trăm năm trước đã có thể “lập trình” âm nhạc lên một trục đồng. Mỗi chiếc chốt chính là một nốt nhạc, mỗi vòng quay là một bản hòa tấu được tính toán sẵn bằng cơ khí.

Để làm được một hộp nhạc như vậy, không chỉ cần kỹ thuật cơ khí chính xác mà còn phải am hiểu âm nhạc. Chỉ cần đặt sai vị trí một chốt nhỏ, cả giai điệu sẽ bị thay đổi.

Ngày nay, chúng ta chỉ cần bấm một nút là có thể nghe hàng triệu bài hát. Nhưng hơn một thế kỷ trước, để một bản nhạc cất lên, người ta phải chế tạo nên cả một kiệt tác cơ khí.

Có lẽ vì vậy mà trong mắt người sưu tầm, một hộp nhạc Thụy Sĩ trục lớn còn nguyên bản, còn đủ nhãn bài nhạc và hoạt động tốt không chỉ là một món đồ cổ, mà còn là minh chứng cho đỉnh cao của nghệ thuật chế tác cơ khí và âm nhạc châu Âu.

Đó cũng là lý do em luôn nói rằng, đôi khi giá trị lớn nhất của một hiện vật không nằm ở vẻ đẹp bên ngoài, mà nằm ở những điều được giấu kín phía sau nó.",43,"07/24/2026 22:04",https://www.facebook.com/reel/2213158606203194/,"Thước phim",,"Trọn đời",0,+2.7x,0.02,0.02,0,1637,17,0,13,1,4,1593,1836,7.563,12586.122
1635334508153561,100050310827163,"Đồng hồ Nhà kho","🎼 Điều đặc biệt nhất của bức tranh này không phải là chiếc đồng hồ, mà là hộp nhạc Thụy Sĩ 8 bài còn nguyên bản.

Khi mở phía sau bức tranh, điều khiến em ấn tượng nhất chính là hộp nhạc cơ khí của B. A. Brémond – Geneva (Thụy Sĩ).

Đây không phải loại hộp nhạc nhỏ để bàn mà nhiều người thường thấy, mà là một bộ hộp nhạc trục cỡ lớn được chế tạo để lắp cố định vào đồ nội thất hoặc các tác phẩm cơ khí cao cấp.

Điểm quý nhất là tấm danh mục 8 bản nhạc gốc vẫn còn nguyên. Sau hơn một thế kỷ, người ta vẫn biết chính xác chiếc hộp nhạc này được chế tác để chơi những giai điệu nào.

Cơ cấu hoạt động hoàn toàn bằng cơ khí.

Một trục đồng lớn được gắn hàng nghìn chốt nhỏ li ti. Khi trục quay, từng chốt sẽ lần lượt gảy vào các lá thép trên chiếc lược nhạc, tạo nên từng nốt nhạc. Không dùng điện, không loa, không mạch điện tử, tất cả âm thanh đều được tạo ra từ sự chính xác của những chi tiết cơ khí.

Để chế tạo được một hộp nhạc như vậy, người thợ phải tính toán vị trí của từng chiếc chốt trên trục với độ chính xác rất cao. Chỉ cần sai lệch một chút, cả giai điệu sẽ bị thay đổi.

Điều làm em thích nhất là 8 bản nhạc này đều không phải những giai điệu ngẫu nhiên, mà là những tác phẩm nổi tiếng của châu Âu cuối thế kỷ XIX. Điều đó cho thấy người chế tạo không chỉ bán một cỗ máy phát nhạc, mà còn mang cả âm nhạc hàn lâm vào trong một tác phẩm cơ khí.

Đến hôm nay, khi nghe lại những giai điệu ấy vang lên từ một chiếc hộp nhạc đã hơn trăm năm tuổi, cảm giác rất khác so với bất kỳ bản ghi âm hiện đại nào.

Không có loa.

Không có điện.

Chỉ có một trục đồng, một hàng lược thép và những chuyển động cơ khí chính xác đến kinh ngạc.

Đó cũng là lý do vì sao những hộp nhạc Thụy Sĩ trục lớn còn nguyên bản luôn được giới sưu tầm trên thế giới đánh giá rất cao. Giá trị của chúng không chỉ nằm ở tuổi đời, mà còn ở trình độ chế tác, độ nguyên vẹn và chất lượng âm thanh mà đến ngày nay vẫn khiến nhiều người phải trầm trồ.",10,"07/24/2026 20:16",https://www.facebook.com/reel/1954484901933526/,"Thước phim",,"Trọn đời",10,+30.3x,0.01,0.01,0,37414,540,71,476,51,19,35815,53625,8.082,292249.23
1635326338154378,100050310827163,"Đồng hồ Nhà kho","Một bức tranh… nhưng phía sau lại là cả một thế giới cơ khí.

Thoạt nhìn, đây chỉ là một bức tranh phong cảnh châu Âu với chiếc đồng hồ trên tháp nhà thờ.

Nhưng khi mở phía sau ra, mọi người mới thấy điều đặc biệt.

Bên trong không chỉ có một bộ máy đồng hồ mà có tới hai bộ máy hoạt động độc lập, cùng với một hộp nhạc cơ khí Thụy Sĩ của B. A. Brémond – Geneva.

🕰️ Bộ máy thứ nhất đảm nhiệm việc xem giờ và cứ 30 phút lại điểm chuông bằng côn vòng.

🕰️ Bộ máy thứ hai hoạt động hoàn toàn độc lập, được cài đặt để mỗi ngày kích hoạt hai lần.

🎼 Và ở phía dưới là hộp nhạc trục lớn, còn nguyên bảng tên 8 bản nhạc gốc từ Thụy Sĩ.

Điều em thích nhất ở hiện vật này không phải là nó có bao nhiêu bộ máy.

Mà là cách những người thợ hơn một thế kỷ trước đã kết hợp hội họa, cơ khí và âm nhạc thành một tác phẩm duy nhất.

Nhìn từ trước là một bức tranh.

Mở phía sau ra lại là cả một “nhà máy” thu nhỏ.

Những hiện vật như thế này không chỉ đáng sưu tầm vì hiếm, mà còn vì nó cho chúng ta thấy trình độ chế tác và tư duy sáng tạo của những người thợ châu Âu ngày xưa.

Đôi khi, điều thú vị nhất của một món đồ cổ lại nằm ở nơi mà rất ít người có dịp được nhìn thấy: phía sau nó.",161,"07/24/2026 20:03",https://www.facebook.com/reel/2269472880531470/,"Thước phim",,"Trọn đời",1,+20.2x,0.01,0.01,0,1338,44,0,13,2,30,1442,1769,6.31,10190.741
1635297894823889,100050310827163,"Đồng hồ Nhà kho","Công việc mỗi buổi sáng là lên cót cho những chiếc đồng hồ, lắng nghe từng nhịp máy bắt đầu chuyển động và cảm nhận không gian dần sống lại bằng những tiếng tích tắc quen thuộc. Một công việc nhỏ, nhưng lại là niềm vui rất riêng của người yêu đồng hồ cơ.",13,"07/24/2026 19:10",https://www.facebook.com/reel/888466657222232/,"Thước phim",,"Trọn đời",11,+34.3x,0.08,0.08,0,60186,608,94,546,39,22,56899,97130,12.087,708231.741
1635296114824067,100050310827163,"Đồng hồ Nhà kho","Một số mẫu chao xưa hàng cũ dáng đẹp",0,"07/24/2026 19:08",https://www.facebook.com/donghonhakho.vn/posts/pfbid02ihDTCkPqsGv4Y1La18rTwsJKYx8h9vP1ojEnpFjH3WW3GSTcLBdiezyphPpNVhanl,Ảnh,,"Trọn đời",0,--,0.03,0.03,0,794,4,0,3,0,1,781,1088,,
1634919088195103,100050310827163,"Đồng hồ Nhà kho","Da búa sau nhiều năm hoạt động sẽ dần bị lão hóa, chai cứng hoặc mục do tác động của thời gian và môi trường. Vì vậy, việc thay da búa trên những chiếc đồng hồ cổ là điều hoàn toàn bình thường và được xem là hạng mục bảo dưỡng định kỳ, tương tự như thay dầu hay thay gioăng ở các thiết bị cơ khí khác.

Anh em hãy nhìn nhận một cách công bằng rằng da búa là vật tư tiêu hao. Dù chiếc đồng hồ có nguyên bản đến đâu thì sau vài chục năm sử dụng, việc thay da búa gần như là điều tất yếu nếu muốn duy trì chất âm chuẩn, hạn chế tiếng gõ chát và bảo vệ cả búa lẫn côn khỏi những va đập không cần thiết.",17,"07/24/2026 07:31",https://www.facebook.com/reel/27846387284994679/,"Thước phim",,"Trọn đời",0,+2.5x,0.06,0.06,0,4374,32,0,27,3,3,4108,5813,9.232,39605.446
1634917988195213,100050310827163,"Đồng hồ Nhà kho","Âm thanh bính boong luôn gợi lên cảm giác bình yên, khơi dậy những ký ức và hoài niệm về một thời đã qua. Mỗi tiếng chuông ngân vang như đưa ta trở về với không gian thanh bình của làng quê Bắc Bộ, nơi có mái ngói rêu phong, sân gạch, hàng cau và những buổi chiều yên ả. Chính chất âm mộc mạc, ấm áp ấy đã khiến dòng đồng hồ này được nhiều người yêu thích và trân trọng.",9,"07/24/2026 07:29",https://www.facebook.com/reel/2279767336185803/,"Thước phim",,"Trọn đời",13,+26.9x,0,0,0,17044,229,7,189,24,11,14010,19769,5.828,79420.356
1634916934861985,100050310827163,"Đồng hồ Nhà kho","Những chiếc đồng hồ công sở luôn có sức hút đặc biệt đối với những người yêu cơ khí. Cấu trúc máy chắc chắn, cơ chế vận hành tinh xảo cùng từng chuyển động nhịp nhàng của bộ máy mang đến cảm giác cuốn hút khó diễn tả. Không chỉ là một chiếc đồng hồ xem giờ, đây còn là một tác phẩm cơ khí đáng để ngắm nhìn, trải nghiệm và sưu tầm.",10,"07/24/2026 07:28",https://www.facebook.com/reel/1668908261072893/,"Thước phim",,"Trọn đời",3,+6.3x,0,0,0,1271,20,0,14,0,3,1198,1640,4.607,5893.466
1634890424864636,100050310827163,"Đồng hồ Nhà kho","🕰️ Ô đô 36/10 – một trong những phiên bản được giới sưu tầm yêu thích nhất. Sở hữu 10 côn 10 búa, ngoại hình cân đối, bộ máy bền bỉ cùng chất âm ngân vang đặc trưng, mẫu đồng hồ này luôn được xem là điểm nhấn trong mọi bộ sưu tập. Đồng hồ nguyên bản, giá trị sưu tầm cao và ngày càng được nhiều anh em săn tìm.",28,"07/24/2026 06:49",https://www.facebook.com/reel/27313411865021397/,"Thước phim",,"Trọn đời",3,+10.7x,0.23,0.23,0,13686,212,18,203,5,6,13133,16406,12.539,167534.825
1634885841531761,100050310827163,"Đồng hồ Nhà kho","🕰️ Đồng hồ công sở được thiết kế đẹp, gọn nhẹ và dễ bài trí. Kiểu dáng thanh lịch, kích thước vừa phải, phù hợp để anh em phối trong nhiều không gian gia đình như phòng khách, phòng làm việc hay phòng ngủ. Một lựa chọn nhẹ nhàng, tiện dụng nhưng vẫn giữ được nét đẹp riêng của đồng hồ cổ.",31,"07/24/2026 06:42",https://www.facebook.com/reel/1064961699543397/,"Thước phim",,"Trọn đời",2,+3.7x,0.04,0.04,0,3050,22,2,19,1,0,2907,3433,7.88,23854.885
1634884118198600,100050310827163,"Đồng hồ Nhà kho","🕰️ Vê đét vàng hồng 8 côn, xuất xứ Pháp. Điểm nổi bật nằm ở tông vàng hồng sang trọng trên mặt số, bộ kim và quả lắc, tạo nên vẻ đẹp hài hòa, cổ điển nhưng vẫn rất cuốn hút. Chất âm ngân nga, nhẹ nhàng, phù hợp với nhiều không gian và mang giá trị sưu tầm cao.",43,"07/24/2026 06:39",https://www.facebook.com/reel/2020336128600646/,"Thước phim",,"Trọn đời",0,+0.7x,0.01,0.01,0,950,12,0,13,0,0,867,1039,5.741,5488.982
1634878681532477,100050310827163,"Đồng hồ Nhà kho","🕰️ Ô đô 36, 10 côn 10 búa được nhiều người chơi ví như “nữ hoàng” trong các bộ sưu tập đồng hồ cổ. Mẫu đồng hồ này nổi bật với ngoại hình hài hòa, chất âm giàu cảm xúc cùng bộ máy bền bỉ, ổn định. Nhờ giá trị thẩm mỹ, âm thanh và độ nhận diện cao, Ô đô 36/10 luôn được giới sưu tầm ưa chuộng và thường trở thành “con át chủ bài” trong những bộ sưu tập đáng giá.",43,"07/24/2026 06:31",https://www.facebook.com/reel/27459891343653795/,"Thước phim",,"Trọn đời",4,+10.9x,0.06,0.06,0,4525,84,10,74,4,7,4212,4972,10.017,44205.45
1634872781533067,100050310827163,"Đồng hồ Nhà kho","🕰️ Đồng hồ tủ Đức nguyên bản, 8 côn 8 búa, mang đậm phong cách cổ điển châu Âu. Bộ máy vận hành bền bỉ, chất âm trầm ấm, ngân vang và rất truyền cảm. Một phiên bản hội tụ đầy đủ vẻ đẹp của thiết kế, âm thanh và giá trị sưu tầm, xứng đáng có mặt trong không gian của những người yêu đồng hồ cổ.",0,"07/24/2026 06:23",https://www.facebook.com/donghonhakho.vn/posts/pfbid0KZ8hPPMcZoRg6o7w7omjPTMDfRRuaMm5WAmd1PtQZjaxw6cJSuSb6WxoCi57TgUpl,Ảnh,,"Trọn đời",1,--,0.1,0.1,0,1666,16,0,14,0,1,1668,2221,,
1634871554866523,100050310827163,"Đồng hồ Nhà kho","🕰️ Đồng hồ tủ Đức nguyên bản, 8 côn 8 búa, mang đậm phong cách cổ điển châu Âu. Bộ máy vận hành bền bỉ, chất âm trầm ấm, ngân vang và rất truyền cảm. Một phiên bản hội tụ đầy đủ vẻ đẹp của thiết kế, âm thanh và giá trị sưu tầm, xứng đáng có mặt trong không gian của những người yêu đồng hồ cổ.",19,"07/24/2026 06:21",https://www.facebook.com/reel/1358089562414308/,"Thước phim",,"Trọn đời",0,+0.8x,0.01,0.01,0,1982,23,1,23,0,0,1912,2313,4.938,9807.325
1634672498219762,100050310827163,"Đồng hồ Nhà kho","Bánh xe thoát – “trái tim” quyết định nhịp chạy của đồng hồ cơ

Trong một chiếc đồng hồ cơ cổ, nếu dây cót hoặc quả tạ là nguồn năng lượng thì bánh xe thoát chính là bộ phận điều tiết năng lượng đó.

Bánh xe thoát không cho năng lượng truyền xuống một cách liên tục mà nhả từng răng một, phối hợp với ngựa và quả lắc để tạo nên tiếng tích… tắc… quen thuộc. Mỗi lần quả lắc dao động, bánh xe thoát chỉ quay đúng một răng, giúp kim đồng hồ tiến đều và giữ thời gian chính xác.

Chỉ cần bánh xe thoát bị mòn răng, cong trục hoặc bám bẩn, đồng hồ có thể chạy nhanh, chậm, đứng máy hoặc phát ra tiếng tích tắc không đều.

Có thể nói, bánh xe thoát là bộ phận quan trọng bậc nhất của đồng hồ cơ. Chất lượng chế tác của bánh xe thoát cùng bộ ngựa quyết định rất lớn đến độ ổn định và tuổi thọ của cả bộ máy.

🕰️ Một chiếc đồng hồ cổ chạy êm, tích tắc đều suốt hàng chục năm luôn có sự đóng góp rất lớn của một bánh xe thoát được chế tạo và điều chỉnh chuẩn xác.",28,"07/24/2026 00:44",https://www.facebook.com/reel/1564932428603446/,"Thước phim",,"Trọn đời",20,+52x,2.12,2.12,0,123824,845,89,792,62,25,118637,158211,15.22,1843939.066
1634540228232989,100050310827163,"Đồng hồ Nhà kho","🔔 Tiếng chuông bính boong phát ra từ những quả chuông bell châu Âu mang một thần thái rất riêng. Mỗi quả chuông có màu âm, độ ngân và chiều sâu khác nhau, tạo nên chất âm cổ điển đặc trưng mà khó có loại âm thanh nào thay thế được.",9,"07/23/2026 20:33",https://www.facebook.com/reel/2200553067394981/,"Thước phim",,"Trọn đời",22,+116.6x,0,0,0,176870,3093,432,2883,204,97,165755,315306,10.469,1794366.77
1634537998233212,100050310827163,"Đồng hồ Nhà kho","Đồng Hồ Vai Bò Đức 4 Côn Điểm Bính Boong – Dáng Đẹp, Âm Thanh Trầm Ấm - Mã số #793
💵2tr5
✨ Mẫu đồng hồ cổ Đức sở hữu kiểu dáng vai bò thanh lịch, kích thước 50 x 20 cm, phù hợp nhiều không gian từ phòng khách đến phòng làm việc. Vỏ gỗ nguyên bản với nước gỗ vàng nâu ấm, vân gỗ đẹp kết hợp các đường chỉ đồng tạo điểm nhấn sang trọng.

✨ Mặt số La Mã nổi trên nền trắng ngà, kết hợp bộ kim thanh mảnh mang đậm phong cách đồng hồ châu Âu cổ.

⚙️ Máy cơ Đức nguyên bản vận hành ổn định, sử dụng 4 côn điểm chuông bính boong, nửa giờ điểm 1 tiếng, đủ giờ điểm số tiếng tương ứng. Chất âm trầm ấm, ngân vang nhẹ nhàng, rất phù hợp với những ai yêu thích âm thanh đồng hồ cổ.

⭐ Một mẫu đồng hồ cơ cổ nhỏ gọn, đẹp, dễ chơi và có giá trị sưu tầm dành cho anh em yêu đồ cổ châu Âu.

📍 Đồng hồ Nhà Kho – KĐT Văn Phú, Hà Đông, Hà Nội.
📞 Liên hệ: 𝟬𝟵𝟲𝟯 ✦ 𝟰𝟱𝟲 ✦ 𝟵𝟲𝟯

#DongHoCo #DongHoCoDuc #DongHoVaiBo #DongHoQuaLac",0,"07/23/2026 20:30",https://www.facebook.com/donghonhakho.vn/posts/pfbid0WXwMxNrZj5KBYbsoZKKnkdBmHRz77AxCheNRWMFVjRVe5PoVLp5RvkukMeEtr2Z3l,Ảnh,,"Trọn đời",1,--,0.03,0.03,0,478,2,0,2,0,0,454,700,,
1634530591567286,100050310827163,"Đồng hồ Nhà kho","🕰️ Đồng hồ tủ Đức nguyên bản luôn được người chơi đánh giá cao bởi kết cấu máy bền bỉ, kiểu dáng sang trọng và chất lượng hoàn thiện tinh xảo. Một món đồ vừa mang giá trị sử dụng, vừa là dấu ấn thời gian đáng để lưu giữ và sưu tầm.",15,"07/23/2026 20:17",https://www.facebook.com/reel/1359318585613656/,"Thước phim",,"Trọn đời",0,+3.5x,0.01,0.01,0,1299,14,0,8,0,6,1231,1582,5.394,7206.471
1634522518234760,100050310827163,"Đồng hồ Nhà kho","⚙️ Bánh thoát là chi tiết quan trọng giúp bộ máy đồng hồ nhả năng lượng từng nhịp đều đặn. Mỗi lần ăn khớp với ngựa, bánh thoát vừa truyền lực vừa kiểm soát tốc độ, tạo nên tiếng tích tắc quen thuộc và giữ cho đồng hồ vận hành chính xác.",11,"07/23/2026 20:02",https://www.facebook.com/reel/1618265446682382/,"Thước phim",,"Trọn đời",32,+66.6x,1.15,1.15,0,121454,735,88,645,67,24,122478,202514,12.072,1439291.314
1634488358238176,100050310827163,"Đồng hồ Nhà kho","Đẹp ạ",74,"07/23/2026 18:53",https://www.facebook.com/reel/897062589588855/,"Thước phim",,"Trọn đời",2,+10.8x,0.03,0.03,0,2274,20,2,20,0,1,2206,2402,8.453,18867.869
1634485491571796,100050310827163,"Đồng hồ Nhà kho","🕰️ Bảo dưỡng những cỗ máy đồng hồ cổ cần sự tinh tế, kiên nhẫn và tỉ mỉ của người thợ. Mỗi chi tiết đều được vệ sinh, căn chỉnh cẩn thận để những cỗ máy hàng trăm năm tuổi có thể vận hành ổn định, bền bỉ và giữ được nhịp thời gian gần như thuở mới xuất xưởng.",15,"07/23/2026 18:48",https://www.facebook.com/reel/1745547353430074/,"Thước phim",,"Trọn đời",0,+2.1x,0.01,0.01,0,1917,17,0,15,1,3,1811,2265,4.867,9286.444
1634473514906327,100050310827163,"Đồng hồ Nhà kho","Đồng hồ địa cầu xem giờ thế giới – Thiết kế độc đáo mang giá trị sưu tầm

Không chỉ là một chiếc đồng hồ để bàn, đây còn là một thiết kế lấy cảm hứng từ bản đồ thế giới, được phát triển dưới sự cấp phép của Royal Geographical Society – Hiệp hội Địa lý Hoàng gia Anh. Mẫu đồng hồ kết hợp giữa nghệ thuật chế tác và kiến thức địa lý, tạo nên một sản phẩm vừa đẹp mắt vừa đầy tính ứng dụng.

✔️ Thiết kế nổi bật với quả địa cầu đặt ở trung tâm cùng vòng hiển thị 24 múi giờ bao quanh.

✔️ Chỉ cần xoay đúng múi giờ nơi mình đang sống, anh em có thể quan sát và biết ngay thời gian tại nhiều quốc gia trên thế giới một cách trực quan.

✔️ Chất liệu hoàn thiện cao cấp, kiểu dáng sang trọng, rất phù hợp để trưng bày trên bàn làm việc, phòng đọc sách hoặc thư viện gia đình, tạo điểm nhấn khác biệt so với những mẫu đồng hồ để bàn thông thường.

✔️ Không chỉ mang giá trị sử dụng, đây còn là một món đồ sưu tầm dành cho những người yêu thích địa lý, hàng hải và các thiết kế cơ khí độc đáo.",176,"07/23/2026 18:24",https://www.facebook.com/reel/1218968657970370/,"Thước phim",,"Trọn đời",10,+30.2x,0.02,0.02,0,1255,38,3,10,1,19,1284,1607,9.841,14526.545
1634428498244162,100050310827163,"Đồng hồ Nhà kho","🕰️ Phiên bản đồng hồ cổ có lịch, sử dụng 8 côn đồng nguyên bản Pháp – một cấu hình được nhiều người chơi yêu thích bởi sự kết hợp giữa tính thẩm mỹ và giá trị sử dụng. Tiếng chuông từ bộ côn đồng cho chất âm ấm áp, ngân vang và giàu cảm xúc. Cơ cấu lịch hoạt động hoàn toàn cơ khí, góp phần tạo nên nét thú vị và giá trị sưu tầm cho chiếc đồng hồ sau nhiều thập kỷ.",0,"07/23/2026 16:49",https://www.facebook.com/donghonhakho.vn/posts/pfbid02ETW26n2dsjhxfqRPw4cHJ1HHUFRFxR8cvWSkj3R63YsPrudCUfaiMtmVPwPk8i8bl,Ảnh,,"Trọn đời",0,--,0.01,0.01,0,891,8,0,7,0,1,855,1185,,
1634127541607591,100050310827163,"Đồng hồ Nhà kho","Về bản chất, côn đồng và côn thép không có ranh giới tuyệt đối rằng loại nào hay hơn. Giá trị của mỗi loại phụ thuộc vào sở thích, nhu cầu và gu thưởng thức của từng người. Người thích âm trầm ấm, mềm và ngân thường đánh giá cao côn đồng; còn người chuộng tiếng mạch lạc, rõ ràng và chuẩn nốt lại thường thích côn thép hơn. Chính vì mỗi loại mang một màu âm riêng, các nhà sản xuất đã phát triển cả hai để người chơi có thêm lựa chọn phù hợp với gu nghe của mình.",0,"07/23/2026 07:36",https://www.facebook.com/donghonhakho.vn/posts/pfbid0FwfjAfmsxAYGh4LgNcUKNibCZRWnGbyBQeY9cQhpM9kUW7f36JS6yhnp2eZHDtkPl,Ảnh,,"Trọn đời",0,--,0.15,0.15,0,2038,9,0,8,0,1,2036,2688,,
1634109854942693,100050310827163,"Đồng hồ Nhà kho","Những món đồ sưu tầm chỉ thật sự có giá trị với người yêu thích chúng. Bởi đó không phải nhu cầu thiết yếu như cái ăn, cái mặc, thậm chí còn khiến ta phải dành ra một khoản tiền để theo đuổi đam mê. Với người không thích, món đồ ấy có thể gần như không mang giá trị; nhưng với người hiểu và trân trọng, nó lại đem đến niềm vui, ký ức và giá trị tinh thần rất riêng.

Cảm ơn các bác đã luôn quan tâm và ủng hộ. Em thật lòng mong muốn được kết nối với những người chung sở thích, chung đam mê, để cùng nhau xây dựng một cộng đồng sưu tầm minh bạch, lành mạnh và chất lượng.",116,"07/23/2026 07:08",https://www.facebook.com/reel/2799299033779952/,"Thước phim",,"Trọn đời",4,+94.9x,0.3,0.3,0,9161,77,5,66,5,4,8728,9442,17.987,157807.288
1634103148276697,100050310827163,"Đồng hồ Nhà kho","Bộ đồng hồ vừa về chưa kịp nóng chỗ đã được một anh trai nhanh tay rước đi mất. Hàng đẹp thì lúc nào cũng lên đường rất nhanh ạ. Cảm ơn tất cả các bác đã luôn quan tâm, tin tưởng và ủng hộ!",0,"07/23/2026 06:59",https://www.facebook.com/donghonhakho.vn/posts/pfbid02JZuXKxyYfdLtPDb5WJQFnREr51YunH2XtLQiY6wjvAgJwTAsiEPW5jU6grfNZZx5l,Ảnh,,"Trọn đời",0,--,0.05,0.05,0,626,2,0,1,0,1,612,901,,
1634100844943594,100050310827163,"Đồng hồ Nhà kho","🕰️ Trong thế giới đồng hồ cơ khí, có một phiên bản đặc biệt đến từ Thụy Sĩ mang tên Atmos. Điều độc đáo của chiếc đồng hồ này là không cần lên cót thường xuyên mà hoạt động nhờ sự thay đổi rất nhỏ của nhiệt độ môi trường. Chỉ với biến thiên khoảng 1°C, cơ cấu bên trong đã có thể tích lũy đủ năng lượng để duy trì hoạt động trong nhiều giờ. Đây được xem là một trong những đỉnh cao của kỹ thuật chế tác đồng hồ cơ khí Thụy Sĩ.",0,"07/23/2026 06:55",https://www.facebook.com/donghonhakho.vn/posts/pfbid0orTCzWuasRjHgYHkfa2bGSGVvfrXG6kECgZ5J8oi3RxXZU4WwBJEc9TXad1sEbnJl,Ảnh,,"Trọn đời",12,--,0.25,0.25,0,3946,29,1,14,2,1,3962,5184,,
1634099621610383,100050310827163,"Đồng hồ Nhà kho","✨ Bộ đồng hồ tượng điêu khắc Pháp với tạo hình Cupid và chú dê trong thần thoại cổ điển, tượng trưng cho sự may mắn, sung túc và cuộc sống hài hòa. Toàn bộ thân tượng được chế tác bằng đồng kết hợp các chi tiết đồng mạ vàng, mang vẻ đẹp sang trọng và tinh xảo. Sản phẩm thuộc giai đoạn khoảng 1890, vừa là chiếc đồng hồ cổ giá trị, vừa là một tác phẩm nghệ thuật mang đậm dấu ấn châu Âu cuối thế kỷ XIX.",0,"07/23/2026 06:54",https://www.facebook.com/donghonhakho.vn/posts/pfbid02ypwLEpqd1mAA3VBKY6nNFeC2Cxf8QjvMvYusWPvXHsZz3TWuubYRbyRza9b3DUmZl,Ảnh,,"Trọn đời",0,--,0.02,0.02,0,408,3,0,2,0,1,401,580,,
1634098051610540,100050310827163,"Đồng hồ Nhà kho","🕰️ Trong thiết kế đồng hồ cổ, bộ kim không chỉ có nhiệm vụ chỉ giờ mà còn là một chi tiết thể hiện dấu ấn của từng thương hiệu. Ở những phiên bản cao cấp và đặc biệt, kim thường được thiết kế với kiểu dáng riêng, hài hòa với hoa văn của mặt số, vỏ thùng và tổng thể sản phẩm. Chính những chi tiết tưởng chừng rất nhỏ này lại góp phần tạo nên bản sắc, giá trị thẩm mỹ và giá trị sưu tầm của mỗi chiếc đồng hồ cổ.",0,"07/23/2026 06:52",https://www.facebook.com/donghonhakho.vn/posts/pfbid0x9XJFGWpLdmuPnSJWSHRpXJm2XsLEbT3WyvzKepH9XhUU6SJsu6SupRN1fSXTg92l,Ảnh,,"Trọn đời",0,--,0.02,0.02,0,497,4,-1,3,0,1,498,667,,
1634096451610700,100050310827163,"Đồng hồ Nhà kho","🔔 Côn vòng được thiết kế uốn thành vòng cung nhằm tăng chiều dài của thanh côn trong khi vẫn tiết kiệm không gian bên trong thùng đồng hồ. Nhờ chiều dài lớn hơn, côn có khả năng tạo âm thanh trầm hơn, vang hơn và ngân lâu hơn so với côn thẳng có cùng kích thước thùng. Đây là một giải pháp cơ khí thông minh, vừa tối ưu chất âm vừa giữ được thiết kế gọn gàng của đồng hồ.",0,"07/23/2026 06:51",https://www.facebook.com/donghonhakho.vn/posts/pfbid09Fkit2bWDvLvePC59wNPRKFDKFnK9vDBWwB1EoAZW93V14ZiX2rHZzwc8qNmGUo5l,Ảnh,,"Trọn đời",0,--,0.02,0.02,0,1311,5,0,4,0,1,1294,1757,,
1633905671629778,100050310827163,"Đồng hồ Nhà kho","🔨 Khi da búa đồng hồ cổ bị khô, cứng hoặc lão hóa, việc thay đầu da mới sẽ giúp cải thiện đáng kể chất lượng âm thanh. Một đầu da tốt cần có lớp ngoài đủ cứng để truyền lực chính xác, đồng thời vẫn giữ được độ đàn hồi bên trong, giúp tiếng chuông trong hơn, ngân hơn và giữ đúng chất âm vốn có của bộ côn.",44,"07/23/2026 01:45",https://www.facebook.com/reel/2260030421451401/,"Thước phim",,"Trọn đời",6,+12.8x,0.28,0.28,0,11507,92,6,81,4,4,11322,13594,15.966,180136.193
1633754918311520,100050310827163,"Đồng hồ Nhà kho","🕰️ Đồng hồ vai bò Junhans nguyên bản – vẻ đẹp bền vững theo thời gian

✨ Mẫu đồng hồ nổi bật với kiểu dáng vai bò cân đối, thiết kế thanh lịch, phù hợp nhiều không gian từ phòng khách đến phòng làm việc.

⚙️ Bộ máy nguyên bản vận hành ổn định, bền bỉ, thể hiện chất lượng chế tác đặc trưng của đồng hồ Đức.

🔔 Âm thanh trong trẻo, dễ nghe, mang đến cảm giác ấm cúng và hoài niệm trong mỗi lần điểm chuông.

🏆 Một chiếc đồng hồ vừa có giá trị sử dụng, vừa mang giá trị sưu tầm cao với mức giá giao lưu hợp lý dành cho anh em yêu đồng hồ cổ.",29,"07/22/2026 20:56",https://www.facebook.com/reel/1654449262291513/,"Thước phim",,"Trọn đời",0,+2.1x,0.01,0.01,0,1333,11,2,7,1,3,1266,1485,6.081,8113.274
1633727778314234,100050310827163,"Đồng hồ Nhà kho","🕰️ Vai bò Hermle Đức 8 côn – 3 bản nhạc, nguyên bản, giá trị sưu tầm cao

Một trong những dòng đồng hồ nổi bật của Hermle – thương hiệu chế tác đồng hồ cơ danh tiếng của Đức. Không chỉ nổi tiếng với bộ máy bền bỉ, Hermle còn được đánh giá cao bởi những thiết kế tinh tế, cân đối và độ hoàn thiện rất tốt. Chính vì vậy, các mẫu vai bò của Hermle luôn được nhiều người chơi lâu năm yêu thích và săn tìm.

Chiếc đồng hồ sử dụng bộ máy 8 côn 8 búa, cứ mỗi 15 phút sẽ điểm một đoạn nhạc và đủ giờ sẽ chơi trọn bản kết hợp điểm chuông. Ba giai điệu kinh điển được tích hợp gồm:

🎵 Westminster
🎵 St. Michael
🎵 Whittington

Đồng hồ còn được trang bị cần gạt lựa chọn bản nhạc và chế độ Silent, giúp người chơi dễ dàng chuyển đổi giữa ba giai điệu hoặc tắt chuông khi cần.

Với thiết kế nguyên bản, chất âm ngân vang, bộ máy hoạt động ổn định cùng giá trị thương hiệu đã được khẳng định qua nhiều thập kỷ, đây là mẫu đồng hồ vừa phù hợp để thưởng thức hằng ngày, vừa là một lựa chọn có giá trị trong các bộ sưu tập đồng hồ cơ cổ.",26,"07/22/2026 20:03",https://www.facebook.com/reel/1949736129046428/,"Thước phim",,"Trọn đời",0,+2.1x,0.01,0.01,0,1368,17,2,14,0,3,1333,1569,6.212,8523.33
1633722204981458,100050310827163,"Đồng hồ Nhà kho","🕰️ Vai bò Hermle Đức 8 côn – 3 bản nhạc, nguyên bản, giá trị sưu tầm cao

Một trong những dòng đồng hồ nổi bật của Hermle – thương hiệu chế tác đồng hồ cơ danh tiếng của Đức. Không chỉ nổi tiếng với bộ máy bền bỉ, Hermle còn được đánh giá cao bởi những thiết kế tinh tế, cân đối và độ hoàn thiện rất tốt. Chính vì vậy, các mẫu vai bò của Hermle luôn được nhiều người chơi lâu năm yêu thích và săn tìm.

Chiếc đồng hồ sử dụng bộ máy 8 côn 8 búa, cứ mỗi 15 phút sẽ điểm một đoạn nhạc và đủ giờ sẽ chơi trọn bản kết hợp điểm chuông. Ba giai điệu kinh điển được tích hợp gồm:

🎵 Westminster
🎵 St. Michael
🎵 Whittington

Đồng hồ còn được trang bị cần gạt lựa chọn bản nhạc và chế độ Silent, giúp người chơi dễ dàng chuyển đổi giữa ba giai điệu hoặc tắt chuông khi cần.

Với thiết kế nguyên bản, chất âm ngân vang, bộ máy hoạt động ổn định cùng giá trị thương hiệu đã được khẳng định qua nhiều thập kỷ, đây là mẫu đồng hồ vừa phù hợp để thưởng thức hằng ngày, vừa là một lựa chọn có giá trị trong các bộ sưu tập đồng hồ cơ cổ.",85,"07/22/2026 19:53",https://www.facebook.com/reel/1949605012407396/,"Thước phim",,"Trọn đời",1,+4.2x,0.01,0.01,0,633,4,0,2,1,0,589,716,7.123,4580.114
1633692061651139,100050310827163,"Đồng hồ Nhà kho","Cách gọi tên một chiếc đồng hồ Ô Đô 36 đúng như thế nào?

Trong giới chơi đồng hồ cổ, tên gọi của một chiếc đồng hồ thường được ghép từ nhiều đặc điểm khác nhau để mô tả đúng cấu hình.

Ví dụ:

* Trên máy có logo Ô Đô và số 36 ⇒ gọi là Ô Đô 36.
* Số series của máy có 4 chữ số ⇒ gọi là máy bốn số.
* Hệ thống điểm chuông có 10 côn 10 búa ⇒ gọi là 36-10.

Khi kết hợp các thông tin này, người chơi thường gọi:

* Ô Đô 36 máy bốn số.
* Ô Đô 36-10 máy bốn số.
* Hoặc Ô Đô 36, series bốn số, 10 côn 10 búa.

Đây là cách gọi giúp nhận biết nhanh cấu hình của đồng hồ, đồng thời phân biệt với các phiên bản khác cùng dòng.",34,"07/22/2026 18:55",https://www.facebook.com/reel/4391270414447490/,"Thước phim",,"Trọn đời",4,+11.1x,0.14,0.14,0,9559,112,15,99,8,6,9404,13183,18.324,171789.562
1633685778318434,100050310827163,"Đồng hồ Nhà kho","Búa và côn trên đồng hồ cổ

Định nghĩa

Trong đồng hồ cơ cổ có hệ thống điểm chuông, búa và côn là hai bộ phận phối hợp với nhau để tạo nên âm thanh. Mặc dù luôn hoạt động cùng nhau, đây là hai chi tiết hoàn toàn khác nhau.

Búa là gì?

Búa là các thanh kim loại chuyển động, phía đầu búa có phần nặng dùng để gõ vào côn khi cơ cấu điểm chuông hoạt động.

Chức năng

* Truyền lực từ bộ máy.
* Gõ vào côn để tạo âm thanh.
* Mỗi búa thường tương ứng với một côn.

Côn là gì?

Côn là các thanh kim loại có tính đàn hồi, được chế tạo để phát ra âm thanh khi bị búa tác động.

Chiều dài, vật liệu, đường kính và cách chế tạo côn quyết định phần lớn chất âm đồng hồ cổ.

Chức năng

* Phát ra âm thanh.
* Tạo cao độ và âm sắc của từng nốt nhạc.
* Kết hợp thành các bản nhạc như Westminster hoặc các giai điệu khác trên nhiều mẫu đồng hồ cổ.

Cách gọi theo số lượng

Trong giới sưu tầm đồng hồ cổ, số lượng búa và côn thường được dùng để mô tả cấu hình của đồng hồ.

Ví dụ:

* 4 côn – 4 búa.
* 5 côn – 5 búa.
* 8 côn – 8 búa.
* 10 côn – 10 búa.

Khi một chiếc đồng hồ có 10 búa và 10 côn, người chơi thường gọi là đồng hồ 10 côn 10 búa. Cách gọi này phản ánh đúng cấu hình của hệ thống điểm chuông.

Lưu ý

Trong thực tế, không nên nhầm lẫn giữa búa và côn. Búa là bộ phận gõ, còn côn là bộ phận phát ra âm thanh. Hai chi tiết này luôn phối hợp với nhau để tạo nên âm thanh đặc trưng của đồng hồ cổ, nhưng đảm nhiệm hai chức năng hoàn toàn khác nhau.

Từ khóa SEO: búa đồng hồ cổ, côn đồng hồ cổ, đồng hồ 10 côn 10 búa, đồng hồ quả lắc, đồng hồ cơ cổ, âm thanh đồng hồ cổ, chất âm đồng hồ cổ, đồng hồ châu Âu cổ.",25,"07/22/2026 18:42",https://www.facebook.com/reel/2059451304713963/,"Thước phim",,"Trọn đời",0,+2.7x,0.06,0.06,0,4134,38,3,36,1,3,4044,5225,10.533,43420.051
1633675018319510,100050310827163,"Đồng hồ Nhà kho","Mặt số nổi và mặt số in trên đồng hồ cổ có gì khác nhau?

Nhiều người cho rằng mặt số nổi luôn cao cấp hơn mặt số in. Thực tế, điều quan trọng nhất vẫn là đúng với cấu hình nguyên bản của từng model.

Mặt số in là loại mặt số có các con số, vạch chia giờ, tên thương hiệu và họa tiết được in trực tiếp bằng mực lên nền kim loại. Bề mặt phẳng, các chi tiết không có độ nổi.

Mặt số nổi là loại mặt số sử dụng các cọc số hoặc chữ số bằng kim loại hay vật liệu khác, sau đó gắn lên nền mặt số đã hoàn thiện. Nhờ đó, mặt số tạo cảm giác có chiều sâu và nổi khối hơn.

Đối với đồng hồ cổ Ô Đô 36/10, nhiều phiên bản nguyên bản từ nhà sản xuất được trang bị mặt số in. Vì vậy, việc một chiếc Ô Đô 36/10 sử dụng mặt số in không đồng nghĩa với việc mặt số đã bị thay thế hay làm lại.

Khi đánh giá một chiếc đồng hồ cổ, cần dựa trên cấu hình nguyên bản của từng model thay vì chỉ nhìn vào việc mặt số là nổi hay in.",36,"07/22/2026 18:21",https://www.facebook.com/reel/3529082137268256/,"Thước phim",,"Trọn đời",0,+0.7x,0.03,0.03,0,2265,6,0,6,0,0,2178,2506,8.531,18940.829
1633130825040596,100050310827163,"Đồng hồ Nhà kho","Đồng Hồ Đức 5 Côn – Dáng để bàn thanh lịch, chất âm cổ điển- Mã số #987
💵:3tr8
✨ Mẫu đồng hồ để bàn Đức cổ sở hữu thiết kế thanh thoát với phần thùng gỗ dáng dài, mặt số tròn nổi bật cùng vòng số La Mã màu vàng sang trọng. Các đường viền kim loại tạo điểm nhấn hài hòa, phù hợp trưng bày phòng khách, phòng làm việc hoặc không gian sưu tầm.

⚙️ Bộ máy cơ cổ Đức hoàn thiện chắc chắn, cấu hình 5 côn 5 búa, vận hành ổn định. Cơ cấu gõ chuông tạo nên nét đặc trưng của dòng đồng hồ cơ cổ, vừa để xem giờ vừa mang giá trị thưởng thức máy móc xưa.

🔔 Âm thanh đồng hồ cổ trong trẻo, tiếng côn ngân vang nhẹ nhàng, mang lại cảm giác hoài niệm và ấm áp cho không gian sống.

📏 Kích thước: 53 x 22 cm

📍Đồng Hồ Nhà Kho- KĐT Văn Phú, Hà Đông, Hà Nội
☎️ 0️⃣9️⃣6️⃣3✦4️⃣5️⃣6✦9️⃣6️⃣3️⃣

#dongho_co #dongho_Duc_co #dongho_co_Duc #dongho_deban #dongho_qua_lac #dongho_chauAu_co #suutamdongho #amthanhdongho_co #dogocchauAu #dongho5con",0,"07/22/2026 02:09",https://www.facebook.com/donghonhakho.vn/posts/pfbid02WyGorwR1qZfCsSXDk4xx5FTALKius11uGTCYpfrqiYaVEtixsw1FfsC8cThLFCyBl,Ảnh,,"Trọn đời",5,--,0.06,0.06,0,774,6,0,1,0,0,750,1148,,
1633116231708722,100050310827163,"Đồng hồ Nhà kho","🕰️ Đồng hồ cổ Ô đô 62/10 – chuông bính boong, giá trị sưu tầm cao

✨ Một trong những dòng đồng hồ cổ Pháp được nhiều anh em yêu thích bởi kiểu dáng thùng bè cân đối, mặt số đẹp và tổng thể rất sang trọng.

🔔 Bộ máy 10 côn 10 búa với âm thanh bính boong đặc trưng, cho tiếng chuông trong trẻo, vang ngân và giàu cảm xúc.

⚙️ Kết cấu máy bền bỉ, vận hành ổn định, mang đậm tinh thần chế tác đồng hồ châu Âu cổ.

🏆 Ô đô 62/10 không chỉ là một chiếc đồng hồ xem giờ, mà còn là món đồ sưu tầm mang giá trị về thiết kế, âm thanh và dấu ấn lịch sử.",94,"07/22/2026 01:45",https://www.facebook.com/reel/1726432058558196/,"Thước phim",,"Trọn đời",7,+22.2x,0.04,0.04,0,2755,26,0,16,2,2,2570,2946,9.514,25954.263
1633106585043020,100050310827163,"Đồng hồ Nhà kho","Đồng Hồ Vai Bò Đức 2 Lỗ 4 Côn Điểm Bính Boong – Dáng Cổ Điển, Âm Thanh Trong Trẻo- Mã số #749
💵:2tr7
✨ Mẫu đồng hồ vai bò Đức cổ sở hữu kiểu dáng để bàn thanh lịch với phần thùng gỗ dài, đường nét đơn giản nhưng rất hài hòa. Mặt số tròn nổi bật với vòng số kim loại sáng màu, kim kiểu cổ điển tạo cảm giác sang trọng, phù hợp trưng bày phòng khách, phòng làm việc hoặc không gian sưu tầm.  

⚙️ Bộ máy cơ cổ Đức kết cấu chắc chắn. Cơ chế hoạt động bền bỉ theo thời gian, máy còn giữ được nét đặc trưng của những mẫu đồng hồ cơ cổ châu Âu.

🔔 Âm thanh điểm chuông bính boong nhẹ nhàng, trong trẻo. Đồng hồ có chức năng 30 phút điểm chuông một lần, tạo nên âm thanh đồng hồ cổ đều đặn, mang lại cảm giác ấm áp và hoài niệm trong không gian sống.

📏 Kích thước: 59 x 23 cm

🏠 Địa chỉ: Đồng Hồ Nhà Kho
☎️ Liên hệ: 0️⃣9️⃣6️⃣3️⃣✦4️⃣5️⃣6️⃣✦9️⃣6️⃣3️⃣

#dong_ho_vai_bo #dong_ho_co_duc #dong_ho_co #dong_ho_qua_lac #dong_ho_co_chau_au #dong_ho_suu_tam #dong_ho_de_ban #do_co_chau_au #am_thanh_dong_ho_co",0,"07/22/2026 01:29",https://www.facebook.com/donghonhakho.vn/posts/pfbid02VmAG6pshpqjvEYCLoqtowfXviz5YVCAHqHpJBSjhKsHrtMHpQjGwgqqL4EmWDVjkl,Ảnh,,"Trọn đời",1,--,0.02,0.02,0,309,2,0,1,0,0,306,451,,
1633105555043123,100050310827163,"Đồng hồ Nhà kho","🕰️ Đồng hồ treo tường Đức – thiết kế hiện đại, tiện dụng

✨ Sở hữu kiểu dáng trang nhã, hài hòa, chiếc đồng hồ phù hợp với nhiều không gian nội thất từ phòng khách, phòng làm việc đến căn hộ hiện đại.

🔔 Điểm đặc biệt của mẫu này là chức năng tự động ngắt chuông ban đêm, giúp đồng hồ vẫn giữ được trải nghiệm âm thanh cổ điển nhưng không ảnh hưởng đến sinh hoạt khi nghỉ ngơi.

⚙️ Bộ máy cơ Đức vận hành ổn định, kết hợp cùng thiết kế tinh tế tạo nên một chiếc đồng hồ cổ Đức vừa có giá trị sử dụng, vừa mang nét đẹp sưu tầm theo thời gian.",27,"07/22/2026 01:27",https://www.facebook.com/reel/27544008398601814/,"Thước phim",,"Trọn đời",0,+1.1x,0.02,0.02,0,3199,18,1,17,0,1,3131,3564,4.889,15818.181
1632568405096838,100050310827163,"Đồng hồ Nhà kho","Một số dòng đồng hồ cổ chỉ sử dụng một que côn duy nhất để điểm giờ, thay vì bốn que như nhiều phiên bản ra đời sau này. Đây không phải là thiết kế đơn giản hóa, mà xuất phát từ nguyên mẫu của tháp đồng hồ Big Ben tại Cung điện Westminster. Sau khi bốn quả chuông hoàn thành giai điệu Westminster, chỉ một quả chuông lớn sẽ đảm nhiệm việc điểm số giờ. Nhiều nhà sản xuất đồng hồ cổ đã kế thừa nguyên lý này, mô phỏng lại bằng một que côn duy nhất chuyên dùng để báo giờ, nhằm giữ đúng tinh thần của thiết kế gốc và tạo nên nét đặc trưng riêng cho những phiên bản đời đầu.",65,"07/21/2026 08:13",https://www.facebook.com/reel/2324375048094985/,"Thước phim",,"Trọn đời",2,+14.2x,0.04,0.04,0,1887,26,0,23,0,3,1789,2103,12.182,23342.363
1632342991786046,100050310827163,"Đồng hồ Nhà kho","📻 Đài cổ nguyên bản mang đậm dấu ấn của một thời kỳ vàng son trong ngành điện tử, nổi bật với thiết kế cổ điển và vẻ đẹp vượt thời gian.

✨ Tình trạng nguyên bản giúp lưu giữ trọn vẹn giá trị lịch sử, từ kiểu dáng, chất liệu đến từng chi tiết đặc trưng của nhà sản xuất.

🎶 Máy hỗ trợ nghe radio và cassette, âm thanh rõ nét, ấm áp, đáp ứng tốt cả nhu cầu thưởng thức lẫn trưng bày.

🏆 Một món đồ mang giá trị sưu tầm cao, phù hợp với những người yêu thiết bị âm thanh cổ và không gian hoài niệm.",13,"07/21/2026 02:25",https://www.facebook.com/reel/2068951003749386/,"Thước phim",,"Trọn đời",10,+17.7x,0.02,0.02,0,3925,54,0,39,0,5,3811,4882,6.553,25340.769
1632331335120545,100050310827163,"Đồng hồ Nhà kho","🕰️ Đồng hồ để bàn Hermle Đức với thiết kế ly úp hình tháp thủy tinh, phô diễn trọn vẹn vẻ đẹp của bộ máy cơ từ mọi góc nhìn.

✨ Khung kính trong suốt kết hợp đế kim loại tạo nên vẻ sang trọng, hiện đại nhưng vẫn giữ đậm chất đồng hồ cổ Đức.

⚙️ Bộ máy cơ Hermle vận hành ổn định, bền bỉ, phù hợp vừa sử dụng vừa trưng bày trong phòng khách, phòng làm việc hay tủ sưu tầm.

🏆 Một mẫu đồng hồ mang giá trị thẩm mỹ cao, được nhiều người yêu đồng hồ cơ lựa chọn nhờ thiết kế độc đáo và giá trị sưu tầm lâu dài.",35,"07/21/2026 02:04",https://www.facebook.com/reel/1071238575241904/,"Thước phim",,"Trọn đời",18,+29.6x,0.14,0.14,0,6484,107,2,90,6,4,6335,7129,10.546,65997.961
1632331291787216,100050310827163,"Đồng hồ Nhà kho","🕰️ Đồng hồ để bàn Hermle Đức với thiết kế ly úp hình tháp thủy tinh, phô diễn trọn vẹn vẻ đẹp của bộ máy cơ từ mọi góc nhìn.

✨ Khung kính trong suốt kết hợp đế kim loại tạo nên vẻ sang trọng, hiện đại nhưng vẫn giữ đậm chất đồng hồ cổ Đức.

⚙️ Bộ máy cơ Hermle vận hành ổn định, bền bỉ, phù hợp vừa sử dụng vừa trưng bày trong phòng khách, phòng làm việc hay tủ sưu tầm.

🏆 Một mẫu đồng hồ mang giá trị thẩm mỹ cao, được nhiều người yêu đồng hồ cơ lựa chọn nhờ thiết kế độc đáo và giá trị sưu tầm lâu dài.",35,"07/21/2026 02:04",https://www.facebook.com/reel/1790825572281962/,"Thước phim",,"Trọn đời",3,+5x,0.02,0.02,0,2030,20,0,16,1,0,2023,2211,7.172,14395.221
1632319731788372,100050310827163,"Đồng hồ Nhà kho","Đồng Hồ Tượng Pháp Mặt Men, Chuông Chén, Tượng Thiên Thần Và Chùm Nho Cổ Điển- Mã số #1099
💵:19tr
✨ Mẫu đồng hồ cổ Pháp để bàn mang đậm phong cách nghệ thuật châu Âu. Điểm nhấn nổi bật là cụm tượng thiên thần ngồi cùng chú dê, tay cầm chùm nho, kết hợp phần đế đúc nổi họa tiết lá nho và quả nho vô cùng tinh xảo. Đây là dòng đồng hồ châu Âu cổ vừa có giá trị sử dụng, vừa là tác phẩm trang trí mang giá trị sưu tầm cao.

✨ Thân đồng hồ được chế tác với những đường nét uốn lượn mềm mại, mạ tông vàng sang trọng kết hợp đá sáng màu tạo chiều sâu cho tổng thể. Mặt số mặt men nguyên bản sử dụng số La Mã cổ điển, kim thép thanh mảnh hài hòa với thiết kế tổng thể, giữ được vẻ đẹp đặc trưng của những mẫu đồng hồ cơ cổ Pháp.

✨ Bộ máy cơ lên cót bằng chìa hoạt động bền bỉ, sử dụng chuông chén cho tiếng điểm giờ trong trẻo, vang và dứt khoát. Đây là kiểu âm thanh được nhiều người chơi đồng hồ sưu tầm yêu thích bởi sự nhẹ nhàng, thanh lịch và rất phù hợp với không gian phòng khách, phòng làm việc hay phòng đọc.

📐 Kích thước: 48 × 38 cm.

🏠 Đồng hồ Nhà Kho
📍 KĐT Văn Phú, Hà Đông, Hà Nội
☎️ 0️⃣9️⃣6️⃣3️⃣✦4️⃣5️⃣6️⃣✦9️⃣6️⃣3️⃣

#DongHoCo #DongHoCoPhap #DongHoDeBan #DongHoChauAuCo #DongHoCoNguyenBan #DongHoSuuTam #DoCoChauAu #GiaTriSuuTam",0,"07/21/2026 01:44",https://www.facebook.com/donghonhakho.vn/posts/pfbid0EuiG1QRcH1nyEzVw5RPFCcgbewPkHeh7YGwYs2fxmnBVjCk5ZSNgqwkqn1Cq2WSbl,Ảnh,,"Trọn đời",1,--,0.04,0.04,0,614,4,0,3,0,0,615,853,,
1632306835122995,100050310827163,"Đồng hồ Nhà kho","Đồng Hồ GB Đức 8 Côn Thùng Vân Gỗ Đẹp, Máy Zin Bền Bỉ, Chất Âm Ngân Vang - Mã số #107(Y403)
💵:7tr
✨ Thiết kế thùng vuông cân đối với những đường vân gỗ nổi bật, tạo chiều sâu rất đẹp khi treo trong phòng khách hay phòng làm việc. Hai góc trên được chạm khắc họa tiết cách điệu nhẹ nhàng, kết hợp mặt số nhôm nguyên bản cùng bộ kim cổ đặc trưng, mang đậm phong cách đồng hồ châu Âu cổ.

✨ Thùng đồng hồ kích thước 74 x 41 cm, giữ được kết cấu chắc chắn, nước gỗ lên màu mật ong ấm áp, vân gỗ loang tự nhiên rất bắt mắt. Ô kính dưới tạo điểm nhấn giúp quan sát quả lắc vận hành nhịp nhàng, tôn lên vẻ đẹp của một đồng hồ nguyên bản đáng sưu tầm.

⚙️ Bộ máy GB Đức zin nguyên bản, nổi tiếng với độ ổn định và độ bền cao. Logo GB hình mỏ neo trên máy là dấu nhận diện quen thuộc của dòng Gustav Becker, một trong những tên tuổi lớn của đồng hồ cổ Đức.  

🎶 Hệ thống 8 côn 8 búa cho chất âm đồng hồ cổ trầm ấm, ngân vang và có chiều sâu. Mỗi lần điểm nhạc đều tạo cảm giác rất dễ chịu, phù hợp với những anh em yêu thích âm thanh mộc mạc của đồng hồ quả lắc Đức.

📏 Kích thước: 74 x 41 cm

🏠 Đồng hồ Nhà Kho- KĐT Văn Phú, Hà Đông, Hà Nội
☎️ 0️⃣9️⃣6️⃣3️⃣✦4️⃣5️⃣6️⃣✦9️⃣6️⃣3️⃣

#DongHoCo #DongHoCoDuc #DongHoQuaLac #DongHoCoPhap #DongHoChauAuCo #DongHoNguyenBan #DongHoSuuTam #ChatAmDongHoCo #GiaTriSuuTam",0,"07/21/2026 01:23",https://www.facebook.com/donghonhakho.vn/posts/pfbid02iBWZ5d79MFwaezKL2aKhUkngvspFrhW5tLcySvvMn3vRUTppDHRNM71t3i6TRJrfl,Ảnh,,"Trọn đời",1,--,0.05,0.05,0,623,2,0,1,0,0,597,946,,
1632304515123227,100050310827163,"Đồng hồ Nhà kho","🎵 Điểm nhấn của chiếc Thomas Home Phonograph nằm ở phần loa kèn mô phỏng bông hoa đang nở, thiết kế vừa mềm mại vừa mang đậm tính nghệ thuật. Không chỉ có giá trị thẩm mỹ, loa kèn còn giúp khuếch đại âm thanh hoàn toàn tự nhiên, tạo nên chất âm mộc mạc và đặc trưng của máy hát cổ.

🏆 Một thiết kế mang đậm dấu ấn châu Âu, kết hợp giữa nghệ thuật chế tác, giá trị lịch sử và giá trị sưu tầm, rất phù hợp để trưng bày trong những không gian cổ điển.",40,"07/21/2026 01:18",https://www.facebook.com/reel/1556947126015351/,"Thước phim",,"Trọn đời",9,+15x,0.02,0.02,0,2230,23,0,12,1,3,2169,2480,6.022,13477.405
1632296238457388,100050310827163,"Đồng hồ Nhà kho","🕰️ Đồng hồ để bàn cổ Pháp mang đậm phong cách Napoleon III, nổi bật với phần thân đồng đúc kết hợp đồng hun, tạo nên vẻ đẹp sang trọng và đầy chiều sâu theo thời gian.

✨ Điểm nhấn là tượng thiên thần Bacchus phía trên, bao quanh bởi chùm nho và họa tiết trái cây – biểu tượng của sự sung túc, thịnh vượng và nghệ thuật châu Âu thế kỷ XIX.

⚙️ Đồng hồ sử dụng chuông chén, cứ 30 phút điểm chuông một lần, cho âm thanh trong trẻo, vang ngân và rất đặc trưng của dòng đồng hồ để bàn cổ Pháp.

🏆 Một tác phẩm vừa mang giá trị sử dụng, vừa là món đồ trang trí và sưu tầm đẳng cấp, thể hiện rõ tinh hoa chế tác đồng hồ Pháp xưa.",0,"07/21/2026 01:04",https://www.facebook.com/donghonhakho.vn/posts/pfbid09sU14JPooRRWCHEBMdJhHT5tM9s5ci6PYaVKUYoVTeL47zFsgUVCBRRYQWrtmDvvl,Ảnh,,"Trọn đời",0,--,0.02,0.02,0,631,1,0,0,0,1,630,894,,
1632293908457621,100050310827163,"Đồng hồ Nhà kho","🕰️ Atmos là một trong những chiếc đồng hồ cơ độc đáo nhất từng được chế tạo, thường được người chơi gọi là “đồng hồ vĩnh cửu”.

⚙️ Không sử dụng pin hay lên dây cót định kỳ, bộ máy vận hành nhờ năng lượng sinh ra từ những thay đổi rất nhỏ của môi trường xung quanh.

✨ Thiết kế lộ cơ trong lồng kính giúp phô diễn trọn vẹn vẻ đẹp của nghệ thuật chế tác đồng hồ Thụy Sĩ.

🏆 Với công nghệ cơ khí đặc biệt cùng giá trị lịch sử lâu đời, Atmos luôn là dòng đồng hồ được giới sưu tầm trên toàn thế giới đánh giá rất cao.",23,"07/21/2026 01:00",https://www.facebook.com/reel/1963104564345849/,"Thước phim",,"Trọn đời",8,+14.3x,0.02,0.02,0,2533,34,4,22,1,4,2542,3109,6.955,18257.833
1632292475124431,100050310827163,"Đồng hồ Nhà kho","🕰️ Đồng hồ Atmos được mệnh danh là “đồng hồ vĩnh cửu” bởi gần như không cần lên dây cót hay dùng điện.

⚙️ Bộ máy hoạt động nhờ sự thay đổi rất nhỏ của nhiệt độ và áp suất không khí, tích trữ năng lượng để duy trì chuyển động trong thời gian dài.

✨ Thiết kế lộ cơ tinh xảo, chuyển động nhẹ nhàng như đang lơ lửng, kết hợp kỹ thuật chế tác đỉnh cao của Thụy Sĩ đã đưa Atmos trở thành một trong những biểu tượng của nghệ thuật đồng hồ cơ.

🏆 Một kiệt tác cơ khí mang giá trị sưu tầm và trưng bày, được giới chơi đồng hồ trên toàn thế giới đánh giá rất cao.",60,"07/21/2026 00:57",https://www.facebook.com/reel/899452296018628/,"Thước phim",,"Trọn đời",2,+3.4x,0,0,0,682,7,0,4,1,0,630,756,5.89,4017.373
1632280571792288,100050310827163,"Đồng hồ Nhà kho","🕰️ Junhan côn đồng bạch với thiết kế vô cùng độc đáo.

✨ Cấu hình 1 côn vòng điểm giờ giả kết hợp 5 côn đồng bạch điểm nhạc tạo nên nét khác biệt hiếm gặp, vừa mang tính thẩm mỹ, vừa cho chất âm ngân vang đặc trưng của dòng đồng bạch.

🏆 Một phiên bản không chỉ có giá trị sử dụng mà còn mang giá trị sưu tầm cao, rất được những người yêu đồng hồ cổ Đức tìm kiếm.",80,"07/21/2026 00:37",https://www.facebook.com/reel/1032848529233058/,"Thước phim",,"Trọn đời",2,+7.2x,0.01,0.01,0,530,10,1,8,0,2,488,599,12.234,6545.375
1631486178538394,100050310827163,"Đồng hồ Nhà kho","📻 Thomas Home Phonograph – nét hoài niệm của một thời

✨ Một mẫu đài mô phỏng máy hát loa kèn cổ điển của hãng Thomas, tái hiện vẻ đẹp của những chiếc phonograph đầu thế kỷ XX nhưng được sản xuất bằng công nghệ hiện đại. Kiểu dáng loa kèn lớn kết hợp với thùng gỗ tạo nên điểm nhấn rất ấn tượng cho mọi không gian.

🎶 Sản phẩm tích hợp radio bắt sóng tốt, vừa đáp ứng nhu cầu giải trí, vừa mang giá trị trưng bày. Chỉ cần bật một bản nhạc nhẹ, chiếc đài sẽ mang đến cảm giác hoài niệm, ấm cúng và đầy chất xưa.

☕ Đây là món đồ đặc biệt phù hợp để trang trí quán cà phê, homestay, studio, phòng đọc sách hay góc làm việc, tạo nên một không gian vintage có chiều sâu và thu hút mọi ánh nhìn. Không chỉ để nghe nhạc, chiếc đài còn là một món đồ gợi nhớ ký ức và kể câu chuyện của một thời đã qua.",69,"07/20/2026 01:02",https://www.facebook.com/reel/3612345362256183/,"Thước phim",,"Trọn đời",0,+6.3x,0.03,0.03,0,2002,8,0,8,0,0,1897,2144,7.542,15078.181
1631372265216452,100050310827163,"Đồng hồ Nhà kho","📻 Radio cổ Thomas – phong cách hoài niệm, đa chức năng

✨ Một mẫu radio mô phỏng cổ điển của hãng Thomas, sản xuất khoảng năm 1988, mang thiết kế đậm chất châu Âu xưa với vẻ đẹp trang nhã và ấm cúng.

🎙️ Sản phẩm được tích hợp radio bắt sóng tốt cùng chức năng ghi âm bằng băng cassette, tái hiện trọn vẹn trải nghiệm nghe nhạc và lưu giữ kỷ niệm của một thời.

🏡 Không chỉ là thiết bị giải trí, đây còn là món đồ trang trí mang đậm dấu ấn hoài cổ, rất phù hợp với phòng khách, phòng làm việc hoặc không gian sưu tầm đồ xưa. Một lựa chọn thú vị dành cho những ai yêu thích vẻ đẹp của các thiết bị âm thanh cổ điển.",27,"07/19/2026 21:34",https://www.facebook.com/reel/1755834198904077/,"Thước phim",,"Trọn đời",4,+7.8x,0.02,0.02,0,3111,26,0,21,0,3,3016,3514,4.68,14845.434
1630933171927028,100050310827163,"Đồng hồ Nhà kho","Nếu anh em vẫn báo XÁU - CHƯA ƯNG thì em xin xếp vào nhóm KHÓ PHỤC VỤ ạ. Ô đô 54/10 côn 111",0,"07/19/2026 08:08",https://www.facebook.com/donghonhakho.vn/posts/pfbid02Fs5f4ApHNJmE1BVWBw8ce3MQ8AK766kKUebLoGeBU2Qmq4yPVcQQxYRAD8DJzRUxl,Ảnh,,"Trọn đời",2,--,0.03,0.03,0,2183,17,0,15,0,1,2046,3009,,
1630920361928309,100050310827163,"Đồng hồ Nhà kho","Ô đô 57/10 nếu nguyên thùng toàn bộ đúng đời: Tự tin với anh em CHIẾC NÀY ĐẸP HẾT SỐ hiện tại",0,"07/19/2026 07:46",https://www.facebook.com/donghonhakho.vn/posts/pfbid0SVgWQRJtXz8TGoDWDiKAubATAojaVism5poyb2PsPuBXDSrJdu4vRyrSTzBUs5Eal,Ảnh,,"Trọn đời",10,--,0.63,0.63,0,7506,39,1,29,0,1,7232,10220,,
1630785618608450,100050310827163,"Đồng hồ Nhà kho","Ô đô 30/10 nguyên bản với cơ cấu chuông bính boong đặc trưng.
Chuông vang, tròn và rất dễ nghe.
Nguyên bản, vận hành ổn định, mang đậm nét cơ khí cổ điển của đồng hồ Pháp.",0,"07/19/2026 04:03",https://www.facebook.com/donghonhakho.vn/posts/pfbid0DkmRnQQs2XAAd1QcviAHy5pZPbjLZpppAQvhCnqzM9MKhZrYv2RzkqzsmgTVTbKil,Ảnh,,"Trọn đời",5,--,0.02,0.02,0,1553,21,-1,16,0,1,1520,2409,,
1629948422025503,100050310827163,"Đồng hồ Nhà kho","🕰️ Đồng hồ cổ Vê Đét Pháp – phiên bản có chức năng chuông đêm độc đáo

✨ Một mẫu đồng hồ cổ Pháp sở hữu thiết kế trang nhã, hài hòa với những đường nét cổ điển đặc trưng. Điểm đặc biệt của phiên bản này là chức năng ngắt chuông ban đêm, mang lại sự tiện lợi khi sử dụng, đặc biệt trong không gian phòng ngủ hoặc phòng khách.

⚙️ Không chỉ là một món đồ xưa để trang trí, chiếc đồng hồ còn là sự kết hợp giữa vẻ đẹp thẩm mỹ, giá trị cơ khí và trải nghiệm âm thanh đồng hồ cổ.

✨ Với kiểu dáng sang trọng, máy móc bền bỉ và nét đẹp vượt thời gian, đây có thể trở thành mảnh ghép hoàn thiện cho không gian nội thất của những anh em yêu thích đồ cổ châu Âu.",77,"07/18/2026 01:44",https://www.facebook.com/reel/2059035168028030/,"Thước phim",,"Trọn đời",9,+21.1x,0.02,0.02,0,2726,44,0,32,0,3,2514,3095,5.985,17178.751
1629805152039830,100050310827163,"Đồng hồ Nhà kho","Junghans đồng bạch mời các bác ạ",0,"07/17/2026 21:11",https://www.facebook.com/donghonhakho.vn/posts/pfbid0exYVBsu9R1xKRRLJKT9GFt4F8jt8GLEofvuMRfb6Ehmzh6pyZ5xqiFWgFTTKfFuJl,Ảnh,,"Trọn đời",8,--,0.14,0.14,0,2104,23,0,14,0,1,2062,3169,,
1629712678715744,100050310827163,"Đồng hồ Nhà kho","36/10 có thật sự hiếm? Hiếm sao thấy đâu cũng bán?

Có một câu hỏi em gặp khá nhiều trong cộng đồng chơi đồng hồ cổ:

“Ô Đô 36/10 bảo hiếm, sao đi đâu cũng thấy bán? Từ Bắc vào Nam, cửa hàng nào cũng có. Thậm chí những phiên bản đẹp như mặt kim cương, râu mực cũng không phải quá khó gặp?”

Đây là một câu hỏi rất thú vị.

Nhưng để hiểu đúng, trước tiên chúng ta cần hiểu chữ “hiếm” trong thế giới sưu tầm có nghĩa là gì.

Một món đồ hiếm không có nghĩa là nó không bao giờ xuất hiện trên thị trường.

Hiếm có nghĩa là số lượng của nó ít so với tổng số lượng từng được sản xuất, so với nhu cầu của người chơi, hoặc so với những sản phẩm phổ thông khác.

Ví dụ như vàng.

Vàng là một kim loại quý, có giá trị cao và nguồn cung hữu hạn. Nhưng từ thành phố đến vùng quê, từ đường lớn đến ngõ nhỏ, chúng ta vẫn thấy rất nhiều cửa hàng vàng.

Nhưng không ai nói:

“Vàng không hiếm vì tôi thấy đâu cũng bán.”

Cũng không ai nhìn một người đi mua vàng rồi bảo:

“Sao bác lại mua vàng, ngoài kia có đầy cửa hàng bán mà?”

Bởi vì mọi người đều hiểu rằng:

Nhiều nơi giao dịch không có nghĩa là số lượng vô hạn.

Một tài sản có giá trị càng cao thì càng cần có thị trường mua bán, trao đổi. Có người mua, có người bán thì giá trị của nó mới được xác lập.

Đồng hồ cổ cũng vậy.

Ô Đô 36/10 là một trong những dòng đồng hồ được người chơi Việt Nam yêu thích trong nhiều năm. Nó có lịch sử lâu đời, thiết kế phù hợp với thị hiếu người Việt, âm thanh đặc trưng và trở thành một trong những mẫu đồng hồ quen thuộc trong nhiều bộ sưu tập.

Nhưng những chiếc đồng hồ anh em nhìn thấy trên thị trường hiện nay không có nghĩa đó là những chiếc mới lần đầu xuất hiện.

Rất nhiều chiếc đã nằm trong tay những người chơi trước đó.

Có người sưu tầm vài năm rồi nâng cấp lên dòng khác.

Có người thay đổi sở thích.

Có người cần chuyển đổi tài sản sang một lĩnh vực khác.

Chiếc đồng hồ lại tiếp tục được giao lưu đến một người chơi mới.

Đó là quy luật rất bình thường trong thế giới sưu tầm.

Đặc biệt trong những giai đoạn thị trường có nhiều biến động, nhu cầu chuyển đổi tài sản tăng lên. Thực tế tại Nhà Kho TV, mỗi ngày cũng có thể gặp những chiếc đồng hồ được các bác, các anh em từng mua từ trước mang đến giao lưu lại.

Những chiếc đồng hồ đó không phải vì không tốt.

Không phải vì người chơi hết yêu thích.

Mà đơn giản là trong thú chơi lâu dài, việc trao đổi, nâng cấp và thay đổi bộ sưu tập là điều rất bình thường.

Anh em thử nhìn trên các nền tảng giao lưu đồng hồ cổ cũng sẽ thấy rất nhiều người từng tìm hiểu, từng mong muốn sở hữu một chiếc đồng hồ, sau nhiều năm chơi lại quyết định sang nhượng để chuyển sang một món đồ khác.

Bởi khi một món đồ có giá trị, nó mới có tính thanh khoản.

Vậy nên:

Hiếm không có nghĩa là không có ai bán.

Thậm chí, một món đồ thực sự có giá trị phải có thị trường giao dịch thì giá trị đó mới được chứng minh.

Những thứ chỉ được nói là “cực kỳ quý, cực kỳ hiếm” nhưng không có người sở hữu, không có giao dịch thực tế, đôi khi mới là điều cần đặt câu hỏi.

Giá trị của một chiếc đồng hồ cổ không chỉ nằm ở việc nó khó gặp hay dễ gặp.

Nó còn nằm ở:

* Lịch sử của sản phẩm.
* Độ hoàn thiện.
* Tính nguyên bản.
* Chất lượng âm thanh.
* Sự yêu thích của cộng đồng.
* Khả năng giao lưu trên thị trường.

Với Ô Đô 36/10 cũng vậy.

Một người bỏ ra một khoản tiền lớn để sở hữu thường không quyết định trong vài phút.

Họ đã tìm hiểu, theo dõi, so sánh nhiều phiên bản và hiểu được giá trị của chiếc đồng hồ trước khi lựa chọn.

Vì vậy, việc một mẫu đồng hồ xuất hiện nhiều trên thị trường không làm mất đi giá trị của nó.

Một món đồ hiếm vẫn có thể xuất hiện thường xuyên.

Bởi điều tạo nên giá trị của đồ sưu tầm không nằm ở việc “không ai nhìn thấy”, mà nằm ở việc có bao nhiêu người hiểu, trân trọng và mong muốn sở hữu.

Và đó cũng là lý do sau nhiều năm, Ô Đô 36/10 vẫn luôn là một trong những dòng đồng hồ cổ được nhắc đến nhiều nhất trong cộng đồng sưu tầm tại Việt Nam.",0,"07/17/2026 18:10",https://www.facebook.com/donghonhakho.vn/posts/pfbid02rAEXTZZLh1B84XZrRWXYMRCd8zmWRBWttyERY4V5BwieiEmvZqPfojuHFAG6TyC1l,Ảnh,,"Trọn đời",26,--,0.19,0.19,0,8301,78,1,33,0,21,7908,11990,,
1629155738771438,100050310827163,"Đồng hồ Nhà kho","Gi-rô Pháp phiên bản lịch tự động, hiển thị đầy đủ thứ, ngày và tháng bằng tiếng Pháp. Thiết kế vừa cổ điển vừa tiện dụng, nổi bật bởi cơ cấu lịch cơ khí thú vị, mang đến giá trị trải nghiệm và sưu tầm khác biệt so với những mẫu đồng hồ thông thường.",88,"07/17/2026 01:51",https://www.facebook.com/reel/3265513766981146/,"Thước phim",,"Trọn đời",2,+15.3x,0.05,0.05,0,3736,24,1,19,0,3,3488,4014,8.135,30848.36
1629121195441559,100050310827163,"Đồng hồ Nhà kho","Đồng hồ cổ Gi-rô 8 côn 8 búa mặt số nổi có lịch – Thùng lúa mạch sang trọng- Mã số #1084
💵:16tr
✨ Một mẫu đồng hồ cổ Pháp mang đậm phong cách Art Deco với thùng gỗ vân nu nổi bật, tông màu ấm áp và hai bên chạm nổi họa tiết bông lúa mạch kết hợp chùm nho đầy tinh xảo. Tổng thể cân đối, sang trọng và rất có giá trị sưu tầm đối với người yêu đồng hồ châu Âu cổ.

✨ Mặt số nổi nguyên bản kết hợp ô lịch hiển thị thứ ngày tháng, tạo nên nét đặc trưng hiếm gặp trên dòng đồng hồ cơ cổ. Bộ kim thanh mảnh hài hòa với bộ số nổi mang phong cách cổ điển, giúp chiếc đồng hồ vừa đẹp vừa có chiều sâu.

✨ Bộ máy cơ nguyên bản vận hành bền bỉ theo thời gian. Cấu hình 8 côn 8 búa sử dụng côn đồng cho chất âm ngọt, ngân vang và giàu cảm xúc. Cứ mỗi 15 phút đồng hồ lại điểm một phần bản nhạc, đến đúng giờ sẽ hoàn thành giai điệu rồi điểm chuông báo giờ.

🎵 Chơi 2 bản nhạc kinh điển: Westminster và Cloches, mang đến không gian ấm cúng với âm thanh đồng hồ cổ trong trẻo, ngân nga – một trong những điểm hấp dẫn của dòng đồng hồ quả lắc sưu tầm.  

📏 Kích thước: 60 × 52 cm

📍 Đồng Hồ Nhà Kho – KĐT Văn Phú, Hà Đông, Hà Nội.
☎️ 0963.456.963 

#DongHoCo #DongHoCoPhap #DongHoQuaLac #DongHoChauAuCo #DongHoSuuTam #Giro #Westminster #Cloches #DoCoChauAu",0,"07/17/2026 00:49",https://www.facebook.com/donghonhakho.vn/posts/pfbid08LneDjYoxt8uk4WHKfXyrasyqrhfzbus9wqmK21j5aroZ17cs93cPVSKEL8xpMxjl,Ảnh,,"Trọn đời",1,--,0.07,0.07,0,888,8,0,7,0,0,873,1312,,
1629088988778113,100050310827163,"Đồng hồ Nhà kho","Nếu mua đồng hồ cơ cổ chỉ để tiết kiệm tiền thay pin thì dừng lại ngay!

Sáng nay có hai bác lớn tuổi mang một chiếc đồng hồ quả lắc 8 côn 8 búa đến cửa hàng em để bảo dưỡng.

Theo chia sẻ của bác trai, chiếc đồng hồ được mua lại của một người bạn cách đây khoảng hai năm. Gần đây đồng hồ bắt đầu có hiện tượng chạy không đúng giờ, thỉnh thoảng chết vặt nên bác gọi điện nhờ em tư vấn. Sau khi trao đổi, em hẹn hai bác mang đồng hồ qua kiểm tra trực tiếp.

Bác trai chở xe máy, bác gái ngồi sau ôm chiếc đồng hồ cẩn thận. Nhìn cách hai bác nâng niu chiếc đồng hồ cũng đủ thấy sự trân quý và cẩn thận.

Kiểm tra xong, em báo với hai bác rằng bộ máy vẫn còn khá tốt, chỉ cần bảo dưỡng tổng thể là có thể tiếp tục hoạt động ổn định.

Em cũng giải thích thêm rằng, bảo dưỡng đồng hồ cơ cổ không đơn thuần là nhỏ vài giọt dầu vào máy.

Một lần bảo dưỡng đúng nghĩa sẽ phải:

* Kiểm tra toàn bộ hệ thống bánh răng, đầu trục và độ mòn của các chi tiết.
* Tháo rời hoàn toàn bộ máy.
* Cọ rửa bằng dung dịch chuyên dụng để loại bỏ dầu cũ, bụi mịn và mạt kim loại sinh ra sau nhiều năm hoạt động.
* Xử lý những đầu trục bị mòn, kiểm tra và sửa chữa các vách máy nếu cần.
* Lắp ráp, căn chỉnh, theo dõi hoạt động rồi mới tra dầu đúng chủng loại vào từng vị trí.

Nói cách khác, tra dầu chỉ là một bước rất nhỏ trong cả quy trình bảo dưỡng.

Để hoàn thiện một chiếc đồng hồ, người thợ thường phải mất từ ba đến năm giờ làm việc liên tục, thậm chí lâu hơn nếu máy đã xuống cấp.

Sau khi nghe em báo chi phí bảo dưỡng khoảng 650 nghìn đồng, bác gái hơi bất ngờ rồi cười bảo:

“Thế thì còn tốn hơn dùng đồng hồ pin. Cứ tưởng mua đồng hồ cơ là khỏi phải thay pin nên sẽ tiết kiệm hơn.”

Nghe câu nói ấy, em cũng cười và giải thích:

Nếu mục tiêu chỉ là xem giờ chính xác, tiện dụng và tiết kiệm chi phí, thì đồng hồ pin vẫn là lựa chọn hợp lý nhất.

Còn người chọn đồng hồ cơ cổ thường không chỉ mua một thiết bị xem giờ.

Họ mua:

* Giá trị cơ khí.
* Giá trị lịch sử.
* Giá trị sưu tầm.
* Âm thanh của đồng hồ cổ.
* Và cả niềm vui khi mỗi tuần tự tay lên cót, nghe tiếng quả lắc đung đưa và tiếng chuông vang lên trong căn nhà.

Đó là những trải nghiệm mà một chiếc đồng hồ pin khó có thể mang lại.

Nghe đến đây, bác gái cũng bật cười rồi quay sang bảo bác trai:

“Thì ra ông thích nó vì những cái này.”

Có lẽ trước đây bác trai chỉ nói rằng mua đồng hồ cơ để “khỏi thay pin”, nên bác gái nghĩ mục đích là tiết kiệm tiền. Trong khi điều bác trai thực sự yêu thích lại là cảm giác được sống cùng một cỗ máy cơ khí đã tồn tại hàng chục năm.

Khi hiểu đúng lý do, mọi chuyện cũng trở nên nhẹ nhàng hơn.

Cuối cùng, hai bác vui vẻ để lại chiếc đồng hồ cổ 8 côn 8 búa để em bảo dưỡng.

Làm nghề nhiều năm, em nhận ra rằng có những chiếc đồng hồ cần bảo dưỡng bộ máy, nhưng cũng có những câu chuyện chỉ cần được giải thích đúng thì mọi người sẽ hiểu và đồng cảm với nhau hơn.",0,"07/16/2026 23:50",https://www.facebook.com/donghonhakho.vn/posts/pfbid02NsTAUJBfq3eMp9HBsNGd1CzkyGJrTGST6hfijYpfy88Uir146G1fNpkbp8fLGVCRl,Ảnh,,"Trọn đời",10,--,0.09,0.09,0,4060,23,0,12,0,1,3888,5595,,
1628973688789643,100050310827163,"Đồng hồ Nhà kho","🕰️ Nhà còn mấy em Junhan đồng bạch đang chiếm chỗ. Nhờ các bác bê giúp em để em còn có lối đi lại. Ai hữu duyên thì rước một em về thưởng thức chất âm ngân vang đặc trưng của dòng đồng hồ cổ Đức này nhé!",0,"07/16/2026 20:17",https://www.facebook.com/donghonhakho.vn/posts/pfbid0Rv9wKSFBNDJ6WXJxgpRZez4sVzqQqJhv1jU7q44NFeC4WKpLZErCWXkvAetdpp1al,Ảnh,,"Trọn đời",74,--,4.99,4.99,0,53089,248,15,180,1,2,50408,70342,,
1628962042124141,100050310827163,"Đồng hồ Nhà kho","Đồng hồ cổ FF 10 côn 10 búa chơi 4 bản nhạc – Thùng hoa cúc sang trọng- Mã số #89(Y306)
💵:21tr5
✨ Một mẫu đồng hồ cổ Pháp mang vẻ đẹp thanh lịch với thùng gỗ vân nổi tự nhiên, hai bên chạm nổi họa tiết hoa cúc và bông lúa đầy tinh tế. Từng đường nét mềm mại kết hợp cùng các chi tiết chỉ đen tạo nên tổng thể hài hòa, rất phù hợp với không gian cổ điển và hiện đại.

✨ Mặt số nổi nguyên bản với cọc số Art Deco sắc nét, kết hợp bộ kim thanh mảnh giúp chiếc đồng hồ châu Âu cổ giữ được vẻ sang trọng và giá trị sưu tầm theo thời gian.

✨ Bộ máy cơ 10 côn 10 búa vận hành khỏe, hoạt động ổn định, cho tiếng chuông lớn, chắc tiếng, ngân vang và giàu cảm xúc. Đây là cấu hình được nhiều người yêu đồng hồ cơ cổ đánh giá cao nhờ chất âm rõ ràng và uy lực.

🎶 Chơi 4 bản nhạc kinh điển:
• Westminster
• Angeslus de la Mer
• La Paimpolaise
• L’Avé Maria de Lourdes

📏 Kích thước: 57 × 52 cm

🏠 Địa chỉ:  khu đô thị Văn Phú, Hà Đông, Hà Nội. 
☎️ 0963.456.963 

#donghoco #donghocophap #donghoqulac #donghochauauco #FF10con10bua #donghonguyenban #amthanhdonghoco #giatrisuutam #westminster #dochochauau",0,"07/16/2026 19:57",https://www.facebook.com/donghonhakho.vn/posts/pfbid02taMHbatBnkZDi3ywV98wpgDE8Huv62xXcyD4FEU7vQvNRNuytaSCh2Yxa6HM6CVvl,Ảnh,,"Trọn đời",1,--,0.05,0.05,0,676,5,0,4,0,0,668,983,,
1628864458800566,100050310827163,"Đồng hồ Nhà kho","Ô Đô 10 búa 6 côn là một trong những dòng đồng hồ cổ Pháp được nhiều người yêu thích nhờ thiết kế cân đối, bộ máy bền bỉ và chất âm rất đặc trưng. Hệ thống 10 búa – 6 côn chơi hai bản nhạc kinh điển Westminster và Sonodo, cho tiếng chuông ngân vang, trong trẻo nhưng vẫn trầm ấm, tạo cảm giác sang trọng và dễ chịu khi thưởng thức. Với sự kết hợp giữa bộ máy cơ khí chất lượng, âm thanh cuốn hút và giá trị sưu tầm cao, đây là một trong những lựa chọn đáng cân nhắc đối với những người yêu đồng hồ cổ Pháp.",0,"07/16/2026 16:48",https://www.facebook.com/donghonhakho.vn/posts/pfbid0kCNC9haA8tjoxLU3PDcu6cUt3pqPhdi4F72ZM3ETGrKXe7cwUK2YkpB6yes7Swbul,Ảnh,,"Trọn đời",2,--,0.07,0.07,0,1182,14,0,11,0,1,1162,1595,,
1628860262134319,100050310827163,"Đồng hồ Nhà kho","🕰️ Đồng hồ Carrez Pháp 8 côn 8 búa – Westminster, chất âm cuốn hút

✨ Một mẫu đồng hồ cổ Pháp mang phong cách thanh lịch với kiểu dáng hài hòa, thùng gỗ đẹp và giá trị sưu tầm cao.

🔔 Bộ máy 8 côn 8 búa chơi bản nhạc Westminster, cho chất âm vang, tròn tiếng, ngân dài và rất dễ nghe. Cấu hình 8 côn luôn được nhiều anh em yêu thích bởi sự cân bằng giữa âm lượng, giai điệu và cảm xúc khi thưởng thức.

⚙️ Máy vận hành ổn định, kết cấu bền bỉ, kết hợp cùng vẻ đẹp cổ điển của thùng gỗ tạo nên một chiếc đồng hồ châu Âu cổ vừa đẹp để trưng bày, vừa đáng để sưu tầm lâu dài.",79,"07/16/2026 16:38",https://www.facebook.com/reel/1019307190812437/,"Thước phim",,"Trọn đời",0,+5.1x,0.01,0.01,0,1659,14,2,11,0,3,1545,1818,5.228,8893.656
1628856105468068,100050310827163,"Đồng hồ Nhà kho","🕰️ Đồng hồ cổ Pháp FF – nguyên bản, âm thanh xuất sắc

✨ Chiếc đồng hồ cổ FF này sở hữu mặt số nổi, kết hợp với những đường đục chạm tinh xảo trên thùng gỗ, tạo nên vẻ đẹp hài hòa và sang trọng đặc trưng của đồng hồ Pháp cổ.

🔔 Bộ máy nguyên bản vận hành ổn định, cho âm thanh ngân nga, ấm áp và dễ nghe, mang lại trải nghiệm thưởng thức chuông rất đặc biệt.

🌳 Với tình trạng nguyên bản và chất lượng cơ khí tốt, đây là một lựa chọn giá trị cao cho những người sưu tầm, yêu thích đồng hồ cổ châu Âu, đồng thời là một món đồ vừa để trưng bày vừa để thưởng thức âm thanh cổ điển.",49,"07/16/2026 16:29",https://www.facebook.com/reel/4248416302086779/,"Thước phim",,"Trọn đời",5,+9.6x,0.03,0.03,0,2424,32,1,24,1,3,2331,2767,8.37,20749.741
1628851985468480,100050310827163,"Đồng hồ Nhà kho","Ô Đô 24 đời 1957 là một trong những mẫu đồng hồ cổ Pháp được nhiều người sưu tầm yêu thích.",0,"07/16/2026 16:21",https://www.facebook.com/donghonhakho.vn/posts/pfbid02FgpDdtENG9N4JjUagMhaDWRNWNtbL39G8Gdf9f3Qg2gP8zViHfPV4i5LTxyTee9el,Ảnh,,"Trọn đời",4,--,0.36,0.36,0,5715,43,2,40,1,2,5565,8484,,
1628849038802108,100050310827163,"Đồng hồ Nhà kho","Ô Đô 24 đời 1957 là một trong những mẫu đồng hồ cổ Pháp được nhiều người sưu tầm yêu thích. Mẫu này nổi bật với thùng gỗ đẹp, mặt số nổi sang trọng, bộ máy nguyên bản cùng hệ thống côn 1–1–1 cho tiếng chuông bính boong trong trẻo, ngân vang và rất dễ nghe. Sự hài hòa giữa hình thức, chất âm và giá trị lịch sử đã giúp Ô Đô 24 đời 1957 luôn giữ được sức hút trong giới sưu tầm đồng hồ cổ.",101,"07/16/2026 16:15",https://www.facebook.com/reel/1299212248681075/,"Thước phim",,"Trọn đời",8,+24.9x,0.03,0.03,0,2001,24,1,14,0,2,1756,2161,11.503,22719.23
1628163422204003,100050310827163,"Đồng hồ Nhà kho","🕰️ Đồng hồ vai bò cổ mã số … – tuyệt phẩm cho người yêu đồ xưa

Một mẫu đồng hồ vai bò cổ Đức sở hữu phần thùng đục chạm cực kỳ ấn tượng, từng đường nét hoa văn đều thể hiện sự cầu kỳ trong chế tác thủ công.

✨ Tình trạng nguyên bản tuyệt đối, kích thước lớn trên 80 cm, dáng bề thế và cân đối. Bộ máy cho chất âm đồng hồ cổ xuất sắc, mang lại cảm giác rất đặc trưng của những chiếc đồng hồ vai bò châu Âu xưa.

Từ vẻ đẹp bên ngoài, độ hoàn thiện của thùng gỗ cho đến âm thanh khi vận hành, đây là mẫu đồng hồ hội tụ nhiều yếu tố mà người chơi lâu năm thường tìm kiếm.

Nếu anh em đang tìm một chiếc đồng hồ vai bò cổ đẹp, kích thước lớn, nguyên bản và có giá trị sưu tầm, thì đây là một lựa chọn rất đáng để tham khảo.",0,"07/15/2026 21:36",https://www.facebook.com/donghonhakho.vn/posts/pfbid0MxNou2HN5E91uWacywGn5GjVwhhZcdMTvfrCRBJrECGA44yfo8pWRcaSbckQdc6Xl,Ảnh,,"Trọn đời",0,--,0.03,0.03,0,545,8,0,7,0,1,525,791,,
1628154225538256,100050310827163,"Đồng hồ Nhà kho","🕰️ Đồng hồ Reguladora Bồ Đào Nha 10 côn 10 búa – dấu ấn cơ khí và âm thanh châu Âu cổ

Một mẫu đồng hồ châu Âu cổ mang phong cách riêng với thiết kế hài hòa, bộ máy cơ khí nhiều chức năng cùng cấu hình 10 côn 10 búa tạo nên chất âm vang, rõ ràng và giàu cảm xúc.

🎵 Sở hữu hai bản nhạc Ave Maria (Fatima) và Westminster, chiếc đồng hồ mang đến hai sắc thái âm thanh khác biệt: một bên nhẹ nhàng, sâu lắng, một bên trang trọng như tiếng chuông trong những tháp cổ châu Âu.

✨ Không chỉ gây ấn tượng bởi thùng gỗ cổ điển, mặt số La Mã và những đường nét tinh tế, Reguladora còn hấp dẫn người chơi bởi sự khác biệt trong thiết kế, câu chuyện văn hóa phía sau và giá trị của một cỗ máy cơ khí được chế tác từ thời kỳ trước.

Một chiếc đồng hồ cổ không chỉ là vật dụng xem giờ, mà còn là sự kết hợp giữa nghệ thuật, kỹ thuật và âm thanh – lưu giữ những dấu ấn đặc biệt của thời gian.",120,"07/15/2026 21:20",https://www.facebook.com/reel/3256452661408826/,"Thước phim",,"Trọn đời",5,+35.5x,0.08,0.08,0,4344,37,2,30,0,3,3957,4689,10.264,44621.097
1628131578873854,100050310827163,"Đồng hồ Nhà kho","🕰️ Tổng hợp đồng hồ vai bò cổ – đa dạng mẫu mã cho anh em sưu tầm

Dọn dẹp lại nhà kho, em còn lại một số mẫu đồng hồ vai bò cổ châu Âu với nhiều kiểu dáng và cấu hình khác nhau để anh em tham khảo.

✨ Bộ sưu tập đa dạng từ 1 côn, 2 côn, 3 côn, 4 côn, 5 côn, 8 côn đến 9 côn, xuất xứ từ Pháp, Đức và Mỹ. Mỗi chiếc mang một vẻ đẹp riêng từ kiểu dáng thùng gỗ, họa tiết trang trí đến chất âm đặc trưng của từng dòng máy.

⚙️ Đầy đủ nhiều thương hiệu nổi tiếng như Ô đô, Junhan, Vê đét, Kenzi, Gi rô, FHS, Hermler… phù hợp cho cả anh em mới bắt đầu tìm hiểu lẫn những người đã chơi lâu năm.

Mỗi chiếc đồng hồ là một câu chuyện riêng về thiết kế, cơ khí và âm thanh. Mời anh em yêu thích đồng hồ cổ cùng thưởng lãm và lựa chọn mẫu phù hợp cho bộ sưu tập của mình.",0,"07/15/2026 20:37",https://www.facebook.com/donghonhakho.vn/posts/pfbid025ZGJ9XksdfUFZbQ1SuBwJG4d7VACDxC5EfMW38xqB9vBu4LgGacrkZZiNKVLyzhGl,Ảnh,,"Trọn đời",0,--,0.01,0.01,0,684,7,0,6,0,1,662,996,,
1628082785545400,100050310827163,"Đồng hồ Nhà kho","36/10 = 26 triệu – Bài học về cách đặt câu hỏi khi mua đồng hồ cổ

Trước tiên, em muốn anh em hiểu một điều:

Hàng nâng dựng không xấu. Điều quan trọng là phải hiểu đúng giá trị và mua đúng với giá trị của sản phẩm.

Trong thú chơi đồng hồ cổ, có những câu chuyện xảy ra không hẳn vì một bên cố tình sai, mà đôi khi đến từ việc cách diễn đạt của người bán và cách hiểu của người mua chưa thật sự trùng nhau.

Một bác khách của em từng kể lại một câu chuyện như vậy.

Bác đọc được một bài đăng bán một chiếc đồng hồ cổ Ô Đô 36/10 với nội dung:

“Cần bán gấp Ô Đô 36 10 côn, thùng zin Tây 100%.”

Điều khiến bác chú ý là mức giá chỉ bằng một phần nhỏ so với những chiếc Ô Đô 36/10 mà bác đang tham khảo trên thị trường.

Sau khi gọi điện trao đổi, người bán khẳng định thông tin đăng tải là chính xác, chiếc đồng hồ đúng như mô tả trong bài viết. Vì tin tưởng, bác quyết định lên đường.

Từ Hà Nội, bác bắt xe khách lên Tuyên Quang, sau đó tiếp tục đi xe ôm một quãng đường khá xa từ bến xe trung tâm vào tận nhà người bán.

Một hành trình gần như mất cả ngày chỉ để được tận mắt xem chiếc đồng hồ mà mình rất kỳ vọng.

Khi giao dịch, người bán cũng khá cẩn thận. Anh còn in lại bài đăng, bỏ vào trong thùng đồng hồ để bác giữ thông tin về sản phẩm.

Mọi thứ tưởng như đã rất rõ ràng.

Nhưng sau khi mang chiếc đồng hồ về nhà, bác có mời một số người bạn cũng chơi đồng hồ cổ đến xem.

Sau khi kiểm tra kỹ hơn, những người có kinh nghiệm nhận thấy:

Phần thùng đúng là thùng Tây.

Nhưng bộ máy bên trong lại không phải cấu hình Ô Đô 36/10 nguyên bản theo cách mà nhiều người chơi lâu năm thường hiểu.

Nói đơn giản hơn, chiếc đồng hồ có phần thùng đúng nguồn gốc, nhưng phần máy và cấu hình bên trong cần được đánh giá rõ ràng hơn.

Khi trao đổi lại với người bán, anh cũng giải thích rằng:

Thông tin trong bài đăng tập trung vào phần “thùng zin Tây 100%”, còn phần máy thì người mua chưa hỏi cụ thể nên anh chưa đề cập.

Và đây chính là điểm tạo ra sự khác biệt trong cách hiểu.

Người bán có thể cho rằng mình đã mô tả đúng thông tin.

Người mua lại hiểu rằng toàn bộ chiếc đồng hồ là một chiếc Ô Đô 36/10 nguyên bản.

Cuối cùng, vấn đề không chỉ nằm ở chiếc đồng hồ, mà còn nằm ở cách hai bên diễn giải thông tin.

Trong đồng hồ cổ, một câu chữ có thể thay đổi rất nhiều giá trị

Ví dụ:

“Thùng zin Tây”

không có nghĩa là:

“Toàn bộ đồng hồ nguyên bản Tây.”

“Máy Ô Đô”

không có nghĩa là:

“Máy đúng cấu hình xuất xưởng của model đó.”

“Máy zin”

cũng chưa chắc đồng nghĩa:

“Toàn bộ chiếc đồng hồ còn nguyên bản.”

Đó là lý do người mua đồng hồ cổ cần học cách đặt câu hỏi cụ thể.

Thay vì chỉ hỏi:

“Anh ơi, đồng hồ này zin không?”

Hãy hỏi rõ hơn:

* Đây là máy Ô Đô model gì?
* Máy có đúng cấu hình nguyên bản không hay đã thay đổi?
* Có nâng côn, thay cụm nhạc hoặc thay linh kiện nào không?
* Thùng có phải thùng nguyên bản không?
* Mặt số còn nguyên bản không?
* Những phần nào đã được phục hồi hoặc thay thế?

Khi người mua hỏi đúng trọng tâm, người bán cũng có cơ hội trả lời đúng trọng tâm.

Và khi người bán mô tả đầy đủ, người mua cũng tránh được việc đặt kỳ vọng sai.

Cũng cần hiểu rằng, trong thú chơi đồng hồ cổ, hàng nâng dựng không phải lúc nào cũng là điều tiêu cực.

Một chiếc đồng hồ đã qua phục hồi, thay thế một số chi tiết hoặc điều chỉnh cấu hình vẫn có thể có giá trị riêng nếu được mô tả đúng và bán đúng giá trị.

Điều quan trọng là người mua cần biết mình đang mua điều gì:

* Một chiếc đồng hồ nguyên bản?
* Một chiếc máy đúng hãng nhưng đã thay đổi cấu hình?
* Một chiếc thùng nguyên bản kết hợp với bộ máy đã phục hồi?
* Hay một chiếc đồng hồ được làm lại để sử dụng ổn định?

Mỗi loại đều có giá trị riêng và phù hợp với từng nhu cầu khác nhau.

Trong thú chơi đồng hồ cổ, kiến thức không chỉ giúp chọn được một chiếc đồng hồ đẹp.

Kiến thức còn giúp hai bên giao dịch rõ ràng, minh bạch và thoải mái hơn.

Bởi một chiếc đồng hồ có thể có nhiều giá trị khác nhau:

* Giá trị của bộ máy.
* Giá trị của độ nguyên bản.
* Giá trị của âm thanh.
* Giá trị của câu chuyện phía sau nó.

Và muốn đánh giá đúng một chiếc đồng hồ cổ, trước hết phải hiểu đúng về nó.",0,"07/15/2026 19:07",https://www.facebook.com/donghonhakho.vn/posts/pfbid02N7spjS3bQtBN2Ve7hZc5tqDcPfatuoh9T1Ag76Epbin4USLq9LUc8mrZCTCczFkql,Ảnh,,"Trọn đời",20,--,0.13,0.13,0,6072,48,1,25,2,1,5672,8845,,
1627630985590580,100050310827163,"Đồng hồ Nhà kho","Nhiều anh em vào bình luận rằng: “Làm gì có đồng hồ vĩnh cửu?”. Thực ra nếu hiểu theo nghĩa vật lý tuyệt đối thì đúng là không có một cỗ máy nào có thể tự tạo năng lượng vô hạn mà không cần nguồn bên ngoài.

Nhưng ở đây, “đồng hồ vĩnh cửu” là tên gọi quen thuộc trong giới chơi và sưu tầm, dùng để nói về dòng đồng hồ hoạt động bằng sự thay đổi nhiệt độ của môi trường, có thể duy trì hoạt động trong thời gian rất dài mà không cần lên dây cót theo cách thông thường.

Đây không phải là tên gọi do em tự đặt ra để tranh luận đúng sai, mà là cách gọi đã được cộng đồng người chơi sử dụng từ lâu.

Những ý kiến đóng góp của anh em em đều rất trân trọng, bởi chính những cuộc trao đổi như vậy giúp mọi người hiểu sâu hơn về cơ khí và lịch sử của từng món đồ.

Tuy nhiên, các bác cũng yên tâm rằng những anh em yêu thích đồng hồ cổ đều là những người rất quan tâm đến kiến thức. Việc tìm hiểu, trao đổi là điều rất quý, nhưng mình cùng chia sẻ trên tinh thần học hỏi và thưởng thức giá trị của một cỗ máy cơ khí đặc biệt sẽ vui hơn rất nhiều.

Cảm ơn anh em đã quan tâm và cùng trao đổi! 🕰️",94,"07/15/2026 06:36",https://www.facebook.com/reel/2552104388555428/,"Thước phim",,"Trọn đời",4,+18.6x,0.05,0.05,0,4783,26,0,21,1,0,4389,4921,7.36,33674
1627629032257442,100050310827163,"Đồng hồ Nhà kho","🕰️ Sưu tầm gì, chơi gì, yêu thích điều gì đều là lựa chọn cá nhân của mỗi người.

Trong thế giới đồ cổ cũng vậy, có người thích đồng hồ cổ, có người thích đồ gỗ, có người thích tranh, tượng hay những món đồ mang dấu ấn thời gian. Mỗi thú chơi đều có giá trị riêng và phản ánh một phần cá tính, kiến thức cũng như trải nghiệm của người chơi.

Nhiều anh em hay hỏi: “Chơi cái này để làm gì?”, “Mua về có đáng không?”. Thực ra câu trả lời rất đơn giản: nếu một món đồ mang lại niềm vui, sự thư giãn và cảm xúc cho chủ nhân thì đó đã là giá trị.

Đặc biệt, những người tìm hiểu và sưu tầm đồ xưa thường không phải là những người mua theo cảm tính. Họ dành thời gian nghiên cứu, tìm hiểu lịch sử, chất liệu, nguồn gốc và giá trị của từng món đồ trước khi quyết định.

Mỗi người có một cách sử dụng đồng tiền khác nhau. Có người chọn du lịch, có người chọn xe, có người chọn những món đồ gắn với ký ức và giá trị lâu dài.

Điều quan trọng nhất không phải là người khác thấy món đồ đó có đáng hay không, mà là bản thân mình hiểu vì sao mình yêu thích nó.

Đồ sưu tầm không chỉ nằm ở giá trị vật chất, mà còn nằm ở câu chuyện, cảm xúc và niềm vui mà nó mang lại theo thời gian.",15,"07/15/2026 06:34",https://www.facebook.com/reel/1683271402788202/,"Thước phim",,"Trọn đời",14,+25.3x,0.2,0.2,0,17836,170,9,152,6,5,16425,26359,11.099,198290.833
1627621298924882,100050310827163,"Đồng hồ Nhà kho","🕰️ Đồng hồ vĩnh cửu Atmos AT1 – nguyên bộ giấy tờ, giá trị sưu tầm đặc biệt

✨ Một chiếc đồng hồ vĩnh cửu Thụy Sĩ sở hữu độ hoàn thiện rất cao, đi kèm thẻ, sổ bảo hành và giấy tờ trùng khớp với số series trên sản phẩm. Đây là yếu tố rất được những người chơi đồng hồ sưu tầm quan tâm, bởi nó giúp lưu giữ được lịch sử và tính đồng bộ của một chiếc đồng hồ cổ.

⚙️ Mẫu AT1 nổi bật với mặt số trắng, cọc số La Mã, một thiết kế thanh lịch và khá hiếm gặp, tạo nên vẻ đẹp trang nhã khi trưng bày trong không gian phòng khách, phòng làm việc hoặc phòng đọc.

✨ Tình trạng tổng thể đẹp, độ mới cao, giữ được nét nguyên bản của sản phẩm. Không chỉ là một cỗ máy cơ khí hoạt động dựa trên sự thay đổi nhiệt độ môi trường, chiếc đồng hồ còn là một món đồ sưu tầm mang giá trị lịch sử, kỹ thuật và thẩm mỹ vượt thời gian.",35,"07/15/2026 06:23",https://www.facebook.com/reel/4531231960487492/,"Thước phim",,"Trọn đời",4,+7.7x,0.01,0.01,0,1746,12,1,5,0,3,1659,2004,4.979,9023.593
1627471782273167,100050310827163,"Đồng hồ Nhà kho","🕰️ Đồng hồ Vê Đét Pháp 10 côn 11 búa – Westminster & Ave Maria – âm thanh đặc sắc

✨ Một mẫu đồng hồ cổ Pháp sở hữu thiết kế rất được yêu thích với kiểu dáng thanh lịch, cân đối. Phần thùng gỗ mang những đường nét đặc trưng của phong cách cổ điển, nổi bật với các họa tiết chùm nho, trái đào tạo điểm nhấn sang trọng và giàu giá trị sưu tầm.

⚙️ Bộ máy cơ cổ với cấu hình 10 côn 11 búa, kết hợp hai bản nhạc kinh điển Westminster và Ave Maria, cho chất âm đồng hồ cổ vang, tròn tiếng và có độ ngân sâu. Hệ thống côn búa được thiết kế cầu kỳ, thể hiện trình độ chế tác cơ khí của những người thợ châu Âu xưa.

✨ Sự kết hợp giữa thùng đẹp, máy móc chất lượng, kiểu dáng hài hòa cùng âm thanh đặc trưng đã tạo nên một chiếc đồng hồ châu Âu cổ vừa có giá trị sử dụng, vừa mang giá trị sưu tầm lâu dài. Một lựa chọn đáng chú ý cho những anh em yêu thích đồng hồ cổ Pháp.",65,"07/15/2026 02:34",https://www.facebook.com/reel/1345585874214732/,"Thước phim",,"Trọn đời",2,+8.9x,0.02,0.02,0,2050,25,0,19,1,3,1965,2259,11.74,24538.427
1627448802275465,100050310827163,"Đồng hồ Nhà kho","Đồng hồ cổ Đức Junhan 8 côn- Thùng kính rào cổ điển- Chất âm ngân nga- Mã số #960
💵: 5tr
✨ Một mẫu đồng hồ cổ Đức mang đậm phong cách châu Âu xưa với thiết kế thùng gỗ chạm hoa văn tinh tế kết hợp phần kính rào khoe trọn quả lắc tạo nên nét đẹp vừa sang trọng vừa hoài niệm. Những mẫu đồng hồ cơ cổ của Junhan thường được người chơi yêu thích bởi sự hài hòa giữa thiết kế và độ hoàn thiện cơ khí.  

✨ Bộ máy cơ cổ Đức chắc khỏe, bố trí 8 côn cùng hệ thống búa hoạt động ổn định. Củ côn hoa thị tạo nên chất âm đồng hồ cổ mềm mại, ngân vang, mỗi tiếng chuông vang lên mang lại cảm giác rất riêng của những chiếc đồng hồ châu Âu cổ trong không gian gia đình.

📏 Kích thước: 67 × 34 cm

🏠 Đồng Hồ Nhà Kho
📍 KĐT Văn Phú, Hà Đông, Hà Nội
☎️ 0963 456 963

#donghocoduc #donghoco #donghoquala c #donghochâuau #suutamdonghoco",0,"07/15/2026 01:54",https://www.facebook.com/donghonhakho.vn/posts/pfbid02pw8wpPaxUv5zyaywkTR241v5HthcsxD34eaoJADxQRebCWupu6odvKmApWrRkKCAl,Ảnh,,"Trọn đời",4,--,0.11,0.11,0,1516,19,0,15,0,0,1487,2211,,
1627329018954110,100050310827163,"Đồng hồ Nhà kho","🕰️ Đồng hồ công cộng cổ – cơ cấu truyền động đặc biệt với chu kỳ 24 dao động

✨ Chiếc đồng hồ thứ năm là một mẫu rất đặc biệt mà em đã từng giới thiệu trước đó, nổi bật không chỉ ở hình thức mà còn ở chính cơ cấu vận hành bên trong.

⚙️ Điểm thú vị nhất nằm ở hệ thống truyền lực: thay vì liên tục tác động lên quả lắc, bộ máy cho phép quả lắc thực hiện khoảng 24 dao động theo quán tính, sau đó cơ cấu mới kích hoạt để truyền thêm một xung năng lượng giúp quả lắc tiếp tục duy trì chuyển động.

🔧 Cách vận hành này tạo nên một giải pháp cơ khí rất độc đáo, thể hiện tư duy thiết kế của những người thợ đồng hồ châu Âu thời kỳ trước. Quả lắc được tách tương đối khỏi ảnh hưởng liên tục của bộ truyền động, giúp bộ máy vận hành nhẹ nhàng và ổn định hơn.

✨ Chính sự khác biệt trong cách hoạt động, kết hợp cùng độ bền của bộ máy và giá trị lịch sử, đã khiến mẫu đồng hồ này trở thành một món đồ sưu tầm đặc biệt, được nhiều anh em yêu thích không chỉ bởi vẻ đẹp bên ngoài mà còn bởi câu chuyện cơ khí ẩn phía sau.",138,"07/14/2026 22:17",https://www.facebook.com/reel/1048722541169610/,"Thước phim",,"Trọn đời",2,+19.1x,0.06,0.06,0,2421,37,0,31,1,3,2282,2591,13.177,31020.089
1627326348954377,100050310827163,"Đồng hồ Nhà kho","🕰️ Đồng hồ công cộng cổ – thiết kế độc đáo với cơ cấu mặt số quay

✨ Chiếc đồng hồ này gây ấn tượng ngay từ cái nhìn đầu tiên bởi phong cách thiết kế mang đậm dấu ấn của những năm đầu thế kỷ 20. Bộ khung được đúc hoàn toàn bằng kim loại, kết hợp phần chân đúc chắc chắn tạo nên trọng lượng lớn, cảm giác vô cùng vững chãi và bề thế.

⚙️ Các chi tiết hoa văn trên thân máy thể hiện sự cầu kỳ trong chế tác, không chỉ là một thiết bị đo thời gian mà còn là một tác phẩm cơ khí trang trí mang giá trị lịch sử.

🔄 Điểm thú vị nhất nằm ở cơ cấu hiển thị: mặt số sẽ quay trong khi kim đồng hồ đứng yên. Đây là một thiết kế đặc biệt dành cho những hệ thống đồng hồ kỹ thuật, tạo nên sự khác biệt hoàn toàn so với cơ cấu hiển thị thông thường.

✨ Một cỗ máy vừa có giá trị về mặt cơ khí, vừa mang vẻ đẹp kiến trúc của đồng hồ châu Âu cổ, rất phù hợp cho những nhà sưu tầm yêu thích những thiết kế độc đáo và hiếm gặp.",58,"07/14/2026 22:12",https://www.facebook.com/reel/1602411131493977/,"Thước phim",,"Trọn đời",3,+8.6x,0.13,0.13,0,6498,70,2,62,2,5,6384,7282,12.577,81288.993
1627324202287925,100050310827163,"Đồng hồ Nhà kho","🕰️ Đồng hồ công cộng tháp chuông cổ – phiên bản nhỏ gọn nhưng đầy đủ giá trị sưu tầm

✨ Trong bộ sưu tập những cỗ máy đồng hồ công cộng, đây là phiên bản em đánh giá rất cao dành cho những không gian không quá rộng nhưng vẫn muốn sở hữu một hệ thống cơ khí cổ đặc biệt.

⚙️ Đồng hồ có kích thước ngang khoảng 90 cm, cao khoảng 2 mét, thiết kế gọn gàng nhưng vẫn giữ đầy đủ những nét đặc trưng của đồng hồ tháp chuông châu Âu cổ. Bộ máy vận hành với 3 quả tạ truyền động, kết cấu chắc chắn và hoạt động ổn định.

🔔 Điểm nổi bật nhất là hệ thống 2 quả chuông Tây nguyên bản, gồm một chuông lớn và một chuông nhỏ, tạo nên sự kết hợp âm thanh rất đặc biệt: tiếng chuông trầm ấm, vang xa và có độ ngân sâu.

✨ Toàn bộ hệ thống đang trong trạng thái nguyên bản, liền lạc, giữ được sự đồng bộ giữa bộ máy, cơ cấu truyền động và chuông. Một tác phẩm cơ khí không chỉ để ngắm nhìn mà còn mang theo âm thanh, lịch sử và giá trị sưu tầm của đồng hồ châu Âu cổ.",53,"07/14/2026 22:08",https://www.facebook.com/reel/2107818620137482/,"Thước phim",,"Trọn đời",3,+7.6x,0.02,0.02,0,1814,19,1,12,0,5,1749,2055,7.588,14115.249
1627320572288288,100050310827163,"Đồng hồ Nhà kho","🕰️ Đồng hồ công cộng tháp chuông cổ – thiết kế nhỏ gọn nhưng đầy đủ giá trị cơ khí

✨ So với những cỗ máy đồng hồ công cộng kích thước lớn, phiên bản này có thiết kế gọn gàng hơn nhưng vẫn giữ được đầy đủ những đặc trưng của một hệ thống đồng hồ tháp châu Âu cổ.

⚙️ Bộ máy sở hữu 3 quả tạ truyền động, kết hợp cùng 2 cơ cấu đánh chuông, tạo nên một hệ thống vận hành chắc chắn, bền bỉ. Điểm đặc biệt là chiếc đồng hồ vẫn còn giữ được bộ chuông Tây nguyên bản, cho âm thanh vang, rõ và mang đậm dấu ấn của những công trình công cộng xưa.

✨ Toàn bộ hệ thống đang trong trạng thái liền lạc, nguyên bản, từ bộ máy, cơ cấu truyền động đến phần chuông. Đây không chỉ là một chiếc đồng hồ xem giờ, mà còn là một tác phẩm cơ khí lịch sử, thể hiện trình độ chế tác và tư duy kỹ thuật của những người thợ đồng hồ châu Âu thời kỳ trước.

📏 Kích thước: cao khoảng 2,6 mét, trụ ngang khoảng 1,2 mét – phù hợp cho những không gian trưng bày lớn, nhà sưu tầm hoặc những ai yêu thích đồng hồ công cộng cổ.",38,"07/14/2026 22:03",https://www.facebook.com/reel/1084785263873443/,"Thước phim",,"Trọn đời",0,+3x,0.03,0.03,0,2132,27,1,22,2,4,2074,2498,9.308,19958.245
1627320442288301,100050310827163,"Đồng hồ Nhà kho","🕰️ Đồng hồ công cộng tháp chuông cổ – dấu ấn cơ khí năm 1932

✨ Đây là một cỗ máy đồng hồ công cộng kích thước lớn, sở hữu thiết kế đặc biệt với 4 quả tạ truyền động, kết hợp cùng 3 cánh quạt điều tốc giúp kiểm soát chuyển động của hệ thống cơ khí một cách ổn định.

🔔 Điểm ấn tượng nhất nằm ở bộ chuông nguyên bản gồm 2 quả chuông kích thước lớn, trọng lượng nặng và cho âm thanh vang xa. Trên thân chuông vẫn còn triện năm 1932, ghi dấu thời điểm chế tác và sử dụng của cỗ máy sau gần một thế kỷ.

⚙️ Toàn bộ hệ thống đang trong trạng thái nguyên bản, đầy đủ các bộ phận quan trọng, từ cơ cấu truyền động, điều tốc đến hệ thống chuông. Đây không chỉ là một chiếc đồng hồ đo thời gian, mà còn là một công trình cơ khí mang giá trị lịch sử, từng phục vụ trong những không gian công cộng nơi tiếng chuông trở thành một phần của đời sống cộng đồng.

📏 Kích thước ấn tượng: ngang khoảng 2 mét, cao khoảng 3 mét – một tác phẩm dành cho những không gian lớn và những người yêu thích đồng hồ công cộng, đồng hồ châu Âu cổ và giá trị sưu tầm đặc biệt.",43,"07/14/2026 22:03",https://www.facebook.com/reel/779831188519459/,"Thước phim",,"Trọn đời",2,+10.2x,0.28,0.28,0,19865,194,14,168,29,9,13381,17305,8.397,116346.262
1627241088962903,100050310827163,"Đồng hồ Nhà kho","Cúc Cu Liên Xô Majak – Chiếc đồng hồ mang ký ức một thời Việt Nam – Xô Viết

Khi nhắc đến đồng hồ Cúc Cu, phần lớn anh em chơi đồng hồ cổ thường nghĩ ngay đến những chiếc Cúc Cu Đức vùng Rừng Đen với những đường nét chạm khắc cầu kỳ, mái nhà gỗ, chim cúc cu bật ra báo giờ và những họa tiết mang đậm phong cách châu Âu.

Nhưng bên cạnh đó, tại Việt Nam còn tồn tại một dòng Cúc Cu rất đặc biệt, đó là Cúc Cu Liên Xô Majak (Маяк).

Không quá cầu kỳ về đường nét chạm khắc như nhiều mẫu Cúc Cu Đức, những chiếc đồng hồ Majak lại mang một vẻ đẹp rất riêng: giản dị, chắc chắn và gắn liền với ký ức của nhiều gia đình Việt Nam trong một giai đoạn lịch sử đặc biệt.

Chiếc đồng hồ từ thời kỳ quan hệ Việt Nam – Liên Xô

Trong nhiều thập kỷ trước đây, Liên Xô từng là một trong những quốc gia có mối quan hệ hợp tác sâu rộng với Việt Nam trên nhiều lĩnh vực: giáo dục, kỹ thuật, công nghiệp, quốc phòng và văn hóa.

Trong bối cảnh đó, nhiều sản phẩm sản xuất tại Liên Xô đã xuất hiện tại Việt Nam, từ radio, máy ảnh, xe máy, đồ gia dụng cho đến những chiếc đồng hồ cơ.

Những chiếc Cúc Cu Majak cũng theo dòng chảy ấy bước vào nhiều gia đình Việt.

Đối với nhiều người thuộc thế hệ trước, đây không chỉ là một vật dụng xem giờ.

Nó có thể là món quà được mang về sau một chuyến công tác, một món quà lưu niệm từ người thân, hoặc là vật dụng được mua trong thời kỳ mà hàng hóa Liên Xô có một vị trí rất đặc biệt trong đời sống Việt Nam.

Không cầu kỳ nhưng mang vẻ đẹp riêng

So với những chiếc Cúc Cu Đức nổi tiếng với các chi tiết chạm khắc gỗ tinh xảo, Cúc Cu Liên Xô thường có thiết kế đơn giản hơn.

Những đường nét trên thùng gỗ thường thiên về sự thực dụng, khỏe khoắn và phù hợp với phong cách công nghiệp của Liên Xô thời kỳ đó.

Nhưng chính sự giản dị ấy lại tạo nên nét riêng.

Không quá phô trương, không nhiều chi tiết trang trí, những chiếc đồng hồ Majak mang vẻ đẹp của một thời kỳ mà sản phẩm được tạo ra với mục tiêu bền bỉ, sử dụng lâu dài và phục vụ đời sống hàng ngày.

Bên trong là bộ máy cơ khí được thiết kế chắc chắn, hướng tới sự ổn định và khả năng hoạt động trong thời gian dài.

Giá trị nằm ở câu chuyện phía sau

Nếu chỉ nhìn dưới góc độ thương mại, Cúc Cu Liên Xô có thể không có mức giá cao như một số dòng Cúc Cu Đức sưu tầm.

Nhưng với nhiều gia đình Việt Nam, giá trị của nó lại nằm ở câu chuyện.

Có chiếc đồng hồ đã từng treo trong phòng khách của một gia đình suốt vài chục năm.

Có chiếc gắn với căn nhà cũ, với tuổi thơ của nhiều thế hệ.

Có chiếc được người cha mang về sau những năm tháng công tác xa nhà.

Và cũng có những chiếc, sau một thời gian dài nằm im trong góc nhà, lại được tìm thấy để phục hồi và tiếp tục treo lên như một phần ký ức.

Đó là lý do nhiều người vẫn giữ lại những chiếc Cúc Cu Liên Xô dù giá trị vật chất không quá lớn.

Bởi đôi khi, thứ được giữ lại không phải là một chiếc đồng hồ.

Mà là một câu chuyện.

Cúc Cu Liên Xô trong thú chơi đồng hồ cổ ngày nay

Ngày nay, khi thú chơi đồng hồ cổ phát triển, những chiếc Cúc Cu Majak cũng dần được nhìn nhận dưới một góc độ khác.

Người sưu tầm không chỉ tìm kiếm những mẫu đắt tiền hay hiếm gặp.

Họ còn tìm những chiếc đồng hồ đại diện cho một giai đoạn lịch sử, một nền công nghiệp hoặc một ký ức văn hóa.

Cúc Cu Liên Xô chính là một ví dụ như vậy.

Nó đại diện cho một thời kỳ giao thoa giữa hai nền văn hóa, giữa kỹ thuật chế tạo của Liên Xô và đời sống gia đình Việt Nam.

Một chiếc đồng hồ nhỏ treo trên tường, nhưng phía sau nó có thể là cả một câu chuyện dài về con người, lịch sử và ký ức.

Và có lẽ đó chính là điều khiến những chiếc đồng hồ cổ luôn có sức hấp dẫn đặc biệt.

Bởi chúng không chỉ đếm thời gian.

Chúng lưu giữ thời gian.",0,"07/14/2026 19:42",https://www.facebook.com/donghonhakho.vn/posts/pfbid0TZc1tZtCm3uhPj3HVMKfWkcFSqGsbMWYk44TG2q2KPmkj5g1d71FxjwrrUb5XwzSl,Ảnh,,"Trọn đời",0,--,0.01,0.01,0,354,2,-1,1,0,1,353,480,,
1627194988967513,100050310827163,"Đồng hồ Nhà kho","Đáng giá một triệu… nhưng vô giá với một gia đình

Mỗi chiếc đồng hồ khách hàng mang đến bên em đều có một câu chuyện riêng phía sau.

Có người mang đồng hồ đến để sửa chữa vì muốn tiếp tục sử dụng. Có người phục hồi lại để giao lưu, sưu tầm. Nhưng cũng có những chiếc đồng hồ, giá trị thật sự của nó không nằm ở số tiền mua bán trên thị trường.

Hôm nay em gặp một trường hợp như vậy.

Một anh khách khoảng ngoài năm mươi tuổi mang đến một chiếc đồng hồ Cúc Cu Liên Xô trong tình trạng hư hỏng khá nặng.

Chiếc đồng hồ đã bị mất hai quả tạ, hệ thống truyền động bên trong bị gỉ sét nhiều, 2 còi hơi bị rách, bộ máy không còn hoạt động. Phần vỏ gỗ cũng xuống cấp khá nhiều sau thời gian dài không được sử dụng.

Sau khi kiểm tra, em có trao đổi thật với anh:

“Chiếc đồng hồ này hiện nay trên thị trường giao lưu cũng chỉ khoảng quanh mức một triệu đồng. Nhưng nếu mình phục chế lại thì chi phí có thể sẽ cao hơn giá trị mua bán của nó.”

Bởi đồng hồ Cúc Cu không giống những dòng đồng hồ treo tường thông thường. Bên trong nó là một hệ thống cơ khí khá đặc biệt, với nhiều thanh truyền động nhỏ, các chi tiết mảnh và cần sự tỉ mỉ khi tháo lắp, căn chỉnh.

Riêng phần còi hơi, phục hồi lại đã cần một khoản chi phí nhất định. Chưa kể việc xử lý hệ thống truyền động, vệ sinh, bảo dưỡng bộ máy, căn chỉnh để đồng hồ hoạt động ổn định cũng cần nhiều thời gian của người thợ.

Tính sơ bộ, chi phí phục hồi chiếc đồng hồ này đã vượt quá giá trị giao lưu của nó.

Vì vậy, em cũng khuyên anh:

“Nếu chỉ xét về kinh tế thì mình có thể mua một chiếc khác đang hoạt động tốt với số tiền tương đương. Sẽ hợp lý hơn.”

Nhưng rồi anh kể cho em nghe một câu chuyện.

Chiếc đồng hồ này ngày xưa là món quà bố anh mang về sau chuyến công tác tại Liên Xô.

Nó đã từng được treo trong căn nhà của gia đình suốt nhiều năm.

Sau này, khi những chiếc đồng hồ điện tử tiện dụng hơn xuất hiện, chiếc Cúc Cu dần được cất đi. Thời gian trôi qua, nó nằm yên trong một góc nhà.

Cho đến gần đây, khi gia đình xây dựng lại căn nhà thờ để tưởng nhớ bố mẹ, anh tình cờ tìm thấy chiếc đồng hồ cũ này.

Những ký ức ngày xưa ùa về.

Và anh muốn phục chế lại nó.

Không phải để bán.

Không phải vì giá trị vật chất.

Mà để treo trong căn nhà thờ như một kỷ vật của gia đình.

Lúc đó em mới hiểu, đôi khi một chiếc đồng hồ không còn được định giá bằng số tiền ngoài thị trường nữa.

Một triệu hay một triệu rưỡi có thể là nhiều nếu chỉ mua một chiếc đồng hồ để xem giờ.

Nhưng với một kỷ vật gắn với người cha đã mất, với những năm tháng của một gia đình, thì con số ấy lại trở nên rất nhỏ.

Sau khi trao đổi với anh em kỹ thuật, bên em quyết định nhận phục chế lại chiếc đồng hồ.

May mắn là trong kho vẫn còn một số linh kiện cũ phù hợp, trong đó có hai chiếc còi hơi để thay thế. Sau quá trình xử lý, bảo dưỡng và căn chỉnh, chiếc đồng hồ đã dần hoạt động trở lại.

Khoảng một tuần sau, anh chị quay lại nhận đồng hồ.

Niềm vui của anh chị khi nhìn chiếc đồng hồ cũ hoạt động trở lại thật sự rất đặc biệt.

Sau đó, gia đình treo chiếc đồng hồ tại căn nhà thờ của bố mẹ. Anh em trong nhà cùng chụp ảnh gửi lại lời cảm ơn.

Nhìn những hình ảnh ấy, em lại thấy nghề này có những điều rất riêng.

Thực ra mình vẫn đang làm nghề.

Vẫn sửa chữa, vẫn phục chế, vẫn nhận công sức lao động của mình.

Nhưng đằng sau mỗi chiếc đồng hồ không chỉ là bánh răng, quả lắc hay bộ máy.

Mỗi chiếc đồng hồ có thể là một câu chuyện.

Có chiếc là món quà cưới của bố mẹ.

Có chiếc đi qua nhiều thế hệ trong gia đình.

Có chiếc gắn với một chuyến đi xa, một người thân, một căn nhà cũ.

Và đôi khi, công việc của người thợ không chỉ là làm cho một chiếc đồng hồ chạy trở lại.

Mà là giúp một phần ký ức của gia đình được tiếp tục sống.",0,"07/14/2026 18:20",https://www.facebook.com/donghonhakho.vn/posts/pfbid028Zg1vRi45YEpQS64qr7koS1FZBV9ZFeWqGhy25XN96jDdxErwrtBucnhW7rSR83el,Ảnh,,"Trọn đời",5,--,0.03,0.03,0,1647,18,0,12,0,1,1584,2301,,
1627192522301093,100050310827163,"Đồng hồ Nhà kho","🕰️ Đồng hồ vai bò Đức 5 côn 5 búa – Mã số #666

✨ Một mẫu đồng hồ cổ Đức sở hữu kiểu dáng hài hòa, cân đối, mang vẻ đẹp cổ điển đặc trưng của dòng đồng hồ vai bò. Phần vỏ gỗ với đường nét mềm mại, hoa văn tinh tế tạo nên sự sang trọng nhưng vẫn giữ được nét gần gũi của những món đồ xưa.

⚙️ Bộ máy cơ cổ Đức nguyên bản với cấu hình 5 côn 5 búa, cơ cấu điểm chuông 15 phút một lần, cho âm thanh trong trẻo, vui tai và mang đậm chất âm đồng hồ cổ. Máy vận hành ổn định, phù hợp với những anh em mới chơi hoặc những người yêu thích giá trị bền vững của đồng hồ châu Âu cổ.

✨ Tình trạng nguyên bản, hình thức đẹp, mức giá hợp lý nhưng vẫn giữ được giá trị sưu tầm cao. Một lựa chọn cân bằng giữa vẻ đẹp, âm thanh và giá trị lâu dài dành cho người yêu đồng hồ cổ Đức.",46,"07/14/2026 18:16",https://www.facebook.com/reel/1585673713169433/,"Thước phim",,"Trọn đời",2,+3.5x,0.01,0.01,0,1510,16,0,14,1,0,1406,1672,4.719,7220.704
1626648855688793,100050310827163,"Đồng hồ Nhà kho","Khi những chiếc đồng hồ công cộng trở thành di sản của thời gian

Trong quá khứ, những chiếc đồng hồ công cộng từng giữ một vai trò vô cùng quan trọng trong đời sống con người.

Chúng không chỉ đơn giản là công cụ để xem giờ.

Tại những tháp chuông, nhà thờ, nhà ga, quảng trường hay các công trình lớn, một chiếc đồng hồ công cộng còn là trung tâm của cả một không gian. Tiếng chuông vang lên từng giờ giúp con người định hình nhịp sống, báo hiệu thời gian làm việc, nghỉ ngơi, cầu nguyện hay những khoảnh khắc quan trọng trong ngày.

Đằng sau những chiếc đồng hồ ấy là cả một kỳ công về cơ khí.

Những bộ máy khổng lồ với hàng trăm bánh răng, hệ thống quả tạ nặng hàng chục, hàng trăm kilogram, cơ cấu điểm chuông và báo nhạc phức tạp đã được những người thợ chế tác bằng sự chính xác và kiên nhẫn đáng kinh ngạc.

Nhưng rồi cùng với sự phát triển của công nghệ, đồng hồ điện tử và hệ thống điều khiển hiện đại dần thay thế vai trò ban đầu của những cỗ máy cơ khí này.

Nhiều chiếc đồng hồ công cộng đã hoàn thành sứ mệnh của mình.

Tuy nhiên, thay vì biến mất, rất nhiều trong số đó lại bước sang một cuộc đời mới.

Từ những công trình công cộng, chúng trở thành những tác phẩm sưu tầm trong các gia đình, đại sảnh khách sạn, khu nghỉ dưỡng, bảo tàng hoặc không gian của những người yêu đồ xưa, đồ cổ và nghệ thuật cơ khí.

Ngày nay, người ta không còn tìm đến chúng chỉ để xem giờ.

Họ tìm đến chúng vì câu chuyện phía sau.

Một chiếc đồng hồ tháp chuông có thể đã từng chứng kiến hàng triệu khoảnh khắc của một thành phố.

Một bộ máy cổ có thể đã đều đặn hoạt động qua nhiều thế hệ con người.

Mỗi bánh răng, mỗi vết dấu thời gian, mỗi âm thanh khi chuông vang lên đều mang theo một phần lịch sử.

Đó chính là giá trị đặc biệt của những chiếc đồng hồ công cộng cổ.

Chúng không chỉ là những sản phẩm cơ khí.

Chúng là minh chứng cho trình độ kỹ thuật, sự sáng tạo và khát vọng chinh phục thời gian của con người.

Và với những người yêu đồng hồ cổ, việc gìn giữ một cỗ máy như vậy không chỉ là sưu tầm một món đồ.

Đó là cách họ bảo tồn một phần ký ức, một phần lịch sử của nhân loại.",0,"07/14/2026 02:29",https://www.facebook.com/donghonhakho.vn/posts/pfbid05EhYYJMMEzwQFg7yjqr153Lm8YNrzJ1GQSG9oBJzgQpqFWJjjpjpuKb11mA29tzxl,Ảnh,,"Trọn đời",0,--,0.03,0.03,0,2200,9,0,8,0,1,2158,2966,,
1626614175692261,100050310827163,"Đồng hồ Nhà kho",,400,"07/14/2026 01:25",https://www.facebook.com/reel/910418191370536/,"Thước phim",,"Trọn đời",6,+20.8x,0.05,0.05,0,2781,31,2,23,1,1,2618,2924,13.29,36455.978
1626490505704628,100050310827163,"Đồng hồ Nhà kho","Chiếc đồng hồ công cộng này có một cơ cấu hoạt động rất đặc biệt.

Hiện tại, quả lắc đang dao động hoàn toàn bằng quán tính nhờ chính khối lượng của nó. Một bánh răng bên trong sẽ đếm số chu kỳ dao động thông qua một cơ cấu đếm riêng. Sau khoảng 24 chu kỳ, khi quả lắc vẫn đang dao động tự do, kim đếm sẽ tác động vào một chiếc cò, kích hoạt hệ thống truyền lực từ quả tạ để bổ sung năng lượng cho quả lắc.

Sau khi được tiếp thêm lực, quả lắc lại tiếp tục thực hiện thêm 24 chu kỳ dao động bằng quán tính trước khi chu kỳ tiếp theo lặp lại.

Điểm đặc biệt nữa là phía trước bộ máy còn có một cánh quạt phanh gió. Thông thường chúng ta thường thấy phanh gió ở cơ cấu đánh nhạc hoặc đánh chuông, nhưng trên chiếc đồng hồ này, phanh gió lại được sử dụng cho chính hệ thống chạy, giúp kiểm soát lực nhả từ ổ cót, làm cho bộ máy vận hành ổn định và êm ái hơn.

Đây chính là một trong những ví dụ rất thú vị về sự sáng tạo của ngành chế tác đồng hồ cơ khí châu Âu, nơi mỗi chi tiết đều được tính toán để tạo nên một cỗ máy bền bỉ có thể hoạt động trong nhiều thập kỷ.",88,"07/13/2026 21:20",https://www.facebook.com/reel/1592032805646762/,"Thước phim",,"Trọn đời",4,+417.5x,1.11,1.11,0,20165,154,8,140,14,3,19526,22824,29.66,594453.23
1626114739075538,100050310827163,"Đồng hồ Nhà kho","Trong nhiều năm qua tại Việt Nam, những chiếc đồng hồ vai bò Junhan 5 côn đồng bạch luôn được đông đảo người chơi và giới sưu tầm đặc biệt yêu thích. Điểm nổi bật của dòng đồng hồ này chính là chất âm sáng, ngân dài, dải trung và dải cao rất rõ ràng, tiếng chuông to, chắc, khỏe khoắn nhưng vẫn giữ được sự ấm áp và dễ chịu khi thưởng thức.

Một trong những yếu tố tạo nên sức hấp dẫn của dòng vai bò Junhan là thiết kế thùng gỗ với hộp cộng hưởng âm thanh được chế tác rất hiệu quả. Cấu trúc này hoạt động tương tự như hộp cộng hưởng của đàn guitar, giúp khuếch đại và làm đầy tiếng chuông, tạo nên chất âm đồng hồ cổ vang, tròn tiếng và hài hòa hơn. Đây cũng là đặc điểm khiến dòng đồng hồ này rất phù hợp với thị hiếu thưởng thức âm thanh của người chơi tại Việt Nam.

Bên cạnh chất âm ấn tượng, bộ máy cơ cổ Đức của Junhan cũng nổi tiếng về độ bền, hoạt động ổn định, dễ bảo dưỡng và thuận tiện trong quá trình sửa chữa. Phiên bản 5 côn, 5 búa với bản nhạc Westminster mang đến những giai điệu quen thuộc, điểm giờ rõ ràng, góp phần tạo nên giá trị sưu tầm và sức hút bền vững cho dòng đồng hồ vai bò Junhan côn đồng bạch trong nhiều năm qua.",0,"07/13/2026 09:15",https://www.facebook.com/donghonhakho.vn/posts/pfbid0ynyMPAWjttbijAtMRRDLBGgf8aiaGRh6ZFjkY1xUpZ9EcLzFKqq1xcGLdbXx8z9Tl,Ảnh,,"Trọn đời",2,--,0.01,0.01,0,984,6,0,3,0,1,950,1375,,
1625930809093931,100050310827163,"Đồng hồ Nhà kho","Bộ chân nến hàng Pháp cổ rất tinh tế về chi tiết, bố cục, niên đại. Giá 18  ☎ 𝟶𝟿𝟼𝟥•𝟜𝟝𝟞•𝟿𝟞𝟥",0,"07/13/2026 04:29",https://www.facebook.com/donghonhakho.vn/posts/pfbid02o2HkGgXiBsVrXoeSSRLTByDuVhAmPTkiSLo31BYKV4sMWkFDv5QFCQ2dMq3NXPGSl,Ảnh,,"Trọn đời",0,--,0.01,0.01,0,666,2,0,1,0,1,669,1033,,
1624786655875013,100050310827163,"Đồng hồ Nhà kho","Atmos – Chiếc đồng hồ không sinh ra để cạnh tranh với thời gian

Suốt hơn ba trăm năm, con người gần như mặc nhiên chấp nhận một quy luật.

Đã là đồng hồ cơ thì phải lên cót.

Có chiếc mỗi ngày.

Có chiếc mỗi tuần.

Đó là điều tưởng như không bao giờ thay đổi.

Cho đến khi Atmos xuất hiện.

Ở Việt Nam, nhiều người vẫn trìu mến gọi Atmos là đồng hồ vĩnh cửu. Không phải vì nó chạy mãi mãi, mà bởi cách nó vận hành khiến người ta có cảm giác như vậy.

Không dùng pin.

Không dùng điện.

Không cần lên cót thường xuyên.

Chỉ nhờ sự thay đổi rất nhỏ của nhiệt độ trong không khí, chiếc đồng hồ đã có thể tự tích lũy năng lượng để tiếp tục hoạt động.

Điều đáng kinh ngạc là tất cả đều được thực hiện bằng cơ khí.

Không có vi mạch.

Không có phần mềm.

Chỉ có những bánh răng, lò xo, đòn bẩy và trình độ chế tác ở mức gần như hoàn mỹ.

Atmos chưa bao giờ được tạo ra để cạnh tranh với đồng hồ điện tử về độ chính xác.

Nó được tạo ra để trả lời một câu hỏi lớn hơn:

Con người có thể đưa đồng hồ cơ đi xa đến đâu?

Và câu trả lời khiến cả thế giới phải ngưỡng mộ.

Ngày nay, nhiều người đặt một chiếc Atmos trên bàn làm việc không chỉ để xem giờ.

Đó còn là biểu tượng của sự chính xác, của tư duy khoa học và của vẻ đẹp cơ khí. Ở Thụy Sĩ, Atmos cũng thường xuất hiện trong những không gian trang trọng và được chọn làm món quà mang ý nghĩa về sự bền vững, trường tồn theo thời gian.

Có thể một ngày nào đó, công nghệ sẽ tạo ra những chiếc đồng hồ chính xác hơn.

Nhưng sẽ rất khó để tạo ra thêm một cỗ máy khiến người ta đứng lặng hàng chục phút chỉ để ngắm quả lắc chuyển động và tự hỏi:

“Làm sao, chỉ bằng vài bánh răng và một chút thay đổi của nhiệt độ, con người lại có thể nghĩ ra được điều này?”

Có lẽ, đó mới là giá trị lớn nhất của Atmos.

Nó không chỉ cho chúng ta biết thời gian.

Nó kể cho chúng ta nghe câu chuyện về trí tuệ của con người.",0,"07/11/2026 17:13",https://www.facebook.com/donghonhakho.vn/posts/pfbid02o1xmZJuVF2QvooioXPkqbKu1ztwGdBcBPqm4Ltz65B7BmyjUzVoNr33EWhX4hodjl,Ảnh,,"Trọn đời",0,--,0.02,0.02,0,450,3,0,2,0,1,431,706,,
1624782395875439,100050310827163,"Đồng hồ Nhà kho","Bố nói không cần… nhưng ánh mắt lại nói điều ngược lại.

Sáng cuối tuần thường là lúc cửa hàng đón nhiều gia đình hơn.

Có hôm, một chị gái đã đi làm đưa cậu em trai còn là sinh viên và bố đến xem đồng hồ.

Vừa bước vào, bác cười:

“Đưa bố đi xem cho vui thôi, mua làm gì.”

Nói vậy thôi, nhưng bác lại là người đứng lâu nhất trước từng chiếc đồng hồ.

Bác ngắm mặt số, nhìn quả lắc đung đưa, lắng nghe từng tiếng chuông. Thi thoảng lại quay sang hỏi em:

“Cháu ơi, chiếc này chạy có chính xác không?”

Đi được vài bước, bác lại hỏi tiếp:

“Bao lâu thì phải bảo dưỡng một lần hả cháu?”

Đến chiếc khác, nghe tiếng chuông ngân lên, bác mỉm cười:

“Chuông này nghe giống chuông nhà thờ.”

Rồi như nhớ ra điều gì đó, bác kể luôn:

“Cái này giống chiếc đồng hồ của ông Bình ở làng bác. Ngày xưa ông ấy đi tàu Tây mới mua được. Cả làng có mỗi một chiếc, cứ đến giờ là cả xóm đều nghe thấy tiếng chuông.”

Lúc ấy em để ý, hai chị em chỉ đứng bên cạnh nhìn bố cười.

Có lẽ các anh chị cũng không ngờ một chiếc đồng hồ lại có thể làm bố nhớ nhiều chuyện đến thế.

Có lẽ với thế hệ của các bác, đồng hồ cổ chưa bao giờ chỉ là vật để xem giờ.

Nó gợi nhớ về một thời mà một chiếc đồng hồ trong nhà là cả một gia tài. Có người thích từ trẻ nhưng chẳng bao giờ dám nghĩ mình sẽ sở hữu, bởi còn biết bao việc phải lo, biết bao đứa con phải nuôi khôn lớn.

Đến khi con cái trưởng thành, mọi thứ dường như đổi vai.

Ngày bé, bố mẹ dắt con đi mua đồ chơi.

Lớn lên, con lại dắt bố mẹ đi chọn món quà mà ngày xưa bố mẹ từng rất thích.

Điều làm em nhớ nhất không phải lúc chiếc đồng hồ được mang về.

Mà là lúc treo lên tường.

Cả nhà đứng lùi lại vài bước, ngắm chiếc đồng hồ bắt đầu đung đưa theo từng nhịp quả lắc. Tiếng chuông đầu tiên vang lên, ai cũng mỉm cười. Chẳng biết vì tiếng chuông hay vì nhìn thấy bố vui.

Vài hôm sau, chị nhắn lại:

“Từ hôm có đồng hồ, bố em sáng nào cũng dậy sớm hơn. Khách đến chơi là lại khoe chiếc đồng hồ các con tặng.”

Đọc tin nhắn ấy tự nhiên thấy vui.

Không phải vì bán được thêm một chiếc đồng hồ.

Mà vì biết món quà ấy đã đến đúng người.

Nhiều bác sau đó còn hỏi rất cẩn thận:

“Nếu sau này không dùng nữa thì có ai thu mua lại không?”

Đó là suy nghĩ rất quen thuộc của thế hệ luôn trân trọng từng đồng tiền và từng món đồ trong nhà.

Em luôn sẵn sàng cam kết hỗ trợ thu mua lại nếu khách có nhu cầu, để các bác yên tâm hơn khi nhận món quà từ con cháu.

Nhưng điều thú vị là đến nay, rất hiếm người quay lại bán.

Có lẽ vì sau một thời gian, chiếc đồng hồ không còn là một món đồ nữa.

Nó trở thành một phần của căn nhà.

Là tiếng chuông quen thuộc mỗi sáng.

Là âm thanh mỗi lần con cháu về sum họp.

Rồi nhiều năm sau, khi nhìn lên chiếc đồng hồ ấy, điều người ta nhớ không chỉ là thời gian đã trôi qua.

Mà là người đã từng ngồi dưới mái nhà đó, từng mỉm cười khi nhận món quà của các con.

Có những món quà được định giá bằng tiền.

Nhưng cũng có những món quà chỉ có thể đong đếm bằng ký ức.

Có lẽ, đồng hồ cổ là một trong số đó.",0,"07/11/2026 17:05",https://www.facebook.com/donghonhakho.vn/posts/pfbid0TGMByJziEhC22MSqZdcDY4cvNmXrY1cXrkc3Ax4UEC4fuwUYr28L9nnWCmg4uWS3l,Ảnh,,"Trọn đời",0,--,0.01,0.01,0,489,5,0,4,0,1,480,767,,
1625826775771001,100050310827163,"Đồng hồ Nhà kho","Đồng hồ cổ Đức Kenzi 8 côn mặt số nổi, chất âm ngân vang- Mã số #1076
💵: 8tr
✨ Thùng gỗ vân đẹp, tông màu ấm áp cùng các họa tiết chạm nổi ở bốn góc tạo điểm nhấn sang trọng. Mặt số nổi sắc nét kết hợp bộ kim nguyên bản mang lại vẻ đẹp hài hòa, tinh tế và rất có giá trị sưu tầm.

✨ Bộ máy cơ cổ Đức bền bỉ, hoạt động ổn định với hệ thống 8 côn cho chất âm đồng hồ cổ ngân vang, tròn tiếng và ấm áp. Giai điệu Westminster quen thuộc hòa cùng tiếng điểm giờ rõ ràng, tạo nên không gian gần gũi và đậm chất hoài niệm.

✨ Kích thước: 68 × 35 cm – phù hợp trưng bày phòng khách, phòng làm việc hoặc không gian sưu tầm đồ cổ châu Âu.

🏠 Đồng hồ Nhà Kho
📍 KĐT Văn Phú, Hà Đông, Hà Nội
☎️ 0963.456.963 

#donghoco #donghocoDuc #donghoqualac #donghocochauAu #donghococo #donghonguyenban #donghosuutam #donghoWestminster #amthanhdonghoco #chatamdonghoco #Kenzi #donghocondong #docochauAu #donghotreotuongco #giatrisuutam",0,"07/13/2026 01:33",https://www.facebook.com/donghonhakho.vn/posts/pfbid02QphiSTqxYyaue6UTAMX8x8aPc5cBAJ7Jv5E1SUZukcK9esHMJk3n1Stobq7J3bdhl,Ảnh,,"Trọn đời",3,--,0.09,0.09,0,1211,10,0,7,0,0,1207,1837,,
1625824212437924,100050310827163,"Đồng hồ Nhà kho","Trên những chiếc đồng hồ công cộng, đa số đều sử dụng những quả chuông cổ được đúc tại châu Âu với chất lượng âm thanh rất cao. Nhờ vậy, người chơi có thể cảm nhận gần như trọn vẹn tiếng chuông hùng tráng, ngân vang của những tháp chuông, nhà ga hay công trình công cộng châu Âu xưa. Bên cạnh giá trị của bộ máy cơ khí, chính những quả chuông này cũng là một phần có giá trị sưu tầm rất lớn, được nhiều người yêu cơ khí và đồng hồ cổ đặc biệt yêu thích.",35,"07/13/2026 01:28",https://www.facebook.com/reel/2129776227603281/,"Thước phim",,"Trọn đời",2,+9.6x,0.06,0.06,0,4554,64,1,50,2,11,4066,4983,8.274,36233.126
1625753759111636,100050310827163,"Đồng hồ Nhà kho","Rất NẶNG và rất TO là những ngài CÔNG CỘNG",0,"07/12/2026 23:19",https://www.facebook.com/donghonhakho.vn/posts/pfbid02Lqiuopad3nStR58tppqUM3UEGyGWFx7zhxfbY9ZwYKqrybgAW2RPnxqYNur6W1LDl,Ảnh,,"Trọn đời",0,--,0.01,0.01,0,970,6,0,4,0,2,980,1459,,
1625680975785581,100050310827163,"Đồng hồ Nhà kho","Đồng hồ Gi-rô 8 côn thùng trái đào có tay cầm sang trọng- Mã số #1027
💵: 7tr5
✨ Thiết kế thùng cân đối với những đường nét thanh lịch, hai bên được chạm họa tiết trái đào mềm mại, tạo điểm nhấn sang trọng cho không gian trưng bày. Tông gỗ vàng óng cùng vân gỗ tự nhiên mang đến vẻ đẹp ấm cúng, đậm chất đồng hồ châu Âu cổ.

✨ Kích thước 57 × 46 cm, tỷ lệ đẹp, phù hợp treo phòng khách, phòng làm việc hoặc không gian sưu tầm đồng hồ cổ.

✨ Bộ máy cơ nguyên bản nổi tiếng về độ bền, vận hành ổn định, lên cót nhẹ và dễ bảo dưỡng. Dòng máy được nhiều người chơi đánh giá cao nhờ kết cấu chắc chắn và tuổi thọ lâu dài.  

✨ Bộ côn đồng cho chất âm đồng hồ cổ trong trẻo, ngọt ngào, tiếng chuông ngân vang ấm áp, điểm chuông mỗi 15 phút và báo giờ đầy cuốn hút, mang đến trải nghiệm thưởng thức âm thanh rất riêng của những chiếc đồng hồ cơ cổ giá trị sưu tầm.

🏠 Đồng Hồ Nhà Kho – Chuyên đồng hồ cổ châu Âu nguyên bản.
📍Khu đô thị Văn Phú, Hà Đông, Hà Nội.
☎️ 0963 456 963

#donghoco #donghoqulac #donghochauau #donghocoPhap #donghocoDuc #donghogiroid #donghogirod #donghowestminster #donghocondong #chatamdonghoco #donghonguyenban #suutamdonghoco #docohchauau #donghotreotuong #donghodep",0,"07/12/2026 20:54",https://www.facebook.com/donghonhakho.vn/posts/pfbid02BRtd7emwDhW3PfCXF95CAZD77XWhZTbCX5nZsntGe6TCvX5Mn1v2NNSeRof5kjiPl,Ảnh,,"Trọn đời",2,--,0.05,0.05,0,777,6,0,5,0,0,756,1127,,
1625566572463688,100050310827163,"Đồng hồ Nhà kho","Những chiếc đồng hồ của Vê Đét 2 bản nhạc Ave Maria và Westminster với cấu hình 10 côn, 11 búa luôn được nhiều người chơi đánh giá cao về chất âm. Dù sử dụng côn đồng hay côn thép, mỗi phiên bản đều có nét cuốn hút riêng với tiếng chuông rõ ràng, ngọt, ấm và dễ nghe, tạo cảm giác gần gũi nhưng vẫn sang trọng.

Bên cạnh bộ máy ấn tượng, nhiều mẫu còn sở hữu thiết kế mặt số nổi đẹp, thùng cân đối và tinh tế. Một số phiên bản hiếm còn được trang bị cơ cấu tự động ngắt chuông ban đêm, tăng thêm tính tiện dụng trong quá trình sử dụng.

Sự kết hợp giữa hình thức đẹp, chất âm đồng hồ cổ đặc trưng cùng hai bản nhạc Ave Maria và Westminster đã giúp dòng đồng hồ này trở thành lựa chọn được nhiều người yêu đồng hồ cổ, đồng hồ quả lắc và người sưu tầm đánh giá cao về cả giá trị sử dụng lẫn giá trị sưu tầm lâu dài.",0,"07/12/2026 17:02",https://www.facebook.com/donghonhakho.vn/posts/pfbid0N4VXLNYk4gnTkzMjqbfrfpVKeLwp7n9MpdkUzUCdC2JRW5C7s99pUg3srZFHy7Yhl,Ảnh,,"Trọn đời",19,--,0.13,0.13,0,2546,35,0,15,0,1,2480,3741,,
1625247599162252,100050310827163,"Đồng hồ Nhà kho","Anh em nào yêu đồng hồ công cộng thì đây là những cỗ máy cơ khí rất đẹp và có giá trị sưu tầm cao.

Tuy nhiên trước khi chơi cũng nên cân nhắc một chút. Thứ nhất, chúng cần không gian đủ rộng để phát huy hết vẻ đẹp. Thứ hai, chuông đồng hồ công cộng của châu Âu thường rất lớn, tiếng vang xa và ngân lâu. Nếu lắp trong khu dân cư đông đúc hoặc không gian quá hẹp thì có thể ảnh hưởng đến hàng xóm.

Chơi đúng không gian thì mới cảm nhận hết được vẻ hùng tráng và giá trị của những cỗ máy đặc biệt này.",27,"07/12/2026 07:14",https://www.facebook.com/reel/1430636812425163/,"Thước phim",,"Trọn đời",27,+43.7x,0.17,0.17,0,15165,189,5,156,3,5,14291,18202,9.754,143971.234
1625174722502873,100050310827163,"Đồng hồ Nhà kho","Chiếc đồng hồ để bàn lộ cơ Hermle của Đức sở hữu thiết kế nhỏ gọn, cân đối và rất đẹp mắt. Toàn bộ máy móc còn nguyên bản, vận hành ổn định, để người chơi có thể quan sát trực tiếp từng bánh răng chuyển động.

Đồng hồ sử dụng cơ cấu chuông chén, mỗi giờ điểm một tiếng nhẹ nhàng, trong trẻo và dễ nghe. Một mẫu đồng hồ cổ Đức vừa đẹp để trưng bày, vừa thú vị với những anh em yêu cơ khí và nghệ thuật chế tác.",20,"07/12/2026 05:20",https://www.facebook.com/reel/1514803296340614/,"Thước phim",,"Trọn đời",4,+6.8x,0.01,0.01,0,3771,30,1,26,0,1,3645,4162,3.387,12791.825
1625166652503680,100050310827163,"Đồng hồ Nhà kho","Tủ Junhan nguyên bản luôn là lựa chọn được nhiều anh em yêu đồng hồ cổ Đức tìm kiếm.

Sở hữu bộ máy cơ khí bền bỉ, vận hành ổn định cùng chất âm trầm ấm, vang rõ và rất dễ nghe, dòng tủ Junhan mang đến cảm giác vừa sang trọng, vừa gần gũi trong không gian sống. Kiểu dáng tủ cân đối, hài hòa theo phong cách châu Âu cổ, càng ngắm càng thấy được vẻ đẹp của thời gian.

Điều làm nên giá trị của một chiếc Junhan không chỉ là tuổi đời, mà còn là độ nguyên bản của bộ máy, thùng tủ và chất âm đặc trưng đã chinh phục nhiều thế hệ người chơi.

Một mẫu đồng hồ cổ Đức đẹp, âm hay, bền bỉ và có giá trị sưu tầm cao, rất đáng để đồng hành cùng anh em trong nhiều năm tới.",60,"07/12/2026 05:07",https://www.facebook.com/reel/1721678645648166/,"Thước phim",,"Trọn đời",0,+0.9x,0.02,0.02,0,1030,12,0,11,1,0,975,1145,9.934,10391.974
1625160609170951,100050310827163,"Đồng hồ Nhà kho","Theo tem còn gắn trên thân máy, chiếc đồng hồ công cộng này được sản xuất vào năm 1851 — đến nay đã gần hai thế kỷ.

Trải qua ngần ấy thời gian, cỗ máy vẫn còn hiện diện như một nhân chứng của lịch sử cơ khí châu Âu. Từng bánh răng, trục máy và cơ cấu truyền động đều mang dấu ấn của một thời kỳ mà đồng hồ được chế tác chủ yếu bằng đôi tay người thợ.

Đây không chỉ là một chiếc đồng hồ cổ, mà còn là một tác phẩm cơ khí gần 200 năm tuổi, mang giá trị lịch sử và giá trị sưu tầm rất đặc biệt.",40,"07/12/2026 04:58",https://www.facebook.com/reel/1950237628999618/,"Thước phim",,"Trọn đời",4,+7.8x,0.07,0.07,0,4095,63,3,55,5,1,3687,4659,11.263,44546.1
1625156875837991,100050310827163,"Đồng hồ Nhà kho","Đồng hồ chim cúc cu hoạt cảnh – một nét đẹp rất riêng của đồng hồ cổ Đức.

Không chỉ có chú chim cúc cu báo giờ, chiếc đồng hồ còn mang đến những hoạt cảnh vui nhộn chuyển động theo từng nhịp nhạc, tạo nên cảm giác sinh động và đầy cuốn hút mỗi khi điểm giờ.

Bộ máy tuần nguyên bản vận hành ổn định, chỉ cần lên cót một lần là có thể hoạt động suốt cả tuần. Chất âm trong trẻo, vui tai, kết hợp cùng những chuyển động đặc trưng khiến mỗi lần đồng hồ cất tiếng lại như tái hiện một góc nhỏ của vùng Black Forest nước Đức.

Một mẫu đồng hồ chim cúc cu đẹp, nguyên bản, vừa có giá trị sưu tầm, vừa mang đến không gian ấm cúng và đầy cảm xúc cho những ai yêu đồ cổ châu Âu.",22,"07/12/2026 04:52",https://www.facebook.com/reel/1421035679857844/,"Thước phim",,"Trọn đời",8,+12.9x,0.01,0.01,0,3761,53,2,42,5,1,3532,4230,6.07,22547.307
1625153849171627,100050310827163,"Đồng hồ Nhà kho","Một tác phẩm kết hợp rất hài hòa giữa hội họa, nghệ thuật chế tác, cơ khí và âm nhạc trong cùng một chiếc đồng hồ tranh.

Bức tranh tái hiện khung cảnh nông thôn châu Âu xưa với vẻ thanh bình, mộc mạc và giàu chiều sâu. Ẩn phía sau lớp tranh là bộ máy đồng hồ cơ cổ cùng hệ thống âm thanh, để mỗi khi đồng hồ vận hành, hình ảnh và tiếng nhạc như cùng kể lại câu chuyện của một thời đã qua.

Điều đáng quý là tác phẩm vẫn giữ được vẻ đẹp nguyên bản, bố cục cân đối, màu sắc hài hòa và thần thái rất riêng của đồ cổ châu Âu.

Đây không chỉ là một chiếc đồng hồ để xem giờ, mà còn là một tác phẩm nghệ thuật có giá trị sưu tầm, phù hợp với những anh em yêu đồng hồ cổ, yêu tranh xưa và trân trọng những cỗ máy cơ khí biết kể chuyện.",112,"07/12/2026 04:47",https://www.facebook.com/reel/2046098242659257/,"Thước phim",,"Trọn đời",3,+14.4x,0.05,0.05,0,1643,25,0,17,2,3,1528,1785,13.313,21981.08
1625148495838829,100050310827163,"Đồng hồ Nhà kho","Chiếc đồng hồ công cộng này sử dụng hai quả chuông lắp phía trong, đều là chuông nguyên bản châu Âu, tạo nên tổng thể cân đối và rất hài hòa.

Điểm đáng giá không chỉ nằm ở bộ máy cơ khí lớn, mà còn ở việc đồng hồ vẫn giữ được đầy đủ hai quả chuông đi kèm. Đây là điều khá hiếm, bởi phần lớn đồng hồ công cộng khi được tháo khỏi nhà thờ hoặc công trình cũ thường chỉ còn bộ máy, còn chuông được giữ lại tại chỗ.

Hai quả chuông cho âm thanh ngân vang, trầm và có độ rền đặc trưng, rất hợp với những anh em yêu tiếng chuông nhà thờ, yêu đồng hồ cổ và những tác phẩm cơ khí châu Âu độc đáo.

Một bộ đồng hồ đẹp, nguyên bản, hài hòa và mang giá trị sưu tầm cao. Mời anh em quan tâm cùng giao lưu.",33,"07/12/2026 04:38",https://www.facebook.com/reel/1588537009655821/,"Thước phim",,"Trọn đời",0,+1x,0.04,0.04,0,2590,30,2,28,2,0,2432,2926,8.583,22007.268
1625146492505696,100050310827163,"Đồng hồ Nhà kho","Nhà Kho TV thường sưu tầm rất nhiều mẫu đồng hồ vai bò, đủ kiểu dáng, chủng loại và thiết kế để phục vụ anh em yêu đồng hồ cổ. Vì thế, nhiều người vẫn vui miệng gọi đây là “lò mổ bò lớn nhất Bắc Bộ”.

Trước mắt anh em là một chiếc vai bò Đức 9 côn, 3 bài nhạc còn nguyên bản. Bộ máy hoạt động ổn định, chất âm dày, rõ nốt và nghe rất cuốn. Dáng thùng cân đối, dễ trưng bày, mức đầu tư cũng hợp lý so với cấu hình.

Một mẫu đồng hồ cổ Đức vừa đẹp mắt, vừa có âm thanh hay, phù hợp cho anh em muốn tìm một chiếc đồng hồ sưu tầm có cá tính riêng mà vẫn dễ chơi, dễ sử dụng.",88,"07/12/2026 04:34",https://www.facebook.com/reel/952742801152339/,"Thước phim",,"Trọn đời",0,+4.2x,0.01,0.01,0,771,5,1,5,0,0,700,839,8.477,6519.414
1625139142506431,100050310827163,"Đồng hồ Nhà kho","Junhan – Một trong 5 dòng đồng hồ cổ đáng chơi nhất cho người mới bắt đầu

Nếu anh em mới bước vào thú chơi đồng hồ cổ và muốn tìm một chiếc vừa bền, âm thanh hay, kiểu dáng ưa nhìn lại dễ sử dụng, thì Junhan là cái tên rất đáng cân nhắc.

Đây là dòng đồng hồ cổ Đức nổi tiếng bởi bộ máy chắc chắn, vận hành ổn định và kết cấu cơ khí bền bỉ. Kiểu dáng của Junhan thường cân đối, cổ điển nhưng không quá cầu kỳ, phù hợp với nhiều không gian từ phòng khách, phòng làm việc đến những ngôi nhà mang phong cách truyền thống.

Điểm khiến nhiều người mê Junhan chính là chất âm. Tiếng chuông lên rõ nốt, vang vừa phải, có độ trầm và nghe lâu không bị chói tai. Những mẫu được căn chỉnh tốt cho chất âm đồng hồ cổ rất dễ chịu, càng nghe càng cảm nhận rõ nét riêng của đồng hồ cổ Đức.

Với mức đầu tư hợp lý, máy móc bền, hình thức đẹp và âm thanh tốt, Junhan xứng đáng nằm trong nhóm những dòng đồng hồ cổ phù hợp nhất cho người mới bắt đầu. Chỉ cần chọn được chiếc còn nguyên bản, máy ổn định và thùng đẹp là anh em đã có một món đồng hồ sưu tầm vừa dễ chơi, vừa có thể gắn bó lâu dài.",102,"07/12/2026 04:23",https://www.facebook.com/reel/1552926993128276/,"Thước phim",,"Trọn đời",0,+4.3x,0.01,0.01,0,863,13,0,13,0,0,811,957,8.685,7408.53
1625134505840228,100050310827163,"Đồng hồ Nhà kho","Nếu anh em yêu những chiếc Ô Đô 36, mê kiểu dáng cổ điển và tiếng chuông đặc trưng, nhưng dòng 36/10 đang nằm ngoài mức kinh phí dự định đầu tư, thì có thể cân đối sang Ô Đô 36/8.

Đây là lựa chọn hợp lý hơn về mức đầu tư nhưng vẫn giữ được dáng thùng đẹp, bộ máy bền, âm thanh hay và vẻ cân đối đặc trưng của dòng Ô Đô 36. Khi được căn chỉnh đúng, tiếng chuông lên rõ, dễ nghe, đủ tạo điểm nhấn cho phòng khách mà không quá nặng nề.

Với anh em mới chơi đồng hồ cổ Pháp hoặc muốn tìm một chiếc đồng hồ quả lắc vừa đẹp, vừa dễ sử dụng, Ô Đô 36/8 là lựa chọn rất đáng cân nhắc.

Chơi đồng hồ cổ không nhất thiết phải bắt đầu từ bản nhiều côn nhất. Quan trọng vẫn là chiếc đồng hồ nguyên bản, máy móc ổn định, kiểu dáng hợp mắt và chất âm khiến mình muốn nghe mỗi ngày.",63,"07/12/2026 04:16",https://www.facebook.com/reel/27858414660449398/,"Thước phim",,"Trọn đời",2,+9x,0.02,0.02,0,1002,11,1,8,1,0,959,1166,11.275,11557.226
1625130335840645,100050310827163,"Đồng hồ Nhà kho","Ô Đô 36/10 – Dòng đồng hồ cổ Pháp khiến nhiều người chơi mê từ tiếng chuông đầu tiên

Trong những dòng đồng hồ cổ Pháp được người chơi Việt Nam biết đến nhiều nhất, Ô Đô 36/10 luôn có một vị trí rất riêng.

Điểm dễ nhận ra nhất của dòng này là bộ máy 10 côn, 10 búa, cho chất âm dày, vang và có chiều sâu. Khi bộ máy được căn chỉnh tốt, từng tiếng chuông lên đều, rõ nốt, không bị chói hay lẫn tiếng. Đây cũng là lý do nhiều người yêu âm thanh đồng hồ cổ thường tìm Ô Đô 36/10 để treo trong phòng khách hoặc không gian sinh hoạt chung.

Ngoài bộ máy, dòng này còn được yêu thích bởi dáng thùng cổ điển, mặt số cân đối và quả lắc tạo cảm giác rất đầm khi vận hành. Có những mẫu thùng râu mực, thùng kính hoặc kiểu trang trí mang đậm phong cách Pháp, càng để lâu càng thấy vẻ đẹp trầm và sang.

Tuy nhiên, khi chọn Ô Đô 36/10, không nên chỉ nhìn số côn hay hình thức bên ngoài. Điều quan trọng vẫn là độ nguyên bản của bộ máy, thùng có đúng đời hay không, côn và búa còn đồng bộ, mặt số có bị làm lại, máy đã được bảo dưỡng đúng kỹ thuật hay chưa.

Một chiếc Ô Đô 36/10 đẹp không chỉ là đồng hồ quả lắc để xem giờ.

Nó còn là một tác phẩm cơ khí cổ, nơi người chơi có thể cảm nhận được cả kỹ thuật chế tác, chất âm đồng hồ cổ và giá trị sưu tầm của một giai đoạn rất đặc biệt trong lịch sử đồng hồ châu Âu.",26,"07/12/2026 04:09",https://www.facebook.com/reel/1357721016321606/,"Thước phim",,"Trọn đời",74,+122.9x,0.25,0.25,0,36809,549,50,429,42,22,37222,46896,13.388,494827.072
1624932332527112,100050310827163,"Đồng hồ Nhà kho","Đồng hồ Ô Đô 36/10 – Dòng máy huyền thoại làm nên tên tuổi của đồng hồ cổ Pháp.

Điểm đặc biệt nhất của Ô Đô 36/10 là bộ máy 10 búa, chơi hai bản nhạc nổi tiếng: Westminster và Gaï Carillon, kết hợp tiếng điểm giờ bính boong trầm ấm đã trở thành dấu ấn riêng của hãng.

Trải qua nhiều giai đoạn sản xuất, dòng 36/10 có nhiều phiên bản khác nhau như máy 3 vách hở, 3 vách bệt và 3 vách xoáy. Mỗi đời máy đều có những thay đổi về kết cấu, bộ côn, vách máy và một vài chi tiết cơ khí, nhưng vẫn giữ được chất âm dày, vang và giàu nhạc tính – nét đặc trưng khiến người chơi đồng hồ cổ luôn yêu thích.

Đến nay, Ô Đô 36/10 nguyên bản vẫn là một trong những dòng đồng hồ cổ Pháp được giới sưu tầm săn tìm nhiều nhất nhờ chất lượng máy bền bỉ, âm thanh cuốn hút và giá trị sưu tầm ngày càng cao. Đây cũng là lựa chọn rất phù hợp cho những ai muốn sở hữu một chiếc đồng hồ cơ cổ vừa có giá trị sử dụng, vừa mang đậm dấu ấn lịch sử của nghệ thuật chế tác đồng hồ châu Âu.",56,"07/11/2026 21:59",https://www.facebook.com/reel/27385766204377668/,"Thước phim",,"Trọn đời",15,+23.7x,0.08,0.08,0,4434,74,3,57,7,1,4324,5424,11.952,54002.859
1624924862527859,100050310827163,"Đồng hồ Nhà kho","Ngày xưa, một căn phòng khách có hai thứ gần như nhà nào cũng mong có.

Một chiếc ti vi.

Và một chiếc đồng hồ treo tường.

Chỉ cần bước vào một căn nhà như vậy, tự nhiên mình có cảm giác rất ấm.

Có cảm giác đó là một gia đình có nề nếp, có tiếng cười và có những buổi tối quây quần bên nhau.

Chiếc đồng hồ đâu chỉ để xem giờ.

Nó báo giờ ăn cơm.

Báo giờ đi học.

Báo giờ làm bài.

Báo giờ đi ngủ.

Còn chiếc ti vi thì đến đúng giờ thời sự, cả nhà lại ngồi sát vào nhau.

Bố pha ấm trà.

Mẹ gọt đĩa hoa quả.

Lũ trẻ tranh nhau chỗ ngồi đẹp nhất.

Tiếng chuông đồng hồ vang lên.

Chiếc ti vi sáng đèn.

Đó là lúc cả gia đình thật sự ở bên nhau.

Ngày ấy, cả nhà gần như sống chung một nhịp thời gian.

Bây giờ thì khác.

Nhà nào cũng có nhiều điện thoại hơn là người.

Mỗi người cầm một chiếc.

Mỗi người xem một thứ.

Mỗi người sống trong một thế giới.

Có khi ngồi cùng một phòng nhưng chẳng ai biết người bên cạnh đang xem gì.

Đồng hồ vẫn còn.

Ti vi vẫn còn.

Nhưng cái cảm giác cả nhà cùng chờ một tiếng chuông, cùng xem một chương trình, cùng ăn một bữa cơm… lại trở thành điều rất hiếm.

Có lẽ vì thế mà nhiều người vẫn yêu đồng hồ cổ.

Không phải vì nó xem giờ chính xác hơn điện thoại.

Mà vì mỗi tiếng chuông vang lên, nó gợi lại cả một khoảng ký ức.

Một căn phòng khách.

Một chiếc ti vi.

Một chiếc đồng hồ.

Và một gia đình đang thật sự ở bên nhau.

Có những thứ công nghệ có thể thay thế rất nhanh.

Nhưng có những cảm giác… càng hiện đại, con người ta lại càng thấy nhớ.",0,"07/11/2026 21:45",https://www.facebook.com/donghonhakho.vn/posts/pfbid02cNhvWbWCFx2r2s67Ts4hEBFqgkRNzVcjccUXPNVSL3bnKkry4YbVFWEVZjesp1WRl,Ảnh,,"Trọn đời",0,--,0.03,0.03,0,1536,7,0,6,0,1,1531,2099,,
1624822259204786,100050310827163,"Đồng hồ Nhà kho","Đồng hồ công cộng – Khi cả một ngôi làng cùng nghe chung một tiếng chuông

Ngày nay, chỉ cần nhìn vào điện thoại là chúng ta biết chính xác từng phút, từng giây.

Nhưng cách đây hơn một thế kỷ, ở nhiều vùng của châu Âu, thời gian không nằm trong túi áo của mỗi người.

Nó được treo trên những tháp chuông.

Mỗi khi tiếng chuông ngân lên, cả ngôi làng đều biết đã đến giờ làm việc, giờ nghỉ, giờ cầu nguyện hay kết thúc một ngày.

Đó là vai trò của những chiếc đồng hồ công cộng.

Chúng không đơn thuần là những chiếc đồng hồ.

Chúng là “người giữ thời gian” của cả một cộng đồng.

Từ các nhà thờ, giáo họ, giáo xứ, tòa thị chính cho đến quảng trường hay nhà ga, mỗi cỗ máy đều âm thầm làm nhiệm vụ của mình suốt hàng chục, thậm chí hàng trăm năm.

Để làm được điều đó, bộ máy phải kéo và điều khiển những quả chuông nặng hàng chục, có khi hàng trăm kilôgam. Mỗi lần điểm giờ là một lần cả hệ thống truyền động khổng lồ cùng vận hành nhịp nhàng và chính xác.

Điều khiến nhiều người yêu cơ khí ngày nay khâm phục là phần lớn những cỗ máy ấy đều được chế tác gần như hoàn toàn bằng thủ công.

Từng bánh răng.

Từng trục thép.

Từng ngàm hãm.

Từng cơ cấu điểm chuông…

Đều được những người thợ tài hoa hoàn thiện bằng tay.

Thế nhưng, ngay từ thời đó, các nhà chế tác đã rất coi trọng danh tiếng của mình. Trên từng bộ máy đều được đóng dấu hãng sản xuất, số hiệu hoặc ký hiệu nhận diện. Đó không chỉ là tên của một nhà sản xuất, mà còn là lời cam kết về chất lượng của một cỗ máy được tạo ra để phục vụ cả một vùng đất.

Rồi thời gian trôi qua.

Nhiều nhà thờ và công trình cổ được trùng tu. Những bộ máy cơ học, dù vẫn còn hoạt động tốt, dần được thay thế bằng hệ thống điện và điều khiển tự động. Không phải vì chúng kém bền, mà bởi việc lên cót thủ công, bảo dưỡng và vận hành những cỗ máy lớn ấy đòi hỏi rất nhiều công sức.

Đó cũng là lúc nhiều bộ máy bước sang một cuộc đời mới.

Thay vì tiếp tục nằm trên những tòa tháp cao, chúng được tháo rời, bảo tồn hoặc chuyển nhượng cho các nhà sưu tầm. Có những bộ máy ở lại châu Âu, có những bộ máy vượt hàng nghìn kilômét để đến với những người yêu cơ khí ở nhiều quốc gia khác, trong đó có Việt Nam.

Đối với người sưu tầm, giá trị của chúng không chỉ nằm ở tuổi đời.

Mà còn ở câu chuyện mà chúng mang theo.

Đó là cỗ máy từng báo giờ cho cả một ngôi làng.

Từng đánh thức người dân mỗi buổi sáng.

Từng ngân vang trong những ngày lễ, những mùa Giáng sinh, những đám cưới hay những thời khắc đặc biệt của biết bao thế hệ.

Đặc biệt, có những bộ đồng hồ công cộng vẫn còn đi kèm những quả chuông nguyên bản. Đây là điều rất hiếm gặp, bởi ở nhiều công trình, chuông luôn được giữ lại vì gắn với lịch sử, đời sống tín ngưỡng và ký ức của cộng đồng địa phương.

Những quả chuông châu Âu ấy có âm thanh trầm ấm, ngân dài và đầy nội lực. Đó cũng là chất âm được rất nhiều người yêu đồng hồ cổ tại Việt Nam yêu thích. Không ít người khi nghe một chiếc đồng hồ điểm chuông đẹp vẫn mỉm cười và nói:

“Nghe giống tiếng chuông nhà thờ.”

Có lẽ đó không chỉ là một lời khen về âm thanh.

Mà còn là sự đồng điệu với một giá trị đã tồn tại qua hàng trăm năm lịch sử.

Mỗi cỗ máy đồng hồ công cộng còn tồn tại đến hôm nay không chỉ là một món đồ cổ.

Nó là một phần của lịch sử cơ khí châu Âu.

Là kết tinh của nghệ thuật chế tác thủ công.

Và là minh chứng cho một thời mà chỉ cần một tiếng chuông ngân lên, cả một ngôi làng đều biết thời gian đang bước sang một nhịp mới.",0,"07/11/2026 18:29",https://www.facebook.com/donghonhakho.vn/posts/pfbid0cfk7hS9CWsSbyrYziCfkpXzy41CkrNPYB8SParARcrEp4rZK4ut5pgyQU3pVL6Ldl,Ảnh,,"Trọn đời",0,--,0.02,0.02,0,479,4,0,3,0,1,485,730,,
