"ID bài viết","ID Trang","Tên Trang","Tiêu đề","Thời lượng (giây)","Thời gian đăng","Liên kết vĩnh viễn","Loại bài viết","Bình luận về dữ liệu",Ngày,"Bình luận","Lượt phân phối","Thu nhập ước tính (USD)","Kiếm tiền từ nội dung (USD)","Sao (USD)","Lượt hiển thị","Lượt tương tác","Số người theo dõi thực","Cảm xúc","Lượt lưu","Lượt chia sẻ","Người xem","Lượt xem","Số Giây xem trung bình","Số Giây xem"
1612442163776129,100050310827163,"Đồng hồ Nhà kho","REVIEW #62 | 📞 0️⃣9️⃣6️⃣3️⃣ ✦ 4️⃣5️⃣6️⃣ ✦ 9️⃣6️⃣3️⃣ | Dung Han hơn 100 năm tuổi – 2 ổ cót, chơi nhạc Westminster

Đây là một trong những phiên bản đồng hồ cổ Đức khá đặc biệt của Dung Han. Dù chỉ sử dụng hai ổ cót, chiếc đồng hồ vẫn được trang bị cơ cấu chơi bản nhạc Westminster – một cấu hình hiếm gặp trên những mẫu Dung Han có tuổi đời hơn 100 năm.

Bộ máy cơ khí nguyên bản vẫn vận hành ổn định, cho chất âm trong trẻo, ngân vang và giàu cảm xúc. Chính sự kết hợp giữa kết cấu gọn gàng, cơ chế chơi nhạc độc đáo và niên đại lâu đời đã tạo nên sức hút rất riêng cho mẫu đồng hồ này.

Một chiếc đồng hồ cổ Đức mang đậm dấu ấn lịch sử, vừa thú vị về mặt kỹ thuật, vừa có giá trị sưu tầm cao đối với những người yêu cơ khí và đồng hồ châu Âu.

#dunghan #westminster #donghoduc #donghoco #gioisuutam",41,"06/27/2026 07:14",https://www.facebook.com/reel/988311120673562/,"Thước phim",,"Trọn đời",3,+5.5x,0.02,0.02,0,2080,21,3,18,0,1,1934,2317,7.047,14469.331
1612438063776539,100050310827163,"Đồng hồ Nhà kho","#16 Đồng hồ Ô Đô – 36/8 máy ba vách bệt nguyên bản

🕰️ Chiếc đồng hồ cổ Ô Đô 36/8 sở hữu cấu hình 8 côn 8 búa, đáp ứng đầy đủ những tiêu chí mà nhiều anh em sưu tầm tìm kiếm: máy đẹp, chất âm hay và thuộc dòng đồng hồ cổ Pháp nổi tiếng.

Điểm nổi bật của mẫu đồng hồ này là bộ máy ba vách bệt nguyên bản – một kiểu hoàn thiện được nhiều người chơi yêu thích nhờ vẻ đẹp chắc khỏe, tính thẩm mỹ cao và độ ổn định trong quá trình vận hành. Tổng thể đồng hồ còn giữ được sự đồng bộ nguyên bản, góp phần nâng cao giá trị sưu tầm và sức hấp dẫn theo thời gian.

#DongHoOdo #Odo368 #8Con8Bua #BaVachBet #DongHoCoPhap #DongHoCo #DongHoQuaLac #DongHoNguyenBan #DongHoSuuTam #DoCoChauAu",111,"06/27/2026 07:09",https://www.facebook.com/reel/2400486234105411/,"Thước phim",,"Trọn đời",0,+6.9x,0.03,0.03,0,1794,12,0,12,1,1,1688,1885,8.794,15434.526
1624505905903088,100050310827163,"Đồng hồ Nhà kho","📚 Tủ sách cổ Pháp cao khoảng 1,8 m, sở hữu thiết kế thanh lịch và cân đối, phù hợp để trưng bày trong phòng khách, phòng đọc sách, phòng làm việc hoặc không gian mang phong cách châu Âu cổ.

✨ Phần trên là tủ kính trưng bày sách, kết hợp một ngăn kéo tiện dụng; phía dưới có kệ để đồ, tạo nên tổng thể hài hòa cả về công năng lẫn thẩm mỹ. Hoa văn được chạm khắc tinh tế, các đường nét mềm mại và cân đối.

🌳 Tủ giữ tình trạng nguyên bản, lành lặn, sạch sẽ, mang đậm dấu ấn thời gian và giá trị sưu tầm của đồ cổ châu Âu. Một món nội thất vừa đẹp để sử dụng hằng ngày, vừa là điểm nhấn sang trọng cho không gian sống.",0,"07/11/2026 08:26",https://www.facebook.com/donghonhakho.vn/posts/pfbid02jehDfhoMUjVgMcL4EJ6CURUmhYAbepYnQZnVh1EKmMUKirE7Qbs8dPP8hcKSLySHl,Ảnh,,"Trọn đời",0,--,0.06,0.06,0,998,3,0,3,0,1,979,1456,,
1624333232587022,100050310827163,"Đồng hồ Nhà kho","Vì sao đồng hồ cổ châu Âu lại thường có chân móng thú?

Nếu để ý kỹ, anh em sẽ thấy không chỉ đồng hồ cổ mà rất nhiều món đồ nội thất, đồ gỗ và đồ trang trí châu Âu đều sử dụng thiết kế chân móng thú ở phần chân đế. Đây là một phong cách đã xuất hiện từ hàng trăm năm trước và được duy trì qua nhiều trường phái nghệ thuật khác nhau.

Những chiếc chân được tạo hình như móng sư tử, hổ, đại bàng hay các linh thú trong nghệ thuật phương Tây không đơn thuần chỉ để làm đẹp. Trong quan niệm của người châu Âu, chúng tượng trưng cho sức mạnh, sự vững chãi, quyền uy và khả năng nâng đỡ. Chính vì vậy, những chi tiết này thường xuất hiện trên bàn ghế, tủ, chân đèn, tượng đồng cổ và cả những chiếc đồng hồ châu Âu cổ.

Đối với đồng hồ cổ, phần chân móng thú tạo cho tổng thể cảm giác chắc chắn, bề thế và sang trọng hơn rất nhiều. Dù kích thước không lớn, chỉ một chi tiết nhỏ ở phần chân đế cũng đủ làm chiếc đồng hồ trở nên uy nghi và thu hút ánh nhìn.

Tất nhiên, không phải mọi mẫu chân móng đều mô phỏng chính xác một loài vật cụ thể. Có mẫu lấy cảm hứng từ móng sư tử, có mẫu pha trộn nhiều yếu tố trang trí, có mẫu chỉ giữ tinh thần của nghệ thuật cổ điển. Vì vậy, đôi khi rất khó khẳng định chính xác đó là chân của loài vật nào nếu không có tài liệu thiết kế hoặc bối cảnh lịch sử cụ thể.

Có lẽ cũng vì vẻ đẹp mạnh mẽ nhưng vẫn đầy tính nghệ thuật ấy mà sau hàng trăm năm, những mẫu đồng hồ cổ có chân móng thú vẫn luôn được người sưu tầm đánh giá cao. Chúng không chỉ thể hiện tay nghề chạm khắc của người thợ mà còn góp phần tạo nên thần thái rất riêng của một chiếc đồng hồ cơ cổ mang phong cách châu Âu.",0,"07/11/2026 03:57",https://www.facebook.com/donghonhakho.vn/posts/pfbid0HfbWS7MfQfa9Wx5LfhNJZFAMmUP8119ey4LTS6veWTUceHUBgwZJiGPJYc9Mx5EGl,Ảnh,,"Trọn đời",0,--,0.02,0.02,0,556,3,0,2,0,1,553,871,,
1624304902589855,100050310827163,"Đồng hồ Nhà kho","Điều gì khiến em thấy vui và có động lực nhất?

Thật ra, không hẳn là bán được thêm một chiếc đồng hồ cổ hay hoàn thành thêm một ca phục chế khó. Điều làm em thấy hạnh phúc nhất là truyền được cảm hứng để ngày càng có nhiều người yêu hơn những chiếc đồng hồ cơ cổ, yêu đồ cổ châu Âu và hiểu được giá trị của chúng.

Em luôn nghĩ nghề chơi là vậy. Khi mình giúp được một người tìm thấy niềm vui, sự đam mê hay thêm một chút kiến thức về đồng hồ quả lắc, về đồng hồ nguyên bản hay chất âm đồng hồ cổ, thì sớm hay muộn mình cũng sẽ nhận lại những đồng công xứng đáng với những gì mình đã cho đi.

Đã xác định theo nghề sửa chữa, phục chế và sưu tầm đồng hồ cổ, hành trang quý giá nhất không phải chỉ là máy móc hay kinh nghiệm, mà còn là sự tin tưởng của anh em yêu đồ xưa. Mỗi lần nhận được một tin nhắn báo chiếc đồng hồ vẫn chạy tốt, một cuộc gọi khoe cả gia đình quây quần nghe tiếng chuông, hay một lời cảm ơn chân thành, em lại thấy mình có thêm động lực để tiếp tục cố gắng.

Đôi khi, chỉ một cái thích, một lần chia sẻ, một bình luận tích cực hay một lời động viên rất giản dị cũng đủ làm em vui cả ngày. Những điều tưởng chừng rất nhỏ ấy lại giúp em biết rằng những gì mình đang chia sẻ thực sự có người lắng nghe, có người yêu thích và có người đồng hành.

Em xin cảm ơn tất cả anh em đã luôn theo dõi, góp ý, động viên và dành tình cảm cho Nhà Kho trong suốt thời gian qua. Chính sự ủng hộ của mọi người đã giúp em có thêm niềm tin để tiếp tục gìn giữ, phục chế và lan tỏa tình yêu với đồng hồ cổ, đồng hồ cổ Pháp, đồng hồ cổ Đức và những giá trị đẹp của đồ cổ châu Âu đến với nhiều người hơn nữa.",0,"07/11/2026 03:09",https://www.facebook.com/donghonhakho.vn/posts/pfbid02G8G7GLixQjVT1gyhFB6Hc4CjbW3pQJ9Fr3svo1PsXza995cCzDncWDLHuw88mzjZl,Ảnh,,"Trọn đời",0,--,0.01,0.01,0,625,3,0,2,0,1,627,976,,
1624177059269306,100050310827163,"Đồng hồ Nhà kho","Nhiều bộ máy đồng hồ công cộng khi được đưa về Việt Nam vẫn hoạt động rất tốt, thậm chí có những chiếc chỉ cần lên cót là có thể chạy ngay. Tuy nhiên, điều đó không có nghĩa là nên sử dụng nguyên trạng mà không bảo dưỡng.

Hầu hết những bộ máy này đã phục vụ liên tục hàng chục đến hàng trăm năm trên các tháp chuông nhà thờ, tòa thị chính hay công trình công cộng. Chúng phải làm việc trong điều kiện rất khắc nghiệt: chịu mưa nắng, độ ẩm, bụi bẩn, nhiệt độ thay đổi theo mùa và đặc biệt là luôn vận hành dưới tải trọng rất lớn để kéo hệ thống truyền động, kim đồng hồ và cơ cấu điểm chuông.

Sau nhiều năm hoạt động, lớp dầu mỡ bôi trơn ban đầu gần như đã khô hoặc mất tác dụng. Nếu tiếp tục sử dụng mà không vệ sinh và tra dầu đúng kỹ thuật, các chi tiết sẽ mài mòn nhanh hơn, làm giảm tuổi thọ của bộ máy và có thể dẫn đến những hư hỏng đáng tiếc.

Vì vậy, dù bộ máy vẫn chạy tốt khi mới mang về, việc tháo kiểm tra, làm sạch, tra dầu mỡ chuyên dụng, căn chỉnh và bảo dưỡng tổng thể vẫn là bước rất cần thiết. Đây không chỉ là cách đưa bộ máy trở về trạng thái vận hành tối ưu mà còn góp phần gìn giữ giá trị của một tác phẩm cơ khí đã bền bỉ làm việc suốt hàng thế kỷ.",28,"07/10/2026 23:01",https://www.facebook.com/reel/1059324389849106/,"Thước phim",,"Trọn đời",19,+35.4x,0.47,0.47,0,20295,300,22,266,12,8,19444,26074,13.432,269820.821
1624172982603047,100050310827163,"Đồng hồ Nhà kho","Nhiều bộ máy đồng hồ công cộng khi về đến Việt Nam không còn đầy đủ như cấu hình ban đầu. Điều này không hẳn là do bị mất đồ, mà xuất phát từ cách các công trình cũ thanh lý thiết bị.

Ví dụ, khi một nhà thờ thay mới hệ thống đồng hồ trên tháp chuông, ngừng sử dụng bộ máy cũ hoặc bộ máy đã hư hỏng, họ thường chỉ bán phần máy đồng hồ cùng các cơ cấu truyền động liên quan.

Riêng quả chuông lớn thường không được bán kèm. Chuông vẫn là tài sản của nhà thờ, có ý nghĩa tôn giáo, lịch sử và gắn trực tiếp với công trình. Trong nhiều trường hợp, người ta chỉ thay bộ máy điều khiển nhưng vẫn tiếp tục sử dụng quả chuông cũ.

Vì vậy, việc tìm được một bộ máy đồng hồ tháp còn đi kèm đúng quả chuông nguyên thủy là vô cùng hiếm. Phần lớn những bộ máy đồng hồ công cộng được đưa về Việt Nam chỉ còn máy, mặt số, kim, bộ truyền động hoặc một số chi tiết cơ khí, chứ không thể có đầy đủ toàn bộ hệ thống như khi còn lắp đặt trên công trình.

Đây cũng là điều người chơi cần hiểu rõ khi đánh giá tính nguyên bản và giá trị sưu tầm của những bộ máy đồng hồ công cộng cổ.",75,"07/10/2026 22:53",https://www.facebook.com/reel/4533277870252693/,"Thước phim",,"Trọn đời",8,+54x,0.11,0.11,0,2853,51,5,40,3,3,2796,3336,18.626,54483.511
1624088849278127,100050310827163,"Đồng hồ Nhà kho","Đồng hồ vai bò 2 lỗ điểm côn vòng – Dáng cực VIP, thùng chạm thủ công đẳng cấp - Mã số #1071
💵: 16tr
✨ Sở hữu kiểu dáng vai bò cổ điển với phần vai vươn rộng cân đối, kết hợp những đường chạm khắc thủ công sắc nét trải dài hai bên thân. Điểm nhấn là các họa tiết lá cuốn, chân thú và vỏ sò trung tâm được tạo tác tinh xảo, mang đậm phong cách đồng hồ châu Âu cổ, tạo nên một tổng thể sang trọng và rất có giá trị sưu tầm.

✨Kích thước 72x32 cm vừa đẹp để trưng bày tại phòng khách, phòng làm việc hay không gian mang phong cách hoài cổ.

✨ Bộ máy cơ Đức nguyên bản 2 lỗ, hoạt động bền bỉ, ổn định và dễ bảo dưỡng. Đây là dòng máy được nhiều người yêu thích bởi độ tin cậy cao, vận hành chính xác và vẫn giữ được nét nguyên bản sau nhiều năm sử dụng.

✨ Hệ thống điểm côn vòng, 30 phút điểm chuông 1 lần, chất âm ngân vang nhẹ nhàng, ấm áp và rất thư thái. Mỗi lần điểm giờ đều mang lại cảm giác hoài niệm, đúng chất của những chiếc đồng hồ cơ cổ Đức được giới sưu tầm đánh giá cao.

📍 Đồng Hồ Nhà Kho
🏠 Khu đô thị Văn Phú, Hà Đông, Hà Nội
☎️ 0963. 456. 963

#donghoco #donghocoduc #donghovaibo #donghoqulac #donghoco2lo #convong #donghocochauau #donghonguyenban #donghocosuutam #maycoduc #amthanhdonghoco #mantelclock #vintageclock #docochauau #antiqueclock",0,"07/10/2026 20:13",https://www.facebook.com/donghonhakho.vn/posts/pfbid02EZWQ9vYEwGqLWruFP99nkNdZoAo5KnZJnFdmGvBV4EdFE7SY9son3o9j1xkLwvw4l,Ảnh,,"Trọn đời",3,--,0.09,0.09,0,1223,8,0,5,0,0,1182,1797,,
1624082785945400,100050310827163,"Đồng hồ Nhà kho","Bảo thằng cháu cười lên cậu chụp ảnh, nó không nghe lời",0,"07/10/2026 20:01",https://www.facebook.com/donghonhakho.vn/posts/pfbid02XDacSivbHu2s6JwptT3eLxHTEGQeXRV1FtVeQWRNYPVhygVfanBWAS7LvkbUX8rGl,Ảnh,,"Trọn đời",0,--,0.12,0.12,0,1636,9,0,9,0,1,1655,2373,,
1624076312612714,100050310827163,"Đồng hồ Nhà kho","Vì sao đồng hồ Ô Đô 36/10 vẫn là “con chim đầu đàn” trong thú chơi đồng hồ cổ tại Việt Nam?

Nếu phải chọn một dòng đồng hồ có sức ảnh hưởng lớn nhất đối với người chơi đồng hồ cổ tại Việt Nam, rất nhiều người sẽ nghĩ ngay đến đồng hồ Ô Đô 36/10.

Sau nhiều thập kỷ hiện diện tại Việt Nam, dòng đồng hồ này vẫn luôn giữ một vị trí đặc biệt trong lòng giới sưu tầm. Không chỉ bởi chất lượng bộ máy, mà còn bởi giá trị lịch sử, yếu tố thương hiệu và những ký ức đã gắn liền với nhiều thế hệ người Việt.

Có thể nói, trong suốt gần một thế kỷ xuất hiện tại Việt Nam, Ô Đô 36/10 đã trở thành một trong những dòng đồng hồ cơ cổ được biết đến nhiều nhất và được đông đảo người chơi yêu thích. Đối với không ít người, đây gần như là “chuẩn mực” khi nhắc đến một chiếc đồng hồ quả lắc châu Âu cổ.

Một trong những điểm tạo nên sức hút của Ô Đô 36 chính là chất âm rất riêng. Tiếng chuông nhẹ nhàng, ngân dài, có chiều sâu và mang đậm dấu ấn thủ công của đồng hồ cơ châu Âu. Đặc biệt, tiếng điểm giờ “bính boong” đã trở thành âm thanh quen thuộc với nhiều gia đình Việt Nam suốt nhiều thập kỷ. Với không ít người chơi, đó không đơn thuần là tiếng chuông báo giờ mà còn là một phần ký ức của tuổi thơ.

Bên cạnh chất âm, Ô Đô 36 còn được đánh giá cao nhờ thiết kế cân đối, bộ máy bền bỉ, dễ bảo dưỡng và nguồn linh kiện tương đối phong phú. Chính những yếu tố này giúp dòng đồng hồ giữ được sức sống lâu dài trong cộng đồng người sưu tầm.

Tất nhiên, mỗi thương hiệu đồng hồ cổ đều có bản sắc riêng và không thể khẳng định một dòng đồng hồ sẽ phù hợp với tất cả mọi người. Tuy nhiên, xét riêng trong bối cảnh thị trường Việt Nam, Ô Đô 36 vẫn luôn nằm trong nhóm những dòng đồng hồ cổ được tìm kiếm nhiều, được trao đổi sôi động và có tính thanh khoản cao.

Có lẽ điều làm nên vị thế của Ô Đô 36 không chỉ nằm ở bộ máy hay tiếng chuông, mà còn ở yếu tố truyền thống. Nhiều thế hệ người Việt đã lớn lên cùng âm thanh ấy. Vì vậy, khi bắt đầu sưu tầm đồng hồ cổ, rất nhiều người vẫn lựa chọn Ô Đô 36 như chiếc đồng hồ đầu tiên trong bộ sưu tập của mình.

Đó cũng là lý do, sau gần một thế kỷ đồng hành cùng người chơi tại Việt Nam, đồng hồ Ô Đô 36 vẫn được nhiều người xem là “con chim đầu đàn” của thú chơi đồng hồ cổ.",400,"07/10/2026 19:49",https://www.facebook.com/reel/1007690075498950/,"Thước phim",,"Trọn đời",9,+47.3x,0.13,0.13,0,5051,71,1,47,2,14,4950,5769,17.747,93386.128
1624023602617985,100050310827163,"Đồng hồ Nhà kho","Vì sao người lớn tuổi thường rất vui khi được con cháu tặng đồng hồ cổ?

Trong nhiều năm làm nghề, Nhà Kho đã gặp không ít anh chị đưa bố mẹ lớn tuổi đến chọn đồng hồ cổ. Điều khiến chúng tôi nhớ nhất không phải là chiếc đồng hồ được chọn, mà là cảm giác vui vẻ, háo hức và có phần hồn nhiên hiện rõ trên gương mặt các cụ.

Khung cảnh ấy đôi khi khiến người ta nghĩ đến một vòng quay rất đẹp của cuộc đời. Khi còn nhỏ, bố mẹ dẫn chúng ta đi mua món đồ chơi mình yêu thích. Đến khi bố mẹ đã lớn tuổi, chúng ta lại đưa bố mẹ đi chọn một món đồ mà các cụ đã thích từ rất lâu.

Với nhiều người thuộc thế hệ trước, đồng hồ quả lắc không phải vật trang trí xa lạ. Hình ảnh chiếc đồng hồ treo trên tường, tiếng chuông báo giờ và nhịp máy đều đã có sẵn trong ký ức của các cụ. Đó có thể là chiếc đồng hồ từng xuất hiện trong ngôi nhà của một người khá giả trong làng, tại cơ quan, nhà ga, nhà thờ hoặc trong căn phòng khách mà ngày nhỏ các cụ từng được nhìn thấy.

Bởi vậy, dù chưa từng sở hữu, trong tâm thức của nhiều cụ vẫn tồn tại một hình dung rất rõ về đồng hồ cổ: trang trọng, bền bỉ, quý giá và có phần ngoài tầm với.

Nhiều người lớn tuổi vẫn nghĩ đồng hồ cổ rất đắt

Do ít tiếp xúc với internet và thông tin thị trường hiện nay, không ít cụ vẫn nghĩ rằng một chiếc đồng hồ châu Âu cổ phải có giá tới vài cây vàng. Vì thế, dù rất thích, các cụ thường không bao giờ nghĩ tới việc tự mua.

Trong khi đó, thị trường hiện nay đã đa dạng hơn rất nhiều. Tùy kiểu dáng, tình trạng, bộ máy và mức độ nguyên bản, chỉ với một ngân sách vừa phải, gia đình đã có thể lựa chọn một chiếc đồng hồ cơ cổ phù hợp để treo trong nhà.

Điều quan trọng không nằm ở việc chiếc đồng hồ phải thật đắt. Với cha mẹ lớn tuổi, giá trị lớn nhất thường nằm ở việc con cái đã nhớ đến sở thích của mình và lựa chọn đúng một món quà mình từng ao ước.

Có những niềm vui không thể tính bằng tiền

Chúng tôi từng được một người con nhờ tìm đồng hồ để tặng bố. Khi chiếc đồng hồ được mang về và treo lên, cả gia đình gọi video để cùng chia sẻ khoảnh khắc ấy.

Niềm vui và sự ngỡ ngàng của người bố hiện rõ trên gương mặt. Sau đó, vài người bạn già trong xóm sang uống trà, ngồi nghe chuông và cùng ngắm chiếc đồng hồ mới được treo trong nhà. Người hỏi về bộ máy, người ngắm thùng gỗ, người nghe tiếng chuông rồi trầm trồ.

Một chiếc đồng hồ đã tạo ra thêm một lý do để bạn bè đến thăm nhau, thêm một câu chuyện bên ấm trà và thêm một niềm vui mỗi ngày.

Đó không chỉ là niềm vui của người được tặng. Nó còn là niềm tự hào của những người con khi biết rằng món quà mình lựa chọn đã thật sự làm cha mẹ hạnh phúc.

Đôi khi biếu tiền không làm cha mẹ vui bằng một món quà đúng sở thích

Khi đã lớn tuổi, nhiều cụ không còn nhu cầu tiêu dùng quá nhiều. Con cái biếu tiền, các cụ thường cất đi hoặc để dành cho con cháu. Nhưng một món quà đúng sở thích lại tạo ra cảm xúc hoàn toàn khác.

Chiếc đồng hồ cổ hiện diện mỗi ngày trong căn nhà. Các cụ được lên cót, nghe chuông, ngắm quả lắc và kể cho khách đến chơi rằng đây là món quà các con biếu.

Niềm vui ấy được lặp lại nhiều lần, chứ không chỉ xuất hiện trong khoảnh khắc nhận quà.

Tất nhiên, không phải người lớn tuổi nào cũng thích đồng hồ. Trước khi chọn mua, con cái vẫn nên tìm hiểu sở thích, không gian treo, khả năng sử dụng và mức âm thanh mà bố mẹ cảm thấy dễ chịu. Món quà có ý nghĩa nhất phải là món quà phù hợp với chính người nhận, không phải chỉ phù hợp với suy nghĩ của người tặng.

Một món quà tinh thần nhưng vẫn có giá trị tài sản

Một số cụ rất kỹ tính. Khi được con cái tặng đồng hồ, các cụ vẫn hỏi:

“Nếu sau này không dùng nữa thì có bán lại được không?”

Đó là tâm lý hoàn toàn dễ hiểu. Thế hệ trước thường coi trọng tính thiết thực và không muốn con cháu bỏ tiền vào một món đồ không còn giá trị sau khi mua.

Vì vậy, việc người bán giải thích rõ tình trạng, giá trị sử dụng, chính sách bảo hành và khả năng thu mua lại sẽ giúp cả người tặng lẫn người nhận yên tâm hơn.

Một chiếc đồng hồ nguyên bản, máy tốt, tình trạng rõ ràng và được chăm sóc đúng cách không chỉ có giá trị tinh thần. Nó còn là một món đồng hồ sưu tầm có thể giữ lại, chuyển nhượng hoặc truyền cho thế hệ sau.

Tuy nhiên, cũng cần nói thẳng rằng tính thanh khoản không phải lúc nào cũng tuyệt đối. Khả năng bán lại còn phụ thuộc vào mẫu máy, tình trạng, kích thước, mức độ nguyên bản và nhu cầu thị trường tại thời điểm bán. Người mua nên được tư vấn minh bạch thay vì chỉ nghe một lời hứa chung chung.

Hôm nay là món quà của cha mẹ, mai sau có thể là kỷ vật của con cháu

Giá trị sâu nhất của một chiếc đồng hồ cổ đôi khi chỉ xuất hiện sau nhiều năm.

Khi cha mẹ còn sống, đó là chiếc đồng hồ các cụ tự tay lên cót, thường xuyên ngắm nhìn và tự hào kể với khách rằng con cái đã biếu mình.

Sau này, dù các cụ không còn, chiếc đồng hồ ấy vẫn ở lại. Với con cháu, nó không còn chỉ là một món đồ cổ châu Âu hay một chiếc đồng hồ quả lắc. Nó trở thành kỷ vật gắn với hình ảnh của bố mẹ, ông bà và căn nhà cũ.

Mỗi vết xước, mỗi lần điểm chuông và mỗi nhịp quả lắc đều có thể gợi lại một ký ức.

Đó là lý do tặng đồng hồ cổ cho cha mẹ không chỉ là tặng một vật dụng. Đó còn là cách trao cho cha mẹ một niềm vui ở hiện tại và giữ lại cho con cháu một phần ký ức của gia đình trong tương lai.

Có những món quà được định bằng tiền. Nhưng cũng có những món quà, sau khi bước vào đời sống của một gia đình, giá trị của nó không còn có thể đo đếm đơn giản bằng tiền nữa.",0,"07/10/2026 18:11",https://www.facebook.com/donghonhakho.vn/posts/pfbid02k7tTRQNLUpRsdSFjKPTex2dG3RrfvE1uPVzgsqsaWaxzS29rPkDyA9Rcp2reHunBl,Ảnh,,"Trọn đời",8,--,0.22,0.22,0,2631,17,0,8,0,1,2604,3603,,
1624013559285656,100050310827163,"Đồng hồ Nhà kho","Món quà khiến nhiều ông bố, bà mẹ cười vui như một đứa trẻ

Có một điều em gặp rất nhiều trong nhiều năm làm nghề.

Khách đến mua đồng hồ để tặng bố hoặc mẹ thường không phải người lớn tuổi, mà là những người con.

Điều thú vị là khi các cụ bước vào xem đồng hồ, ánh mắt lại giống hệt một đứa trẻ được bố mẹ dẫn đi mua món đồ mình yêu thích ngày xưa. Có chút hồi hộp, có chút háo hức, có chút ngại ngùng nhưng niềm vui thì hiện rõ trên gương mặt.

Có lẽ với thế hệ của các cụ, chiếc đồng hồ không chỉ là vật xem giờ. Nó là một phần ký ức của cả một thời đã qua.

Ngày trước, đồng hồ là tài sản rất lớn. Trong suy nghĩ của nhiều cụ, đó là món đồ có giá trị bằng vài cây vàng, nên dù rất thích cũng nghĩ rằng mình sẽ không bao giờ có được.

Trong khi đó, ngày nay thị trường đồng hồ cổ đã phong phú hơn rất nhiều. Chỉ với khoảng vài triệu đồng, các con đã có thể tìm được một chiếc đồng hồ nguyên bản, đẹp, hoạt động tốt để dành tặng bố mẹ.

Em vẫn nhớ có chị khách mua đồng hồ biếu bố. Đến khi treo chiếc đồng hồ lên, cả gia đình gọi video về chúc mừng. Bác vui ra mặt. Mấy người bạn già trong xóm sang uống nước, ngắm chiếc đồng hồ, cùng nghe tiếng chuông rồi xuýt xoa khen đẹp.

Đó không còn là niềm vui của riêng chiếc đồng hồ nữa.

Đó là niềm tự hào của người bố khi được con cái quan tâm.

Là niềm hạnh phúc của người mẹ khi thấy các con vẫn nhớ đến sở thích của mình.

Và cũng là niềm vui của cả gia đình khi trong ngôi nhà lại có thêm một kỷ vật để mọi người cùng nhắc đến.

Điều làm em xúc động hơn cả là nhiều bác còn hỏi rất cẩn thận:

“Nếu sau này tôi không thích nữa thì có thu mua lại không?”

Em luôn sẵn sàng viết giấy cam kết thu mua lại nếu khách có nhu cầu. Điều đó giúp các cụ yên tâm hơn khi nhận món quà từ con cháu. Các cụ biết rằng đây không chỉ là một món đồ để ngắm, mà vẫn là một tài sản có giá trị và có tính thanh khoản.

Nhưng thực tế, rất hiếm khi các cụ muốn bán.

Bởi sau một thời gian, chiếc đồng hồ không còn đơn thuần là một món đồ nữa. Nó trở thành một phần của căn nhà, của những bữa cơm, những buổi uống trà, những lần con cháu về sum họp.

Và rồi đến một ngày, khi bố mẹ không còn nữa, chính chiếc đồng hồ ấy lại trở thành kỷ vật. Mỗi tiếng chuông vang lên đều gợi nhớ về những người đã từng ngồi dưới mái nhà ấy.

Có những món quà đo được bằng tiền.

Nhưng cũng có những món quà chỉ đo được bằng ký ức.

Theo em, một chiếc đồng hồ cổ dành tặng bố mẹ thuộc về nhóm thứ hai. Nó không chỉ lưu giữ thời gian, mà còn lưu giữ cả những khoảnh khắc của một gia đình.",0,"07/10/2026 17:52",https://www.facebook.com/donghonhakho.vn/posts/pfbid0dqtg18jffDEetwX7W4Yeg13KqunWBsh5Ko6ZBqFZGLAuJWXheQTywbyJDBvvZ5BLl,Ảnh,,"Trọn đời",4,--,0.23,0.23,0,3726,24,0,18,0,2,3787,5060,,
1624001002620245,100050310827163,"Đồng hồ Nhà kho","Đồng hồ công cộng – Những cỗ máy cơ khí khổng lồ của một thời kỳ

Trước khi đồng hồ điện và điện tử trở nên phổ biến, việc đo thời gian ở những nơi công cộng hoàn toàn dựa vào những cỗ máy cơ khí khổng lồ. Chúng được lắp đặt trên tháp chuông nhà thờ, nhà ga, tòa thị chính hay các quảng trường để báo giờ cho cả một cộng đồng.

Khác với những chiếc đồng hồ treo tường thông thường, đồng hồ công cộng phải kéo những quả tạ rất lớn và điều khiển những quả chuông nặng hàng chục, thậm chí hàng trăm kilôgam. Vì vậy, bộ máy được chế tạo cực kỳ đồ sộ, có chiếc nặng tới hàng trăm kilôgam, thậm chí gần một tấn, nhằm bảo đảm đủ mô-men xoắn, hoạt động ổn định suốt nhiều năm và tạo lực đánh chuông vang xa.

Từ Anh, Pháp, Đức, Hà Lan đến Mỹ, nhiều xưởng chế tác nổi tiếng đã sản xuất những bộ máy này theo phương thức thủ công. Phần lớn linh kiện được gia công bằng tay, chế tạo theo từng đơn đặt hàng riêng phù hợp với kích thước tháp đồng hồ, số lượng mặt số và hệ thống chuông của từng công trình. Vì vậy, rất hiếm có hai bộ máy hoàn toàn giống nhau.

Điều khiến nhiều người yêu cơ khí say mê là quy mô của chúng. Có những bánh răng đường kính tới 40–50 cm, trục thép lớn, các đòn bẩy và cơ cấu truyền lực được phóng đại lên gấp nhiều lần so với đồng hồ treo tường, nhưng vẫn vận hành dựa trên chính những nguyên lý cơ học quen thuộc của đồng hồ cơ.

Ngày nay, những bộ đồng hồ công cộng nguyên bản còn tồn tại không nhiều. Chúng không chỉ là thiết bị đo thời gian mà còn là những tác phẩm cơ khí mang giá trị lịch sử và giá trị sưu tầm rất cao.

Với niềm đam mê cơ khí và khoa học, Nhà Kho đã sưu tầm được hàng chục bộ máy đồng hồ công cộng nguyên bản để trưng bày và nghiên cứu. Nếu yêu thích những cỗ máy cơ khí khổng lồ và muốn tận mắt chiêm ngưỡng những kiệt tác của ngành chế tác châu Âu, rất mong được đón anh em ghé tham quan và cùng chia sẻ niềm đam mê.",0,"07/10/2026 17:26",https://www.facebook.com/donghonhakho.vn/posts/pfbid0UBXxqFC4CA6dFJMddK5Ac1JCTm44MedeyJr5zezwQHoGNdamZfCbiB29W913QvsSl,Ảnh,,"Trọn đời",8,--,0.76,0.76,0,11937,85,2,75,1,2,11568,15381,,
1623608005992878,100050310827163,"Đồng hồ Nhà kho","🕰️ Đồng hồ Atmos là một kiệt tác cơ khí của Thụy Sĩ, nổi tiếng với khả năng hoạt động nhờ sự thay đổi rất nhỏ của nhiệt độ môi trường.

✨ Chiếc đồng hồ này mang đến cảm giác không phải là “như mới”, mà thực sự là một chiếc đồng hồ mới. Từ mặt số, kim, vỏ, lồng kính đến từng chi tiết của bộ máy, em gần như không tìm thấy bất kỳ dấu vết sử dụng, hao mòn hay lão hóa nào theo thời gian.

⚙️ Một hiện trạng hiếm gặp đối với một chiếc đồng hồ Atmos. Không chỉ là cỗ máy cơ khí độc đáo, đây còn là một hiện vật có giá trị sưu tầm rất cao, phù hợp với những anh em yêu thích sự hoàn hảo và vẻ đẹp nguyên bản của đồng hồ châu Âu cổ.",0,"07/10/2026 06:03",https://www.facebook.com/donghonhakho.vn/posts/pfbid02f4SVpqPuxDsaVFnqYYLQh3z3oGLvA43u3tr23jMLx6qJW1aeQABaVtFPocFQxBMdl,Ảnh,,"Trọn đời",6,--,0.02,0.02,0,1323,10,1,2,1,1,1282,1953,,
1623510509335961,100050310827163,"Đồng hồ Nhà kho","🕰️ Nhiều anh em nhìn cơ cấu này cứ tưởng đây là bánh xe thoát, nhưng thực ra không phải.

Đây là một bánh răng trung gian được gắn trên cụm quả lắc, có nhiệm vụ tích lũy và phân phối năng lượng theo từng chu kỳ dao động.

⚙️ Mỗi lần quả lắc dao động, bánh răng chỉ dịch chuyển đúng một nấc. Sau khoảng mười nấc, một lẫy sẽ được kích hoạt để truyền một xung năng lượng từ bộ máy sang quả lắc.

Điểm đặc biệt là trong khoảng mười nhịp dao động đó, quả lắc gần như dao động tự do theo quán tính. Cơ cấu chỉ ghi nhận từng nhịp và chỉ bổ sung năng lượng khi đủ số chu kỳ đã định.

✨ Có thể hình dung đơn giản, thay vì mỗi nhịp dao động đều nhận một lực đẩy trực tiếp, cơ cấu này sẽ tích lũy rồi mới truyền năng lượng theo từng xung rất nhỏ và đều. Nhờ đó, ảnh hưởng của mô-men xoắn từ ổ cót, ma sát trong bộ truyền và những biến thiên của hệ bánh răng lên chuyển động của quả lắc được giảm đáng kể.

🔧 Đây là một giải pháp cơ khí khá tinh tế, thường xuất hiện trên những bộ máy cao cấp nhằm tách tương đối chuyển động của quả lắc khỏi bộ truyền lực, giúp quả lắc làm việc ổn định hơn và thể hiện trình độ chế tác cơ khí rất đáng nể của những người thợ đồng hồ thời đó.",27,"07/10/2026 03:24",https://www.facebook.com/reel/1718369429309181/,"Thước phim",,"Trọn đời",15,+43.3x,1.47,1.47,0,59412,791,86,707,63,24,56398,70985,13.446,762978.908
1623480976005581,100050310827163,"Đồng hồ Nhà kho",,10,"07/10/2026 02:28",https://www.facebook.com/reel/1600465644985637/,"Thước phim",,"Trọn đời",7,+11.6x,0,0,0,6307,65,4,56,1,1,5972,8460,6.09,37517.102
1623478199339192,100050310827163,"Đồng hồ Nhà kho",,19,"07/10/2026 02:23",https://www.facebook.com/reel/2044862339455470/,"Thước phim",,"Trọn đời",33,+73x,3.4,3.4,0,185582,1243,112,1147,85,21,173852,272071,14.619,2638015.185
1623477139339298,100050310827163,"Đồng hồ Nhà kho",,11,"07/10/2026 02:22",https://www.facebook.com/reel/1059852696541975/,"Thước phim",,"Trọn đời",2,+4.6x,0.01,0.01,0,3004,36,2,33,0,2,2831,3732,5.093,15088.064
1623457529341259,100050310827163,"Đồng hồ Nhà kho","🕰️ Đồng hồ công cộng tháp chuông sản xuất năm 1932 là một cỗ máy mang đậm dấu ấn lịch sử, từng được sử dụng trên các tháp chuông nhà thờ, trường học, công xưởng hoặc các công trình công cộng tại châu Âu.

⚙️ Bộ máy cơ khí kích thước lớn được chế tạo chắc chắn, hoạt động bền bỉ và cho tiếng chuông vang xa, uy lực. Trải qua gần một thế kỷ, chiếc đồng hồ vẫn thể hiện trình độ chế tác cơ khí đáng kinh ngạc của những người thợ châu Âu thời bấy giờ.

✨ Không chỉ là một thiết bị đo thời gian, đây còn là hiện vật lịch sử có giá trị sưu tầm cao, phản ánh một giai đoạn phát triển của ngành chế tác đồng hồ công cộng. Một tác phẩm cơ khí cổ đáng để chiêm ngưỡng và lưu giữ cho những người yêu đồng hồ châu Âu cổ.",14,"07/10/2026 01:43",https://www.facebook.com/reel/1747156572955704/,"Thước phim",,"Trọn đời",22,+42.6x,0.25,0.25,0,23272,449,46,399,25,11,22455,33271,10,225800.471
1623289659358046,100050310827163,"Đồng hồ Nhà kho","Trên nhiều vật phẩm Công giáo, hình bông lúa mạch thường gợi nhắc đến bánh Thánh, sự sống và ơn lành được nuôi dưỡng từ những điều bình dị. Một chi tiết nhỏ nhưng mang cảm giác rất ấm áp, gần gũi và đầy ý nghĩa.",23,"07/09/2026 20:15",https://www.facebook.com/reel/1327639085640463/,"Thước phim",,"Trọn đời",12,+26.1x,0.21,0.21,0,39614,279,20,223,45,11,24121,34682,6.488,183821.758
1623175199369492,100050310827163,"Đồng hồ Nhà kho","❤️  Đằng sau mỗi tác phẩm nặng gần cả tấn cập bến Việt Nam nguyên vẹn là biết bao công sức và rủi ro. Chỉ mong nhận được sự ủng hộ của anh em để có thêm động lực tiếp tục săn tìm, mang về những tuyệt phẩm đồng hồ cổ và đồ cổ châu Âu phục vụ cộng đồng yêu sưu tầm. Cảm ơn anh em rất nhiều!",0,"07/09/2026 16:27",https://www.facebook.com/donghonhakho.vn/posts/pfbid02krG7x3Cth2Sba7njjSYGWtVPaAgkX3mgUoPSgE5bkgh2Yg1oaGsAt2qWvJnJGRi7l,Ảnh,,"Trọn đời",0,--,0.18,0.18,0,2523,22,1,21,1,1,2558,3528,,
1622905166063162,100050310827163,"Đồng hồ Nhà kho",,0,"07/09/2026 08:16",https://www.facebook.com/photo.php?fbid=1622905166063162&set=a.846017200418633&type=3,Ảnh,,"Trọn đời",0,--,0.03,0.03,0,859,18,0,9,0,10,855,1247,,
1622892816064397,100050310827163,"Đồng hồ Nhà kho","Có cái để bàn mini anh em ngắm vui",0,"07/09/2026 08:00",https://www.facebook.com/donghonhakho.vn/posts/pfbid04XCaWXC6JLDeowhLGf127HsivS5WKDPqmjouAEbtbP9KYrezsKRq4ZKbL28yYp4vl,Ảnh,,"Trọn đời",6,--,0.44,0.44,0,4977,29,0,22,0,1,4916,6774,,
1622845312735814,100050310827163,"Đồng hồ Nhà kho","Khi nào một chiếc đồng hồ chỉ là đồ cũ, và khi nào nó trở thành đồ sưu tầm?

Nếu hỏi một người không chơi đồng hồ cổ, rất có thể họ sẽ trả lời:

“Cũ thì là đồ cũ thôi.”

Nghe cũng có lý.

Bởi nhìn bề ngoài, một chiếc đồng hồ đã hơn trăm năm tuổi hay một chiếc mới vài chục năm tuổi đều chỉ là những món đồ dùng để xem giờ.

Nhưng khi bước vào thế giới của người sưu tầm, cách nhìn ấy lại hoàn toàn khác.

Có người từng hỏi tôi:

“Điều gì khiến hai chiếc đồng hồ nhìn gần như giống hệt nhau nhưng giá trị lại khác nhau rất nhiều?”

Theo nhận định của Đồng Hồ Nhà Kho, không có một tiêu chí duy nhất nào quyết định giá trị sưu tầm của một chiếc đồng hồ.

Đó luôn là sự kết hợp của rất nhiều yếu tố.

Đầu tiên là thương hiệu.

Mỗi hãng đều có một lịch sử riêng, một triết lý chế tác riêng và những dấu ấn riêng trong ngành công nghiệp đồng hồ. Có những thương hiệu nổi tiếng vì chất âm, có hãng được biết đến nhờ bộ máy bền bỉ, cũng có hãng chỉ sản xuất với số lượng rất ít trong một giai đoạn nhất định.

Tiếp theo là bối cảnh lịch sử.

Một chiếc đồng hồ được sản xuất trong thời kỳ hưng thịnh của một quốc gia sẽ mang ý nghĩa khác với một chiếc được ra đời giữa chiến tranh, khủng hoảng hay giai đoạn tái thiết sau chiến tranh.

Thậm chí, có những mẫu đồng hồ được chế tạo để kỷ niệm một sự kiện lịch sử, một cột mốc của hãng hoặc một dịp đặc biệt. Chính những câu chuyện ấy làm cho chiếc đồng hồ có thêm chiều sâu mà không thể nhìn thấy chỉ bằng mắt.

Rồi đến nguồn gốc và hành trình của hiện vật.

Một chiếc đồng hồ từng thuộc sở hữu của hoàng gia, của một nhân vật lịch sử, một nghệ sĩ nổi tiếng hay một doanh nhân có ảnh hưởng, nếu có tài liệu chứng minh rõ ràng, sẽ mang giá trị rất khác so với một chiếc đồng hồ có nguồn gốc không xác định.

Trong giới sưu tầm trên thế giới, người ta gọi đó là provenance – lịch sử sở hữu của hiện vật. Nhiều khi chính lịch sử ấy còn được quan tâm không kém bản thân chiếc đồng hồ.

Bên cạnh đó là độ hiếm của cấu hình.

Không phải cứ nhiều côn hơn là quý hơn.

Điều người chơi quan tâm là cấu hình đó có phổ biến hay không, có phải phiên bản đặc biệt không, có được sản xuất trong thời gian ngắn hay không, có mang những chi tiết khác biệt so với phần lớn các mẫu cùng đời hay không.

Và tất nhiên, tình trạng nguyên bản vẫn luôn là một yếu tố rất quan trọng.

Nhưng nguyên bản không phải là tất cả.

Một chiếc đồng hồ còn nguyên vẹn nhưng thuộc phiên bản phổ thông sẽ được đánh giá khác với một chiếc đã có vài dấu vết thời gian nhưng lại mang trong mình một câu chuyện đặc biệt hoặc xuất hiện trong một giai đoạn rất hiếm của lịch sử.

Chính vì vậy, người mới chơi thường nghĩ rằng đồng hồ quý vì nó cũ.

Còn người chơi lâu năm thường đặt câu hỏi khác.

Chiếc đồng hồ này đến từ đâu?

Được làm trong hoàn cảnh nào?

Vì sao nó được tạo ra?

Ai đã từng sở hữu nó?

Nó còn lưu giữ được những giá trị gì của thời đại mà nó ra đời?

Có lẽ đến lúc ấy, chiếc đồng hồ không còn đơn thuần là một món đồ để xem giờ nữa.

Nó trở thành một chứng nhân của lịch sử.

Một sản phẩm của kỹ nghệ cơ khí.

Một hiện vật mang theo câu chuyện của một thương hiệu, một thời kỳ, thậm chí là của những con người đã từng đi qua nó.

Và cũng có lẽ, đó mới là ranh giới giữa một món đồ cũ và một món đồ sưu tầm.

Bởi người sưu tầm không chỉ mua một chiếc đồng hồ.

Họ đang lưu giữ cả những câu chuyện mà chiếc đồng hồ ấy đã mang theo suốt hành trình tồn tại của mình.",0,"07/09/2026 06:52",https://www.facebook.com/donghonhakho.vn/posts/pfbid0NpHXqeCNLnQkRKYRAMJaxwvtumBRzfdkHT8j4Uk4TgYu82LwsbEvTGpjGkaoAfDil,Ảnh,,"Trọn đời",1,--,0.05,0.05,0,2392,8,0,6,0,1,2329,3143,,
1622824646071214,100050310827163,"Đồng hồ Nhà kho","Kinh nghiệm để mua được chiếc đồng hồ cổ đúng nhu cầu và hạn chế mua “nhầm”

1. Xác định đúng mục đích của mình

a) Mua để trang trí nội thất

Nếu mục đích chính là làm đẹp không gian thì hãy chọn chiếc đồng hồ có kiểu dáng, kích thước và màu gỗ phù hợp với ngôi nhà. Không nhất thiết phải quá cầu kỳ về bộ máy hay giá trị sưu tầm.

Những mẫu đồng hồ cổ có thiết kế hài hòa, dễ phối nội thất như FF, Vê Đét, Ô đô… thường là lựa chọn được nhiều người yêu thích.

b) Mua để sử dụng lâu dài

Nếu muốn nghe chuông, xem giờ và sử dụng hằng ngày, hãy ưu tiên những chiếc đồng hồ nguyên bản châu Âu, bộ máy chưa bị can thiệp nhiều, hoạt động ổn định, âm thanh chuẩn, được bảo dưỡng đúng kỹ thuật và có chế độ bảo hành rõ ràng.

Theo kinh nghiệm của nhiều người chơi, những dòng như Junhan, Ô đô, Vê Đét máy 42… thường được đánh giá cao về độ bền và khả năng sử dụng lâu dài khi còn giữ tình trạng tốt.

c) Mua để vừa chơi vừa thể hiện cá tính

Lúc này hãy quan tâm nhiều hơn đến những mẫu có thiết kế độc đáo, thùng đẹp, bản nhạc hay – lạ – đa dạng hoặc những phiên bản ít gặp của từng hãng. Đây là những chiếc đồng hồ tạo được dấu ấn riêng trong không gian sống và thể hiện gu sưu tầm của người chơi.

d) Mua để sưu tầm và nghiên cứu

Nếu đã có đồng hồ để sử dụng và muốn bước sâu vào thú chơi, hãy hướng tới những chiếc đồng hồ nguyên bản châu Âu, còn nhiều chi tiết gốc, có giá trị lịch sử, đời máy hiếm, giấy tờ, catalog hoặc câu chuyện đi kèm. Đây là nhóm có giá trị sưu tầm cao và càng tìm hiểu càng thấy hấp dẫn.

⸻

2. Xác định ngân sách

Không phải cứ nhiều tiền là mua được chiếc đồng hồ phù hợp.

Điều quan trọng là xác định ngân sách trước để khoanh vùng lựa chọn, tránh mua theo cảm hứng rồi sau lại đổi nhiều lần.

Một chiếc đồng hồ phù hợp với nhu cầu luôn đáng giá hơn một chiếc đồng hồ đắt nhưng không đúng sở thích.

⸻

3. Dành thời gian tìm hiểu

* Xem thật nhiều: xem trên Internet, đến cửa hàng, xem bộ sưu tập của bạn bè… để tăng cảm nhận về đồng hồ cổ.
* Đọc các bài chia sẻ của người chơi lâu năm.
* So sánh nhiều thương hiệu, nhiều đời máy.
* Tìm hiểu sự khác nhau giữa đồng hồ nội địa và đồng hồ nguyên bản châu Âu.
* Học cách nhận biết mặt số, bộ máy, bộ côn, thùng gỗ, quả lắc và các chi tiết nguyên bản.

Càng tìm hiểu nhiều, con mắt thẩm mỹ và khả năng đánh giá của anh em sẽ càng tốt.

⸻

4. Đừng quá chạy theo giá rẻ

Một chiếc đồng hồ có giá rẻ bất thường đôi khi sẽ phải đánh đổi bằng tình trạng bộ máy, độ nguyên bản hoặc chất lượng phục chế.

Ngược lại, những cửa hàng chuyên về đồng hồ cổ thường hiểu rõ giá trị của từng sản phẩm. Có thể mức giá không phải thấp nhất, nhưng đổi lại anh em sẽ được tư vấn, bảo dưỡng và đồng hành lâu dài.

⸻

5. Một vài lời khuyên

* Đừng mua vội chỉ vì thấy đẹp.
* Hãy dành thời gian nghe thử âm thanh, quan sát bộ máy và tìm hiểu lịch sử của chiếc đồng hồ.
* Nên chọn nơi bán có kiến thức chuyên môn, sẵn sàng giải thích nguồn gốc và tình trạng sản phẩm.
* Nếu có điều kiện, hãy mua một chiếc thật sự ưng ý ngay từ đầu thay vì đổi đi đổi lại nhiều lần.

⸻

Điều cuối cùng

Theo kinh nghiệm của Đồng Hồ Nhà Kho, không có chiếc đồng hồ nào phù hợp với tất cả mọi người.

Chiếc đồng hồ đáng chơi nhất là chiếc phù hợp với nhu cầu, không gian sống và cảm xúc của chính anh em.

Khi đã tìm được một chiếc khiến mình thích mỗi lần ngắm, mỗi lần nghe tiếng chuông, thì đó mới là giá trị lớn nhất của thú chơi đồng hồ cổ.

Trân trọng!

Biểu HV – Đồng Hồ Nhà Kho",0,"07/09/2026 06:25",https://www.facebook.com/donghonhakho.vn/posts/pfbid02pphFffhMYu3VSwx9fGxYUGZYJ9LzrCDjif6sJDVKZJ2pQxNSDtwgsyYA1ERTgWVrl,Ảnh,,"Trọn đời",30,--,0.29,0.29,0,13000,112,3,81,2,3,12951,18112,,
1622808456072833,100050310827163,"Đồng hồ Nhà kho","🕰️ Đồng hồ Gi-rô 8 côn 2 bài nhạc là dòng đồng hồ cổ Pháp được nhiều anh em yêu thích nhờ cấu hình đẹp, máy đồng bền bỉ và chất âm rất cuốn hút.

🔔 Bộ côn đồng kết hợp 8 búa cho tiếng chuông vang, ấm và có độ ngân tốt. Hai bài nhạc thay đổi giúp trải nghiệm âm thanh phong phú hơn, phù hợp với anh em thích đồng hồ cổ Pháp có chất âm mềm mại, dễ nghe.

⚙️ Máy đồng nguyên bản, kết cấu chắc chắn, vận hành ổn định và mang giá trị sưu tầm cao. Một mẫu đồng hồ đẹp cả về cơ khí, âm thanh lẫn độ hiếm, rất đáng để anh em tham khảo.",78,"07/09/2026 06:02",https://www.facebook.com/reel/1794231758624112/,"Thước phim",,"Trọn đời",6,+19.4x,0.05,0.05,0,2885,32,1,24,2,1,2714,3139,9.885,28350.767
1622689722751373,100050310827163,"Đồng hồ Nhà kho","🕰️ Tổng hợp những mẫu đồng hồ vai bò đẹp và được yêu thích nhất – mời anh em cùng thưởng lãm!

Từ những chiếc đồng hồ vai bò cổ Đức 3 côn, 5 côn, 8 côn, 9 côn đến các phiên bản 10 côn 10 búa hay 3 bài nhạc, mỗi mẫu đều mang một vẻ đẹp và chất âm riêng. Có chiếc nổi bật với thùng chạm khắc thủ công tinh xảo, có chiếc gây ấn tượng bởi mặt số La Mã cổ điển, cũng có những mẫu chinh phục người chơi nhờ âm thanh Westminster, Ave Maria hay ba bài nhạc tự động thay đổi.

Không chỉ là những cỗ máy cơ khí bền bỉ, đây còn là những chiếc đồng hồ châu Âu cổ mang giá trị sưu tầm cao, lưu giữ tinh hoa chế tác và dấu ấn của thời gian. Mỗi chiếc đều có một câu chuyện, một phong cách và sức hút riêng dành cho những người yêu đồng hồ cổ.",0,"07/09/2026 03:01",https://www.facebook.com/donghonhakho.vn/posts/pfbid02vcdDB5G7DJJtQrARqKJXqYSt3xBg3ERg2pwMYnfqR9CprVq59JfiLdpRza4tzbYRl,Ảnh,,"Trọn đời",4,--,0.03,0.03,0,1615,19,0,5,0,10,1537,2649,,
1622535832766762,100050310827163,"Đồng hồ Nhà kho","🕰️ Trong số các phiên bản đồng hồ cổ treo tường, Ô Đô 36/10 luôn là một trong những dòng được người chơi Việt Nam và giới sưu tầm quốc tế đánh giá rất cao.

🔔 Bộ máy 10 côn 10 búa chơi hai bản nhạc Carillon và Westminster, tạo nên chất âm dày, vang và giàu cảm xúc. Đặc biệt, tiếng chuông điểm giờ kép bính boong là nét riêng rất cuốn hút, khiến nhiều anh em nghe một lần là nhớ.

⚙️ Không chỉ nổi bật ở âm thanh, Ô Đô 36/10 còn được yêu thích nhờ kết cấu máy bền bỉ, dáng thùng đẹp và giá trị sưu tầm ổn định theo thời gian.

✨ Một mẫu đồng hồ cổ Pháp hội tụ đủ ba yếu tố: đẹp, hay và đáng sưu tầm.",33,"07/08/2026 22:20",https://www.facebook.com/reel/2124108071785513/,"Thước phim",,"Trọn đời",9,+15.6x,0.09,0.09,0,5834,89,2,77,4,2,5751,7041,10.916,63849.503
1622501629436849,100050310827163,"Đồng hồ Nhà kho","🕰️ Đồng hồ Vê Đét nguyên bản với kiểu dáng hài hòa, bộ máy cơ khí bền bỉ và chất âm ấm áp, trong trẻo – những yếu tố đã làm nên sức hút của dòng đồng hồ cổ Pháp qua nhiều thế hệ.

✨ Sản phẩm giữ trạng thái nguyên bản, mang giá trị sưu tầm cao. Hiện được giao lưu với mức giá thanh lý rất hấp dẫn, phù hợp cho cả anh em mới chơi lẫn những người yêu thích đồng hồ châu Âu cổ.

📚 Một lựa chọn đẹp, âm hay, giá hợp lý và đáng để anh em tham khảo.",72,"07/08/2026 21:14",https://www.facebook.com/reel/2097228154158357/,"Thước phim",,"Trọn đời",5,+14.4x,0.03,0.03,0,2290,29,1,26,0,1,2146,2525,8.573,19975.223
1621890489497963,100050310827163,"Đồng hồ Nhà kho","REVIEW #75 | 📞 0️⃣9️⃣6️⃣3️⃣ ✦ 4️⃣5️⃣6️⃣ ✦ 9️⃣6️⃣3️⃣ | VDS 5 côn 5 búa – kẹo thơm cuối ngày

Kẹo thơm cuối ngày dành cho anh em yêu đồng hồ cổ Pháp: một chiếc VDS 5 côn 5 búa có dáng đẹp, âm hay, tình trạng nguyên bản và mức sưu tầm rất hợp lý.

Đồng hồ sở hữu thiết kế hài hòa, dễ bài trí trong nhiều không gian. Bộ máy cơ khí vận hành ổn định, 15 phút điểm nhạc một lần, cho âm thanh ngân nga, rõ nhịp và dễ nghe. Chất âm không quá gắt, đủ mềm mại để thưởng thức hằng ngày nhưng vẫn giữ được nét cuốn hút của đồng hồ cơ cổ.

Một mẫu VDS đẹp, gọn, nguyên bản, phù hợp cho anh em thích đồng hồ cổ có âm thanh hay và giá trị sưu tầm dễ tiếp cận.

#vds #5con5bua #donghocophap #donghoco #gioisuutam",53,"07/08/2026 03:14",https://www.facebook.com/reel/4382063812045911/,"Thước phim",,"Trọn đời",1,+2.3x,0.03,0.03,0,2523,21,0,20,0,0,2349,2817,8.281,20786.032
1621876846165994,100050310827163,"Đồng hồ Nhà kho","REVIEW #74 | 📞 0️⃣9️⃣6️⃣3️⃣ ✦ 4️⃣5️⃣6️⃣ ✦ 9️⃣6️⃣3️⃣ | VDS Pháp vàng hồng nguyên bản – vẻ đẹp đầy cuốn hút

Chiếc đồng hồ VDS Pháp gây ấn tượng với tổng thể nguyên bản, cân đối và hài hòa, mang đậm phong cách thiết kế thanh lịch của đồng hồ Pháp cổ.

Điểm đặc biệt nằm ở toàn bộ mặt số, bộ kim và quả lắc đều được mạ vàng hồng đồng bộ, tạo nên vẻ đẹp sang trọng, ấm áp và rất nổi bật. Sự đồng nhất giữa các chi tiết không chỉ nâng cao tính thẩm mỹ mà còn góp phần làm tăng giá trị sưu tầm của chiếc đồng hồ.

Một mẫu đồng hồ cổ Pháp sở hữu ngoại hình đẹp, độ hoàn thiện cao và nét cuốn hút riêng, phù hợp với những anh em yêu thích các phiên bản nguyên bản và tinh tế.

#vds #donghocophap #vanghong #donghoco #gioisuutam",101,"07/08/2026 02:50",https://www.facebook.com/reel/1005968562291514/,"Thước phim",,"Trọn đời",1,+6.6x,0.02,0.02,0,1792,18,1,19,3,0,1630,1928,7.157,12683.268
1621860479500964,100050310827163,"Đồng hồ Nhà kho","REVIEW #73 | 📞 0️⃣9️⃣6️⃣3️⃣ ✦ 4️⃣5️⃣6️⃣ ✦ 9️⃣6️⃣3️⃣ | Dufa 10 côn 11 búa – nguyên bản, thùng cổ đẹp

Hôm nay em quay cận cảnh chiếc đồng hồ cổ Dufa 10 côn 11 búa để anh em cùng tham khảo. Điều em muốn nhấn mạnh là bộ vỏ của chiếc đồng hồ này vẫn là thùng cổ nguyên bản đi theo máy từ ngày xuất xưởng, không phải vỏ đóng mới hay phục chế.

Sở hữu form thùng đẹp, cân đối và rất được người chơi yêu thích, chiếc đồng hồ mang đậm nét đặc trưng của đồng hồ cổ Đức. Bên trong là bộ máy 10 côn 11 búa chơi hai bản nhạc Westminster và Ave Maria, cho chất âm ngân vang, rõ nhịp và đầy cuốn hút.

Sự kết hợp giữa bộ vỏ nguyên bản, kết cấu máy bền bỉ và chất âm đặc sắc giúp đây trở thành một mẫu đồng hồ cổ Đức có giá trị sưu tầm cao và luôn được nhiều anh em săn tìm.

#dufa #10con11bua #donghoduc #donghoco #gioisuutam",134,"07/08/2026 02:20",https://www.facebook.com/reel/2128415701432934/,"Thước phim",,"Trọn đời",0,+8.9x,0.03,0.03,0,2046,12,0,13,2,0,1957,2215,8.961,18371.638
1621855212834824,100050310827163,"Đồng hồ Nhà kho","🕰️ Đồng hồ để bàn Ô Đô đời 1962 là mẫu đồng hồ cổ Pháp có kiểu dáng đẹp, nhỏ gọn và rất hài hòa khi trưng bày.

✨ Thiết kế để bàn thanh lịch, phù hợp đặt trên kệ, tủ, bàn làm việc hoặc không gian phòng khách. Tổng thể nguyên bản, giữ được nét đẹp cổ điển và giá trị sưu tầm theo thời gian.

🔔 Bộ máy hoạt động ổn định, cứ 30 phút điểm chuông một lần, tạo nên âm thanh nhẹ nhàng, dễ nghe và đậm chất đồng hồ cổ Pháp.

📚 Một mẫu đồng hồ nguyên bản, đẹp, cân đối và đáng tham khảo cho anh em yêu thích đồng hồ để bàn cổ châu Âu.",51,"07/08/2026 02:10",https://www.facebook.com/reel/2468514183637837/,"Thước phim",,"Trọn đời",0,+0.4x,0.01,0.01,0,771,4,0,5,0,0,743,872,5.329,4189.234
1621843016169377,100050310827163,"Đồng hồ Nhà kho","#27 Đồng hồ Ô Đô – Mẫu để bàn đời 1962 đầy cuốn hút

🕰️ Chiếc đồng hồ để bàn Ô Đô sản xuất khoảng năm 1962 sở hữu thiết kế nhỏ gọn với vỏ gỗ cổ điển, mang đậm phong cách chế tác của đồng hồ Pháp.

Đồng hồ sử dụng cơ cấu chuông chén, cứ 30 phút lại điểm chuông một lần, tạo nên âm thanh trong trẻo, nhẹ nhàng và rất dễ chịu. Với kiểu dáng thanh lịch, kích thước gọn gàng cùng giá trị nguyên bản, đây là một mẫu đồng hồ để bàn vừa có giá trị sử dụng, vừa là món đồ sưu tầm được nhiều người yêu thích.

#DongHoOdo #OdoDeBan #DongHoDeBan #DongHoCoPhap #DongHoCo #ChuongChen #DongHoNguyenBan #DongHoSuuTam #DoCoChauAu #GiaTriSuuTam",15,"07/08/2026 01:48",https://www.facebook.com/reel/1375896791114081/,"Thước phim",,"Trọn đời",0,+2.9x,0.02,0.02,0,3380,45,2,43,0,4,3250,3994,4.652,15878.323
1621661502854195,100050310827163,"Đồng hồ Nhà kho","REVIEW #72 | 📞 0️⃣9️⃣6️⃣3️⃣ ✦ 4️⃣5️⃣6️⃣ ✦ 9️⃣6️⃣3️⃣ | Hemle Đức 3 côn 3 búa – nhỏ gọn, nguyên bản, chất âm hay

Chiếc đồng hồ Hemle của Đức sở hữu thiết kế nhỏ gọn với chiều ngang chỉ 40 cm, rất phù hợp để bài trí trong phòng khách, phòng ngủ hay những không gian có diện tích vừa phải.

Đồng hồ còn giữ được tình trạng nguyên bản với độ mới cao. Bộ máy cơ khí bền bỉ kết hợp hệ thống 3 côn 3 búa sử dụng côn đồng cho tiếng chuông trong trẻo, ngân vang và dễ nghe. Cơ cấu điểm chuông theo giờ mang đến trải nghiệm nhẹ nhàng nhưng vẫn đậm chất đồng hồ cổ Đức.

Một mẫu đồng hồ hội tụ đầy đủ các yếu tố: kiểu dáng đẹp, kích thước gọn, chất âm tốt và giá trị sưu tầm dành cho những anh em yêu đồng hồ cơ cổ.

#hemle #donghoduc #3con3bua #donghoco #gioisuutam",45,"07/07/2026 20:17",https://www.facebook.com/reel/1677605053539765/,"Thước phim",,"Trọn đời",10,+15.2x,0.03,0.03,0,2865,32,3,21,2,0,2758,3216,7.515,21721.144
1621619002858445,100050310827163,"Đồng hồ Nhà kho","Đồng hồ nội địa và đồng hồ nguyên bản châu Âu – Hai trường phái, hai giá trị sưu tầm

Trong nhiều năm làm nghề, có một câu hỏi Đồng Hồ Nhà Kho gặp rất thường xuyên:

“Nên chơi đồng hồ nội địa hay đồng hồ nguyên bản châu Âu?”

Thoạt nghe, đây giống như một sự lựa chọn giữa hai loại hàng. Nhưng nếu nhìn sâu hơn, đó lại là hai cách tiếp cận hoàn toàn khác nhau đối với thú chơi đồng hồ cổ.

Một bên là giá trị của lịch sử Việt Nam.

Một bên là giá trị nguyên bản của nhà sản xuất.

Không có lựa chọn nào đúng tuyệt đối, bởi mỗi trường phái đều có những giá trị riêng đáng được trân trọng.

Đồng hồ nội địa là gì?

Trong giới chơi đồng hồ cổ tại Việt Nam, khái niệm đồng hồ nội địa không có nghĩa là đồng hồ được sản xuất tại Việt Nam.

Đây là cách gọi quen thuộc dành cho những chiếc đồng hồ châu Âu đã được đưa vào Việt Nam và sử dụng từ nhiều thập kỷ trước, thường được hiểu là trước khoảng những năm 1990.

Điều này hoàn toàn khác với khái niệm “hàng nội địa Nhật”. Nếu đồ nội địa Nhật là sản phẩm sản xuất riêng cho thị trường Nhật Bản, thì đồng hồ nội địa ở Việt Nam lại là những chiếc đồng hồ đã gắn bó với đời sống người Việt qua nhiều thế hệ.

Theo ghi nhận của Đồng Hồ Nhà Kho, những thương hiệu xuất hiện phổ biến nhất trong nhóm này là Ô đô, tiếp đến là FF, Gi-rô và Junhan.

Vì sao đồng hồ nội địa thường không còn nguyên bản?

Theo chia sẻ của nhiều người làm nghề lâu năm, ở những giai đoạn trước, đặc biệt khi việc vận chuyển quốc tế còn nhiều hạn chế, bộ máy và bộ côn thường được đưa về Việt Nam thuận tiện hơn nhiều so với những chiếc thùng gỗ lớn và cồng kềnh.

Trong khi đó, Việt Nam lại có truyền thống lâu đời về nghề mộc, cơ khí và thủ công mỹ nghệ. Người thợ hoàn toàn có khả năng đóng mới thùng, chế tạo mặt số, làm kim, phục hồi kính hay gia công nhiều chi tiết khác để chiếc đồng hồ tiếp tục hoạt động.

Theo quan sát của Đồng Hồ Nhà Kho, đây có thể là một trong những nguyên nhân khiến nhiều chiếc đồng hồ nội địa ngày nay chỉ còn giữ lại bộ máy và một số linh kiện quan trọng của châu Âu, còn các chi tiết khác đã được thay thế hoặc phục chế trong nước.

Chính quá trình đó tạo nên những khái niệm rất quen thuộc với người chơi như mặt số dán, củ côn nâu, củ côn xám, hay những kiểu thùng mang đậm dấu ấn của nghề mộc Việt Nam.

Đây là nhận định được rút ra từ hiện vật thực tế và kinh nghiệm nhiều năm, chưa phải kết luận áp dụng cho mọi chiếc đồng hồ.

Đồng hồ nguyên bản châu Âu là gì?

Khác với đồng hồ nội địa, đồng hồ nguyên bản châu Âu là những chiếc vẫn được lưu giữ, sử dụng hoặc sưu tầm tại châu Âu trong phần lớn vòng đời của chúng trước khi được đưa về Việt Nam.

Ưu điểm lớn nhất của nhóm này là mức độ nguyên bản.

Trong nhiều trường hợp, chiếc đồng hồ vẫn giữ được:

* thùng nguyên bản;
* mặt số nguyên bản;
* bộ máy nguyên bản;
* bộ côn nguyên bản;
* lớp hoàn thiện của nhà sản xuất.

Bên cạnh đó, điều kiện khí hậu ôn đới cũng giúp nhiều chi tiết kim loại, gỗ và lớp mạ được bảo tồn tốt hơn so với môi trường nóng ẩm ở Việt Nam.

Đó cũng là lý do vì sao những chiếc đồng hồ nguyên bản châu Âu ngày càng được nhiều người sưu tầm quan tâm.

Giá trị không chỉ nằm ở độ nguyên bản

Nếu đánh giá dưới góc độ kỹ thuật và sưu tầm, đồng hồ nguyên bản châu Âu thường có lợi thế rõ ràng.

Nó phản ánh trung thực nhất ý tưởng thiết kế, kỹ thuật chế tạo và chất lượng hoàn thiện mà nhà sản xuất mong muốn khi chiếc đồng hồ rời khỏi nhà máy.

Nhưng nếu chỉ dùng tiêu chí đó để đánh giá mọi chiếc đồng hồ thì có lẽ chưa thật công bằng.

Một chiếc đồng hồ nội địa tuy đã thay thùng, thay mặt số hay thay một vài chi tiết, nhưng nó có thể đã treo trong một ngôi nhà Việt Nam suốt nửa thế kỷ.

Nó từng điểm chuông trong những bữa cơm gia đình, những ngày cưới hỏi, những đêm giao thừa hay những giai đoạn khó khăn của đất nước.

Những giá trị ấy không thể đo bằng mức độ nguyên bản.

Đó là giá trị của ký ức.

Hai trường phái, hai cách thưởng thức

Có người chơi đồng hồ để tìm lại đúng thiết kế mà nhà sản xuất đã tạo ra cách đây gần một thế kỷ.

Có người lại tìm đúng chiếc đồng hồ từng treo trong ngôi nhà của ông bà mình.

Một người theo đuổi giá trị nguyên bản.

Một người theo đuổi giá trị ký ức.

Không ai sai.

Cũng không trường phái nào cao hơn trường phái nào.

Góc nhìn của Đồng Hồ Nhà Kho

Theo Đồng Hồ Nhà Kho, điều quan trọng nhất không phải là chiếc đồng hồ thuộc nhóm nào, mà là người chơi hiểu rõ giá trị mình đang sở hữu.

Một chiếc đồng hồ nguyên bản châu Âu xứng đáng được trân trọng vì nó gìn giữ gần như nguyên vẹn tinh thần của nhà sản xuất.

Một chiếc đồng hồ nội địa cũng xứng đáng được gìn giữ, bởi nó lưu giữ một phần ký ức của chính người Việt Nam.

Khi hiểu được điều đó, chúng ta sẽ không còn đặt câu hỏi “đồng hồ nào tốt hơn?”, mà sẽ hỏi một câu thú vị hơn:

“Mình muốn lưu giữ giá trị nào?”

Đó mới là điều làm nên sức hấp dẫn của thú chơi đồng hồ cổ, nơi mỗi chiếc đồng hồ không chỉ đo thời gian, mà còn lưu giữ lịch sử, ký ức và câu chuyện của từng thế hệ.",0,"07/07/2026 19:02",https://www.facebook.com/donghonhakho.vn/posts/pfbid0YBAkKsLwRkhthxgtAxhWiK5RfVeSFokXKYyv7k1oNwmgvDcMcFr8KNKPqa3vVCRnl,Ảnh,,"Trọn đời",0,--,0.16,0.16,0,2665,7,0,5,1,1,2664,3743,,
1621058326247846,100050310827163,"Đồng hồ Nhà kho","🕰️ Đồng hồ vai bò cổ Đức 9 côn 9 búa sở hữu kích thước lớn, ngang khoảng 80 cm, tạo nên dáng vẻ bề thế và nổi bật trong không gian trưng bày.

🔔 Bộ máy nguyên bản với 9 côn 9 búa, chơi 3 bản nhạc và tự động thay đổi giai điệu, mang đến trải nghiệm âm thanh phong phú, trong trẻo và giàu cảm xúc. Kết cấu côn đồng giúp tiếng chuông ngân vang, ấm áp và có chiều sâu.

✨ Thùng gỗ cân đối, hoa văn hài hòa theo phong cách đồng hồ châu Âu cổ, vừa có giá trị sử dụng vừa mang giá trị sưu tầm cao. Đây là lựa chọn rất phù hợp cho anh em yêu thích những chiếc đồng hồ vai bò kích thước lớn, chất âm hay và bộ máy cơ khí bền bỉ.",59,"07/07/2026 04:31",https://www.facebook.com/reel/1999585834060194/,"Thước phim",,"Trọn đời",4,+6.4x,0.02,0.02,0,1776,16,1,12,1,0,1709,2000,6.59,11981.163
1621032366250442,100050310827163,"Đồng hồ Nhà kho","🕰️ Đồng hồ FF loại 11 côn 11 búa là dòng đồng hồ cổ Pháp rất đặc biệt, nổi bật với bản nhạc Ma Normandie trầm ấm, lãng mạn và giàu cảm xúc.

🔔 Cấu trúc 11 côn 11 búa giúp âm thanh vang dày, đều tiếng và có độ ngân tốt. Khi bản Ma Normandie cất lên, chất âm mang màu sắc rất riêng: nhẹ nhàng, sâu lắng nhưng vẫn đủ nội lực.

✨ Đây là một cấu hình hiếm gặp, phù hợp với anh em yêu thích đồng hồ cổ Pháp, đồng hồ côn đồng và những mẫu đồng hồ có giá trị sưu tầm cao.

📚 Một chiếc đồng hồ nguyên bản đẹp, âm thanh hay, đáng để tham khảo trong nhóm đồng hồ châu Âu cổ chơi nhạc.",63,"07/07/2026 03:54",https://www.facebook.com/reel/802727309501274/,"Thước phim",,"Trọn đời",3,+15.1x,0.04,0.04,0,3007,34,1,27,0,5,3005,3364,8.803,27291.763
1620967002923645,100050310827163,"Đồng hồ Nhà kho","🕰️ Đồng hồ cổ Pháp 10 côn 11 búa là dòng đồng hồ cơ cao cấp, nổi bật với hai bản nhạc kinh điển Ave Maria và Westminster, mang đến chất âm ngân vang, sâu lắng và đầy cảm xúc.

✨ Mặt số nổi được chế tác tinh xảo, tạo chiều sâu và vẻ đẹp sang trọng cho tổng thể. Kết hợp cùng thùng gỗ hài hòa và bộ máy nguyên bản, chiếc đồng hồ vừa là cỗ máy cơ khí bền bỉ, vừa là món đồ cổ châu Âu có giá trị sưu tầm cao.

🔔 Cấu trúc 10 côn 11 búa giúp tái hiện hai bản nhạc với âm thanh đầy đặn, trong trẻo. Búa thứ 11 đảm nhiệm chuông điểm giờ, tạo nên tiếng điểm rõ ràng và tách biệt với phần trình diễn giai điệu.

📚 Một mẫu đồng hồ nguyên bản hội tụ đầy đủ vẻ đẹp, chất âm và giá trị sưu tầm, dành cho những anh em yêu thích đồng hồ cổ Pháp và nghệ thuật cơ khí châu Âu.",90,"07/07/2026 02:14",https://www.facebook.com/reel/1041367221765546/,"Thước phim",,"Trọn đời",3,+26.4x,0.04,0.04,0,2266,26,1,20,1,3,2153,2559,13.354,31049.789
1620964212923924,100050310827163,"Đồng hồ Nhà kho","Ave Maria de Lourdes trên đồng hồ cổ châu Âu

1. Ave Maria de Lourdes là gì?

Ave Maria de Lourdes là một bản thánh ca Công giáo nổi tiếng của nước Pháp, gắn với trung tâm hành hương Đức Mẹ Lourdes. Từ đầu thế kỷ XX, giai điệu này được nhiều hãng chế tạo đồng hồ cổ Pháp lựa chọn để đưa vào các dòng đồng hồ chơi nhạc nhiều côn nhiều búa.

Nếu Westminster là bản nhạc báo giờ nổi tiếng nhất thế giới thì Ave Maria de Lourdes có thể xem là một trong những bản nhạc mang màu sắc tôn giáo xuất hiện nhiều nhất trên đồng hồ cổ châu Âu.

Điểm đặc biệt là bản nhạc này không chỉ dùng để báo giờ, mà còn tạo nên một không gian trang nghiêm, nhẹ nhàng và rất đặc trưng của những chiếc đồng hồ cơ cổ Pháp.

⸻

2. Kết cấu âm nhạc

Qua phân tích giai điệu và đối chiếu với các bộ côn thực tế, có thể thấy:

Bản Ave Maria de Lourdes cần tối thiểu 6 cao độ (6 nốt nhạc) để thể hiện đầy đủ giai điệu.

Điều này cũng lý giải vì sao những chiếc đồng hồ chỉ có 4 hoặc 5 côn gần như không thể chơi trọn vẹn bản nhạc này.

Muốn chơi đầy đủ, bộ máy phải có ít nhất:

* 6 côn
* 6 búa

Đây gần như là yêu cầu tối thiểu về mặt cơ khí.

Những bộ máy 8 côn, 10 côn, 11 côn hay 12 côn chỉ làm phong phú thêm phần hòa âm và kéo dài bản nhạc chứ không thay đổi cấu trúc giai điệu chính.

⸻

3. Hai kiểu thiết kế phổ biến

Qua những hiện vật Đồng Hồ Nhà Kho đã thống kê, Ave Maria de Lourdes xuất hiện dưới hai dạng.

Dạng 1

Đồng hồ chỉ chơi Ave Maria de Lourdes

Đây là những bộ máy chỉ có một bản nhạc.

Thông thường gặp trên:

* Ô đô 24
* Ô đô 30
* Ô đô 36
* Một số đồng hồ vai bò Ô đô
* Một số đồng hồ tủ
* Một số mẫu của Vê Đét
* Một số mẫu máy cổ Đức

Đặc điểm rất dễ nhận biết:

* 6 côn 6 búa
* hoặc 10 côn 10 búa

Các dòng này không sử dụng cơ cấu bính boong như đồng hồ treo tường truyền thống.

Thay vào đó, mỗi lần điểm chuông sẽ chơi trực tiếp giai điệu Ave Maria.

Đây là một nét thiết kế rất riêng của nhiều dòng Ô đô.

⸻

Dạng 2

Đồng hồ hai bản nhạc

Đây là nhóm gặp nhiều nhất.

Thông thường gồm:

* Westminster
* Ave Maria de Lourdes

Người dùng có thể lựa chọn bản nhạc bằng cần gạt trên mặt số hoặc bên trong thùng.

Nhóm này thường gặp trên:

* Ô đô
* Vê Đét
* Junhan
* một số đồng hồ Pháp khác

Thông dụng nhất là:

* 10 côn 11 búa

Trong đó:

* 10 côn dùng để chơi nhạc.
* búa còn lại dùng cho cơ cấu điểm giờ.

Đây là cấu hình rất nổi tiếng trên đồng hồ Pháp từ giữa thế kỷ XX.

⸻

4. Trên các dòng FF

Một số dòng FF 10 côn 10 búa chơi 4 bản nhạc cũng sử dụng Ave Maria de Lourdes.

Bản nhạc này thường xuất hiện cùng:

* Westminster
* La Paimpolaise
* L’Angélus de la Mer

Điều này cho thấy Ave Maria de Lourdes được xem là một trong những bản nhạc tiêu biểu nhất để các hãng đồng hồ lựa chọn.

⸻

5. Vì sao các hãng lại chọn Ave Maria de Lourdes?

Đây là điểm rất thú vị.

Nếu Westminster đại diện cho truyền thống Anh thì Ave Maria de Lourdes lại phản ánh rõ nét văn hóa Pháp đầu thế kỷ XX.

Đây là giai đoạn:

* Công giáo vẫn có ảnh hưởng rất lớn.
* Những chuyến hành hương đến Lourdes diễn ra thường xuyên.
* Các bản thánh ca quen thuộc được phổ biến rộng rãi.

Vì vậy việc đưa Ave Maria de Lourdes vào đồng hồ không đơn thuần là để báo giờ.

Nó còn mang ý nghĩa:

* tạo không gian sống thanh bình;
* thể hiện đời sống tinh thần của gia đình;
* biến chiếc đồng hồ trở thành một “nhạc cụ” trong phòng khách.

⸻

6. Góc nhìn của Đồng Hồ Nhà Kho

Theo quan sát thực tế, khi đánh giá một chiếc đồng hồ chơi Ave Maria, người chơi không chỉ nghe đúng giai điệu.

Điều quan trọng hơn là:

* bộ côn còn đúng đời;
* búa còn nguyên bản;
* khoảng cách giữa búa và côn được căn chuẩn;
* trống nhạc chưa bị thay đổi vị trí chốt.

Chỉ cần một trong những yếu tố này sai lệch, bản Ave Maria sẽ mất đi độ mềm mại vốn có.

Đó cũng là lý do hai chiếc đồng hồ cùng một model nhưng chất âm có thể khác nhau rất nhiều",0,"07/07/2026 02:11",https://www.facebook.com/donghonhakho.vn/posts/pfbid0kGQZKCVpVDyhkkTpMdJc1fTej2B32JcGjPkvQ1jhtuaKi1hp2ZhYkJJSfCn4dNmNl,Ảnh,,"Trọn đời",0,--,0.07,0.07,0,1102,7,0,6,0,1,1086,1652,,
1620911439595868,100050310827163,"Đồng hồ Nhà kho","Đồng hồ vai bò Đức dáng Napoleon – 3 côn 3 búa bính boong - Mã số B109
💵: 2tr7
✨ Thiết kế dáng Napoleon mềm mại với hai vai cong cân đối, kích thước 47 × 28 cm gọn gàng nhưng vẫn rất sang trọng khi đặt trên kệ, tủ hay bàn làm việc. Thùng gỗ vân đẹp, giữ được nét cổ điển đặc trưng của dòng đồng hồ cơ cổ Đức.

⚙️ Bộ máy Đức nguyên bản 3 côn 3 búa, kết cấu chắc chắn, vận hành bền bỉ. Cơ chế lên cót đơn giản, dễ sử dụng, phù hợp cả người mới chơi lẫn người sưu tầm đồng hồ cổ lâu năm.

🔔 Điểm nổi bật là chất âm bính boong trầm ấm, dễ nghe. Đồng hồ điểm chuông mỗi 30 phút một lần và báo giờ đầy đủ với tiếng chuông ngân vang, tạo cảm giác ấm cúng cho không gian sống.

📐 Kích thước: 47 × 28 cm

🏠 Đồng Hồ Nhà Kho
📍Khu đô thị Văn Phú - Hà Đông – Hà Nội
☎️ 0️⃣9️⃣8️⃣•8️⃣9️⃣0️⃣•8️⃣6️⃣2️⃣6️⃣

#donghoco #donghocoDuc #donghovaibo #donghoqulac #donghococo #donghochauAuco #donghocoba #donghobinhboong #donghodeban #donghonguyenban #suutamdonghoco #amthanhdonghoco #docochauAu #donghocosuutam #donghonhakho",0,"07/07/2026 00:43",https://www.facebook.com/donghonhakho.vn/posts/pfbid02JwrhGhgFGXggaq1QfWHoGg7FutakLdarcGuuM6VD4QzP2wzQmPKULjGX2RyZVpZ7l,Ảnh,,"Trọn đời",1,--,0.06,0.06,0,691,5,1,4,0,0,658,1023,,
1620794629607549,100050310827163,"Đồng hồ Nhà kho","Số series trên Ô đô 36/8 nói lên điều gì?

Có bao giờ anh em tự hỏi, vì sao hai chiếc Ô đô 36/8 nhìn ngoại hình gần như giống hệt nhau nhưng giá trị sưu tầm, chất âm và kết cấu bộ máy lại khác nhau?

Câu trả lời có thể nằm ngay ở số series được đóng trên vách máy.

Sau nhiều năm sửa chữa, sưu tầm và thống kê hàng trăm chiếc đồng hồ cổ Ô đô 36/8 còn nguyên bản, em nhận thấy số series của dòng máy này không đơn thuần chỉ để quản lý sản xuất, mà dường như còn phản ánh quá trình phát triển của cả một dòng máy.

Tất nhiên, những chia sẻ dưới đây không phải tài liệu chính thức của hãng, mà là kết quả được tổng hợp từ hiện vật thực tế và sẽ tiếp tục được kiểm chứng khi có thêm dữ liệu.

Cấu trúc số series của Ô đô 36/8

Khác với nhiều dòng máy khác chỉ sử dụng một dãy số liên tục, Ô đô 36/8 thường được đóng theo ba dòng:

AB
XYZ
36

Trong đó:

* 36 là ký hiệu quy ước của dòng máy Ô đô 36.
* AB là nhóm số được nhiều người chơi quan tâm nhất.
* XYZ là dãy ba chữ số phía dưới.

Qua quá trình đối chiếu rất nhiều bộ máy nguyên bản, em nhận thấy AB có xu hướng thay đổi theo từng giai đoạn phát triển của dòng máy. Nhóm số này bắt đầu từ 01 và tăng dần đến 99.

Theo nhận định của em, AB nhiều khả năng là mã của từng nhóm hoặc từng lô sản xuất, chứ không phải số thứ tự của từng chiếc đồng hồ. Mỗi khi nhóm số này thay đổi, kết cấu bộ máy cũng thay đổi theo một quy luật khá rõ ràng.

Trong khi đó, XYZ nhiều khả năng là số thứ tự của từng bộ máy trong cùng một nhóm AB.

Nếu giả sử toàn bộ dãy XYZ đều được đánh liên tục từ 001 đến 999 thì về lý thuyết sẽ có khoảng 99.000 chiếc Ô đô 36/8 được sản xuất.

Tuy nhiên, theo kinh nghiệm thực tế của em, khả năng này không cao. Số lượng hiện vật còn tồn tại cũng như tần suất xuất hiện của các nhóm series khiến em nghiêng về giả thiết rằng XYZ không được đánh liên tục, hoặc hãng còn có quy luật đánh số khác mà đến nay chúng ta chưa tìm được tài liệu để xác nhận.

Sáu giai đoạn phát triển của Ô đô 36/8

Qua những hiện vật đã thống kê được, em tạm chia quá trình phát triển của Ô đô 36/8 thành sáu giai đoạn chính.

1. Máy ba vách hở

Đây được xem là thế hệ đầu tiên của dòng Ô đô 36/8.

Không chỉ khác về hình thức, bộ máy còn sử dụng kết cấu truyền động riêng, nhiều chi tiết cơ khí không giống các thế hệ sau.

Đời máy này thường sử dụng côn củ vuông hoặc côn lòng máng đen, cho chất âm trầm, dày và giàu nội lực. Đây cũng là đời máy được nhiều người chơi đánh giá cao về chiều sâu âm thanh.

2. Máy ba vách bệt đời đầu

Đây là thế hệ chuyển tiếp ngay sau máy ba vách hở.

Điều thú vị là kết cấu các vách máy và cách gia công vẫn mang nhiều nét tương đồng với đời trước, vì vậy em cho rằng hai thế hệ này được sản xuất khá gần nhau.

Đời máy này thường gặp ở phiên bản hai bản nhạc và vẫn sử dụng côn lòng máng đen.
Loại này thường sử dụng vách máy dày hoen và chơi 2 bài nhạc WESTMINSTER — Và CLOCHES COMTOISES

3. Máy vách sơn (vách cam)

Đây là giai đoạn hãng bắt đầu thay đổi cách hoàn thiện bề mặt vách máy.

Ngoài lớp sơn đặc trưng, bộ máy vẫn tiếp tục sử dụng côn lòng máng đen, giữ lại phần lớn màu sắc âm thanh của các thế hệ trước.

4. Máy vách sọc không phủ sơn

Sau giai đoạn vách sơn, bộ máy chuyển sang kiểu vách sọc nhưng không còn phủ lớp sơn.

Kết cấu truyền động gần như đã được chuẩn hóa và vẫn sử dụng côn lòng máng đen.

5. Máy vách xoáy không phủ sơn

Đây là một trong những đời máy phổ biến nhất hiện nay.

Điểm khác biệt lớn là hãng bắt đầu chuyển sang sử dụng côn lòng máng trắng, tạo nên sự thay đổi khá rõ về màu sắc âm thanh.

6. Máy ba vách bệt đời sau

Đây được xem là thế hệ sản xuất muộn nhất của dòng Ô đô 36/8.

Bộ máy tiếp tục sử dụng hệ truyền động đã được chuẩn hóa và vẫn đi cùng côn lòng máng trắng.

Điều thú vị nằm ở kết cấu cơ khí

Qua quá trình tháo lắp và so sánh thực tế, em nhận thấy chỉ riêng máy ba vách hở là sử dụng kết cấu truyền động và nhiều linh kiện đặc trưng của riêng mình.

Bắt đầu từ ba vách bệt đời đầu, rồi vách sơn, vách sọc, vách xoáy cho đến ba vách bệt đời sau, gần như toàn bộ hệ truyền động đã được thống nhất. Phần lớn linh kiện của các đời này có thể thay thế cho nhau, chỉ khác nhau ở cách hoàn thiện vách máy và bộ côn theo từng giai đoạn.

Đây cũng là một trong những cơ sở khiến em cho rằng các đời máy sau thực chất là quá trình cải tiến liên tục trên cùng một nền tảng kỹ thuật.

Côn lòng máng đen và côn lòng máng trắng khác nhau thế nào?

Hiện chưa có tài liệu chính thức giải thích vì sao hãng thay đổi bộ côn.

Tuy nhiên, qua quá trình sửa chữa, căn chỉnh và so sánh trực tiếp rất nhiều hiện vật nguyên bản, em nhận thấy:

* Côn lòng máng đen thường cho giải âm trầm tốt hơn, tiếng chuông dày, ấm và có nội lực.
* Côn lòng máng trắng lại cho tiết tấu gọn hơn, độ nhuyễn giữa các nốt tốt hơn và âm thanh sáng, mạch lạc hơn.

Dĩ nhiên, chất âm cuối cùng còn phụ thuộc vào rất nhiều yếu tố như thùng gỗ, cách treo côn, tình trạng bộ máy và tay nghề căn chỉnh. Vì vậy đây chỉ là xu hướng chung được rút ra từ trải nghiệm thực tế, không phải quy luật tuyệt đối.

Lời kết

Đối với em, điều thú vị nhất của Ô đô 36/8 không chỉ nằm ở tiếng chuông hay vẻ đẹp của chiếc đồng hồ, mà còn ở hành trình giải mã những con số nhỏ bé được đóng trên bộ máy.

Mỗi chiếc đồng hồ nguyên bản được tìm thấy lại bổ sung thêm một mảnh ghép cho bức tranh lịch sử của dòng Ô đô 36/8. Và biết đâu, chính chiếc đồng hồ đang treo trong nhà anh em lại là mảnh ghép còn thiếu để giúp chúng ta hiểu rõ hơn về quá trình phát triển của một trong những dòng đồng hồ cổ Pháp được yêu thích nhất.",0,"07/06/2026 21:14",https://www.facebook.com/donghonhakho.vn/posts/pfbid0gXQXgVqdpQEmGAjcKWtp3HeTY8ssUzQbxuPUtuVBoM9J4UZVqQ4jLyAPqSTn9viCl,Ảnh,,"Trọn đời",6,--,0.6,0.6,0,8709,53,6,35,11,3,8733,12542,,
1620747229612289,100050310827163,"Đồng hồ Nhà kho","Đồng Hồ Vê Đét 8 Côn Mặt Số Nổi Vàng Hồng – Thùng Vân Gỗ Đẹp Đồng Bộ – Mã Số K134
💵: 12tr
✨ Thùng vân nổi sắc nét, hai vai bo tròn cân đối kết hợp các đường chỉ nổi mạ vàng tạo nên tổng thể sang trọng nhưng vẫn rất thanh lịch. Kích thước 61 × 43 cm phù hợp nhiều không gian từ phòng khách đến phòng làm việc.

✨ Mặt số nổi màu vàng hồng nguyên bản, kết hợp bộ kim và quả lắc đồng bộ màu sắc, tạo nên tổng thể hài hòa và đậm chất đồng hồ châu Âu cổ. Các chi tiết còn sắc nét, mang vẻ đẹp nguyên bản theo thời gian.

⚙️ Bộ máy 8 côn nguyên bản, kết cấu khỏe, hoạt động ổn định, đã được vệ sinh và bảo dưỡng cẩn thận.

🎵 Bộ 8 côn 8 búa cho chất âm trong trẻo, ngân vang, tiếng chuông tròn tiếng, có chiều sâu và rất dễ nghe. Đây là một trong những cấu hình được nhiều người sưu tầm đồng hồ cổ yêu thích nhờ sự cân bằng giữa âm lượng, độ ngân và độ bền của bộ máy.

☎️ 0️⃣9️⃣6️⃣3️⃣ ✦ 4️⃣5️⃣6️⃣ ✦ 9️⃣6️⃣3️⃣
🏡 Đồng Hồ Nhà Kho- Khu đô thị Văn Phú- Hà Đông- Hà Nội

#donghoco #donghoqualac #donghocoPhap #donghochauAuco #donghocodon #donghonguyenban #donghosuutam #donghoWestminster #amthanhdonghoco #docochauAu #donghotreotuong #donghocobenbi #suutamdonghoco #DongHoCoHaDong",0,"07/06/2026 19:54",https://www.facebook.com/donghonhakho.vn/posts/pfbid0RaAkq7VKdgFp9SSTShRavWPcXvpN7T34iocGe3yMk2JiMAd5iGRyPUoZyjDicaCql,Ảnh,,"Trọn đời",1,--,0.06,0.06,0,719,6,1,5,0,0,693,1093,,
1620189889668023,100050310827163,"Đồng hồ Nhà kho","🕰️ Đồng hồ để bàn Ô Đô sở hữu kiểu dáng cân đối và thanh lịch, rất phù hợp để trưng bày trên bàn làm việc, kệ sách hay phòng khách.

✨ Thiết kế mang đậm phong cách đồng hồ cổ Pháp với đường nét hài hòa, bộ máy cơ khí nguyên bản vận hành ổn định và bền bỉ theo thời gian. Chất âm trong trẻo, ấm áp, tạo nên nét cuốn hút riêng của những chiếc đồng hồ để bàn cổ.

📚 Một mẫu đồng hồ châu Âu cổ vừa có giá trị sử dụng, vừa có giá trị sưu tầm, phù hợp với anh em yêu thích vẻ đẹp tinh tế và không gian hoài cổ.",26,"07/06/2026 04:56",https://www.facebook.com/reel/1544125163927841/,"Thước phim",,"Trọn đời",31,+49.5x,0.09,0.09,0,11229,166,7,131,4,6,10865,13208,7.53,84945.034
1620171509669861,100050310827163,"Đồng hồ Nhà kho","❤️ Con BÒ sinh ra để ôm.",0,"07/06/2026 04:31",https://www.facebook.com/donghonhakho.vn/posts/pfbid02AaCbNg1aefWvkhTYwUrPhxry2QB97mzPjPWRAEAZM2QznxtatQVzyQsRQ7gNHYA5l,Ảnh,,"Trọn đời",0,--,0.05,0.05,0,1038,4,0,3,0,1,1000,1551,,
1620152196338459,100050310827163,"Đồng hồ Nhà kho","Đợi hàng khủng cùng Nhà kho ạ",19,"07/06/2026 04:03",https://www.facebook.com/reel/1314403477481802/,"Thước phim",,"Trọn đời",2,+3.3x,0.01,0.01,0,2476,11,1,9,0,0,2409,2879,5.381,13476.232
1620070176346661,100050310827163,"Đồng hồ Nhà kho","Đồng hồ Vê Đét 8 côn mặt số nổi – Thùng vân gỗ sang trọng- Mã số K133
💵: 10tr8
✨ Thùng gỗ nguyên bản nổi bật với lớp vân veneer đối xứng đẹp mắt, các đường bo nổi mềm mại, tay cầm kết hợp kính trang trí tạo nên tổng thể sang trọng, đậm phong cách đồng hồ cổ Pháp. Mặt số nổi sáng đẹp, cọc số nổi sắc nét mang đến vẻ đẹp tinh tế và rất dễ phối với nhiều không gian nội thất.

✨ Bộ máy Vê Đét 8 côn 8 búa danh tiếng, kết cấu chắc chắn, vận hành ổn định, độ bền cao theo thời gian. Máy nguyên bản, dễ bảo dưỡng và được nhiều người chơi đồng hồ cổ đánh giá cao về sự tin cậy.

✨ Âm thanh chuông Westminster ngân vang, trong trẻo và có chiều sâu. Tiếng chuông ấm áp, đều tiếng, tạo cảm giác thư thái và là một trong những chất âm đặc trưng được nhiều người sưu tầm yêu thích.

📐 Kích thước: 60 × 48 cm

☎️ 0963.456.963
🏠 Khu đô thị Văn Phú, phường Phú La, quận Hà Đông, Hà Nội

#dong_ho_vedette #dong_ho_8_con #dong_ho_co #dong_ho_qua_lac #dong_ho_treo_tuong #dong_ho_phap #dong_ho_co_phap #dong_ho_suu_tam #dong_ho_xua #chuong_westminster #dong_ho_nguyen_ban #mat_so_noi #thung_van_go #dong_ho_dep #gioi_suu_tam_dong_ho",0,"07/06/2026 01:58",https://www.facebook.com/donghonhakho.vn/posts/pfbid05isnjpiJbvfK7GuqnqTyTPKxmPskLgvrqCjuSV5XewEf4XWknY9zQH1KeXobVtQRl,Ảnh,,"Trọn đời",1,--,0.08,0.08,0,896,7,0,6,0,0,846,1393,,
1620037046349974,100050310827163,"Đồng hồ Nhà kho","Đồng Hồ Cổ Đức Junhan 8 Côn – Thùng Chạm Khắc   Dáng Đuôi Chuột Đẹp – Mã Số K131
💵: 4tr3
✨ Thùng gỗ dáng đuôi chuột thanh thoát, các góc được chạm khắc hoa văn tinh tế. Tổng thể cân đối, rất phù hợp cho không gian phòng khách, phòng làm việc hoặc sưu tầm. Kích thước 83 × 33 cm tạo cảm giác bề thế nhưng vẫn hài hòa khi treo.

⚙️ Trang bị bộ máy Junhan 8 côn , kết cấu máy dày đặc trưng của hãng, bản đồng dày, bánh răng chắc chắn, nổi tiếng về độ bền và khả năng hoạt động ổn định qua nhiều thập kỷ. Máy nguyên bản, dễ bảo dưỡng, là một trong những dòng đồng hồ cơ cổ được người chơi lâu năm đánh giá cao.

🔔 Bộ 8 côn 8 búa cho chất âm ngân vang, trong trẻo nhưng vẫn có chiều sâu. Giai điệu Westminster quen thuộc kết hợp tiếng điểm giờ trầm ấm tạo nên chất âm đồng hồ cổ rất cuốn hút, càng nghe càng cảm nhận được nét đặc trưng của đồng hồ châu Âu cổ.

🏡 Đồng Hồ Nhà Kho
📍Khu đô thị Văn Phú - Hà Đông – Hà Nội
☎️ 0963.456.963

#donghocoduc #junhan #donghovaibo #dongho8con #donghoqualac #donghoco #donghochauau #donghonguyenban #donghosuutam #donghowestminster #donghocoDuc #may8ngay #amthanhdonghoco",0,"07/06/2026 01:07",https://www.facebook.com/donghonhakho.vn/posts/pfbid0ro9YKHZKut6uFkbvGK5obHPnVDfxsLoV336jv424uxDFfmzg9begFpBzjeuh6cmLl,Ảnh,,"Trọn đời",1,--,0.09,0.09,0,949,11,0,10,0,0,910,1488,,
1619873279699684,100050310827163,"Đồng hồ Nhà kho","Ô đô 36/8 vách hở – Phiên bản đời đầu mang trọn tinh thần của dòng Ô đô 36

Nếu nhắc đến những chiếc đồng hồ cổ Ô đô đáng sưu tầm, rất nhiều người sẽ nghĩ ngay đến Ô đô 36/10. Tuy nhiên, với những người đã chơi lâu năm, Ô đô 36/8 vách hở lại là một lựa chọn rất đáng cân nhắc, đặc biệt với những anh em muốn trải nghiệm chất âm đặc trưng của dòng 36 nhưng ở mức đầu tư dễ tiếp cận hơn.

Điểm đặc biệt của phiên bản này nằm ở kết cấu máy vách hở, một trong những đời máy đầu của dòng Ô đô 36. Bộ máy vẫn giữ được phong cách cơ khí chắc chắn, bền bỉ, dễ bảo dưỡng và mang nhiều đặc điểm của giai đoạn sản xuất đầu tiên.

Chiếc đồng hồ sử dụng 8 côn, 8 búa, chơi hai bản nhạc WESTMINSTER — tirer le levier
Và CLOCHES COMTOISES — pousser le levier. Đây cũng là hai bản nhạc quen thuộc đã làm nên tên tuổi của rất nhiều mẫu đồng hồ quả lắc của Ô đô. Khi được căn chỉnh đúng kỹ thuật, tiếng chuông có độ ngân tốt, âm hình rõ, tạo cảm giác rất dễ chịu khi thưởng thức.

Theo kinh nghiệm thực tế của Đồng Hồ Nhà Kho, 36/8 vách hở thường cho chất âm trầm và dày hơn so với các đời máy vách gầy ra sau. Điều này không có nghĩa mọi chiếc vách hở đều hay hơn, bởi chất âm còn phụ thuộc vào rất nhiều yếu tố như tình trạng bộ côn, thùng gỗ, cách căn chỉnh hay độ nguyên bản. Tuy nhiên, nếu đặt các chiếc đồng hồ có điều kiện tương đương để so sánh, nhiều người chơi lâu năm vẫn dành thiện cảm cho chất âm đầm, chắc và có chiều sâu của dòng máy đời đầu này.

Một ưu điểm khác khiến Ô đô 36/8 vách hở được nhiều anh em lựa chọn là giá thành hợp lý. So với nhiều phiên bản Ô đô 36 khác, đặc biệt là các mẫu 10 côn hoặc những đời máy hiếm, 36/8 thường có mức đầu tư nhẹ nhàng hơn. Chính vì vậy, đây là chiếc đồng hồ cổ Pháp rất phù hợp với người mới bước vào thú chơi hoặc những anh em muốn sở hữu một chiếc đồng hồ nguyên bản mang đúng tinh thần của dòng Ô đô 36 mà không cần bỏ ra chi phí quá lớn.

Điều đáng giá nhất của phiên bản này không nằm ở số lượng côn nhiều hay ít, mà ở chỗ nó vẫn giữ được bản chất của Ô đô 36: một bộ máy ổn định, kết cấu cơ khí bền bỉ, chất âm giàu cảm xúc và giá trị sưu tầm đã được khẳng định qua thời gian.

Có lẽ vì vậy, dù đã trải qua nhiều thập kỷ, Ô đô 36/8 vách hở vẫn luôn là một trong những lựa chọn đáng cân nhắc đối với những người yêu thích đồng hồ cơ cổ, muốn bắt đầu hành trình sưu tầm bằng một chiếc đồng hồ vừa dễ chơi, vừa mang đậm dấu ấn của kỹ nghệ chế tác đồng hồ Pháp.

#odo36 #odo368 #donghoco #donghocophap #donghoquala #donghochauauco #donghonguyenban #donghosuutam #westminster #gaicarillon #donghoco8con #amthanhdonghoco #chatamdonghoco #docochauau #suutamdonghoco",0,"07/05/2026 20:25",https://www.facebook.com/donghonhakho.vn/posts/pfbid02z6LTDQFqupLcwS3S5Rr4riwddufj7ny6ZwtUrXwUEMXDcUSofRxijcg37Rhq48xGl,Ảnh,,"Trọn đời",4,--,0.24,0.24,0,3228,20,1,15,1,1,3230,4776,,
1619860756367603,100050310827163,"Đồng hồ Nhà kho","🕰️ Đồng hồ cổ Ô Đô 36/8 hai bài nhạc là một trong những dòng đồng hồ cổ Pháp được nhiều người yêu thích nhờ thiết kế đẹp, chất âm cuốn hút và độ bền cao.

⚙️ Đây là phiên bản máy đời đầu 3 vách hở chính hãng của Ô Đô, kết cấu cơ khí chắc chắn, vận hành bền bỉ và được giới sưu tầm đánh giá cao. Hai bản nhạc đặc trưng kết hợp cùng tiếng chuông điểm giờ mang đến chất âm đồng hồ cổ trầm ấm, giàu cảm xúc.

✨ Đồng hồ giữ trạng thái nguyên bản, mang giá trị sưu tầm cao, trong khi mức giao lưu hiện rất hấp dẫn, là cơ hội tốt để sở hữu một mẫu Ô Đô đời đầu chính hãng với chi phí hợp lý.

📚 Kính mời quý anh em cùng tham khảo.",24,"07/05/2026 20:04",https://www.facebook.com/reel/1698415664749885/,"Thước phim",,"Trọn đời",44,+71.6x,0.19,0.19,0,23065,295,32,237,12,10,22286,30674,11.509,265439.592
1619815383038807,100050310827163,"Đồng hồ Nhà kho","🕰️ Những con số trên máy Junhan có ý nghĩa gì?

Đây là câu hỏi mà rất nhiều anh em chơi đồng hồ cổ từng thắc mắc. Sau khi đối chiếu nhiều bộ máy thực tế và tham khảo các cuộc thảo luận trên diễn đàn NAWCC, em thấy có một số điểm khá thú vị.

Ví dụ trên một bộ máy có các ký hiệu:

W.64
52 8
102/26
385
106

Trong đó, W.64 là mã hệ máy của hãng, tương tự như các mã W100, W120 hay W200.

Cặp số 52 8 nhiều khả năng thể hiện tháng 8 năm 1952. Trên diễn đàn NAWCC cũng có nhiều ví dụ tương tự như 38 5 được hiểu là tháng 5 năm 1938, hay 52 2 là tháng 2 năm 1952. Các dữ liệu này cũng khá phù hợp với niên đại thực tế của nhiều chiếc đồng hồ mà anh em đang sở hữu.

Riêng các dãy số như 102/26, 385 hay 106, đến nay em vẫn chưa tìm thấy tài liệu chính thức giải thích. Chúng có thể là mã cấu hình, mã linh kiện hoặc mã kiểm tra nội bộ của hãng, nhưng hiện mới chỉ dừng ở mức giả thuyết.

📚 Chơi đồng hồ cổ cũng giống như làm khảo cổ. Mỗi ký hiệu trên bộ máy đều có thể là một mảnh ghép lịch sử. Điều quan trọng là phân biệt rõ đâu là dữ liệu đã có căn cứ và đâu là suy luận để chúng ta cùng tiếp tục bổ sung, hoàn thiện kho tri thức về những cỗ máy châu Âu cổ.",54,"07/05/2026 18:46",https://www.facebook.com/reel/2430606834116107/,"Thước phim",,"Trọn đời",3,+11.8x,0.17,0.17,0,5939,84,8,68,7,11,5897,7024,15.613,93320.244
1618970853123260,100050310827163,"Đồng hồ Nhà kho","🕰️ “Ô Đô nhái nhiều quá, không chơi nữa.”

Đây là câu em nghe khá nhiều từ những anh em mới tìm hiểu về đồng hồ cổ.

Nhưng nếu nhìn kỹ hơn, vấn đề không nằm ở việc có nên chơi Ô đô hay không. Vấn đề là mình có đủ hiểu biết để biết mình đang mua gì hay chưa.

Theo ghi nhận thực tế, Ô đô không phổ biến kiểu “làm giả mới hoàn toàn” như nhiều món hàng hiện đại. Cái anh em hay gặp hơn là đồng hồ nâng dựng, lai ghép, dùng máy hoặc linh kiện từ dòng khác để dựng thành những phiên bản có giá trị cao hơn.

Điều đó cũng phản ánh một thực tế: Ô đô là dòng đồng hồ được săn tìm nhiều, có giá trị sưu tầm cao, nên mới tạo ra khoảng chênh lệch đủ lớn để người ta nâng dựng.

Vì vậy, theo em, không nên nói “Ô đô nhiều hàng nhái nên không chơi”. Nói đúng hơn phải là: Ô đô là dòng đáng chơi, nhưng cũng là dòng cần chơi bằng kiến thức.

Đồng hồ nguyên bản thì xứng đáng với giá trị nguyên bản. Đồng hồ đã phục hồi, thay thế hay lai ghép vẫn có giá trị sử dụng riêng, nhưng người bán phải nói rõ và mức giá phải đúng với tình trạng thực tế.

❤️ Muốn hạn chế mua nhầm, chỉ có ba cách:
❤️ Tự tích lũy kiến thức.
❤️ Đi cùng người có kinh nghiệm.

Hoặc chọn một nơi bán đủ uy tín, đủ minh bạch để giải thích cho mình chiếc đồng hồ ấy đúng ở đâu, sai ở đâu, đã can thiệp những gì.

📚 Trong thú chơi đồng hồ cổ, kiến thức luôn là khoản đầu tư rẻ nhất. Càng hiểu nhiều, anh em càng chơi tự tin và càng ít phải trả học phí.",0,"07/04/2026 19:38",https://www.facebook.com/donghonhakho.vn/posts/pfbid0AfE2TDdNnUfbovSJ5jXD2y5NdLX54BxTUsToo9n1DBo5N16ZJ9dCyPsL6hodTwx6l,Ảnh,,"Trọn đời",39,--,1.24,1.24,0,13040,103,-3,63,3,2,12795,20205,,
1618387123181633,100050310827163,"Đồng hồ Nhà kho","REVIEW #71 | 📞 0️⃣9️⃣6️⃣3️⃣ ✦ 4️⃣5️⃣6️⃣ ✦ 9️⃣6️⃣3️⃣ | Không chỉ Westminster và Ave Maria

Nhiều anh em khi nghe đồng hồ FF 10 côn 10 búa thường chỉ nhận ra hai giai điệu quen thuộc là Westminster và Ave Maria de Lourdes. Nhưng thực tế, bộ máy này còn sở hữu thêm hai bản nhạc rất đặc sắc mà ít người để ý.

Đó là L’Angélus de la Mer và La Paimpolaise – hai ca khúc Pháp nổi tiếng từng được lựa chọn để đưa lên những mẫu đồng hồ cao cấp của FF.

Như vậy, bốn bản nhạc đầy đủ của dòng FF 10 côn 10 búa gồm:
• Westminster
• L’Angélus de la Mer
• La Paimpolaise
• Ave Maria de Lourdes

Chính sự đa dạng về giai điệu đã tạo nên nét cuốn hút rất riêng của dòng đồng hồ này. Mỗi lần chuyển bài đều mang đến một màu sắc âm nhạc khác nhau, khiến người nghe càng thưởng thức càng cảm nhận được giá trị của những cỗ máy cơ khí cổ.

#ff #4bannhac #westminster #avemariadelourdes #donghocophap",26,"07/04/2026 03:51",https://www.facebook.com/reel/1363561919072472/,"Thước phim",,"Trọn đời",2,+4.3x,0.02,0.02,0,3547,35,3,35,0,1,3357,4075,6.358,22450.841
1618383983181947,100050310827163,"Đồng hồ Nhà kho","REVIEW #71 | 📞 0️⃣9️⃣6️⃣3️⃣ ✦ 4️⃣5️⃣6️⃣ ✦ 9️⃣6️⃣3️⃣ | 4 bản nhạc trên đồng hồ FF là những bản nào?

Có bao giờ anh em thắc mắc bốn bản nhạc trên chiếc đồng hồ FF 10 côn 10 búa là những bản nào không?

Thông thường, đa số người chơi chỉ quen thuộc với hai giai điệu nổi tiếng là Westminster và Ave Maria de Lourdes. Tuy nhiên, bộ máy này còn sở hữu thêm hai bản nhạc rất đặc sắc nhưng ít được chú ý hơn, đó là L’Angélus de la Mer và La Paimpolaise.

Như vậy, bốn bản nhạc đầy đủ trên dòng FF 10 côn 10 búa gồm:
• Westminster
• L’Angélus de la Mer
• La Paimpolaise
• Ave Maria de Lourdes

Sự kết hợp của bốn giai điệu mang màu sắc khác nhau giúp chiếc đồng hồ luôn tạo cảm giác mới mẻ khi thưởng thức, đồng thời cũng là một trong những cấu hình được nhiều người yêu đồng hồ cổ Pháp đánh giá cao về giá trị sưu tầm và trải nghiệm âm thanh.

#ff #10con10bua #4bannhac #donghocophap #gioisuutam",63,"07/04/2026 03:46",https://www.facebook.com/reel/1055731093545393/,"Thước phim",,"Trọn đời",5,+11.4x,0.01,0.01,0,2101,21,0,18,0,0,1952,2298,5.282,11263.355
1618377556515923,100050310827163,"Đồng hồ Nhà kho","Nhiều côn, nhiều búa, hình thức đẹp, giá tốt. Chie có thể là FF  ☎ 𝟶𝟿𝟼𝟥•𝟜𝟝𝟞•𝟿𝟞𝟥",0,"07/04/2026 03:36",https://www.facebook.com/donghonhakho.vn/posts/pfbid02CAhdB6db8wrPXHSEeUH3mYBmEZxjGm92VUwggo8pcEaH4wkqHA5GHSQasPHg6qcJl,Ảnh,,"Trọn đời",3,--,0.09,0.09,0,1169,6,0,2,0,1,1129,1704,,
1618358069851205,100050310827163,"Đồng hồ Nhà kho","#26 Đồng hồ Ô Đô – 36/8, vì sao được mệnh danh là “nữ hoàng âm thanh”?

🕰️ Một số phiên bản đồng hồ cổ Ô Đô 36/8 xuất hiện trong catalogue của hãng với đầy đủ chỉ dẫn và thông tin gốc. Đây là những mẫu đồng hồ không chỉ đẹp về hình thức mà còn có giá trị sưu tầm rất cao.

Điều làm nên sức hút của Ô Đô 36/8 là bộ máy bền bỉ, kết cấu ổn định cùng chất âm tươi sáng, mềm mại và giàu cảm xúc. Khi trình diễn bản nhạc Westminster, nhiều anh em chơi lâu năm đánh giá chất âm của dòng 36/8 hoàn toàn có thể sánh với những mẫu Ô Đô 360 nổi tiếng.

Một ưu điểm khác là mức đầu tư cho Ô Đô 36/8 hiện vẫn dễ tiếp cận hơn rất nhiều. Trong nhiều trường hợp, giá giao dịch chỉ bằng khoảng một phần mười so với những chiếc Ô Đô 360 cùng tình trạng. Đây là cơ hội để anh em sở hữu một chiếc đồng hồ cổ nguyên bản, âm thanh hay và có giá trị sưu tầm mà không cần đầu tư quá lớn.

Không phải ngẫu nhiên mà nhiều người chơi gọi Ô Đô 36 là “nữ hoàng âm thanh”. Dòng đồng hồ này có cá tính riêng, chất âm riêng và một sức hút rất đặc biệt. Chính điều đó đã giúp Ô Đô 36 luôn được người chơi và giới sưu tầm yêu thích, không chỉ tại Việt Nam mà còn ở nhiều quốc gia trên thế giới.

#DongHoOdo #Odo368 #NuHoangAmThanh #Westminster #8Con8Bua #DongHoCoPhap #DongHoQuaLac #DongHoNguyenBan #DongHoSuuTam #DoCoChauAu",60,"07/04/2026 03:05",https://www.facebook.com/reel/1245255538661075/,"Thước phim",,"Trọn đời",11,+18x,0.04,0.04,0,2917,56,0,40,3,2,2875,3461,9.819,29741.962
1618321026521576,100050310827163,"Đồng hồ Nhà kho","Radio cổ Hitachi tích hợp đầu đĩa than – Hàng nội địa Nhật nguyên bản

Chiếc radio cổ Hitachi là sự kết hợp giữa radio và đầu phát đĩa than trong cùng một thiết bị, mang đậm phong cách nội thất của Nhật Bản những thập niên trước. Máy vẫn hoạt động tốt, thu sóng ổn định, phát nhạc rõ ràng, các nút chỉnh và cơ cấu vận hành trơn tru.

Đầu đĩa than còn hoạt động bình thường, mang lại chất âm mộc mạc, ấm áp – nét đặc trưng mà những thiết bị âm thanh cổ luôn được người chơi yêu thích. Toàn bộ sản phẩm giữ trạng thái nguyên bản, hàng nội địa Nhật, có giá trị sưu tầm cao và phù hợp trưng bày trong phòng khách, phòng đọc sách, quán cà phê hoặc không gian hoài cổ.

Một món đồ vừa mang giá trị sử dụng, vừa lưu giữ dấu ấn của thời kỳ vàng son trong ngành điện tử Nhật Bản.",71,"07/04/2026 02:04",https://www.facebook.com/reel/999602792691345/,"Thước phim",,"Trọn đời",0,+8x,0.02,0.02,0,2003,7,1,9,0,0,1894,2176,7.467,15069.074
1618298729857139,100050310827163,"Đồng hồ Nhà kho","Con bò móng bọc đồng. Khả năng là ""Bò Chiến""",0,"07/04/2026 01:28",https://www.facebook.com/donghonhakho.vn/posts/pfbid05vEYYuCs9h5wARzjRyhVhBpRFRreTHP3M5JN4YCenUxhznLeHtuK5AiaaUPW9Qxnl,Ảnh,,"Trọn đời",2,--,0.02,0.02,0,1260,7,2,4,0,1,1214,1793,,
1618297676523911,100050310827163,"Đồng hồ Nhà kho","#25 Đồng hồ Ô Đô – 36/8 hai bản nhạc đời đầu cực hiếm

🕰️ Nếu dựa trên các số series mà em từng ghi nhận, chiếc Ô Đô 36/8 chơi hai bản nhạc này thuộc nhóm ra đời rất sớm của dòng Ô Đô 36.

Phần lớn các bộ máy em từng gặp đều có số series bắt đầu bằng đầu 1 hoặc đầu 2. Điều này cho thấy chúng xuất hiện trước nhiều phiên bản ba vách bệt về sau. Dù vẫn là kết cấu ba vách, đây nhiều khả năng là một trong những thế hệ ba vách đầu tiên và còn sử dụng kiểu máy ba vách dài đặc trưng của giai đoạn đầu.

Điểm đặc biệt của mẫu đồng hồ này là cấu hình 8 côn 8 búa, cứ 15 phút lại điểm một đoạn nhạc và chơi luân phiên hai bản nhạc Westminster và Cloches Comtoises, đúng như thông tin được ghi trên nhãn gốc của cánh cửa đồng hồ. Người chơi có thể sử dụng cần gạt để chuyển đổi giữa hai giai điệu một cách dễ dàng.

Việc sở hữu bộ máy đời đầu, kết cấu đặc biệt cùng khả năng chơi hai bản nhạc trên cấu hình 8 côn khiến đây trở thành một trong những phiên bản Ô Đô 36 có giá trị sưu tầm cao, rất được những người yêu đồng hồ cổ Pháp săn tìm.

#DongHoOdo #Odo368 #HaiBanNhac #Westminster #ClochesComtoises #8Con8Bua #DongHoCoPhap #DongHoNguyenBan #DongHoSuuTam #DoCoChauAu",139,"07/04/2026 01:27",https://www.facebook.com/reel/1022630636977569/,"Thước phim",,"Trọn đời",6,+45.8x,0.11,0.11,0,4622,48,0,39,2,3,4335,5033,14.892,67850.005
1618263666527312,100050310827163,"Đồng hồ Nhà kho","Sờ-pa đồng hồ cổ có thật sự cần thiết?

🕰️ Khi nhắc đến việc sờ-pa đồng hồ, rất nhiều anh em sẽ đặt câu hỏi: “Làm như vậy có mất nguyên bản không?”

Em cũng thường xuyên nhận được những câu hỏi như: “Chiếc này đã sờ-pa chưa?”, “Đã đánh vecni chưa?”, “Đã làm bóng lại chưa?”

Theo quan điểm của em, với vỏ gỗ đồng hồ cổ, sờ-pa lại mang một ý nghĩa hoàn toàn khác.

🌳 Những chiếc đồng hồ cổ châu Âu đã trải qua hàng chục, thậm chí hàng trăm năm trong điều kiện khí hậu ôn đới khá ổn định. Sau thời gian rất dài, kết cấu gỗ gần như đã ổn định hoàn toàn. Nhưng khi đưa về Việt Nam – nơi có khí hậu nhiệt đới gió mùa, nóng ẩm, mưa nhiều và độ ẩm thay đổi liên tục – gỗ bắt đầu hấp thụ ẩm, giãn nở rồi co lại theo từng mùa, từng đợt thời tiết.

Chính quá trình đó khiến rất nhiều chiếc đồng hồ xuất hiện hiện tượng bong veneer, hở mộng, nứt vecni, cong vênh hoặc mục ở những vị trí yếu. Đặc biệt, nhiều đồng hồ Pháp sử dụng veneer dán bằng keo hữu cơ nên càng nhạy cảm với môi trường nóng ẩm.

✨ Vì vậy, mục đích của sờ-pa không phải biến chiếc đồng hồ cũ thành mới.

Mục tiêu là:

* Làm sạch và ổn định bề mặt gỗ.
* Gia cố những vị trí có nguy cơ bong tách.
* Hạn chế hơi ẩm thấm sâu vào thớ gỗ.
* Giúp lớp hoàn thiện thích nghi tốt hơn với khí hậu Việt Nam.
* Tăng tuổi thọ của vỏ đồng hồ, đồng thời giữ được độ ổn định của thùng, yếu tố cũng ảnh hưởng đến chất lượng âm thanh.

🎨 Một người sờ-pa giỏi không phải là người làm cho chiếc đồng hồ mới tinh.

Người giỏi là người biết giữ lại những dấu vết của thời gian, giữ màu gỗ cũ, giữ lớp patina, giữ những vết lão hóa đẹp nhưng đồng thời làm cho chiếc vỏ sạch sẽ, chắc chắn và bền hơn.

Đó là sự khác biệt giữa phục hồi và làm mới.

⚙️ Hiện nay, nhiều người sử dụng veneer, vecni hoặc các hệ sơn PU phù hợp để bảo vệ bề mặt. Mỗi phương pháp đều có ưu điểm riêng, nhưng dù áp dụng kỹ thuật nào thì mục tiêu cuối cùng vẫn là bảo tồn, chứ không phải xóa bỏ lịch sử của chiếc đồng hồ.

📚 Vì vậy, theo em, anh em không nên quá lo ngại khi nghe một chiếc đồng hồ đã được sờ-pa. Điều đáng quan tâm hơn là ai là người thực hiện. Một người hiểu đồ cổ sẽ cố gắng bảo tồn tối đa giá trị nguyên bản. Ngược lại, nếu làm bởi người thiếu kinh nghiệm, việc đánh bóng quá mức, thay đổi màu sắc hay xóa sạch dấu vết thời gian mới thực sự làm giảm giá trị lịch sử và giá trị sưu tầm của chiếc đồng hồ.",0,"07/04/2026 00:32",https://www.facebook.com/donghonhakho.vn/posts/pfbid09rozm5sAEGPNfvVfqfGPBPdF6U6gfy2j8RDvEkvMHd54RcwbRfYArY7hrS7F3k2xl,Ảnh,,"Trọn đời",0,--,0.04,0.04,0,618,6,0,5,0,1,571,984,,
1618259983194347,100050310827163,"Đồng hồ Nhà kho","Bạn nghĩ người ta chơi đồng hồ cổ để làm gì?

Nếu ai đó hỏi tôi câu này cách đây mười năm, có lẽ tôi sẽ trả lời ngay:

“Để xem giờ.”

Nhưng càng gắn bó với đồng hồ cổ, tôi càng thấy câu trả lời ấy chưa đúng.

Bởi nếu chỉ để xem giờ, chiếc điện thoại trong túi chúng ta hôm nay làm tốt hơn rất nhiều. Nó chính xác, tiện lợi và gần như không bao giờ phải chỉnh.

Nếu chỉ để nghe chuông, mọi chuyện còn đơn giản hơn. Chỉ cần ghi âm tiếng chuông của một chiếc đồng hồ thật hay rồi phát qua một dàn loa tốt, âm thanh sẽ đều, chuẩn và không bao giờ bị sai nhịp.

Vậy tại sao vẫn có rất nhiều người dành thời gian, công sức, thậm chí bỏ ra số tiền không nhỏ để tìm một chiếc đồng hồ đã có tuổi đời cả trăm năm?

Tôi từng hỏi câu này với khá nhiều anh em chơi đồng hồ.

Điều thú vị là gần như không ai trả lời giống ai.

Có người bảo thích tiếng chuông.

Có người mê bộ máy.

Có người chỉ vì muốn tìm lại đúng chiếc đồng hồ từng treo trong nhà ông bà ngày trước.

Nhưng sau nhiều năm tiếp xúc với người chơi, theo nhận định của Đồng Hồ Nhà Kho, họ đều có một điểm chung.

Không ai chơi đồng hồ chỉ vì xem giờ.

Điều họ tìm kiếm là một cảm giác mà những thiết bị hiện đại rất khó mang lại.

Anh em thử để ý một chuyện rất đơn giản.

Có những âm thanh, khi còn xuất hiện hằng ngày thì mình không để ý.

Đến khi mất đi nhiều năm, chỉ cần vô tình nghe lại, tự nhiên thấy nhớ.

Tiếng tàu hỏa.

Tiếng ve mùa hè.

Tiếng rao buổi sáng.

Và với nhiều người, còn có cả tiếng chuông đồng hồ.

Có bác khách từng nói với tôi một câu mà đến giờ tôi vẫn nhớ:

“Nghe tiếng chuông đồng hồ, tự nhiên nhớ căn nhà cũ.”

Câu nói ấy rất ngắn, nhưng đủ để giải thích vì sao thú chơi này vẫn tồn tại đến ngày nay.

Người ta không mua một chiếc đồng hồ để sở hữu thêm một món đồ.

Người ta mua vì chiếc đồng hồ ấy gợi cho họ một điều gì đó.

Có thể là một kỷ niệm.

Có thể là một không gian sống.

Có thể chỉ là cảm giác bình yên mỗi khi đêm xuống, cả căn nhà yên tĩnh và chiếc đồng hồ vẫn đều đặn tích tắc như nó đã làm suốt hàng chục năm qua.

Nhưng nếu chỉ có cảm xúc thôi thì chưa đủ để tạo nên cả một cộng đồng sưu tầm lớn đến như vậy.

Điều làm tôi khâm phục hơn cả lại nằm ở chính cỗ máy.

Anh em thử nghĩ xem.

Một chiếc đồng hồ được sản xuất cách đây hơn một trăm năm.

Trong khoảng thời gian ấy, thế giới đã thay đổi không biết bao nhiêu lần. Rất nhiều phát minh từng được xem là đỉnh cao công nghệ rồi dần biến mất.

Thế nhưng chiếc đồng hồ ấy vẫn hoạt động bằng đúng những bánh răng, dây cót và quả lắc được chế tạo từ ngày đầu tiên.

Theo tôi, đó mới là điều đáng chơi.

Chúng ta không chỉ đang ngắm một món đồ cũ.

Chúng ta đang ngắm một thành tựu cơ khí đã vượt qua thử thách của thời gian.

Có một điều mà người mới chơi thường nhầm.

Họ nghĩ đồng hồ cổ quý vì nó cũ.

Thực ra, cũ chỉ là điều kiện cần.

Điều làm nên giá trị của một chiếc đồng hồ là sau từng ấy năm, nó còn giữ lại được những gì.

Bộ máy còn nguyên không?

Âm thanh còn đúng không?

Bộ côn có còn theo đúng đời máy không?

Thùng gỗ đã bị sửa chữa nhiều chưa?

Mỗi câu hỏi ấy đều là cả một câu chuyện.

Và cũng chính từ những câu chuyện ấy mà thú chơi đồng hồ cổ ngày càng trở nên hấp dẫn.

Có người bắt đầu vì thích tiếng chuông.

Có người bắt đầu vì thích vẻ đẹp của gỗ.

Có người bắt đầu chỉ vì nhìn thấy đúng chiếc đồng hồ từng treo trong nhà mình khi còn nhỏ.

Nhưng rồi hầu như ai cũng sẽ đi đến một điểm giống nhau.

Đó là bắt đầu tìm hiểu.

Càng tìm hiểu càng thấy nhiều điều thú vị.

Càng biết nhiều lại càng thấy mình còn rất nhiều điều chưa biết.

Có lẽ vì vậy mà đồng hồ cổ không phải là thú chơi của một ngày.

Đây là thú chơi của cả một quá trình khám phá.

Và biết đâu, điều thú vị nhất không nằm ở chiếc đồng hồ anh em đang sở hữu.

Mà nằm ở câu chuyện phía sau chiếc đồng hồ ấy.

⸻

Có thể anh em chưa biết

Nhiều người cho rằng đồng hồ cổ là thú chơi dành cho người lớn tuổi.

Thực tế, ở châu Âu và Mỹ, số lượng người trẻ tham gia các câu lạc bộ, hiệp hội sưu tầm đồng hồ cơ đang tăng khá đều trong nhiều năm gần đây. Họ đến với đồng hồ không chỉ vì giá trị sưu tầm, mà còn vì muốn hiểu cách con người cách đây hơn một thế kỷ có thể tạo ra những cỗ máy hoạt động chính xác đến như vậy mà gần như không cần bất kỳ thiết bị điện tử nào.",0,"07/04/2026 00:26",https://www.facebook.com/donghonhakho.vn/posts/pfbid0xAPyJtZ1mSAPhnZzuNAtRNHvzimbFJZmJX5vU7FCHnENHSRTFUtjwVkjZBWqiacil,Ảnh,,"Trọn đời",53,--,2.19,2.19,0,22600,165,1,102,5,19,21843,30260,,
1618110206542658,100050310827163,"Đồng hồ Nhà kho","Nhớ ngày bé, mỗi lần ngủ trưa hay thức giấc giữa đêm, âm thanh quen thuộc nhất vẫn là tiếng tích tắc đều đặn vọng từ chiếc đồng hồ.",0,"07/03/2026 20:08",https://www.facebook.com/donghonhakho.vn/posts/pfbid022nj4rqwGmc6BtxyQJZXauM9xpQ3CKwH1nMrr2HXBrxjZ3tV3Lb51raPwpWAHvHgGl,"Văn bản",,"Trọn đời",0,--,0.03,0.03,0,833,4,0,3,0,1,792,1227,,
1618097449877267,100050310827163,"Đồng hồ Nhà kho","Đồng Hồ Ju- ra  8 Côn Mặt Số Nổi – Thùng Vân Gỗ Sang Trọng – Mã số K130
💵:9tr5
✨ Nổi bật với thùng gỗ bo cong mềm mại, phủ veneer vân gỗ đối xứng đẹp mắt, tông màu mật ong sang trọng. Mặt số nổi nguyên bản kết hợp bộ kim đúng đời tạo nên vẻ đẹp cổ điển đầy cuốn hút.

⚙️ Bộ máy vận hành ổn định, kết cấu bền bỉ. Chơi bản nhạc Westminster với chất âm trầm ấm, ngân vang, điểm chuông chuẩn từng mốc 15 phút và báo giờ đầy đủ.

📏 Kích thước: 58 × 45 cm.

🏠 Nhà Kho Đồng Hồ Cổ
📍Khu đô thị Văn Phú - Hà Đông – Hà Nội
☎️ 0️⃣9️⃣6️⃣3️⃣ ✦ 4️⃣5️⃣6️⃣ ✦ 9️⃣6️⃣3️⃣

#donghoco #donghoJura #dongho8con #donghoqulac #donghocophap #donghonguyenban #donghosuutam #Westminster #amthanhdonghoco #docochauAu #donghocotreoTuong #donghochauAu #donghoco #maycoPhap #NhakhoDongHoCo",0,"07/03/2026 19:47",https://www.facebook.com/donghonhakho.vn/posts/pfbid0SMATyr5Zxddfm7yxN75W3gLMaVHpWqhPgKeKuBCo2SrXRCZwFs41FKG3ebrg6zwrl,Ảnh,,"Trọn đời",2,--,0.06,0.06,0,754,5,0,3,0,0,717,1136,,
1618080896545589,100050310827163,"Đồng hồ Nhà kho","Ô Đô vẫn được sản xuất đến tận khoảng năm 2000? Điều này khiến rất nhiều anh em bất ngờ!

🕰️ Nhiều người vẫn cho rằng Ô Đô đã dừng sản xuất từ rất sớm. Tuy nhiên, trên một số chiếc đồng hồ còn lưu giữ tấm tem lịch sử chính thức của hãng, trong đó ghi lại các cột mốc phát triển từ những người sáng lập đầu tiên cho đến ít nhất khoảng năm 1999. Điều này cho thấy thương hiệu Ô Đô vẫn còn tồn tại và tiếp tục có sản phẩm ở giai đoạn cuối của thế kỷ XX.

📜 Cũng chính vì vậy, anh em sẽ bắt gặp những chiếc Ô Đô một vách có kết cấu khá giống các bộ máy của FHS hoặc Kieninger. Theo nhiều tài liệu và hiện vật thực tế, đây là giai đoạn hãng sử dụng các bộ máy do đối tác chuyên sản xuất cung cấp theo hình thức OEM, thay vì tự chế tạo toàn bộ như các thế hệ trước.

⚙️ Những mẫu này chủ yếu xuất hiện trên đồng hồ treo tường và đồng hồ tủ đời muộn. Đặc điểm dễ nhận biết là vách máy mỏng hơn, búa nhựa và chất âm nhẹ hơn so với các dòng 8 côn, 10 côn đời cổ. Đây là định hướng thiết kế của giai đoạn cuối, không phải hàng giả hay hàng nhái, mà là những sản phẩm chính thống mang tính kế thừa của thương hiệu.

✨ Theo quan điểm của em, đây là những “chương cuối” trong lịch sử phát triển của Ô Đô. Chúng không mang triết lý chế tác như các dòng máy cổ kinh điển, nhưng vẫn là những sản phẩm chính hãng, phản ánh sự chuyển mình của một thương hiệu nổi tiếng trước khi khép lại một giai đoạn lịch sử đáng nhớ.

Lưu ý: Từ tấm tem có thể khẳng định thương hiệu còn hoạt động đến khoảng năm 1999, nhưng không thể chỉ dựa vào đó để kết luận mọi mẫu mang tên Ô Đô đều được hãng tự sản xuất hoàn toàn ở giai đoạn này. Phần nhận định về OEM là suy luận dựa trên đặc điểm bộ máy và các hiện vật đã gặp, chứ chưa phải kết luận chính thức từ tài liệu của hãng.",0,"07/03/2026 19:19",https://www.facebook.com/donghonhakho.vn/posts/pfbid02L72DhLqeDRrBZWh5TXVoJxULhL7xp2g6tnazz3anFCqMRZiD6aLUSKtM1xRjPn5rl,Ảnh,,"Trọn đời",3,--,0.12,0.12,0,1900,16,0,11,1,1,1840,2664,,
1618064453213900,100050310827163,"Đồng hồ Nhà kho","Junghan 5 côn đồng bạch giá tốt mời ae
 ☎ 𝟶𝟿𝟼𝟥•𝟜𝟝𝟞•𝟿𝟞𝟥",0,"07/03/2026 18:52",https://www.facebook.com/donghonhakho.vn/posts/pfbid028uDqShoiFqrVe9XjfEn7QYEGWZ4xuCJR4uVZTtaobufzsQwMyNWYfgh8UhHDMThjl,Ảnh,,"Trọn đời",2,--,0.02,0.02,0,1090,11,1,8,0,1,1048,1579,,
1617977413222604,100050310827163,"Đồng hồ Nhà kho",,0,"07/03/2026 16:13",https://www.facebook.com/donghonhakho.vn/posts/pfbid02pQfjT5ewJt44FbKaBqoPVpGnh4C1FgLt4RmQoHmHANFPKjirurxyki2n1Jh2VLVBl,Ảnh,,"Trọn đời",0,--,0.01,0.01,0,363,2,0,1,0,1,342,580,,
1617825279904484,100050310827163,"Đồng hồ Nhà kho",,0,"07/03/2026 11:36",https://www.facebook.com/photo.php?fbid=1617825279904484&set=a.846017200418633&type=3,Ảnh,,"Trọn đời",0,--,0.01,0.01,0,350,1,0,1,0,0,326,592,,
1617821633238182,100050310827163,"Đồng hồ Nhà kho","6 mẫu logo của odo hay dùng",0,"07/03/2026 11:32",https://www.facebook.com/donghonhakho.vn/posts/pfbid0kDTZQxm1FyFfg83YDdFqMzVMFzhoDg2PBG5S96gpYHfAKpxqE2vAhMr6E1F3FYm6l,Ảnh,,"Trọn đời",0,--,0.01,0.01,0,582,2,0,1,0,1,559,901,,
1617543613265984,100050310827163,"Đồng hồ Nhà kho","🕰️ Anh em lưu ý, trong quá trình bảo dưỡng đồng hồ cổ tuyệt đối không nên dùng kìm để vặn ốc.

🔧 Hiện nay có rất nhiều loại tua vít chuyên dụng dành cho đồng hồ với giá chỉ vài chục nghìn đồng, đầu vít ôm khít rãnh ốc, giúp thao tác dễ dàng và hạn chế tối đa tình trạng trượt làm toét đầu ốc.

⚙️ Một con ốc bị toét không chỉ làm mất thẩm mỹ mà còn ảnh hưởng đến tính nguyên bản và giá trị sưu tầm của cả bộ máy. Nhiều chiếc đồng hồ rất đẹp nhưng chỉ vì những vết kìm hoặc đầu ốc hư hỏng mà giá trị giảm đi đáng kể.

✨ Dụng cụ không cần đắt tiền, chỉ cần đúng loại và sử dụng đúng cách. Chăm sóc cẩn thận từng chi tiết nhỏ cũng chính là cách giữ gìn giá trị của một chiếc đồng hồ cổ qua nhiều thế hệ.

#donghoco #donghocophap #donghocoduc #baoduongdongho #suachuadonghoco #donghonguyenban #kinhnghiemchoidonghoco #donghosuutam #do_co_chau_au #giatrisuutam",56,"07/03/2026 05:04",https://www.facebook.com/reel/2641904742934929/,"Thước phim",,"Trọn đời",1,+3.6x,0.13,0.13,0,6865,52,3,46,5,1,6524,7514,14.439,96308.738
1617542933266052,100050310827163,"Đồng hồ Nhà kho","🕰️ Anh em lưu ý, trong quá trình bảo dưỡng đồng hồ cổ tuyệt đối không nên dùng kìm để vặn ốc.

🔧 Hiện nay có rất nhiều loại tua vít chuyên dụng dành cho đồng hồ với giá chỉ vài chục nghìn đồng, đầu vít ôm khít rãnh ốc, giúp thao tác dễ dàng và hạn chế tối đa tình trạng trượt làm toét đầu ốc.

⚙️ Một con ốc bị toét không chỉ làm mất thẩm mỹ mà còn ảnh hưởng đến tính nguyên bản và giá trị sưu tầm của cả bộ máy. Nhiều chiếc đồng hồ rất đẹp nhưng chỉ vì những vết kìm hoặc đầu ốc hư hỏng mà giá trị giảm đi đáng kể.

✨ Dụng cụ không cần đắt tiền, chỉ cần đúng loại và sử dụng đúng cách. Chăm sóc cẩn thận từng chi tiết nhỏ cũng chính là cách giữ gìn giá trị của một chiếc đồng hồ cổ qua nhiều thế hệ.

#donghoco #donghocophap #donghocoduc #baoduongdongho #suachuadonghoco #donghonguyenban #kinhnghiemchoidonghoco #donghosuutam #do_co_chau_au #giatrisuutam",56,"07/03/2026 05:03",https://www.facebook.com/reel/4225418951082923/,"Thước phim",,"Trọn đời",8,+13.3x,0.11,0.11,0,5458,42,1,32,1,1,5242,5927,12.339,66608.353
1617536399933372,100050310827163,"Đồng hồ Nhà kho","🕰️ Chiếc đồng hồ vai bò cổ sở hữu kiểu dáng nhỏ gọn, cân đối và hài hòa, rất dễ bố trí trong nhiều không gian từ phòng khách, phòng làm việc đến góc trưng bày.

✨ Thùng gỗ được tạo hình thanh thoát, kết hợp những đường nét và hoa văn bắt mắt, mang đậm phong cách đồng hồ châu Âu cổ. Tổng thể nguyên bản, bền đẹp theo thời gian và có giá trị sưu tầm cao.

🔔 Không chỉ đẹp về hình thức, chiếc đồng hồ còn là lựa chọn phù hợp cho anh em yêu thích đồng hồ cơ cổ với mức giao lưu rất nhẹ nhàng, dễ tiếp cận nhưng vẫn giữ được nét đẹp và giá trị của một món đồ sưu tầm.

📚 Kính mời quý anh, quý bác cùng tham khảo và trải nghiệm.",58,"07/03/2026 04:54",https://www.facebook.com/reel/2100172100895231/,"Thước phim",,"Trọn đời",9,+14.1x,0.01,0.01,0,1872,18,0,9,0,1,1775,2031,5.835,10965.301
1617524613267884,100050310827163,"Đồng hồ Nhà kho","Thân con bò + Chân con cọp = Con gì ạ?",0,"07/03/2026 04:37",https://www.facebook.com/donghonhakho.vn/posts/pfbid02nQgpur8HNtDrkuieiBCGS6iVvbhVKdwfCn7VXHwzse6scjVVQVQcEJJtC9fU5agul,Ảnh,,"Trọn đời",0,--,0.05,0.05,0,787,5,0,4,0,1,770,1149,,
1617497446603934,100050310827163,"Đồng hồ Nhà kho","Mẫu này bày đâu cũng đẹp",0,"07/03/2026 03:59",https://www.facebook.com/donghonhakho.vn/posts/pfbid0ZTKggiT1dVXCc4SmbCAYEvYvwesaP2k5TGCKfyk57YEpLkYgkZN2cEZrD8pHqHqml,Ảnh,,"Trọn đời",16,--,0.69,0.69,0,8456,48,2,32,0,2,8551,11755,,
1617483106605368,100050310827163,"Đồng hồ Nhà kho","Tên bản nhạc trong tiếng Pháp được viết là:

Gaï Carillon

* Gai: vui tươi, rộn ràng.
* Carillon: dàn chuông hoặc khúc nhạc chuông.

Có thể hiểu là “Khúc chuông vui” hoặc “Tiếng chuông rộn ràng”.

Trong giới chơi đồng hồ cổ ở Việt Nam, nhiều người đọc chệch thành “Gai Carillon”, “Guy Carillon”, thậm chí “Gaï Carillon”, nhưng cách viết tiếng Pháp chuẩn là:

Gaï Carillon",12,"07/03/2026 03:36",https://www.facebook.com/reel/1672609207364344/,"Thước phim",,"Trọn đời",10,+21.5x,0.12,0.12,0,22792,302,28,274,20,6,21787,36013,11.49,254366.346
1617478309939181,100050310827163,"Đồng hồ Nhà kho","🕰️ Trên dòng máy 24 của Ô Đô có một phiên bản rất đặc biệt, đó là đồng hồ chơi hai bản nhạc Sonodo và Westminster.

🎼 Theo quan điểm cá nhân của em, cái tên Sonodo có thể được ghép từ “Son” (con trai) và “Ô Đô”, hiểu theo nghĩa là “người con trai của Ô Đô”. Đây chỉ là góc nhìn và cách lý giải cá nhân của em, hiện em chưa thấy tài liệu chính thức nào của hãng xác nhận nguồn gốc tên gọi này.

⚙️ Về kỹ thuật, dòng Sonodo sở hữu nhiều ưu điểm nổi bật. Bộ máy 10 búa hoạt động bền bỉ, kết cấu cơ khí tương đồng với các dòng máy 10 búa cao cấp của Ô Đô. Phần lớn đồng hồ đều có thùng đẹp, mặt số đẹp, chất lượng hoàn thiện cao và chất âm rất giàu cảm xúc.

📚 Điều đặc biệt là bản nhạc Sonodo chỉ xuất hiện trên dòng máy 24, gồm các mẫu Ô Đô 54, Ô Đô 57 và Ô Đô 62. Cho đến nay, chưa ghi nhận bản nhạc này trên các dòng máy 30, máy 36, đồng hồ tủ hay đồng hồ vai bò của hãng.

✨ Qua thời gian, những chiếc Ô Đô Sonodo ngày càng khẳng định vị thế trong giới sưu tầm. Không chỉ bởi độ hiếm, mà còn nhờ chất lượng cơ khí, độ bền và nét riêng trong âm thanh khiến nhiều người chơi lâu năm luôn mong muốn sở hữu.",0,"07/03/2026 03:30",https://www.facebook.com/donghonhakho.vn/posts/pfbid02NHpEZsj5tiwxybB1EFSYPMN21asgrrpaJ62sa5x9DeADgYTpk3yG2tMJyMDFVNHdl,Ảnh,,"Trọn đời",0,--,0.08,0.08,0,1216,7,0,6,0,1,1194,1799,,
1617383893281956,100050310827163,"Đồng hồ Nhà kho","Đồng Hồ Ô Đô Ông Tây Đánh Chuông – Mã số K129
💵:5tr
✨ Thiết kế đặc trưng, rất dễ nhận biết với tượng Ông Tây gõ chuông mỗi khi điểm giờ. Đây là một trong những mẫu đồng hồ cổ Pháp độc đáo, mang đậm phong cách cơ khí châu Âu và có giá trị sưu tầm cao. 

✨ Kích thước 45 × 35 cm, nhỏ gọn, phù hợp nhiều không gian trưng bày.

🔔 Cơ chế điểm chuông mỗi 30 phút một lần với tiếng chuông trong, rõ, dễ nghe. Hình tượng Ông Tây chuyển động đánh trực tiếp vào chuông đồng tạo nên nét thú vị mà ít mẫu đồng hồ cơ cổ nào có được.

⚙️ Bộ máy cơ khí nguyên bản hoạt động ổn định, bền bỉ, là một mẫu đồng hồ vừa để chơi vừa để sưu tầm lâu dài.

📍 Khu đô thị Văn Phú, Hà Đông, Hà Nội
☎️ 0️⃣9️⃣6️⃣3️⃣ ✦ 4️⃣5️⃣6️⃣ ✦ 9️⃣6️⃣3️⃣

#DongHoCo #DongHoOdo #DongHoOngTay #QuaLacBenTrong #DongHoCoPhap #DongHoChauAuCo #DongHoQuaLac #DongHoNguyenBan #DongHoSuuTam #DongHoArtDeco #AmThanhDongHoCo #DoCoChauAu #DongHoCoDep #DongHoTreoTuong",0,"07/03/2026 01:00",https://www.facebook.com/donghonhakho.vn/posts/pfbid0vPjp39TmFuktb1u2dZ6JMN28xXbWRsscv5G52Qkd44vVjvSQvEEXvQrGsrQSwYB4l,Ảnh,,"Trọn đời",2,--,0.04,0.04,0,551,3,0,1,0,0,508,851,,
1617237639963248,100050310827163,"Đồng hồ Nhà kho","Bò chân móng thú. Đẹp và zin mời ae ạ",0,"07/02/2026 20:46",https://www.facebook.com/donghonhakho.vn/posts/pfbid02qTTTu4haA325xRpxn4ouopSXVAdmcKFnHpmyiFaJCzb8TAX2FadP95VZ65utRoKl,Ảnh,,"Trọn đời",4,--,0.15,0.15,0,2479,19,0,14,0,2,2393,3296,,
1617215129965499,100050310827163,"Đồng hồ Nhà kho","#23 Đồng hồ Ô Đô – Côn 111, vì sao được người chơi yêu thích?

🕰️ Côn 111 là loại côn được sử dụng trên dòng máy 24 của Ô Đô. Tại Việt Nam, loại côn này thường gặp nhất trên hai dòng máy được gọi là Ô Đô 54 và Ô Đô 57.

Tên gọi “111” xuất phát từ ký hiệu được đúc trực tiếp trên cụm côn. Nhiều khả năng ba con số này đã được đưa vào ngay từ khi chế tạo khuôn đúc, vì vậy đến nay vẫn là dấu hiệu nhận biết quen thuộc của dòng côn này.

Về cấu tạo, côn 111 có hai phiên bản chính là 10 que và 6 que. Phiên bản 10 que thường xuất hiện trên các máy chơi hai bản nhạc như Westminster – Guy Carillon hoặc Westminster – Ave Maria. Ngoài ra còn có một biến thể ít gặp hơn, chỉ sử dụng một thanh côn ở giữa để chơi bản nhạc Sonodo đặc trưng trên dòng Ô Đô 54 và 57.

Điểm mạnh của côn 111 là chất âm sáng, rõ, chuẩn tông, chuẩn nốt, mang phong cách vui tươi và nhộn nhịp. So với dòng Ô Đô 36, côn 111 không có dải âm trầm sâu và độ ngân dài bằng, nhưng lại tạo cảm giác rộn ràng, tươi sáng và rất dễ nghe. Đây cũng là nét đặc trưng khiến nhiều người yêu thích dòng máy này.

Một ưu điểm khác là mức đầu tư dễ tiếp cận hơn so với Ô Đô 36, trong khi nguồn cung trên thị trường khá dồi dào. Chính vì vậy, Ô Đô 54 và Ô Đô 57 sử dụng côn 111 luôn nằm trong nhóm những mẫu đồng hồ được giao dịch nhiều, tính thanh khoản cao và rất được người chơi tại Việt Nam ưa chuộng.

Do sử dụng máy 24 với tay nhạc ngắn, các mẫu đồng hồ này thường đi cùng kiểu thùng bè. Kích thước thùng lớn, cân đối và bề thế giúp chiếc đồng hồ trở thành điểm nhấn nổi bật trong không gian trưng bày, vừa đẹp về hình thức vừa mang giá trị sưu tầm lâu dài.

#DongHoOdo #Con111 #Odo54 #Odo57 #May24 #DongHoCoPhap #DongHoQuaLac #Westminster #DongHoSuuTam #DoCoChauAu",106,"07/02/2026 20:07",https://www.facebook.com/reel/1564886898684951/,"Thước phim",,"Trọn đời",21,+145.3x,0.32,0.32,0,9098,112,5,81,11,1,8580,10289,22.965,209188.796
1616833136670365,100050310827163,"Đồng hồ Nhà kho","🕰️ Nếu anh em không có chuyên môn thì đừng tự ý thử nghiệm, vì nhiều khi tưởng là cải tiến nhưng lại vô tình làm hỏng cả bộ máy.

Đây là chiếc đồng hồ của một người bạn em. Được người quen cho một lọ dầu bôi trơn, nghe nói là dầu ngoại dùng trong quân sự. Tin tưởng tra vào máy, chỉ khoảng hai tháng sau thì dây cót đã rỉ sét rất nặng.

⚙️ Dầu tra đồng hồ không hề đắt, nhưng phải đúng loại. Một loại dầu đạt yêu cầu cần có khả năng bôi trơn tốt, ổn định theo thời gian, ít bay hơi và bảo vệ bề mặt kim loại khỏi quá trình oxy hóa. Quan trọng hơn nữa là phải chọn độ nhớt phù hợp với tình trạng của từng bộ máy. Đồng hồ còn mới, đồng hồ đã mòn hay xuống cấp sẽ cần loại dầu khác nhau, không thể dùng một loại cho tất cả.

🎁 Bác nào qua chỗ em, em tặng luôn dầu tra máy. Điều quan trọng không phải là dùng dầu đắt tiền, mà là đúng loại dầu và đúng kỹ thuật để chiếc đồng hồ cổ luôn bền đẹp theo thời gian.

#donghoco #donghocophap #donghocoduc #donghocokhi #donghonguyenban #baoduongdongho #suachuadonghoco #kinhnghiemchoidonghoco #donghosuutam #do_co_chau_au",59,"07/02/2026 09:28",https://www.facebook.com/reel/919463917864200/,"Thước phim",,"Trọn đời",7,+12.1x,0.14,0.14,0,4880,34,2,27,2,1,4718,5663,17.556,86165.971
1616816396672039,100050310827163,"Đồng hồ Nhà kho","#22 Đồng hồ Ô Đô – 57/10, côn 1-1-1 huyền thoại

🕰️ Trong các dòng Ô Đô 10 côn, nhiều anh em đánh giá Ô Đô 57 là một trong những phiên bản đáng chơi nhất.

Điểm nổi bật của dòng 57 nằm ở bộ côn 1-1-1 đặc trưng, tạo nên chất âm bính boong ngân nga, mềm mại và rất giàu cảm xúc. Bên cạnh chất âm, bộ máy cơ khí của Ô Đô 57 còn được đánh giá cao nhờ khả năng chịu mài mòn tốt, vận hành ổn định và độ bền theo thời gian, vì vậy luôn được người chơi và giới sưu tầm yêu thích.

Trong giới chơi đồng hồ cổ, nhắc đến Ô Đô 57 là nhiều người sẽ nhớ ngay câu quen thuộc: “Máy vát – vồ vuông – côn 1-1-1.” Đây là những đặc điểm nhận diện đã trở thành dấu ấn của dòng máy này và cũng là lý do khiến Ô Đô 57 luôn giữ được sức hút qua nhiều thập kỷ.

#DongHoOdo #Odo5710 #10Con10Bua #Con111 #DongHoCoPhap #DongHoQuaLac #DongHoCo #DongHoNguyenBan #DongHoSuuTam #DoCoChauAu",139,"07/02/2026 09:04",https://www.facebook.com/reel/1363347339084540/,"Thước phim",,"Trọn đời",10,+33.6x,0.06,0.06,0,3162,37,0,25,2,0,2945,3464,12.217,38205.102
1616807363339609,100050310827163,"Đồng hồ Nhà kho","#21 Đồng hồ Ô Đô – 62/10 có thật sự đáng chơi?

🕰️ Ô Đô 62/10 có tốt không? Có. Có bền không? Có. Chất âm có hay không? Cũng rất hay.

Tuy nhiên, nếu đặt cạnh dòng Ô Đô 36 thì nhiều anh em chơi lâu năm vẫn đánh giá Ô Đô 36 nhỉnh hơn về chất âm. Tiếng chuông của Ô Đô 36 mềm mại, cân đối, các nốt nhạc phân bố đều, tạo cảm giác rất dễ nghe và giàu cảm xúc.

Đó cũng là lý do Ô Đô 36 luôn là dòng máy được nhiều người yêu thích và được giới sưu tầm đánh giá cao. Còn Ô Đô 62/10 lại có lợi thế về độ bền, mức đầu tư hợp lý và tiếng chuông vui tươi, phù hợp với những anh em muốn sở hữu một chiếc đồng hồ cổ nguyên bản có giá trị sưu tầm mà không cần đầu tư quá lớn.

#DongHoOdo #Odo6210 #Odo36 #DongHoCoPhap #DongHoCo #DongHoQuaLac #DongHoNguyenBan #DongHoSuuTam #AmThanhDongHoCo #DoCoChauAu",93,"07/02/2026 08:50",https://www.facebook.com/reel/2522943514802213/,"Thước phim",,"Trọn đời",2,+17.7x,0.05,0.05,0,2554,25,1,22,0,1,2405,2779,11.11,28065.331
1616746440012368,100050310827163,"Đồng hồ Nhà kho",,0,"07/02/2026 07:25",https://www.facebook.com/photo.php?fbid=1616746440012368&set=a.846017200418633&type=3,Ảnh,,"Trọn đời",0,--,0.01,0.01,0,478,3,0,3,0,0,441,735,,
1616691256684553,100050310827163,"Đồng hồ Nhà kho","Đồng hồ, nghề thủ công lâu đời của châu Âu.
Điều làm người ta yêu thích săn lùng bởi mỗi chiếc làm ra là ""Độc bản"".",0,"07/02/2026 06:07",https://www.facebook.com/donghonhakho.vn/posts/pfbid02knf6KMJL3wthWpkH36M7FQKQmboGNZNPs4gvQXKS2FirF1n8UUGqWbkaX9HjDsqrl,Ảnh,,"Trọn đời",8,--,0.07,0.07,0,1257,14,0,5,0,1,1209,1821,,
1616653496688329,100050310827163,"Đồng hồ Nhà kho","REVIEW #70 | 📞 0️⃣9️⃣6️⃣3️⃣ ✦ 4️⃣5️⃣6️⃣ ✦ 9️⃣6️⃣3️⃣ | Dung Han vai bò đồng bạch – chất âm làm nên tên tuổi

Theo kinh nghiệm thực tế của Nhà Kho, những chiếc Dung Han vai bò sử dụng bộ côn đồng bạch là một trong những phiên bản có chất âm ấn tượng nhất của hãng.

Điểm khác biệt nằm ở vật liệu chế tạo bộ côn. Khi kết hợp với thiết kế thùng cộng hưởng đặc trưng của Dung Han, bộ côn đồng bạch tạo nên tiếng chuông có độ ngân dài, âm sáng nhưng không gắt, đồng thời vẫn giữ được sự mềm mại và chiều sâu trong từng nhịp điểm. Chất âm rõ tông, rõ nốt, nghe rất tự nhiên và cuốn hút.

Chính sự kết hợp giữa bộ máy cơ khí bền bỉ, thiết kế thùng hợp lý và bộ côn đồng bạch đã giúp dòng đồng hồ này trở thành lựa chọn được nhiều người yêu đồng hồ cổ Đức đánh giá cao, cả về khả năng trình diễn âm thanh lẫn giá trị sưu tầm.

#dunghan #vaiboduc #dongbach #donghoduc #gioisuutam",10,"07/02/2026 05:11",https://www.facebook.com/reel/1567596258036594/,"Thước phim",,"Trọn đời",2,+3.7x,0,0,0,3609,41,4,36,4,0,3496,4437,4.741,16985.468
1616642023356143,100050310827163,"Đồng hồ Nhà kho","Thay mặt các cháu cảm ơn anh Tú Đồ Xưa ạ. Bác thương, tôi kiếm được cho các cháu bơ gạo",0,"07/02/2026 04:54",https://www.facebook.com/donghonhakho.vn/posts/pfbid0YhXgBSoPMLqLt4qUeXfcK7WNdsoZ1VsenLUAEvFxiy3HFGyNozAbgQmDHw1aivkil,Ảnh,,"Trọn đời",3,--,0.33,0.33,0,3814,13,-2,9,0,1,3804,5341,,
1616625330024479,100050310827163,"Đồng hồ Nhà kho","Vì là phiên bản ra đời sau nên những chiếc Ô đô 62 thường có độ bền cơ học cao hơn so với các đời trước. Chất âm của 62 mang tông sáng, vui tươi, mạch lạc và rất dễ nghe. Tuy nhiên, nếu so với dòng 360 thì 62 không có được sự trầm ấm và chiều sâu đặc trưng của tiếng chuông.

Bù lại, Ô đô 62 có mức đầu tư dễ tiếp cận hơn rất nhiều, thường chỉ khoảng một phần tư giá trị của một chiếc 360. Đây là lựa chọn rất phù hợp cho những anh em yêu thích đồng hồ cổ, muốn sở hữu bộ máy 10 côn nguyên bản, vẫn giữ được tiếng chuông bính boong truyền thống đặc trưng, nhưng với mức tài chính hợp lý và dễ tiếp cận hơn.",0,"07/02/2026 04:30",https://www.facebook.com/donghonhakho.vn/posts/pfbid0FhUHQKfBGKawKTHe4KHfNgBrtjdKrVbjeyJYR2XZ2TbzYvo6a5M8cRKzTDCPEAZtl,Ảnh,,"Trọn đời",0,--,0.07,0.07,0,1153,3,0,2,0,1,1150,1646,,
1616620106691668,100050310827163,"Đồng hồ Nhà kho","#20 Đồng hồ Ô Đô – 62/10, lựa chọn đáng cân nhắc cho người yêu đồng hồ cổ

🕰️ Ô Đô 62/10 côn là một trong những phiên bản ra đời muộn nhất của dòng đồng hồ cổ Ô Đô truyền thống. Nhờ được sản xuất ở giai đoạn sau nên phần lớn các bộ máy còn có thời gian vận hành ít hơn so với những đời trước, vì vậy độ ổn định và độ bền cơ học thường được đánh giá cao.

Điểm nổi bật của Ô Đô 62 là chất âm vui tươi, nhẹ nhàng và nhộn nhịp với tiếng chuông bính boong rất dễ nghe. Dù không mang chất âm trầm ấm như dòng 360, nhưng mẫu đồng hồ này lại có nét cuốn hút riêng, phù hợp với nhiều không gian sinh hoạt và sở thích khác nhau.

Một ưu điểm lớn của Ô Đô 62 là giá trị sưu tầm vẫn rất hấp dẫn trong khi mức đầu tư dễ tiếp cận hơn nhiều, thường chỉ vào khoảng một phần tư so với dòng 360. Đây là cơ hội để những anh em yêu thích đồng hồ cổ, yêu tiếng chuông bính boong và muốn sở hữu một chiếc đồng hồ nguyên bản có thể bắt đầu hành trình sưu tầm của mình.

Mỗi chiếc đồng hồ đều được tuyển chọn kỹ lưỡng, ưu tiên tính nguyên bản và giá trị sưu tầm lâu dài.

#DongHoOdo #Odo6210 #DongHoCoPhap #DongHoCo #DongHoQuaLac #TiengChuongBinhBoong #DongHoNguyenBan #DongHoSuuTam #DoCoChauAu #GiaTriSuuTam",124,"07/02/2026 04:22",https://www.facebook.com/reel/866316846534793/,"Thước phim",,"Trọn đời",12,+56.5x,0.11,0.11,0,5339,57,2,45,2,0,5051,5844,12.761,67727.64
1616595536694125,100050310827163,"Đồng hồ Nhà kho","Ba loại máy mà anh em rất hay bị nhầm lẫn là Ô đô 57, Ô đô 62 cọc đen và Ô đô 62 cọc trắng.

Về kích thước máy, cơ cấu chuyển động và hình dáng linh kiện thì gần như giống hệt nhau. Tuy nhiên, nếu để ý kỹ sẽ có vài điểm khác biệt.

Đầu tiên là vách hoa dâu. Dòng 57 có bề mặt thô và ráp hơn, còn dòng 62 được hoàn thiện mịn hơn. Chỉ cần sờ tay vào là có thể cảm nhận được sự khác biệt.

Thứ hai là logo và màu cọc máy. Dòng 57 cọc đen có logo. Dòng 62 cọc đen không có logo. Còn 62 cọc trắng có logo.

Cuối cùng là búa gõ. Dòng 57 sử dụng búa vuông, còn dòng 62 sử dụng búa tròn.

Chỉ cần nhớ ba đặc điểm này là anh em có thể phân biệt khá nhanh giữa Ô đô 57, Ô đô 62 cọc đen và Ô đô 62 cọc trắng, tránh nhầm lẫn khi sưu tầm hoặc sửa chữa đồng hồ cổ.",118,"07/02/2026 03:44",https://www.facebook.com/reel/1547457716827597/,"Thước phim",,"Trọn đời",31,+337.3x,0.72,0.72,0,24798,356,28,253,80,11,23235,26976,21.729,517541.76
1616497926703886,100050310827163,"Đồng hồ Nhà kho","Bộ Ly Rượu Đức Vẽ Hoa Thủ Công Trang Nhã – Mã số D30
💵: 5tr2
✨ Một bộ đồ uống mang đậm nét châu Âu cổ, gồm 1 bình đựng rượu và 6 ly đồng bộ. Dáng bình thanh thoát kết hợp nắp thủy tinh tròn, ly có chân cao thanh lịch, tạo nên tổng thể sang trọng và tinh tế.

✨ Điểm nổi bật của bộ là họa tiết hoa vẽ thủ công trên nền thủy tinh màu hổ phách đỏ, từng cánh hoa và chiếc lá đều được thể hiện tỉ mỉ, mang vẻ đẹp mềm mại và giàu tính nghệ thuật. Những bộ thủy tinh vẽ tay như vậy luôn được người yêu đồ cổ châu Âu đánh giá cao nhờ giá trị thẩm mỹ và tính sưu tầm.  

✨ Phù hợp để trưng bày phòng khách, tủ rượu hoặc sử dụng trong những buổi gặp gỡ thân mật. Một món đồ vừa có công năng, vừa là điểm nhấn nổi bật cho không gian sống.

📍Khu đô thị Văn Phú - Hà Đông – Hà Nội
☎️ 0️⃣9️⃣6️⃣3️⃣ • 4️⃣5️⃣6️⃣ • 9️⃣6️⃣3️⃣

#BoLyRuouDuc #DoCoChauAu #LyRuouCo #BinhRuouCo #ThuyTinhVeTay #DoThuyTinhCo #DoTrangTriChauAu #DoSuuTam #DecorPhongKhach",0,"07/02/2026 00:58",https://www.facebook.com/donghonhakho.vn/posts/pfbid02pucHtnfDKrHp7rZ9yWZhjQUjZmMx3nkWMb83xA8UzCLgTWQmrjrfPTgfsm3v17A6l,Ảnh,,"Trọn đời",0,--,0.02,0.02,0,301,0,-1,0,0,0,280,439,,
1616429280044084,100050310827163,"Đồng hồ Nhà kho","REVIEW #69 | 📞 0️⃣9️⃣6️⃣3️⃣ ✦ 4️⃣5️⃣6️⃣ ✦ 9️⃣6️⃣3️⃣ | Quạt cổ Westinghouse – vẻ đẹp vượt thời gian

Quạt cổ Westinghouse là một trong những dòng quạt điện được nhiều người yêu đồ xưa đánh giá cao nhờ thiết kế mạnh mẽ, cân đối và đậm phong cách công nghiệp châu Âu – Mỹ đầu thế kỷ XX. Từng chi tiết từ lồng quạt, cánh quạt đến thân đế đều được chế tác chắc chắn, tạo nên vẻ đẹp bền bỉ theo thời gian.

Không chỉ gây ấn tượng bởi ngoại hình cổ điển, quạt còn vận hành êm ái với làn gió tự nhiên, mang đến cảm giác rất khác so với các mẫu quạt hiện đại. Một chiếc quạt cổ nguyên bản không chỉ có giá trị sử dụng mà còn là điểm nhấn độc đáo trong không gian, đồng thời là món đồ được nhiều người yêu đồ cổ châu Âu và giới sưu tầm tìm kiếm.

#quatco #westinghouse #docochauau #quatcodien #gioisuutam",14,"07/01/2026 22:52",https://www.facebook.com/reel/999796216024070/,"Thước phim",,"Trọn đời",4,+6.4x,0.02,0.02,0,3103,18,1,13,1,0,3005,3992,7.158,22118.991
1616419916711687,100050310827163,"Đồng hồ Nhà kho","❤️ Nhà Kho gửi tặng miễn phí 01 phiếu bảo hành cao cấp cho 1.000 khách hàng đầu tiên mua bất kỳ sản phẩm đồng hồ cổ châu Âu tại cửa hàng.",0,"07/01/2026 22:36",https://www.facebook.com/donghonhakho.vn/posts/pfbid02SGFLrGaSuzA31T1x865HR6TrzQn9yFJT1Q88znbUSarjdrycYGRv7BmHWbYMn8VDl,Ảnh,,"Trọn đời",0,--,0.12,0.12,0,1905,4,0,3,0,1,1932,2837,,
1616394813380864,100050310827163,"Đồng hồ Nhà kho","🕰️ NHẬT KÝ Ô ĐÔ 36/10 #53 | Có bao nhiêu chiếc Ô đô 36/10 được sản xuất?

Đây là câu hỏi mà rất nhiều anh em quan tâm. Đến nay, Nhà Kho TV vẫn chưa tìm thấy bất kỳ tài liệu chính thức nào của hãng công bố số lượng Ô đô 36/10 được sản xuất.

Tuy nhiên, có một dữ liệu đáng để tham khảo, đó là số series trên bộ máy.

Chiếc Ô đô 36/10 có số series nhỏ nhất mà Nhà Kho TV từng ghi nhận là 2048, còn chiếc lớn nhất là 10992.

Nếu giả định số series được đánh liên tục và chỉ dùng riêng cho dòng Ô đô 36/10, thì số lượng sản xuất có thể vào khoảng 9.000 chiếc.

Tuy nhiên, đây chỉ là một giả thuyết dựa trên dữ liệu thực tế, chưa thể xem là kết luận. Chúng ta chưa biết hãng có đánh số liên tục hay không, có bỏ số hay dùng chung dải series cho các dòng máy khác hay không.

Nếu anh em đang sở hữu một chiếc Ô đô 36/10 có số series nhỏ hơn 2048 hoặc lớn hơn 10992, hãy chia sẻ dưới phần bình luận. Càng nhiều dữ liệu, chúng ta sẽ càng có cơ sở để hiểu rõ hơn về lịch sử của dòng đồng hồ đặc biệt này.",119,"07/01/2026 21:50",https://www.facebook.com/reel/2029184671080291/,"Thước phim",,"Trọn đời",11,+166.3x,0.38,0.38,0,8313,74,9,63,3,2,8107,9605,27.278,231407.566
1616329196720759,100050310827163,"Đồng hồ Nhà kho","Đồng hồ FF 8 Côn Mặt Số Nổi – Thùng Gỗ Vuông Cổ Điển – Mã số K125
💵: 6tr
✨ Thiết kế thùng vuông cân đối, kích thước 54 × 48 cm, rất dễ bố trí trong nhiều không gian. Vỏ gỗ lên màu vàng mật ong ấm áp, vân gỗ tự nhiên nổi rõ, mang vẻ đẹp mộc mạc nhưng sang trọng của đồ cổ châu Âu. Cửa kính dưới trang trí họa tiết cổ điển tạo điểm nhấn tinh tế.

✨ Mặt số nổi nguyên bản kết hợp viền đồng sáng đẹp, giúp tổng thể chiếc đồng hồ cơ cổ nổi bật và có chiều sâu. Đây là kiểu mặt được nhiều người sưu tầm đồng hồ cổ yêu thích nhờ vẻ đẹp bền theo thời gian.

⚙️ Bộ máy FF 8 côn nguyên bản, kết cấu chắc chắn, vận hành khỏe và ổn định. Hệ thống côn đồng cho tiếng chuông lớn, chắc tiếng, dứt khoát, từng nhịp ngân rõ ràng, tạo nên chất âm đồng hồ cổ mạnh mẽ và đầy nội lực.

🌿 Một mẫu đồng hồ quả lắc đáng để trưng bày, sử dụng lâu dài và bổ sung vào bộ sưu tập đồng hồ châu Âu cổ.

📍Khu đô thị Văn Phú, Hà Đông, Hà Nội
☎️ 0️⃣9️⃣6️⃣3️⃣•4️⃣5️⃣6️⃣•9️⃣6️⃣3️⃣

#donghoco #donghocophap #donghoqulac #donghocochauau #donghonguyenban #donghosuutam #donghocondong #donghowestminster #docochauau #giaotloxua #FF8con #matsonoi #amthanhdonghoco #maykhoe #suutamdonghoco",0,"07/01/2026 19:50",https://www.facebook.com/donghonhakho.vn/posts/pfbid042NMT1wbDDirEg3etwuuzPeu1GH8D6XmRkg6D8F7F4VkoEDszjB36YKoWg9DMP9Xl,Ảnh,,"Trọn đời",0,--,0.05,0.05,0,674,4,0,4,0,0,667,972,,
1615987193421626,100050310827163,"Đồng hồ Nhà kho","🕰️ NHẬT KÝ Ô ĐÔ 36/10 #52 | Vì sao búa máy zin đánh rất mềm?

Anh em để ý trên những chiếc Ô đô 36/10 còn nguyên bản, vai trò của lá nhíp đẩy búa thực ra rất nhẹ nhàng. Chỉ cần gạt búa ra, nó tự trở về vị trí một cách mềm mại, gần như không có lực ép mạnh.

Khi búa gõ vào côn, cảm giác rất giống một phím đàn piano được nhấn xuống. Búa chỉ chạm vừa đủ để phát ra âm thanh, không đập mạnh hay giật cục.

Nguyên nhân là vì bộ côn nguyên bản đã đạt trạng thái cộng hưởng rất tốt. Chỉ một lực rất nhỏ cũng đủ tạo nên tiếng chuông đầy đặn và tự nhiên.

Ngược lại, nếu bộ côn cộng hưởng kém, nhiều người sẽ tăng lực lá nhíp để búa đập mạnh hơn. Âm thanh có thể lớn hơn nhưng thường trở nên khô, cứng và mất đi sự mềm mại vốn có.

Đây không phải là so sánh hơn kém giữa máy zin hay máy phục hồi, mà chỉ là một góc nhìn về cơ chế tạo âm. Một bộ côn cộng hưởng tốt luôn cho phép búa làm việc nhẹ nhàng, và chính điều đó tạo nên chất âm rất riêng của Ô đô 36/10.",60,"07/01/2026 09:12",https://www.facebook.com/reel/1342884990538246/,"Thước phim",,"Trọn đời",4,+13.8x,0.14,0.14,0,6730,88,5,68,7,12,6494,7962,16.071,107375.839
1615977636755915,100050310827163,"Đồng hồ Nhà kho","🕰️ NHẬT KÝ Ô ĐÔ 36/10 #51 | Logo mặt số Ô đô có thật sự giống nhau?

Sau khi đo đạc và đối chiếu khoảng 40 mặt số Ô đô nguyên bản, Nhà Kho TV nhận thấy một chi tiết khá thú vị.

Nhiều người cho rằng logo Ô đô chỉ có một mẫu duy nhất. Nhưng thực tế, các mặt số lại có sự khác biệt về kiểu chữ, kích thước, tỷ lệ logo, vị trí dòng chữ và cả cách in. Thậm chí, hai chiếc đồng hồ có số series khá gần nhau cũng chưa chắc đã sử dụng cùng một mẫu logo.

Vì sao lại có sự khác biệt này? Liệu hãng đã thay đổi khuôn in theo từng giai đoạn, sử dụng nhiều nhà cung cấp mặt số hay còn một nguyên nhân nào khác?

Hiện tại, đây vẫn là một hướng nghiên cứu chứ chưa thể xem là kết luận. Nếu anh em sở hữu những mặt số Ô đô nguyên bản có nguồn gốc rõ ràng, rất mong cùng chia sẻ để chúng ta có thêm dữ liệu và hiểu rõ hơn về lịch sử của dòng đồng hồ này.",99,"07/01/2026 08:59",https://www.facebook.com/reel/2474865096295297/,"Thước phim",,"Trọn đời",11,+70.6x,0.14,0.14,0,6410,56,3,33,3,10,6040,6824,13.861,87647.269
1615688526784826,100050310827163,"Đồng hồ Nhà kho","Đồng Hồ Vai Bò Đức 5 Côn Dáng Dài Thanh Lịch – Mã số B106
💵: 4tr2
✨ Thiết kế vai bò Đức cân đối với kích thước 68x24 cm, dáng thon gọn dễ trưng bày. Vân gỗ tự nhiên nổi đẹp, tông màu nâu mật ong ấm áp kết hợp hai chi tiết hoa văn đắp nổi ở hai đầu tạo điểm nhấn tinh tế, đậm phong cách đồng hồ châu Âu cổ.

⚙️ Bộ máy cơ Đức nguyên bản, kết cấu chắc chắn, vận hành ổn định. Hệ thống 5 côn cho chất âm trong trẻo, ngân vừa phải, rất dễ nghe và phù hợp với không gian gia đình.

🎵 Chất âm đặc trưng của đồng hồ cổ Đức nhẹ nhàng, ấm và rõ từng nốt. Mỗi lần điểm chuông đều tạo cảm giác thư thái, là lựa chọn phù hợp cho người mới chơi cũng như người sưu tầm đồng hồ cổ lâu năm.

📍 Địa chỉ: Khu đô thị Văn Phú, Hà Đông, Hà Nội
📞 Hotline: 0963 456 963

#donghoco #donghocoDuc #donghovaibo #donghoqulac #donghococo #donghochauaoco #donghonguyenban #donghosuutam #amthanhdonghoco #chatamdonghoco #donghocondong #dogochauau #docochauau #suutamdonghoco",0,"07/01/2026 01:55",https://www.facebook.com/donghonhakho.vn/posts/pfbid02XsuuorqV9fHQtbfXaLUsmDFec4b5xLCzjibWGvgkJ8SXnsDnjvGr7F5CaKyik8n1l,Ảnh,,"Trọn đời",1,--,0.07,0.07,0,752,7,0,5,0,1,703,1088,,
1615478553472490,100050310827163,"Đồng hồ Nhà kho","Đồng Hồ Vai Bò Đức 8 Côn 3 Bản Nhạc Dáng Nhỏ Gọn, Đáng Sưu Tầm- Mã số B105
💵: 6tr3
✨ Kiểu dáng vai bò thanh lịch, thùng gỗ nguyên bản, kích thước chỉ 30 x 22 cm nên rất dễ trưng bày trên bàn làm việc, kệ sách hay phòng khách.

⚙️ Máy đồng hồ cổ Đức 8 côn, 3 bản nhạc, kết cấu bền bỉ, hoạt động ổn định, phù hợp cho người yêu thích đồng hồ cơ cổ.

🎵 Chất âm vừa phải, trong trẻo, ngân ấm và dễ nghe, mang đến cảm giác thư giãn mà không quá lớn.

📏 Kích thước: 30 x 22 cm.

📍 Địa chỉ: Khu đô thị Văn Phú, Hà Đông, Hà Nội
📞 0963 456 963

#donghoco #donghocoduc #donghocodeban #donghoqulac #donghococo #donghosuutam #donghonguyenban #donghowestminster #dochochauau #giatrisuutam #amthanhdonghoco #donghocondong #donghochaauco #donghocophap #donghodep",0,"06/30/2026 20:19",https://www.facebook.com/donghonhakho.vn/posts/pfbid02a4bYRigxDjCK47Pes1UJdT53MtFThMdMiYw5PoB1yqH4M9DFMWix3xsw18mRUFGnl,Ảnh,,"Trọn đời",1,--,0.05,0.05,0,598,5,0,4,0,0,561,922,,
1615104466843232,100050310827163,"Đồng hồ Nhà kho","The musical drum is the core component of a mechanical chiming clock with melodies. It is a cylindrical drum fitted with precisely positioned pins. As the drum rotates, the pins lift and release the hammers in a specific sequence, causing them to strike the chime rods and produce a melody.

Each row of pins represents a different tune. On two-melody clocks, the drum can shift sideways to select another row of pins, allowing the clock to alternate between two different melodies automatically or manually, depending on the mechanism.

The musical drum is one of the most complex parts of a mechanical clock. Its pin arrangement determines the melody, rhythm, and timing, making it a true masterpiece of traditional European clockmaking.",9,"06/30/2026 09:32",https://www.facebook.com/reel/1040569878668540/,"Thước phim",,"Trọn đời",8,+38.6x,0,0,0,115108,1094,163,1049,65,27,116436,186788,8.941,1005799.158
1615088986844780,100050310827163,"Đồng hồ Nhà kho","🕰️ Đồng hồ vai bò cổ Đức 3 côn 3 búa là dòng đồng hồ cơ cổ được nhiều người yêu thích nhờ thiết kế gọn gàng, bộ máy bền bỉ và chất âm đặc trưng.

✨ Bộ côn đồng kết hợp 3 búa tạo nên tiếng chuông bính boong trầm ấm, trong trẻo và rất dễ chịu. Cơ cấu điểm chuông đơn giản nhưng giàu cảm xúc, phù hợp với không gian gia đình hoặc phòng làm việc.

⚙️ Thùng gỗ màu vàng sáng với vân gỗ tự nhiên mang đến vẻ đẹp thanh lịch, giúp chiếc đồng hồ dễ dàng hài hòa với nhiều phong cách nội thất. Bộ máy nguyên bản hoạt động ổn định, vừa có giá trị sử dụng vừa có giá trị sưu tầm.

📚 Một mẫu đồng hồ cổ Đức đáng để anh em yêu thích đồng hồ quả lắc, đồng hồ cơ cổ và đồ cổ châu Âu tham khảo.

#donghoco #donghocoduc #donghovaibo #donghoqualac #donghocondong #donghonguyenban #donghosuutam #amthanhdonghoco #chatamdonghoco #do_co_chau_au",81,"06/30/2026 09:09",https://www.facebook.com/reel/1358765899549521/,"Thước phim",,"Trọn đời",2,+4.6x,0.01,0.01,0,1025,6,0,4,0,0,958,1134,5.625,5900.684
1615068510180161,100050310827163,"Đồng hồ Nhà kho","Trước mắt em có một món hàng đấu giá khá thú vị muốn chia sẻ với anh em.

Do lúc mới về, hình ảnh chụp còn khá mờ nên em cũng chưa dám khẳng định chính xác đây là mẫu gì. Quan sát phần trước thấy còn dòng chữ “Westinghouse”, tuy nhiên tem đã mờ theo thời gian, dây điện hiện cũng không còn nên cần kiểm tra kỹ hơn.

Điểm đáng mừng là phần thân quạt vẫn còn nguyên bản, toàn bộ bằng kim loại nên cầm rất đầm tay và cho cảm giác rất chắc chắn.

Em sẽ vệ sinh cẩn thận, kiểm tra từng chi tiết rồi mang lên để anh em cùng review, nhận diện đời quạt và đánh giá giá trị sưu tầm. Biết đâu đây lại là một món đồ cổ châu Âu rất đáng để khám phá.",71,"06/30/2026 08:40",https://www.facebook.com/reel/2211352746307366/,"Thước phim",,"Trọn đời",0,+12.3x,0.04,0.04,0,2231,13,1,11,1,1,2082,2331,11.041,23948.686
1614841566869522,100050310827163,"Đồng hồ Nhà kho","REVIEW #68 | 📞 0️⃣9️⃣6️⃣3️⃣ ✦ 4️⃣5️⃣6️⃣ ✦ 9️⃣6️⃣3️⃣ | Vai bò Đức nguyên bản – âm hay, dáng đẹp

Chiếc đồng hồ vai bò Đức nổi bật với thiết kế cổ điển, kích thước hài hòa và tình trạng nguyên bản đẹp. Bộ máy cơ khí vận hành ổn định, cho tiếng chuông trong trẻo, ngân vang và rất dễ nghe, mang đậm nét đặc trưng của những chiếc đồng hồ cổ Đức.

Không chỉ sở hữu chất âm cuốn hút, mẫu đồng hồ này còn có kiểu dáng đẹp, dễ trưng bày trong nhiều không gian khác nhau. Với mức đầu tư hợp lý, đây là lựa chọn phù hợp cho cả người mới bắt đầu lẫn những anh em yêu thích sưu tầm đồng hồ cơ cổ châu Âu.

#vaiboduc #donghoduc #donghoco #donghoqulac #gioisuutam",82,"06/30/2026 03:01",https://www.facebook.com/reel/1506290893924568/,"Thước phim",,"Trọn đời",5,+11.9x,0.02,0.02,0,2169,25,3,19,0,1,2046,2301,6.126,13312.254
1614827296870949,100050310827163,"Đồng hồ Nhà kho","REVIEW #67 | 📞 0️⃣9️⃣6️⃣3️⃣ ✦ 4️⃣5️⃣6️⃣ ✦ 9️⃣6️⃣3️⃣ | Carrez 8 côn 8 búa – lựa chọn đáng cân nhắc cho người yêu chất âm Ô đô

Nếu yêu tiếng chuông của Ô đô nhưng muốn tìm một mẫu đồng hồ có mức đầu tư hợp lý hơn, Carrez 8 côn 8 búa là một lựa chọn rất đáng để trải nghiệm.

Chiếc đồng hồ sở hữu bộ máy cơ khí bền bỉ với cấu hình 8 côn 8 búa, cho chất âm ngân nga, mềm mại, rõ nhịp và có phong cách rất gần với những chiếc Ô đô nổi tiếng. Đây cũng là lý do Carrez được nhiều người chơi đồng hồ cổ đánh giá cao về khả năng trình diễn âm thanh.

Bên cạnh chất âm cuốn hút, đồng hồ còn giữ được vẻ đẹp nguyên bản, kiểu dáng hài hòa và kết cấu ổn định sau nhiều năm sử dụng. Một mẫu đồng hồ cổ Pháp hội tụ cả giá trị thưởng thức lẫn giá trị sưu tầm.

#carrez #8con8bua #donghocophap #donghoco #gioisuutam",123,"06/30/2026 02:36",https://www.facebook.com/reel/2933680063635431/,"Thước phim",,"Trọn đời",6,+23.6x,0.04,0.04,0,2256,30,3,22,1,1,2091,2438,11.847,26514.45
1614784253541920,100050310827163,"Đồng hồ Nhà kho","NHÀ KHO không bán đồng hồ cổ rẻ nhất. NHÀ KHO giúp khách hàng mua đúng chiếc đồng hồ phù hợp, đúng giá trị và đủ niềm tin để gắn bó lâu dài.",0,"06/30/2026 01:28",https://www.facebook.com/donghonhakho.vn/posts/pfbid0hXWLmYzqYi86icbPRcU4dvcJ4eHsgSay8NyHFVjMhxAdSSNGKcRt4y7FdgXyMfKDl,"Văn bản",,"Trọn đời",0,--,0.02,0.02,0,712,9,0,8,0,1,699,1086,,
1614676723552673,100050310827163,"Đồng hồ Nhà kho","Mỗi cuộc gặp đều là một dịp để học hỏi thêm. Người mang đến một chiếc đồng hồ, người mang theo một món đồ xưa, nhưng điều quý nhất vẫn là những câu chuyện, kinh nghiệm và niềm đam mê được chia sẻ. Hẹn anh em trong buổi giao lưu đồ xưa và đồng hồ cổ!",0,"06/29/2026 22:26",https://www.facebook.com/donghonhakho.vn/posts/pfbid02TByndDYfWZR3vZCfjo53drtwSpsd6U2gqB7SWnEryCLRYXYXSEfmvAzJfq1xDCTZl,Ảnh,,"Trọn đời",0,--,0.17,0.17,0,2032,10,0,9,0,1,1993,2777,,
1614547063565639,100050310827163,"Đồng hồ Nhà kho","📚 ĐỒNG HỒ CỔ TRONG VĂN HỌC VIỆT NAM

Ít ai để ý rằng, những chiếc đồng hồ cổ châu Âu không chỉ xuất hiện trong các bộ sưu tập ngày nay mà đã đi vào văn học, hội họa và đời sống người Việt từ hơn một thế kỷ trước.

Từ Tắt đèn, Số đỏ, Giông tố cho đến nhiều tác phẩm hội họa của Trường Mỹ thuật Đông Dương, hình ảnh chiếc đồng hồ Tây xuất hiện như một biểu tượng của thời đại, phản ánh nếp sống, không gian và sự giao thoa văn hóa Đông – Tây.

Vậy vì sao đồng hồ châu Âu lại xuất hiện nhiều trong các tác phẩm ấy? Những chiếc đồng hồ mà chúng ta đang sưu tầm hôm nay có liên hệ gì với lịch sử và đời sống người Việt hơn 100 năm trước?

Trong video này, em sẽ cùng anh em nhìn lại những dẫn chứng rất thú vị từ văn học và nghệ thuật Việt Nam để hiểu rằng, mỗi chiếc đồng hồ cổ không chỉ là một cỗ máy đo thời gian mà còn là một nhân chứng của lịch sử.

Mời anh em cùng theo dõi và trao đổi thêm ở phần bình luận nhé! 🕰️",52,"06/29/2026 18:43",https://www.facebook.com/reel/1029381926224268/,"Thước phim",,"Trọn đời",1,+2.1x,0.01,0.01,0,978,11,0,10,0,0,887,1091,7.221,7112.951
1614042116949467,100050310827163,"Đồng hồ Nhà kho","Số 495 – Đồng Hồ Úp Ly Đức Dáng Tháp Big Ben, Lộ Cơ | ☎️ 0️⃣9️⃣6️⃣3️⃣ ✦ ④⑤⑥ ✦ 9️⃣6️⃣3️⃣

🕰️ Mẫu đồng hồ úp ly Đức tạo dáng tháp Big Ben độc đáo, phần thân bằng đồng kết hợp cơ cấu lộ máy rất cuốn hút khi trưng bày.

✨ Lớp ly úp thủy tinh giúp hạn chế gió, tránh bụi và tăng độ ổn định khi đồng hồ vận hành. Thiết kế này vừa bảo vệ bộ máy, vừa làm nổi bật vẻ đẹp cơ khí bên trong.

✨ Đồng hồ chơi chuông son chén, mỗi lần điểm một tiếng nhẹ nhàng, đều đặn, âm thanh thanh thoát và không quá ồn.

💫 Một mẫu đồng hồ cơ cổ Đức nhỏ gọn, trang nhã, phù hợp cho bàn làm việc, phòng đọc sách hoặc những không gian cần sự yên tĩnh và tinh tế.

#dong_ho_co #dong_ho_co_duc #dong_ho_up_ly #dong_ho_lo_co #dong_ho_de_ban #dong_ho_co_co #dong_ho_suu_tam #do_co_chau_au #am_thanh_dong_ho_co #gia_tri_suu_tam",57,"06/29/2026 05:08",https://www.facebook.com/reel/1003821952620708/,"Thước phim",,"Trọn đời",2,+4x,0.01,0.01,0,1306,19,1,14,2,1,1211,1486,6.326,8546.454
1614028740284138,100050310827163,"Đồng hồ Nhà kho","Số 494 – Đồng Hồ Vai Bò Đức Dáng Cây Đàn, Âm Thanh Hay | ☎️ ⓪⑨⑥③ • ④⑤⑥ • ⑨⑥③

🕰️ Mẫu đồng hồ vai bò Đức nổi bật với kiểu dáng cây đàn thanh thoát, cân đối và rất ưa nhìn. Thiết kế mang đậm phong cách đồng hồ châu Âu cổ, tạo điểm nhấn sang trọng cho mọi không gian.

✨ Hình thức đẹp, vỏ gỗ nguyên bản còn giữ được nét cổ kính theo thời gian. Bộ máy hoạt động ổn định, cho âm thanh vang trong, ngân đều và rất dễ nghe.

✨ Kiểu dáng nhỏ gọn, hài hòa, phù hợp treo phòng khách, phòng làm việc hoặc không gian sưu tầm.

💫 Một mẫu đồng hồ cổ Đức nguyên bản sở hữu kiểu dáng đẹp, âm thanh hay và giá tốt, rất đáng để anh em yêu sưu tầm đồng hồ cổ tham khảo.

#dong_ho_co #dong_ho_co_duc #dong_ho_vai_bo #dong_ho_qua_lac #dong_ho_chau_au_co #dong_ho_nguyen_ban #dong_ho_suu_tam #am_thanh_dong_ho_co #kieu_dang_cay_dan #gia_tri_suu_tam",98,"06/29/2026 04:49",https://www.facebook.com/reel/27575917312066009/,"Thước phim",,"Trọn đời",0,+1.6x,0.01,0.01,0,1224,7,2,7,0,0,1073,1288,4.24,5139.099
1614004530286559,100050310827163,"Đồng hồ Nhà kho","🕰️ Đồng hồ vai bò cổ Lauther là dòng đồng hồ châu Âu được đánh giá cao nhờ bộ máy bền bỉ và chất âm dễ nghe.

✨ Thiết kế vai bò cân đối, thanh lịch, kết hợp cùng bộ máy cơ khí nguyên bản giúp đồng hồ vận hành ổn định qua nhiều năm. Đây là dòng đồng hồ phù hợp với cả người mới chơi và những anh em đã có kinh nghiệm sưu tầm.

🔔 Âm thanh trầm ấm, trong trẻo và ngân vang tự nhiên là điểm nổi bật của Lauther, mang đến cảm giác thư thái mỗi khi điểm chuông.

📚 Một mẫu đồng hồ cổ có chất lượng tốt, độ bền cao, giá trị sưu tầm ổn định và rất đáng để anh em yêu đồng hồ cơ cổ, đồng hồ quả lắc và đồ cổ châu Âu tham khảo.

#donghoco #donghocoduc #donghovaibo #donghoqualac #donghonguyenban #donghosuutam #donghochauauco #amthanhdonghoco #chatamdonghoco #giatrisuutam",45,"06/29/2026 04:16",https://www.facebook.com/reel/1007141425392104/,"Thước phim",,"Trọn đời",0,+2.8x,0.04,0.04,0,3313,57,4,49,6,3,3151,3580,8.347,26870.87
1613929080294104,100050310827163,"Đồng hồ Nhà kho","Số 493 – Đồng Hồ Vai Bò Junhan Đức 8 Côn 3 Bản Nhạc | ☎️ ⓪9️⃣6️⃣3️⃣ ✦ ④⑤⑥ ✦ ⑨⑥③

🕰️ Mẫu đồng hồ vai bò Junhan Đức nổi bật với cấu hình 8 côn chơi 3 bản nhạc – phiên bản không phổ biến và rất được người chơi đồng hồ cổ yêu thích.

✨ Bộ máy Đức bền bỉ, vận hành ổn định, cho âm thanh vang tròn, ngân đều và giàu cảm xúc. Ba bản nhạc luân phiên mang đến trải nghiệm thưởng thức đa dạng, cuốn hút.

✨ Phần vỏ gỗ nguyên bản lên nước đẹp, kiểu dáng hài hòa, tôn lên nét sang trọng và cổ điển của chiếc đồng hồ.

💫 Một mẫu đồng hồ cổ Đức hội tụ máy bền – âm thanh hay – vỏ nguyên bản – giá trị sưu tầm cao, rất đáng để anh em yêu đồng hồ cơ cổ tham khảo.

#dong_ho_co #dong_ho_co_duc #junhan #dong_ho_vai_bo #8_con_3_ban_nhac #dong_ho_qua_lac #dong_ho_suu_tam #dong_ho_nguyen_ban #am_thanh_dong_ho_co #gia_tri_suu_tam",85,"06/29/2026 02:25",https://www.facebook.com/reel/3924368467869622/,"Thước phim",,"Trọn đời",2,+5.9x,0.01,0.01,0,920,8,1,6,0,0,826,1001,6.303,5761.048
1613863406967338,100050310827163,"Đồng hồ Nhà kho","🕰️ Đồng hồ cổ Vê Đét Pháp nguyên bản là dòng đồng hồ được nhiều người yêu thích nhờ kiểu dáng thanh lịch, chất âm ấm áp và giá trị sưu tầm bền vững theo thời gian.

✨ Điểm nổi bật của mẫu này là mặt số nổi được chế tác tinh xảo, tạo chiều sâu và vẻ sang trọng, mang phong cách rất gần với dòng Ô Đô 36 nổi tiếng. Nhờ đó, tổng thể chiếc đồng hồ trở nên hài hòa và cuốn hút khi trưng bày.

⚙️ Bộ máy nguyên bản vận hành ổn định, bền bỉ, giữ trọn giá trị cơ khí châu Âu. Âm thanh đồng hồ cổ ngân vang, trầm ấm và dễ chịu, phù hợp để thưởng thức trong nhiều không gian sống.

📚 Một mẫu đồng hồ cổ Pháp hội tụ đầy đủ vẻ đẹp, chất âm và giá trị sưu tầm cao, là lựa chọn đáng cân nhắc cho những anh em yêu thích đồng hồ cơ cổ và đồ cổ châu Âu.

#donghoco #donghocophap #donghoqualac #donghonguyenban #donghosuutam #donghochauauco #amthanhdonghoco #chatamdonghoco #giatrisuutam #do_co_chau_au",29,"06/29/2026 00:26",https://www.facebook.com/reel/1338304024940401/,"Thước phim",,"Trọn đời",0,+0.7x,0.01,0.01,0,1669,13,1,13,0,0,1580,1922,7.057,11793.259
1613860233634322,100050310827163,"Đồng hồ Nhà kho","Số 492 – Vê Đét 42 Pháp Mặt Số Nổi, Âm Hay, Giá Dễ Chơi | ☎️ ⓪9️⃣6️⃣3️⃣ ✦ ④⑤⑥ ✦ ⑨⑥③

🕰️ Nếu tìm một chiếc đồng hồ cổ Pháp có chất âm, bộ máy và kiểu dáng tiệm cận dòng Ô Đô 36 thì Vê Đét 42 là lựa chọn rất đáng cân nhắc. Dù chưa đạt đến đẳng cấp của Ô Đô 36, nhưng đổi lại mức đầu tư dễ tiếp cận hơn rất nhiều.

✨ Đồng hồ sở hữu mặt số nổi, kính tròn nhô đặc trưng cùng thùng đục chạm tinh xảo, tạo nên tổng thể sang trọng và hài hòa.

✨ Bộ máy vận hành ổn định, tiếng chuông vang tròn, ngân đều, mang lại chất âm dễ nghe và phù hợp với nhiều không gian.

💫 Với mức giao lưu chưa tới hai mươi triệu, đây là một mẫu đồng hồ sưu tầm rất đáng để anh em lựa chọn nếu muốn sở hữu vẻ đẹp, chất âm và giá trị của một đồng hồ cổ Pháp mà không cần đầu tư quá lớn.

#dong_ho_co #dong_ho_co_phap #ve_det_42 #dong_ho_qua_lac #dong_ho_chau_au_co #dong_ho_suu_tam #mat_so_noi #am_thanh_dong_ho_co #dong_ho_nguyen_ban #gia_tri_suu_tam",203,"06/29/2026 00:19",https://www.facebook.com/reel/3089143821291342/,"Thước phim",,"Trọn đời",4,+19.6x,0.05,0.05,0,2671,34,2,32,0,0,2563,2857,11.894,31495.433
1613855516968127,100050310827163,"Đồng hồ Nhà kho","Số 491 – Đồng Hồ Vê Đét Pháp 8 Côn 8 Búa Thùng Thắt Nơ | ☎️ 0️⃣9️⃣6️⃣3️⃣ ✦ 4️⃣5️⃣6️⃣ ✦ 9️⃣6️⃣3️⃣

🕰️ Mẫu đồng hồ Vê Đét Pháp 8 côn 8 búa nổi bật với thùng thắt nơ mềm mại, thanh lịch và rất được người chơi đồng hồ cổ yêu thích. Tổng thể cân đối, hài hòa, phù hợp nhiều không gian nội thất.

✨ Hệ thống 8 côn 8 búa cho tiếng chuông vang tròn, ngân dài, chất âm ấm áp và rất dễ nghe, mang đậm nét đặc trưng của đồng hồ cổ Pháp.

✨ Bộ máy vận hành ổn định, hình thức đẹp, thích hợp vừa sử dụng hằng ngày vừa bổ sung vào bộ sưu tập đồng hồ châu Âu cổ.

💫 Một mẫu đồng hồ cổ Pháp có thiết kế đẹp, âm thanh hay và giá hợp lý, là lựa chọn đáng cân nhắc cho anh em yêu thích sưu tầm đồng hồ cổ.

#dong_ho_co #dong_ho_co_phap #ve_det #8_con_8_bua #dong_ho_qua_lac #dong_ho_chau_au_co #dong_ho_suu_tam #am_thanh_dong_ho_co #dong_ho_nguyen_ban #gia_tri_suu_tam",105,"06/29/2026 00:11",https://www.facebook.com/reel/838491002677491/,"Thước phim",,"Trọn đời",0,+3.7x,0.01,0.01,0,1204,11,0,11,0,0,1103,1254,6.045,7042.598
1613803373640008,100050310827163,"Đồng hồ Nhà kho","🕰️ Bánh xe thoát và ngựa là hai chi tiết quan trọng bậc nhất trong bộ máy đồng hồ cơ cổ, quyết định độ chính xác và khả năng hoạt động ổn định của đồng hồ.

⚙️ Bánh xe thoát truyền năng lượng từ bộ truyền động, còn ngựa sẽ khóa và nhả từng răng của bánh xe theo nhịp dao động của quả lắc. Chính sự phối hợp nhịp nhàng này tạo nên tiếng “tích tắc” quen thuộc mà anh em vẫn nghe mỗi ngày.

🔧 Khi bánh xe thoát hoặc ngựa bị mòn, cong hoặc điều chỉnh chưa đúng, đồng hồ có thể chạy nhanh, chậm, đứng máy hoặc quả lắc chỉ dao động được vài nhịp rồi dừng.

✨ Dù kích thước rất nhỏ, nhưng đây lại là “trái tim” của bộ máy, thể hiện trình độ chế tác tinh xảo của những chiếc đồng hồ cổ châu Âu và là yếu tố tạo nên độ bền hàng trăm năm của chúng",14,"06/28/2026 22:34",https://www.facebook.com/reel/27235978856045146/,"Thước phim",,"Trọn đời",32,+84.4x,0.82,0.82,0,91032,1206,148,1077,98,49,85055,124369,9.982,887103.422
1613680880318924,100050310827163,"Đồng hồ Nhà kho","#19 Đồng hồ Ô Đô – Ông Tây đánh chuông giấu quả lắc

🕰️ Đồng hồ cổ Ô Đô ông Tây đánh chuông vẫn thuộc dòng máy lớn có quả lắc, nhưng thiết kế lại khá đặc biệt: phần quả lắc được đặt giấu bên trong thùng.

Khi đóng cánh đồng hồ lại, người xem gần như không nhìn thấy quả lắc chuyển động như các mẫu đồng hồ quả lắc thông thường. Chính cách bố trí này giúp tổng thể chiếc đồng hồ gọn gàng, kín đáo nhưng vẫn giữ được kết cấu cơ khí đầy đủ của một chiếc đồng hồ cơ cổ.

Đây là một chi tiết thú vị, vừa tạo sự khác biệt về thiết kế, vừa làm tăng giá trị sưu tầm cho dòng đồng hồ Ô Đô ông Tây đánh chuông.

#DongHoOdo #OngTayDanhChuong #DongHoQuaLac #DongHoCoPhap #DongHoCo #DongHoCoKhi #DongHoNguyenBan #DongHoSuuTam #DoCoChauAu #GiaTriSuuTam",23,"06/28/2026 18:58",https://www.facebook.com/reel/1478152930784686/,"Thước phim",,"Trọn đời",5,+9.7x,0.06,0.06,0,4971,92,4,81,6,2,4826,5658,7.523,36345.341
1613325360354476,100050310827163,"Đồng hồ Nhà kho",,9,"06/28/2026 08:22",https://www.facebook.com/reel/1034663632845920/,"Thước phim",,"Trọn đời",11,+26.4x,0,0,0,18707,397,17,343,40,12,16590,23876,5.154,88981.531
1612993657054313,100050310827163,"Đồng hồ Nhà kho","🕰️ Đồng hồ để bàn Ô đô 5 côn 5 búa là một trong những mẫu đồng hồ nhỏ gọn nhưng sở hữu chất âm rất ấn tượng. Cứ mỗi 15 phút, bản nhạc Westminster lại vang lên trầm ấm, trong trẻo và ngân nga đầy cuốn hút. Dù kích thước không lớn, chiếc đồng hồ vẫn mang đến trải nghiệm âm thanh hài hòa, dễ nghe và là một trong những mẫu đồng hồ để bàn được nhiều người yêu thích.",73,"06/27/2026 23:23",https://www.facebook.com/reel/1223900086437054/,"Thước phim",,"Trọn đời",6,+11.2x,0.01,0.01,0,1101,18,-1,15,1,0,996,1236,5.516,6250.308
1612989293721416,100050310827163,"Đồng hồ Nhà kho","🕰️ NHẬT KÝ Ô ĐÔ 36/10 #50 | Chất âm làm nên tên tuổi Ô đô 36/10

Điều khiến Ô đô 36/10 được nhiều người yêu đồng hồ cổ lựa chọn chính là chất âm rất đặc trưng. Hệ thống 10 côn 10 búa thể hiện hai bản nhạc Westminster và Gai Carillon với tiếng chuông vang, trong, độ ngân dài và có chiều sâu. Đặc biệt, tiếng “bính boong” điểm giờ tạo nên dấu ấn riêng mà chỉ cần nghe qua, nhiều người chơi đã nhận ra ngay đó là chất âm của Ô đô 36/10.",10,"06/27/2026 23:14",https://www.facebook.com/reel/1536069061385475/,"Thước phim",,"Trọn đời",4,+9.8x,0,0,0,11156,127,11,119,9,4,10463,17115,8.353,90478.734
1612930747060604,100050310827163,"Đồng hồ Nhà kho","🕰️ NHẬT KÝ Ô ĐÔ 36/10 #49 | Chất âm Ô đô 36/10

Điều làm nhiều người yêu thích Ô đô 36/10 không chỉ là ngoại hình mà còn là chất âm rất riêng.

Hệ thống 10 côn 10 búa thể hiện hai bản nhạc Westminster và Gai Carillon với âm sắc trong, độ ngân tốt và có chiều sâu. Đặc biệt, tiếng “bính boong” điểm giờ tạo nên dấu ấn mà chỉ cần nghe qua, nhiều người chơi đã nhận ra ngay đó là chất âm đặc trưng của Ô đô 36/10.

Đó cũng là một trong những lý do dòng đồng hồ này luôn được đánh giá cao trong giới sưu tầm.",28,"06/27/2026 21:33",https://www.facebook.com/reel/4443018825913960/,"Thước phim",,"Trọn đời",13,+21.8x,0.16,0.16,0,10231,119,14,104,3,2,9636,13088,13.561,137066.853
1612928327060846,100050310827163,"Đồng hồ Nhà kho","🕰️ NHẬT KÝ Ô ĐÔ 36/10 #49 | Chất âm Ô đô 36/10

Điều làm nhiều người yêu thích Ô đô 36/10 không chỉ là ngoại hình mà còn là chất âm rất riêng.

Hệ thống 10 côn 10 búa thể hiện hai bản nhạc Westminster và Gai Carillon với âm sắc trong, độ ngân tốt và có chiều sâu. Đặc biệt, tiếng ""bính boong"" điểm giờ tạo nên dấu ấn mà chỉ cần nghe qua, nhiều người chơi đã nhận ra ngay đó là chất âm đặc trưng của Ô đô 36/10.

Đó cũng là một trong những lý do dòng đồng hồ này luôn được đánh giá cao trong giới sưu tầm.",135,"06/27/2026 21:29",https://www.facebook.com/reel/1331775471862062/,"Thước phim",,"Trọn đời",0,+6.3x,0.02,0.02,0,1249,11,1,11,0,1,1154,1359,10.024,12481.066
1612875787066100,100050310827163,"Đồng hồ Nhà kho","🎨 Bức tranh sơn dầu cổ tái hiện hình ảnh đầy cảm xúc về tình mẫu tử qua Đức Mẹ bồng Chúa Giê-su Hài Đồng. Từng đường cọ mềm mại, màu sắc hài hòa và bố cục cân đối tạo nên một tác phẩm vừa trang nghiêm vừa gần gũi.

✨ Tranh được vẽ bằng chất liệu sơn dầu trên nền vải, vẫn giữ được vẻ đẹp nguyên bản và có chữ ký của họa sĩ. Theo thời gian, lớp sơn tạo nên chiều sâu và nét cổ kính rất riêng, làm tăng giá trị nghệ thuật cũng như giá trị sưu tầm.

🖼️ Đây không chỉ là một bức tranh trang trí mà còn là một tác phẩm mang ý nghĩa thiêng liêng, phù hợp trưng bày trong không gian gia đình, phòng khách hoặc phòng cầu nguyện, đồng thời là một món đồ cổ châu Âu giàu giá trị nghệ thuật và lịch sử.

#tranhsondau #tranhcodien #do_co_chau_au #tranhducme #nghethuatchauau #gia_tri_suu_tam #tranhco #noithatcodien #dosuutam #trangtrikhonggian",22,"06/27/2026 19:56",https://www.facebook.com/reel/1527951952152928/,"Thước phim",,"Trọn đời",0,+0.3x,0,0,0,714,4,0,4,0,0,645,832,3.33,2441.512
1612870753733270,100050310827163,"Đồng hồ Nhà kho","#18 Đồng hồ Ô Đô – 36/8 vách dày, đời đầu đầy sức hút

🕰️ Đồng hồ cổ Ô Đô 36/8 vách dày là một trong những đời máy đầu tiên của dòng Ô Đô 36 và luôn được nhiều anh em yêu thích bởi kết cấu bền bỉ cùng giá trị sưu tầm cao.

Chiếc đồng hồ sở hữu cấu hình 8 côn 8 búa, chơi hai bản nhạc luân phiên với chất âm ngân vang, trầm ấm và rất giàu cảm xúc. Bên cạnh bộ máy vách dày đặc trưng, mẫu đồng hồ còn nổi bật với thùng đẹp, kính tạo dáng và quả chuông hài hòa, tạo nên tổng thể vừa cổ điển vừa sang trọng.

Đây là một trong những phiên bản tiêu biểu của dòng Ô Đô 36, hội tụ đầy đủ các yếu tố mà người yêu đồng hồ cổ Pháp luôn tìm kiếm.

#DongHoOdo #Odo368 #MayVachDay #8Con8Bua #HaiBanNhac #DongHoCoPhap #DongHoQuaLac #DongHoNguyenBan #DongHoSuuTam #DoCoChauAu",123,"06/27/2026 19:46",https://www.facebook.com/reel/1944120439641107/,"Thước phim",,"Trọn đời",15,+53.5x,0.1,0.1,0,3811,55,1,39,1,2,3814,4194,15.511,58602.025
1612853217068357,100050310827163,"Đồng hồ Nhà kho","#17 Đồng hồ Ô Đô – Chất âm không thể nhầm lẫn

🕰️ Dù ở bất kỳ phiên bản nào, đồng hồ cổ Ô Đô vẫn luôn sở hữu một chất âm rất riêng, gần như không thể nhầm lẫn với những dòng đồng hồ cổ khác.

Âm thanh của Ô Đô không quá cầu kỳ hay được ""trau chuốt"" theo kiểu hiện đại. Chính sự mộc mạc ấy lại tạo nên nét cuốn hút đặc biệt. Mỗi tiếng chuông đều mang đậm dấu ấn thủ công, có độ ngân, độ vang và chiều sâu rất riêng, đủ để người chơi lâu năm chỉ cần nghe là có thể nhận ra.

Có lẽ cũng vì thế mà qua nhiều thập kỷ, chất âm đồng hồ cổ Ô Đô vẫn luôn là một trong những yếu tố khiến dòng đồng hồ này được yêu thích và có giá trị sưu tầm bền vững.

#DongHoOdo #AmThanhDongHoCo #DongHoCoPhap #DongHoQuaLac #DongHoCo #Westminster #DongHoNguyenBan #DongHoSuuTam #DoCoChauAu #GiaTriSuuTam",38,"06/27/2026 19:15",https://www.facebook.com/reel/1035538695597375/,"Thước phim",,"Trọn đời",6,+12.8x,0.03,0.03,0,1998,51,0,39,3,6,1888,2301,9.464,19270.264
1612821503738195,100050310827163,"Đồng hồ Nhà kho","🕰️ Đồng hồ vai bò máy Ô Đô kết hợp đèn trang trí là sự hòa quyện giữa vẻ đẹp cơ khí và nghệ thuật nội thất châu Âu.

✨ Hai đèn bố trí cân đối hai bên giúp tổng thể mềm mại, sang trọng và nổi bật hơn khi trưng bày. Ánh sáng dịu nhẹ kết hợp cùng dáng vai bò đặc trưng tạo nên điểm nhấn ấm cúng cho phòng khách, phòng đọc sách hoặc không gian cổ điển.

⚙️ Bộ máy Ô Đô nguyên bản vận hành ổn định, mang đến chất âm đồng hồ cổ trầm ấm, giàu cảm xúc và được nhiều người yêu thích.

📚 Một mẫu đồng hồ cổ Pháp vừa có giá trị sử dụng, vừa là món đồ sưu tầm và trang trí đầy cuốn hút dành cho những ai yêu thích đồ cổ châu Âu.

#donghoco #donghocophap #donghovaibo #donghochauauco #donghonguyenban #donghosuutam #amthanhdonghoco #chatamdonghoco #do_co_chau_au #giatrisuutam",9,"06/27/2026 18:18",https://www.facebook.com/reel/3533645116803066/,"Thước phim",,"Trọn đời",0,+1.4x,0,0,0,2558,29,0,31,0,1,2487,3683,6.787,17288.981
1612806773739668,100050310827163,"Đồng hồ Nhà kho","REVIEW #64 | 📞 0️⃣9️⃣6️⃣3️⃣ ✦ 4️⃣5️⃣6️⃣ ✦ 9️⃣6️⃣3️⃣ | Tranh sơn dầu cổ châu Âu – tác phẩm có chữ ký

Bức tranh sơn dầu cổ gây ấn tượng với kích thước lớn 80 × 120 cm, mang đến sự bề thế và nổi bật cho không gian trưng bày. Tác phẩm được vẽ trên nền sơn dầu truyền thống, giữ được chiều sâu màu sắc và những nét cọ đặc trưng của hội họa châu Âu.

Khung gỗ chạm hoa văn tinh xảo kết hợp hài hòa với tổng thể bức tranh, góp phần tôn lên vẻ đẹp cổ điển và sang trọng. Đặc biệt, tranh vẫn còn chữ ký của tác giả, là một chi tiết được nhiều người yêu hội họa và sưu tầm đánh giá cao.

Một tác phẩm hội tụ giá trị nghệ thuật, tính thẩm mỹ và dấu ấn thời gian, phù hợp với những không gian yêu vẻ đẹp cổ điển và đồ cổ châu Âu.

#tranhsondau #dochochauau #tranhco #nghethuatco #gioisuutam",22,"06/27/2026 17:51",https://www.facebook.com/reel/1557467199060542/,"Thước phim",,"Trọn đời",2,+3.7x,0,0,0,905,7,0,4,0,1,835,1034,3.914,3570.461
1612804100406602,100050310827163,"Đồng hồ Nhà kho","🕰️ Đồng hồ Ô Đô ông Tây đánh chuông là một mẫu đồng hồ cổ Pháp rất độc đáo, gây ấn tượng mạnh nhờ hình tượng ông Tây chuyển động và gõ chuông khi điểm giờ.

🔔 Điểm thú vị của dòng đồng hồ này là âm thanh không phát ra từ chiếc chuông phía trên như nhiều người lầm tưởng, mà thường đến từ bộ côn nằm bên trong thùng máy. Hình tượng ông Tây đánh chuông tạo hiệu ứng thị giác vui mắt, giúp chiếc đồng hồ trở nên sinh động và rất riêng.

✨ Đây là mẫu đồng hồ cổ vừa có giá trị cơ khí, vừa có giá trị trang trí và sưu tầm cao, phù hợp với anh em yêu thích những sản phẩm Pháp lạ, độc đáo và nhiều câu chuyện.

#donghoco #donghocophap #donghochauauco #donghonguyenban #donghosuutam #amthanhdonghoco #chatamdonghoco #giatrisuutam",40,"06/27/2026 17:45",https://www.facebook.com/reel/3559595490883504/,"Thước phim",,"Trọn đời",4,+6.6x,0,0,0,574,13,1,8,1,1,526,682,4.834,2939.502
1612795803740765,100050310827163,"Đồng hồ Nhà kho","🕰️ Đồng hồ Atmos Thụy Sĩ là một kiệt tác cơ khí nổi tiếng với khả năng hoạt động gần như không cần lên dây cót.

⚙️ Nguồn năng lượng của đồng hồ đến từ sự thay đổi rất nhỏ của nhiệt độ môi trường. Bên trong có một hộp kín chứa hỗn hợp khí và chất lỏng đặc biệt; khi nhiệt độ tăng hoặc giảm chỉ khoảng 1°C, thể tích của hỗn hợp này sẽ giãn nở hoặc co lại, tạo lực để lên dây cót cho bộ máy.

✨ Nhờ cơ chế đó, chỉ cần môi trường có sự thay đổi nhiệt độ tự nhiên giữa ngày và đêm, đồng hồ có thể duy trì hoạt động liên tục trong thời gian rất dài mà không cần tác động từ bên ngoài.

🔍 Bộ máy được thiết kế với mức tiêu hao năng lượng cực thấp, kết hợp quả lắc xoắn dao động rất chậm, chỉ khoảng một vòng mỗi phút. Chính sự chính xác trong chế tác đã biến Atmos trở thành biểu tượng của nghệ thuật cơ khí Thụy Sĩ và là một trong những mẫu đồng hồ được giới sưu tầm trên toàn thế giới đánh giá rất cao.

#donghoco #donghodeban #donghochauauco #donghocokhi #donghonguyenban #donghosuutam #do_co_chau_au #giatrisuutam #co_khi_thuy_si #atmos",28,"06/27/2026 17:28",https://www.facebook.com/reel/984201864243448/,"Thước phim",,"Trọn đời",6,+9.7x,0.01,0.01,0,926,19,2,13,0,1,854,1198,6.61,6458.626
1612458100441202,100050310827163,"Đồng hồ Nhà kho","Sau khi tham khảo ý kiến của một số cha, em được biết đây là tượng Thánh Luca – một trong bốn Thánh Sử của Giáo hội. Ngài sống vào thế kỷ I, là một thầy thuốc và là người bạn đồng hành thân thiết của Thánh Phaolô trong nhiều chuyến truyền giáo.

Được Chúa Thánh Thần linh hứng, Thánh Luca đã ghi lại Tin Mừng theo thánh Luca và sách Công vụ Tông đồ. Nhờ những trang Kinh Thánh ấy, các thế hệ Kitô hữu hiểu rõ hơn về cuộc đời Chúa Giêsu và sự hình thành của Giáo hội sơ khai.

Theo truyền thống, Thánh Luca cũng được xem là vị đầu tiên vẽ ảnh Đức Mẹ, nên ngài được tôn kính là bổn mạng của các y sĩ và họa sĩ. Với đời sống thánh thiện và những đóng góp lớn lao cho Giáo hội, Thánh Luca luôn là vị thánh được các tín hữu hết lòng kính mến.",144,"06/27/2026 07:37",https://www.facebook.com/reel/2026798978196937/,"Thước phim",,"Trọn đời",0,+7.8x,0.01,0.01,0,757,15,0,7,0,11,772,947,6.86,5899.705
1612445977109081,100050310827163,"Đồng hồ Nhà kho","REVIEW #63 | 📞 0️⃣9️⃣6️⃣3️⃣ ✦ 4️⃣5️⃣6️⃣ ✦ 9️⃣6️⃣3️⃣ | Đồng hồ tranh – vẻ đẹp nằm trong từng chi tiết

Điều thú vị của những chiếc đồng hồ tranh là bản thân chiếc đồng hồ chỉ là một chi tiết rất nhỏ trong toàn bộ khung cảnh của bức tranh. Mặt số được khéo léo lồng ghép vào bố cục, tạo cảm giác tự nhiên như một phần của kiến trúc, khiến tổng thể vừa hài hòa vừa giàu tính nghệ thuật.

Ẩn sau bức tranh là cả một bộ máy cơ khí tinh xảo vẫn hoạt động ổn định sau hơn một thế kỷ. Sự kết hợp giữa hội họa, cơ khí và giá trị lịch sử đã biến chiếc đồng hồ tranh trở thành một tác phẩm nghệ thuật thực thụ, mang sức hút đặc biệt đối với những người yêu đồng hồ cổ và đồ cổ châu Âu.

#donghotranh #donghoco #dochochauau #cokhicodien #gioisuutam",31,"06/27/2026 07:20",https://www.facebook.com/reel/1657544135474992/,"Thước phim",,"Trọn đời",6,+11.4x,0.05,0.05,0,4776,79,2,68,6,3,4502,5404,6.41,30136.281
1598635458490133,100050310827163,"Đồng hồ Nhà kho","REVIEW #29 | ☎️ O963 ✦ 456 ✦ 963 | Chiếc tivi cổ đa năng mang đậm dấu ấn thời gian

Một sản phẩm rất thú vị dành cho những người yêu đồ xưa và công nghệ cổ. Chiếc tivi này được tích hợp nhiều chức năng gồm tivi, radio và đầu đĩa than trong cùng một thiết kế, phản ánh phong cách sinh hoạt của một giai đoạn lịch sử đã qua.

Hiện tại máy vẫn lên nguồn, phần radio vẫn phát tiếng xì xèo đặc trưng khi dò sóng và mâm đĩa than vẫn quay bình thường. Riêng chức năng tivi nhiều khả năng không còn hoạt động do màn hình xuất hiện dấu hiệu hoen ố theo thời gian.

Dù vậy, đây vẫn là một món đồ trưng bày rất ấn tượng, mang đậm hơi thở hoài niệm và giá trị của những thiết bị điện tử cổ ngày xưa.

#tivico #radioco #diathan #doxua #gioisuutam",24,"06/11/2026 03:03",https://www.facebook.com/reel/4643264409291492/,"Thước phim",,"Trọn đời",4,+6.5x,0.03,0.03,0,3737,23,0,18,1,0,3586,4228,7.134,26535.025
1600103948343284,100050310827163,"Đồng hồ Nhà kho","Đồng hồ Gi rô 8 côn 2 bản nhạc – Thùng chạm trổ nghệ thuật, âm thanh ngân vang- Mã số K113
💵: 5tr2
✨ Mẫu đồng hồ cổ Pháp nổi bật với thùng gỗ sồi kích thước lớn 71x39 cm. Phần đỉnh và hai vai được chạm khắc hoa lá thủ công mềm mại, kết hợp mặt số bát giác đặc trưng mang đậm phong cách Art Deco châu Âu.

✨ Thùng gỗ giữ màu vàng mật ong ấm áp, vân gỗ tự nhiên đẹp mắt. Ô kính dưới thiết kế hình học độc đáo giúp tôn lên vẻ đẹp của quả lắc bên trong, tạo nên tổng thể hài hòa và sang trọng.

⚙️ Trang bị bộ máy cơ khí Girod 8 côn chất lượng cao, vận hành ổn định, độ bền đã được khẳng định qua thời gian. Máy ba lỗ với hệ thống điểm giờ, điểm nhạc và chạy riêng biệt giúp hoạt động chính xác, bền bỉ.

🔔 Hệ thống 8 côn 8 búa chơi 2 bản nhạc đặc trưng. Chất âm ngân vang, trong trẻo, giàu nhạc tính và có độ lan tỏa tốt, mang lại cảm giác thư thái và đầy hoài niệm cho không gian sống.

📐 Kích thước: 71 x 39 cm

📞 0️⃣9️⃣6️⃣3️⃣ • 4️⃣5️⃣6️⃣ • 9️⃣6️⃣3️⃣
🏠 Khu đô thị Văn Phú, phường Phú La, Hà Đông, Hà Nội

#donghoco #girod #dongho8con #donghophap #suutamdongho #donghotreotuong #westminster #docoxua #donghocochauau #amthanhdongho #giadinhxua #reviewdongho #antiqueclock #vintageclock",0,"06/12/2026 19:59",https://www.facebook.com/donghonhakho.vn/posts/pfbid02eeXJzT7Ge3p4GFaYADFbY9vhNacRWMgnDfYsy5kDouXn61bBuPk8DRZ3QUH1WRUHl,Ảnh,,"Trọn đời",2,--,0.06,0.06,0,767,5,0,4,0,0,726,1150,,
1600110695009276,100050310827163,"Đồng hồ Nhà kho","Đồng hồ vai bò Đức 5 côn dáng chữ nhật – Nét đẹp Art Deco, âm thanh trong trẻo dễ nghe- Mã số B91
💵: 3tr8
✨ Sở hữu thiết kế thùng bè dáng chữ nhật bo cong mềm mại hai bên, chiếc đồng hồ mang đậm phong cách châu Âu giai đoạn 1930–1940. Nước gỗ vân nu nổi đẹp với những đường vân xoáy tự nhiên tạo nên chiều sâu và nét sang trọng rất riêng. Mặt số nổi Art Deco kết hợp bộ kim nguyên bản hài hòa với tổng thể cổ kính.

⚙️ Trang bị bộ máy cơ khí Đức chất lượng cao, hoạt động ổn định, độ bền vượt thời gian. Máy vách đồng chắc chắn, quả lắc đồng nguyên bản giúp đồng hồ vận hành nhịp nhàng và chính xác.

🔔 Hệ thống 5 côn 5 búa, chất âm ngân vang, trong trẻo, không quá ồn nhưng đủ tạo nên cảm giác thư thái và hoài niệm trong không gian sống.

📐 Kích thước: 50 x 22 cm

☎️ 0️⃣9️⃣6️⃣3️⃣ ✦ 4️⃣5️⃣6️⃣ ✦ 9️⃣6️⃣3️⃣
🏠 Khu đô thị Văn Phú, phường Phú La, Hà Đông, Hà Nội

#donghoco #donghovaibo #donghocoDuc #suutamdongho",0,"06/12/2026 20:09",https://www.facebook.com/donghonhakho.vn/posts/pfbid08a7PVDzDPApKHgBhK1AudZXo4pSx8uFJXHCUpkvptTrHnsc6Q2K3rhbHScea4krBl,Ảnh,,"Trọn đời",1,--,0.05,0.05,0,658,3,0,2,0,0,630,996,,
1600368888316790,100050310827163,"Đồng hồ Nhà kho","🕰️ Trong chế tác đồng hồ cổ, những ô kính quả lắc không chỉ có nhiệm vụ bảo vệ mà còn là một chi tiết trang trí rất tinh tế.

Người xưa lựa chọn những tấm kính có độ trong cao, sau đó mài vát cạnh tạo thành các mặt lăng kính. Khi ánh sáng chiếu qua, kết hợp với chuyển động nhịp nhàng của quả lắc sẽ tạo nên những hiệu ứng khúc xạ lấp lánh đầy cuốn hút.

Chính những chi tiết nhỏ như vậy đã góp phần tạo nên vẻ đẹp và giá trị riêng cho những chiếc đồng hồ cổ châu Âu.",29,"06/13/2026 03:34",https://www.facebook.com/reel/1946516796063003/,"Thước phim",,"Trọn đời",2,+3.5x,0.07,0.07,0,8072,30,5,29,2,0,7791,8475,3.672,28938.485
1600543251632687,100050310827163,"Đồng hồ Nhà kho","🕰️ The music drum of the ODO 36/10 is one of the most fascinating parts of this legendary French clock.

Precisely crafted with hundreds of tiny pins, the drum controls every hammer strike to create the famous Westminster and Gaï Carillon melodies. As the drum slowly rotates, each pin lifts a hammer at exactly the right moment, turning pure mechanics into music.

Even after decades, watching this mechanism operate remains a remarkable display of French clockmaking artistry and engineering.",12,"06/13/2026 07:37",https://www.facebook.com/reel/1758534268842845/,"Thước phim",,"Trọn đời",6,+22.1x,0.25,0.25,0,25883,532,43,505,26,13,25173,37070,9.321,236017.619
1600846084935737,100050310827163,"Đồng hồ Nhà kho","The Odo 36/10 is celebrated for its outstanding sound quality and remains one of the most beloved antique French clocks among collectors.
 ☎ 𝟶𝟿𝟼𝟥•𝟜𝟝𝟞•𝟿𝟞𝟥 
Its famous Gai Carillon melody is truly beautiful, rich, and captivating, drawing listeners in with its elegant and distinctive musical character. The clock is especially admired for its unique double-hour ""Bing-Bong"" strike, a signature sound that has become closely associated with Odo clocks.

With its 10 rods, 10 hammers, and two-melody movement, the Odo 36/10 delivers a powerful yet refined listening experience. Its deep resonance, long sustain, and unmistakable musical charm make it a favorite among antique clock enthusiasts worldwide.",24,"06/13/2026 15:48",https://www.facebook.com/reel/1028613276188556/,"Thước phim",,"Trọn đời",13,+25.7x,0.18,0.18,0,11437,250,13,226,12,7,10579,13832,10.204,114115.208
1600867914933554,100050310827163,"Đồng hồ Nhà kho","👉 ZIN & HIẾM Ô Đô 1962 nổi bật với mặt số vàng hồng 20cm đầy cuốn hút. Thùng đục chạm tinh tế, giữ nguyên nét đẹp theo thời gian. Cam kết nguyên bản từ thùng, mặt số đến bộ máy.
Một mẫu đồng hồ hiếm gặp và rất có thần thái riêng.",0,"06/13/2026 16:29",https://www.facebook.com/donghonhakho.vn/posts/pfbid0VD46ThXEA2xxt7PwvFKy1GLteEkBmfsW6UQR4619GUQpC8ERR2q4jVA5kGEYCFN5l,Ảnh,,"Trọn đời",7,--,0.38,0.38,0,4260,55,0,43,0,12,4184,5900,,
1601907561496256,100050310827163,"Đồng hồ Nhà kho","🕰️ NHẬT KÝ Ô ĐÔ 36/10 #20 | Bí ẩn tiếng “bing-bong” kép trên Ô đô 36/10

Anh em có để ý một điều rất thú vị không?

Trên những chiếc Ô đô 36/10 treo tường chơi bản nhạc Gai Carillon, sau khi bản nhạc kết thúc, phần điểm giờ lại phát ra tiếng “bing-bong” kép vô cùng đặc trưng. Chỉ cần nghe qua, nhiều người chơi lâu năm đã nhận ra ngay đó là chất âm của dòng Ô đô 36/10.

Nhưng điều làm em thắc mắc là em gần như chỉ gặp kiểu điểm giờ kép này trên các mẫu đồng hồ treo tường.

Trong khi đó, những chiếc đồng hồ vai bò hoặc đồng hồ tủ cũng sử dụng bản nhạc Gai Carillon, thậm chí có cùng triết lý âm nhạc của hãng, lại thường điểm giờ đơn như những chiếc đồng hồ thông thường khác.

Vậy câu hỏi đặt ra là: tại sao các kỹ sư của Ô đô lại thiết kế riêng cơ cấu điểm giờ “bing-bong” kép cho dòng treo tường 10 côn?

Liệu đây chỉ đơn giản là một lựa chọn kỹ thuật nhằm tạo dấu ấn riêng cho dòng Ô đô 36/10? Hay còn là một chủ ý về âm học, giúp tiếng điểm giờ trở nên nổi bật hơn sau khi kết thúc bản nhạc Gai Carillon?

Cho đến nay, em vẫn chưa tìm thấy một tài liệu chính thức nào giải thích rõ nguyên nhân của thiết kế này. Nhưng chính những chi tiết như vậy lại tạo nên sức hấp dẫn đặc biệt của dòng Ô đô 36/10 đối với người sưu tầm.

Anh em nào có tài liệu gốc, catalogue, tài liệu kỹ thuật hoặc góc nhìn khác về tiếng “bing-bong” kép này thì hãy cùng chia sẻ dưới phần bình luận nhé. Biết đâu chúng ta sẽ cùng nhau giải mã được một trong những nét đặc trưng thú vị nhất của Ô đô 36/10.",57,"06/14/2026 21:56",https://www.facebook.com/reel/2188607925261383/,"Thước phim",,"Trọn đời",6,+9.8x,0.07,0.07,0,3906,27,0,26,0,0,3753,4420,11.618,45927.431
1602060444814301,100050310827163,"Đồng hồ Nhà kho","🕰️ NHẬT KÝ Ô ĐÔ 36/10 #21 | Cơ cấu tạo nhạc và điểm giờ hoạt động ra sao?

Anh em có bao giờ thắc mắc một chiếc Ô đô 36/10 vừa chơi nhạc, vừa điểm đúng số giờ bằng một hệ thống hoàn toàn cơ khí hoạt động như thế nào không?

Mọi thứ bắt đầu khi kim phút quay đến vị trí quy định. Lúc này múi khế sẽ tác động vào cần nhạc, giải phóng cơ cấu phát nhạc đã được chờ sẵn.

Ngay sau đó, cam nhạc bắt đầu quay và kéo theo quả gai chuyển động. Các chân gai lần lượt nâng từng búa chuông lên rồi thả xuống, gõ vào các thanh côn để tạo nên giai điệu Westminster hoặc Gai Carillon quen thuộc.

Nhưng điều thú vị là trong lúc bản nhạc đang được trình diễn, bên trong bộ máy còn có một cơ cấu liên động khác âm thầm làm việc. Cơ cấu này chuẩn bị cho phần điểm giờ diễn ra ngay sau khi bản nhạc kết thúc.

Khi nốt nhạc cuối cùng vang lên, thước đếm giờ sẽ đọc vị trí của ốc sên giờ để xác định chính xác số tiếng chuông cần đánh. Nhờ đó chiếc Ô đô 36/10 luôn thực hiện đúng trình tự: chơi hết bản nhạc trước, sau đó mới điểm đủ số giờ tương ứng.

Nghe thì đơn giản, nhưng để hàng chục chi tiết cơ khí phối hợp nhịp nhàng với nhau như vậy là cả một sự tính toán rất tinh tế của các kỹ sư Ô đô.

Đó cũng là điều khiến em luôn cảm thấy thích thú mỗi khi quan sát một bộ máy Ô đô 36/10 vận hành.",240,"06/15/2026 02:22",https://www.facebook.com/reel/1330988115170585/,"Thước phim",,"Trọn đời",5,+48.5x,0.18,0.18,0,4690,54,2,41,6,2,4585,5012,21.887,101975.732
1602072064813139,100050310827163,"Đồng hồ Nhà kho","🕰️ NHẬT KÝ Ô ĐÔ 36/10 #22 | Cơ cấu truyền động từ múi khế sang cam nhạc

Khi kim phút quay đến các mốc 15, 30, 45 phút hoặc đúng giờ, múi khế sẽ tác động lên cần nhả nhạc. Lúc này cơ cấu khóa được giải phóng và bánh truyền bắt đầu kéo cam nhạc cùng quả gai quay theo.

Có thể hình dung múi khế giống như người phát lệnh, còn cam nhạc và quả gai mới là bộ phận trực tiếp tạo nên giai điệu Westminster hoặc Gai Carillon.

Điều thú vị là cơ cấu này chỉ hoạt động trong một thời gian rất ngắn để khởi động cả hệ thống nhạc. Sau khi được giải phóng, toàn bộ phần còn lại sẽ vận hành nhờ năng lượng tích trữ trong hộp cót nhạc.

Nhìn đơn giản nhưng đây là một mắt xích cực kỳ quan trọng. Chỉ cần sai lệch nhỏ ở vị trí tiếp xúc giữa múi khế và cần nhả nhạc là đồng hồ có thể không đánh nhạc, đánh sai nhịp hoặc bỏ chuông.

Đó cũng là lý do trong quá trình bảo dưỡng Ô đô 36/10, em luôn kiểm tra rất kỹ cơ cấu truyền động này trước khi tiến hành canh chỉnh phần nhạc và điểm giờ.",34,"06/15/2026 02:41",https://www.facebook.com/reel/2021565278457726/,"Thước phim",,"Trọn đời",0,+2.4x,0.08,0.08,0,4688,43,1,40,2,2,4233,5421,11.197,49819.187
1602074571479555,100050310827163,"Đồng hồ Nhà kho","🕰️ NHẬT KÝ Ô ĐÔ 36/10 #23 | Trái tim tạo nên giai điệu Westminster và Gai Carillon

Trong bức ảnh này, anh em đang nhìn thấy một trong những bộ phận quan trọng nhất trên chiếc Ô đô 36/10: trống nhạc và quả gai.

Khi đến kỳ đánh nhạc, trống nhạc bắt đầu quay và kéo theo quả gai hoạt động. Các chân gai được bố trí theo một trình tự đã được tính toán sẵn từ nhà sản xuất. Khi quay, chúng lần lượt nâng từng búa chuông lên rồi thả xuống đúng thời điểm để tạo thành giai điệu Westminster hoặc Gai Carillon.

Điều thú vị là toàn bộ bản nhạc được “lập trình” hoàn toàn bằng cơ khí. Vị trí của từng chân gai trên trống nhạc chính là bản tổng phổ mà các kỹ sư Ô đô đã thiết kế từ nhiều chục năm trước.

Nhìn bên ngoài chỉ là một ống đồng với những chân gai nhỏ bé, nhưng bên trong đó là cả một cơ cấu có thể tạo nên những giai điệu đã làm say mê biết bao thế hệ người chơi đồng hồ cổ.

Đó cũng là lý do trống nhạc luôn được xem là trái tim của những chiếc Ô đô 36/10, nơi biến chuyển động cơ khí thành âm nhạc một cách đầy tinh tế và cuốn hút.",28,"06/15/2026 02:45",https://www.facebook.com/reel/1387506823208867/,"Thước phim",,"Trọn đời",0,+2.5x,0.1,0.1,0,6273,93,1,90,5,1,6121,7466,10.689,65687.403
1602619551425057,100050310827163,"Đồng hồ Nhà kho","🕰️ Đồng hồ Atmos được xem là một trong những kỳ quan cơ khí nổi tiếng của Thụy Sĩ.

✨ Điểm đặc biệt của Atmos là gần như không cần lên cót hay sử dụng điện. Đồng hồ hoạt động nhờ sự thay đổi rất nhỏ của nhiệt độ và áp suất môi trường. Chỉ cần nhiệt độ thay đổi khoảng 1°C cũng đủ tạo ra năng lượng giúp đồng hồ vận hành trong nhiều ngày.

⚙️ Bộ máy được thiết kế với mức tiêu thụ năng lượng cực thấp, các chi tiết chế tạo chính xác đến mức gần như không có sự lãng phí năng lượng trong quá trình hoạt động.

🔔 Không sở hữu những bản nhạc hay tiếng chuông như nhiều dòng đồng hồ cổ khác, nhưng Atmos lại chinh phục người chơi bằng chuyển động chậm rãi, êm ái của bộ dao động xoay và trình độ cơ khí đỉnh cao.

📚 Từ nhiều thập kỷ nay, Atmos luôn được xem là biểu tượng của nghệ thuật chế tác đồng hồ Thụy Sĩ và là niềm tự hào của giới sưu tầm trên toàn thế giới.

#dongho #donghoco #atmos #thuysi #suutam",65,"06/15/2026 17:56",https://www.facebook.com/reel/27367139146254445/,"Thước phim",,"Trọn đời",0,+1.7x,0,0,0,393,6,2,5,1,0,373,451,6.136,2528.214
1602625821424430,100050310827163,"Đồng hồ Nhà kho","REVIEW #30 | 📞 0️⃣9️⃣6️⃣3️⃣ ✦ 4️⃣5️⃣6️⃣ ✦ 9️⃣6️⃣3️⃣ | Admiral 528 và cơ cấu con lắc xoắn đầy thú vị

Giống với vai trò của quả lắc trên đồng hồ treo tường, bộ phận anh em đang nhìn thấy trên chiếc Admiral 528 được gọi là con lắc xoắn. Dù cấu tạo khác nhau nhưng cả hai đều có chung nhiệm vụ tạo ra những dao động đều đặn để điều khiển tốc độ chạy của đồng hồ.

Với đồng hồ treo tường, quả lắc dao động qua lại nhờ trọng lực. Còn trên Admiral 528, toàn bộ cụm quả nặng sẽ xoay qua xoay lại nhờ sự đàn hồi của sợi tóc xoắn cực mảnh.

Trong quá trình hoạt động, ma sát và sức cản luôn làm dao động suy giảm. Ổ cót thông qua bộ thoát sẽ liên tục bổ sung một lượng năng lượng rất nhỏ để bù lại phần hao hụt đó, giúp con lắc duy trì dao động ổn định trong thời gian dài.

Chính những dao động đều đặn ấy đã tạo nên độ chính xác của chiếc đồng hồ cơ khí nhỏ gọn nhưng đầy tinh tế này.

#donghoco #Admiral528 #conlacxoan #co",74,"06/15/2026 18:08",https://www.facebook.com/reel/1551067926681332/,"Thước phim",,"Trọn đời",4,+7x,0.01,0.01,0,716,11,0,7,0,0,662,777,5.943,4279.401
1602630428090636,100050310827163,"Đồng hồ Nhà kho","REVIEW #31 | ☎️ 0️⃣9️⃣6️⃣3️⃣ ✦ 4️⃣5️⃣6️⃣ ✦ 9️⃣6️⃣3️⃣ | Vê đét 8 côn 8 búa Westminster – chất âm làm nên sức hút

Có những chiếc đồng hồ gây ấn tượng bởi ngoại hình, nhưng cũng có những chiếc khiến người ta nhớ mãi bởi âm thanh. Vê đét 8 côn 8 búa là một trong số đó.

Với dàn 8 côn 8 búa cùng bản nhạc Westminster nổi tiếng, chiếc đồng hồ mang đến âm thanh trong trẻo, rõ tiếng và có độ ngân rất dễ chịu. Mỗi khi giai điệu cất lên, người nghe có thể cảm nhận được sự mềm mại, hài hòa và đầy cảm xúc – nét đặc trưng đã làm nên tên tuổi của nhiều mẫu đồng hồ Pháp.

Không quá cầu kỳ, không quá phô trương, nhưng càng nghe càng thấy cuốn hút. Đó cũng là lý do những chiếc Vê đét 8 côn luôn được nhiều người yêu đồng hồ cổ nhắc đến khi nói về chất âm.

#donghoco #ve_det #8con8bua",103,"06/15/2026 18:17",https://www.facebook.com/reel/1306515978294293/,"Thước phim",,"Trọn đời",0,+2.9x,0.01,0.01,0,829,9,1,8,0,1,762,848,6.88,5476.723
1602632714757074,100050310827163,"Đồng hồ Nhà kho","🕰️ Nếu xét về kiểu dáng thùng bè, mặt số nổi và giá trị trưng bày, nhiều mẫu đồng hồ Vê Đét mang đến hiệu quả thẩm mỹ rất cao.

✨ Trong khi để sở hữu một chiếc Ô Đô có ngoại hình tương đương, người chơi đôi khi phải đầu tư số tiền lớn hơn rất nhiều, thì với Vê Đét, mức chi phí lại dễ tiếp cận hơn đáng kể.

🔔 Không chỉ sở hữu thiết kế đẹp, hài hòa và đậm chất châu Âu, những chiếc Vê Đét còn có chất âm dễ nghe, độ bền cao và phụ tùng tương đối phổ biến.

📚 Một lựa chọn đáng cân nhắc cho anh em yêu đồng hồ cổ, vừa có giá trị sưu tầm, vừa có mức đầu tư hợp lý so với những gì sản phẩm mang lại.

#dongho #donghoco #ve_det #suutam #thuongam",22,"06/15/2026 18:21",https://www.facebook.com/reel/989974157149589/,"Thước phim",,"Trọn đời",0,+0.9x,0.02,0.02,0,1683,16,1,16,0,0,1599,2161,9.992,16878.086
1602639668089712,100050310827163,"Đồng hồ Nhà kho","🕰️ Thanh lý một chiếc đồng hồ cổ Đức nguyên bản, kiểu dáng đẹp và vẫn đang hoạt động ổn định.

✨ Thùng đồng hồ còn giữ được nét cổ kính theo thời gian, tuy nhiên có vài vết mọt và sứt một mảnh kính nhỏ. Anh em khéo tay hoàn toàn có thể tự xử lý, phục hồi theo sở thích của mình.

⚙️ Bộ máy nguyên bản, vận hành tốt, phù hợp cho anh em yêu thích đồ xưa, thích sưu tầm hoặc tìm một chiếc đồng hồ cổ để trải nghiệm với chi phí hợp lý.

📚 Một lựa chọn đáng cân nhắc cho người chơi muốn sở hữu đồng hồ cổ châu Âu nguyên bản mà không cần đầu tư quá lớn.

#donghoco #donghoduc #donghotreotuong #suutam #doxua",65,"06/15/2026 18:33",https://www.facebook.com/reel/974404945228478/,"Thước phim",,"Trọn đời",0,+4.7x,0.02,0.02,0,659,5,1,5,0,0,625,776,11.743,8196.647
1602666714753674,100050310827163,"Đồng hồ Nhà kho","🕰️ NHẬT KÝ Ô ĐÔ 36/10 #24 | Cơ cấu tạo tiếng ""bính boong"" đặc trưng

Một trong những nét đặc sắc nhất trên Ô đô 36/10 chính là tiếng ""bính boong"" điểm giờ mà nhiều anh em chỉ cần nghe qua đã nhận ra ngay.

Để tạo ra âm thanh này, Ô đô đã thiết kế một cơ cấu búa rất riêng và khá công phu.

Hệ thống bao gồm hai cụm búa hoạt động độc lập. Một bên đảm nhiệm tiếng ""bính"" với một búa riêng, trong khi bên còn lại sử dụng ba búa cùng lúc để tạo nên tiếng ""boong"" trầm, dày và có độ ngân đặc trưng.

Khi cơ cấu điểm giờ hoạt động, bánh sao hình múi khế sẽ quay từng nấc một. Mỗi nấc quay lần lượt tác động vào cần ""bính"" rồi đến cần ""boong"", tạo nên hai âm thanh tách biệt nhưng liên kết chặt chẽ với nhau.

Chính nhờ thiết kế này mà tiếng điểm giờ của Ô đô 36/10 không đơn thuần là những tiếng chuông lặp lại, mà trở thành một chuỗi âm thanh có nhịp điệu và bản sắc riêng.

Đó cũng là lý do vì sao tiếng ""bính boong"" trên dòng Ô đô 36/10 luôn được giới sưu tầm đánh giá rất cao. Chỉ cần nghe vài tiếng chuông vang lên, người chơi lâu năm thường có thể nhận ra ngay chất âm đặc trưng mà những dòng đồng hồ khác khó có thể mang lại.",11,"06/15/2026 19:21",https://www.facebook.com/reel/1617267436034425/,"Thước phim",,"Trọn đời",24,+56.2x,0.42,0.42,0,63662,882,70,814,56,22,62304,99708,10.193,634829.725
1602703694749976,100050310827163,"Đồng hồ Nhà kho","🕰️ NHẬT KÝ Ô ĐÔ 36/10 #25 | Hệ thống đếm giờ thông minh trên Ô đô 36/10

Trong bức ảnh này, anh em đang nhìn thấy cơ cấu chịu trách nhiệm đếm và điều khiển số tiếng chuông điểm giờ trên chiếc Ô đô 36/10.

Nói một cách dễ hiểu, đây chính là “bộ não” của hệ thống điểm giờ.

Khi bản nhạc kết thúc, cơ cấu này sẽ quyết định đồng hồ cần đánh bao nhiêu tiếng chuông. Đánh 3 tiếng, 7 tiếng hay 12 tiếng đều được tính toán hoàn toàn bằng cơ khí.

Thành phần quan trọng nhất là chiếc thước đếm có răng cưa. Khi đến giờ, thước sẽ được thả xuống vị trí tương ứng với giờ hiện tại thông qua cơ cấu ốc sên giờ. Sau đó, mỗi lần búa điểm giờ hoạt động, thước đếm sẽ được nâng lên từng nấc.

Mỗi một nấc tương ứng với một tiếng chuông.

Khi thước đếm trở về vị trí ban đầu, hệ thống sẽ tự động khóa lại và kết thúc quá trình điểm giờ. Nhờ vậy đồng hồ luôn đánh đúng số tiếng chuông tương ứng với thời gian thực tế.

Điều thú vị là toàn bộ quá trình này diễn ra hoàn toàn tự động bằng các đòn bẩy, lò xo, bánh răng và thước đếm cơ khí. Không có bất kỳ linh kiện điện tử nào tham gia.

Chính sự đơn giản nhưng cực kỳ thông minh này đã giúp những chiếc Ô đô 36/10 có thể hoạt động chính xác suốt hàng chục năm, thậm chí hàng trăm năm nếu được bảo dưỡng đúng cách.",13,"06/15/2026 20:28",https://www.facebook.com/reel/978902165194689/,"Thước phim",,"Trọn đời",7,+24.6x,1.48,1.48,0,116291,621,74,587,46,13,113638,184623,12.102,1389491.021
1602718851415127,100050310827163,"Đồng hồ Nhà kho","REVIEW #33 | ☏ 0️⃣9️⃣6️⃣3️⃣ ⟡ 4️⃣5️⃣6️⃣ ⟡ 9️⃣6️⃣3️⃣ | Ô đô 24 đời 1962 – 6 côn 10 búa, chất âm đầy cảm xúc

Ô đô 24 đời 1962 là một trong những dòng đồng hồ được nhiều người yêu thích bởi sự hài hòa giữa thiết kế, bộ máy và âm thanh.

Chiếc đồng hồ sở hữu cấu hình 6 côn 10 búa cùng hai bản nhạc đặc trưng, tạo nên những giai điệu trong trẻo, ngân vang và giàu cảm xúc. Khi kết hợp với tiếng điểm giờ đặc trưng của Ô đô, tổng thể âm thanh mang một màu sắc rất riêng mà nhiều người chơi lâu năm dễ dàng nhận ra.

Trải qua hơn nửa thế kỷ, sản phẩm vẫn giữ được những nét nguyên bản đáng quý cùng chất âm cuốn hút đã làm nên tên tuổi của dòng Ô đô. Một mẫu đồng hồ càng nghe càng thấy có chiều sâu và sức hấp dẫn riêng.

#donghoco #odo24 #6con10bua",81,"06/15/2026 20:53",https://www.facebook.com/reel/1441183724479540/,"Thước phim",,"Trọn đời",0,+2.9x,0.01,0.01,0,472,4,1,4,0,0,428,523,10.2,4814.849
1602734181413594,100050310827163,"Đồng hồ Nhà kho","REVIEW #34 | 📞 0️⃣9️⃣6️⃣3️⃣ ✦ 4️⃣5️⃣6️⃣ ✦ 9️⃣6️⃣3️⃣ | Vai bò Đức Hermle 5 côn – nhỏ gọn, thanh lịch và giàu nhạc tính

Hermle là một trong những cái tên quen thuộc của ngành đồng hồ Đức, nổi tiếng với những bộ máy bền bỉ và độ hoàn thiện cao.

Chiếc vai bò 5 côn này sở hữu dáng thùng cân đối, đường nét mềm mại đặc trưng của dòng vai bò cổ điển. Kích thước vừa phải giúp dễ dàng bố trí trong nhiều không gian mà vẫn tạo được điểm nhấn riêng.

Điều thu hút nhất nằm ở chất âm. Dàn 5 côn cho tiếng chuông trong trẻo, rõ ràng, có độ ngân vừa đủ và rất dễ nghe trong sinh hoạt hằng ngày. Kết hợp với bộ máy nguyên bản vận hành ổn định, đây là mẫu đồng hồ mang đậm phong cách cơ khí Đức mà nhiều người yêu đồ xưa luôn dành sự quan tâm đặc biệt.

#donghoco #hermle #vaibo",42,"06/15/2026 21:21",https://www.facebook.com/reel/1051354921168977/,"Thước phim",,"Trọn đời",0,+0.3x,0,0,0,387,4,1,4,0,0,361,453,3.988,1591.26
1602741094746236,100050310827163,"Đồng hồ Nhà kho","🕰️ Một số mẫu đồng hồ vai bò được nhà sản xuất trang bị sẵn chức năng ngắt chuông, giúp người sử dụng chủ động kiểm soát âm thanh theo nhu cầu.

🔔 Khi không muốn nghe tiếng chuông hoặc bản nhạc điểm giờ, anh em chỉ cần gạt cần về vị trí ngắt chuông là đồng hồ sẽ tạm dừng phát âm thanh nhưng vẫn hoạt động bình thường.

⚙️ Đây là một tính năng rất thực tế, đặc biệt phù hợp vào buổi tối, giờ nghỉ ngơi hoặc những lúc cần không gian yên tĩnh.

✨ Một chi tiết nhỏ nhưng mang lại sự tiện lợi lớn trong quá trình sử dụng đồng hồ cổ hằng ngày.

#donghoco #donghovaibo #donghoduc #suutam #cokhi",33,"06/15/2026 21:34",https://www.facebook.com/reel/996337903380241/,"Thước phim",,"Trọn đời",0,+0.6x,0.01,0.01,0,550,4,2,4,0,0,498,627,7.334,4026.404
1602748944745451,100050310827163,"Đồng hồ Nhà kho","🕰️ Những chiếc đồng hồ vai bò luôn có sức hút riêng nhờ kiểu dáng cân đối, gọn gàng và dễ bài trí trong nhiều không gian khác nhau.

✨ Ngoại hình đẹp, đậm nét cổ điển châu Âu cùng những đường nét mềm mại tạo nên vẻ sang trọng và hài hòa theo thời gian.

🔔 Âm thanh điểm giờ nhẹ nhàng, ấm áp và dễ nghe, mang đến cảm giác thư thái mỗi khi đồng hồ cất tiếng chuông.

📚 Một dòng đồng hồ cổ được nhiều người yêu thích bởi sự kết hợp hài hòa giữa vẻ đẹp, công năng và giá trị sưu tầm.

#donghoco #donghovaibo #thuongam #doxua #suutam",41,"06/15/2026 21:48",https://www.facebook.com/reel/1108401194844674/,"Thước phim",,"Trọn đời",0,+0.6x,0,0,0,399,1,0,1,0,0,362,476,8.152,3342.556
1602757288077950,100050310827163,"Đồng hồ Nhà kho","🕰️ NHẬT KÝ Ô ĐÔ 36/10 #27 | Cơ cấu truyền động nhẹ nhàng nhưng đầy tinh tế

Một điều em rất thích trên chiếc Ô đô 36/10 là cách các cơ cấu truyền động làm việc với nhau.

Từ kim phút, múi khế, cần nhạc, trống nhạc cho tới hệ thống điểm giờ, mọi chuyển động đều diễn ra rất nhẹ nhàng. Không có những cú va đập mạnh hay những chuyển động thô cứng.

Chỉ một tác động nhỏ từ múi khế cũng đủ giải phóng cả hệ thống đánh nhạc. Từ đó, năng lượng được truyền đi qua các đòn bẩy và bánh răng một cách nhịp nhàng, giúp trống nhạc quay, quả gai hoạt động và các búa lần lượt gõ vào côn.

Điều đáng nể là các kỹ sư Ô đô đã thiết kế để những cơ cấu này chỉ cần một lực rất nhỏ nhưng vẫn hoạt động chính xác và ổn định suốt hàng chục năm.

Khi quan sát trực tiếp bộ máy vận hành, anh em sẽ thấy các cần gạt gần như chỉ nhúc nhích rất nhẹ. Nhưng chính những chuyển động nhỏ bé đó lại điều khiển cả một bản nhạc và hệ thống điểm giờ phức tạp phía sau.

Đó là vẻ đẹp của cơ khí cổ: không cần nhanh, không cần mạnh, chỉ cần chính xác và hài hòa. Và Ô đô 36/10 là một ví dụ rất điển hình cho triết lý thiết kế ấy.",29,"06/15/2026 22:03",https://www.facebook.com/reel/3359412214227507/,"Thước phim",,"Trọn đời",7,+11.3x,0.04,0.04,0,2768,55,1,46,3,0,2666,3386,11.995,33155.735
1602763248077354,100050310827163,"Đồng hồ Nhà kho","🗿 Tượng thiếu nữ hái hoa cổ Pháp – Vẻ đẹp mềm mại của nghệ thuật điêu khắc châu Âu.

✨ Tác phẩm được chế tác từ đồng thau, cao 88 cm, sở hữu trọng lượng lớn và cảm giác chắc chắn. Hình ảnh thiếu nữ duyên dáng với chiếc giỏ hoa trên tay được thể hiện bằng những đường nét mềm mại, cân đối và đầy tính nghệ thuật.

🎨 Từng nếp áo, mái tóc và thần thái gương mặt đều được xử lý tinh tế, tạo nên vẻ đẹp nhẹ nhàng, thanh lịch nhưng không kém phần sang trọng. Lớp màu thời gian càng làm nổi bật giá trị cổ điển của tác phẩm.

📚 Một món đồ trang trí mang đậm phong cách Pháp, phù hợp cho không gian phòng khách, sảnh lớn, biệt thự hoặc dành cho người yêu thích nghệ thuật và đồ sưu tầm châu Âu cổ.

#tuongdong #tuongcophap #nghethuatdieukhac #doxuachauau #suutam #tuongthieunu #dongthau #antique #decor #vintagestyle",0,"06/15/2026 22:14",https://www.facebook.com/donghonhakho.vn/posts/pfbid02kGJBu1UyxwY4Hm7qy1sbKkN9ZvRkvJmM1tSM5PwHaE721DyDpGQyVvEJEw8MqXjQl,Ảnh,,"Trọn đời",0,--,0.07,0.07,0,776,5,1,4,0,1,760,1095,,
1602827548070924,100050310827163,"Đồng hồ Nhà kho","🕰️ Để nói về chiếc đồng hồ này thì chỉ dùng từ “hiếm” thôi vẫn chưa đủ.

Đây là một tác phẩm đạt đến sự hài hòa gần như hoàn mỹ về bố cục, đường nét và kỹ thuật chế tác. Thùng đồng hồ sở hữu thiết kế rất độc đáo, khác biệt so với những mẫu ODO thông thường, mang dáng dấp của một phiên bản đặt hàng đặc biệt hoặc được sản xuất với số lượng rất hạn chế.

Điểm nhấn nổi bật là mặt số nổi vàng hồng đường kính 20cm – một chi tiết cực hiếm gặp trên các dòng ODO cùng thời. Bên trong là bộ máy ODO đời 1962 với cấu hình 10 côn 11 búa, chơi hai bản nhạc Westminster và Ave Maria danh tiếng.

Một chiếc đồng hồ không chỉ hiếm về cấu hình mà còn đặc biệt ở sự đồng bộ, tính thẩm mỹ và giá trị sưu tầm mà không phải lúc nào cũng có cơ hội bắt gặp.",0,"06/16/2026 00:09",https://www.facebook.com/donghonhakho.vn/posts/pfbid037m9bNsHuALo2pcWhoYxKa3mZuuAtnmnyD4Tvu51ZjLdRwxWNcwJLk2nHwvTwDzMJl,Ảnh,,"Trọn đời",0,--,0.05,0.05,0,542,5,0,4,0,1,550,837,,
1602843544735991,100050310827163,"Đồng hồ Nhà kho","REVIEW #35 | ☎️ O963 ✦ 456 ✦ 963 | Ô đô 62 – vẻ đẹp của sự cân đối và khác biệt

Có những chiếc đồng hồ gây ấn tượng bởi bộ máy, có những chiếc thu hút bởi kiểu dáng. Nhưng cũng có những chiếc hội tụ được cả hai yếu tố ấy trong một tổng thể hài hòa đến mức khó quên.

Ô đô 62 sở hữu thiết kế thùng rất đặc biệt, khác biệt rõ rệt so với nhiều mẫu Ô đô cùng thời. Từng đường nét, tỷ lệ và chi tiết trang trí đều tạo cảm giác cân đối, sang trọng và đầy cá tính.

Điểm nhấn nổi bật là mặt số nổi vàng hồng kích thước 20cm – một chi tiết hiếm gặp, giúp tổng thể chiếc đồng hồ trở nên nổi bật ngay từ ánh nhìn đầu tiên. Bên trong là bộ máy đời 1962 với cấu hình 10 côn 11 búa, trình diễn hai bản nhạc Westminster và Ave Maria đầy cảm xúc.

Một tác phẩm cơ khí mang đậm dấu ấn chế tác Pháp, nơi vẻ đẹp thẩm mỹ và giá trị sưu tầm cùng hiện diện trong một thiết kế rất riêng.

#donghoco #odo62 #10con11bua #donghoPhap #gioisuutam",125,"06/16/2026 00:35",https://www.facebook.com/reel/27314831728170156/,"Thước phim",,"Trọn đời",1,+8.3x,0.02,0.02,0,1642,11,0,11,0,0,1520,1738,7.433,12065.374
1602853238068355,100050310827163,"Đồng hồ Nhà kho","#1 Đồng hồ Ô Đô – Mặt số vàng hồng 20cm cực hiếm

Chiếc đồng hồ cổ Ô Đô đời 1962 sở hữu cấu hình 10 côn 11 búa, chơi hai bản nhạc nổi tiếng và được giới sưu tầm đánh giá cao bởi sự độc đáo, hiếm gặp.

Điểm nhấn đặc biệt nằm ở mặt số nổi vàng hồng đường kính 20cm – một chi tiết rất ít gặp trên các mẫu Ô Đô cùng thời. Kết hợp cùng thiết kế thùng độc dị, cân đối và đầy tính nghệ thuật, tổng thể tạo nên một vẻ đẹp khác biệt, khó nhầm lẫn.

Một mẫu Ô Đô không chỉ hiếm về cấu hình mà còn nổi bật bởi giá trị thẩm mỹ và giá trị sưu tầm theo thời gian.",27,"06/16/2026 00:51",https://www.facebook.com/reel/1266373928701871/,"Thước phim",,"Trọn đời",9,+15x,0.04,0.04,0,4367,36,0,26,0,1,4168,5145,9.972,43152.602
1602860111401001,100050310827163,"Đồng hồ Nhà kho","#2 Đồng hồ Ô Đô – Hoa văn đáy thùng đầy tinh tế

Chiếc Ô Đô đời 1962 không chỉ nổi bật với mặt số nổi vàng hồng 20cm cực hiếm mà còn gây ấn tượng bởi phần đáy thùng được chạm khắc hoa văn rất đẹp.

Đây là chi tiết thường bị bỏ qua, nhưng lại thể hiện sự tinh tế của người thiết kế. Khi đồng hồ được treo cao hơn tầm mắt, người xem nhìn từ dưới lên vẫn cảm nhận được bố cục hài hòa và vẻ đẹp trọn vẹn của tổng thể chiếc đồng hồ.

Một chi tiết nhỏ nhưng đủ cho thấy sự chăm chút trong nghệ thuật chế tác đồng hồ cổ Pháp.

#DongHoOdo #Odo1962 #DongHoCoPhap #DongHoCo #DongHoTreoTuong #MatSoNoi #MatSoVangHong #DongHoQuaLac #DongHoSuuTam #DongHoChauAu",19,"06/16/2026 01:04",https://www.facebook.com/reel/1304906225092609/,"Thước phim",,"Trọn đời",0,+0.7x,0.01,0.01,0,2588,19,0,18,1,0,2504,3037,5.852,15153.159
1602864061400606,100050310827163,"Đồng hồ Nhà kho","#3 Đồng hồ Ô Đô – Dành cho người yêu nét đẹp độc bản

Dành cho anh em yêu thích sự độc dị, khác biệt và những tác phẩm xuất sắc của nghệ thuật chế tác đồng hồ cổ Pháp.

Chiếc Ô Đô đời 1962 này gây ấn tượng mạnh với mặt số nổi vàng hồng đường kính 20cm cực hiếm, kết hợp cùng thiết kế thùng độc đáo và cấu hình 10 côn 11 búa danh tiếng. Từ đường nét thùng, mặt số đến tổng thể bố cục đều mang một vẻ đẹp riêng, khó bắt gặp trên những mẫu Ô Đô thông thường.

Một chiếc đồng hồ không chỉ để xem giờ, mà còn là một tác phẩm sưu tầm mang đậm dấu ấn thời gian.

#DongHoOdo #Odo1962 #DongHoCoPhap #DongHoCo #DongHoQuaLac #MatSoVangHong #DongHoSuuTam #Odo10Con11Bua #DongHoChauAu #CoKhiPhap",49,"06/16/2026 01:11",https://www.facebook.com/reel/992378593772749/,"Thước phim",,"Trọn đời",0,+1x,0.03,0.03,0,1988,16,0,16,0,0,1872,2166,9.045,17919.471
1602871541399858,100050310827163,"Đồng hồ Nhà kho","Đồng hồ vai bò Đức 5 côn– Dáng đẹp cân đối, âm thanh ấm áp- Mã số B92
💵: 4tr4
✨ Sở hữu kích thước 64x23cm, mẫu đồng hồ vai bò Đức này gây ấn tượng bởi thiết kế cân đối, khỏe khoắn nhưng vẫn mang nét mềm mại đặc trưng của phong cách Art Deco. 
✨ Thùng gỗ vân nổi đẹp tự nhiên, màu gỗ mật ong nguyên bản tạo cảm giác sang trọng và dễ phối với nhiều không gian nội thất.
⚙️ Bộ máy cơ khí Đức chất lượng cao, hoạt động bền bỉ, độ ổn định tốt và dễ bảo dưỡng. Máy được trang bị hệ thống 5 côn 5 búa với chất âm trong trẻo, vang sáng và giàu nhạc tính.

🔔 Tiếng chuông Westminster ngân lên nhẹ nhàng, ấm áp và đầy chiều sâu. Âm thanh lan tỏa vừa đủ, không quá gắt, rất phù hợp với không gian phòng khách, phòng làm việc hoặc những người yêu thích tiếng chuông cổ điển châu Âu.

📞 0️⃣9️⃣6️⃣3️⃣ ✦ 4️⃣5️⃣6️⃣ ✦ 9️⃣6️⃣3️⃣
🏠 Khu đô thị Văn Phú, phường Phú La, Hà Đông, Hà Nội

#donghoco #donghotreotuong #donghovaibo #donghoduc #donghocochauau #donghocoduc #donghocoxua #donghosuutam #donghocon #donghocokhi #donghodep #donghoquylac #westminster #amthanhdongho #suutamdongho",0,"06/16/2026 01:24",https://www.facebook.com/donghonhakho.vn/posts/pfbid02RoP8gQutY2svLmYkqK8Bjscs7XTYo3W43npbNprFZjWCAuTBBjKNpwNT6MgqxAmRl,Ảnh,,"Trọn đời",1,--,0.05,0.05,0,523,3,0,2,0,0,512,789,,
1603472761339736,100050310827163,"Đồng hồ Nhà kho","#3 Đồng hồ Ô Đô – Dành cho người yêu nét đẹp độc bản

Dành cho anh em yêu thích sự độc dị, khác biệt và những tác phẩm xuất sắc của nghệ thuật chế tác đồng hồ cổ Pháp.

Chiếc Ô Đô đời 1962 này gây ấn tượng mạnh với mặt số nổi vàng hồng đường kính 20cm cực hiếm, kết hợp cùng thiết kế thùng độc đáo và cấu hình 10 côn 11 búa danh tiếng. Từ đường nét thùng, mặt số đến tổng thể bố cục đều mang một vẻ đẹp riêng, khó bắt gặp trên những mẫu Ô Đô thông thường.

Một chiếc đồng hồ không chỉ để xem giờ, mà còn là một tác phẩm sưu tầm mang đậm dấu ấn thời gian.

#DongHoOdo #Odo1962 #DongHoCoPhap #DongHoCo #DongHoQuaLac #MatSoVangHong #DongHoSuuTam #Odo10Con11Bua #DongHoChauAu #CoKhiPhap",13,"06/16/2026 17:54",https://www.facebook.com/reel/1707363296934756/,"Thước phim",,"Trọn đời",0,+0.9x,0.02,0.02,0,3593,34,0,33,2,0,3426,4554,6.764,24101.045
1603856521301360,100050310827163,"Đồng hồ Nhà kho","🕰️ NHẬT KÝ Ô ĐÔ 36/10 #28 | 4 thế hệ máy Ô đô 36/10

Trong quá trình tìm hiểu và sưu tầm Ô đô 36/10, anh em sẽ thấy dòng đồng hồ này thường được chia thành 4 thế hệ máy khác nhau.

Ra đời sớm nhất là dòng máy 4 số vách dày. Đây là thế hệ mang đậm dấu ấn thủ công với nhiều chi tiết được chế tác rất công phu. Chỉ cần quan sát kết cấu bộ máy là có thể cảm nhận được nét kỹ nghệ cơ khí của giai đoạn đầu sản xuất.

Tiếp theo là dòng máy 4 số vách mỏng. Vẫn giữ nguyên triết lý thiết kế của thế hệ trước nhưng đã có những thay đổi nhất định trong quá trình chế tạo và tối ưu sản xuất.

Sau đó là dòng máy 5 số, một thế hệ được nhiều anh em biết đến với các cải tiến về kết cấu và khả năng sản xuất hàng loạt.

Cuối cùng là dòng máy chân kiềng, thuộc giai đoạn sản xuất muộn nhất của Ô đô 36/10. Đây cũng là thế hệ mà anh em thường bắt gặp những bộ máy có tình trạng mới hơn do thời gian sử dụng thực tế ngắn hơn.

Tuy nhiên, việc đánh giá một chiếc Ô đô 36/10 không nên chỉ dựa vào đời máy. Mỗi thế hệ đều có những nét đẹp riêng, từ kỹ thuật chế tác, chất lượng hoàn thiện cho đến giá trị lịch sử và giá trị sưu tầm.

Và đó cũng là điều làm cho thế giới Ô đô 36/10 trở nên thú vị: cùng một dòng đồng hồ nhưng mỗi thế hệ lại kể một câu chuyện khác nhau.",36,"06/17/2026 05:03",https://www.facebook.com/reel/1549999006846183/,"Thước phim",,"Trọn đời",2,+4.7x,0.05,0.05,0,3461,40,2,34,6,1,3334,4117,11.431,38889.506
1603856887967990,100050310827163,"Đồng hồ Nhà kho","🕰️ NHẬT KÝ Ô ĐÔ 36/10 #28 | 4 thế hệ máy Ô đô 36/10

Trong quá trình tìm hiểu và sưu tầm Ô đô 36/10, anh em sẽ thấy dòng đồng hồ này thường được chia thành 4 thế hệ máy khác nhau.

Ra đời sớm nhất là dòng máy 4 số vách dày. Đây là thế hệ mang đậm dấu ấn thủ công với nhiều chi tiết được chế tác rất công phu. Chỉ cần quan sát kết cấu bộ máy là có thể cảm nhận được nét kỹ nghệ cơ khí của giai đoạn đầu sản xuất.

Tiếp theo là dòng máy 4 số vách mỏng. Vẫn giữ nguyên triết lý thiết kế của thế hệ trước nhưng đã có những thay đổi nhất định trong quá trình chế tạo và tối ưu sản xuất.

Sau đó là dòng máy 5 số, một thế hệ được nhiều anh em biết đến với các cải tiến về kết cấu và khả năng sản xuất hàng loạt.

Cuối cùng là dòng máy chân kiềng, thuộc giai đoạn sản xuất muộn nhất của Ô đô 36/10. Đây cũng là thế hệ mà anh em thường bắt gặp những bộ máy có tình trạng mới hơn do thời gian sử dụng thực tế ngắn hơn.

Tuy nhiên, việc đánh giá một chiếc Ô đô 36/10 không nên chỉ dựa vào đời máy. Mỗi thế hệ đều có những nét đẹp riêng, từ kỹ thuật chế tác, chất lượng hoàn thiện cho đến giá trị lịch sử và giá trị sưu tầm.

Và đó cũng là điều làm cho thế giới Ô đô 36/10 trở nên thú vị: cùng một dòng đồng hồ nhưng mỗi thế hệ lại kể một câu chuyện khác nhau.",36,"06/17/2026 05:03",https://www.facebook.com/reel/4359021057747731/,"Thước phim",,"Trọn đời",0,+0.7x,0.01,0.01,0,1454,11,1,11,2,0,1314,1594,7.64,10757.849
1603860244634321,100050310827163,"Đồng hồ Nhà kho","🕰️ NHẬT KÝ Ô ĐÔ 36/10 #29 | Vách dày và vách mỏng khác nhau bao nhiêu?

Nhiều anh em nghe đến khái niệm máy 4 số vách dày và máy 4 số vách mỏng, nhưng cụ thể dày hay mỏng đến mức nào thì không phải ai cũng biết.

Trong quá trình đo thực tế trên nhiều bộ máy Ô đô 36/10, em thấy dòng máy 4 số vách dày thường có độ dày bản vách khoảng 2,6 đến 2,7mm.

Trong khi đó, dòng máy 4 số vách mỏng thường chỉ dao động từ khoảng 2 đến 2,2mm.

Nghe qua chênh lệch chưa đến 1mm nhưng khi đặt hai bộ máy cạnh nhau, anh em có thể nhận ra sự khác biệt khá rõ. Phần vách máy của dòng vách dày tạo cảm giác chắc chắn, nặng tay và mang đậm phong cách chế tác cơ khí của giai đoạn đầu.

Ngược lại, dòng vách mỏng cho thấy xu hướng tối ưu vật liệu và sản xuất của Ô đô trong những năm sau đó.

Đây cũng là một trong những đặc điểm giúp người chơi nhanh chóng nhận biết thế hệ bộ máy Ô đô 36/10 mà mình đang sở hữu mà không cần phải tháo rời quá nhiều chi tiết.

Tất nhiên, độ dày vách máy chỉ là một trong nhiều dấu hiệu nhận biết. Để xác định chính xác đời máy, anh em vẫn cần kết hợp thêm các chi tiết khác như số máy, kết cấu cầu máy, hệ thống chuyển nhạc và nhiều đặc điểm kỹ thuật đi kèm.",21,"06/17/2026 05:08",https://www.facebook.com/reel/1371494988163338/,"Thước phim",,"Trọn đời",0,+1.8x,0.07,0.07,0,5561,44,3,41,4,1,5309,6842,9.433,50978.927
1604332411253771,100050310827163,"Đồng hồ Nhà kho","REVIEW #36 | 📞 0️⃣9️⃣6️⃣3️⃣ ✦ 4️⃣5️⃣6️⃣ ✦ 9️⃣6️⃣3️⃣ | Đồng hồ Pháp 8 côn đồng – âm thanh đầy cuốn hút

Những chiếc đồng hồ Pháp sử dụng dàn 8 côn đồng luôn được nhiều người yêu thích bởi chất âm rất riêng. Tiếng chuông vang lên tròn tiếng, ngân dài, mềm mại nhưng vẫn đủ độ dày để tạo cảm giác ấm áp và dễ chịu.

Bên trong là bộ máy kích thước lớn, được chế tạo chắc chắn và nổi tiếng về độ bền theo thời gian. Kết hợp với thiết kế hài hòa, cân đối và đậm phong cách châu Âu, chiếc đồng hồ mang đến sức hút cả về phần nhìn lẫn phần nghe.

Không quá nổi bật bằng những lời quảng bá, nhưng chính chất âm, độ bền và vẻ đẹp thực tế đã giúp dòng đồng hồ 8 côn đồng của Pháp được nhiều người chơi lâu năm yêu mến và đánh giá cao.

#donghoco #donghoPhap #8condong #dong",93,"06/17/2026 18:08",https://www.facebook.com/reel/2624642947932924/,"Thước phim",,"Trọn đời",2,+10.9x,0.03,0.03,0,1959,17,0,15,1,0,1920,2069,9.748,18823.837
1604453537908325,100050310827163,"Đồng hồ Nhà kho","REVIEW #37 | ☎️ 0️⃣9️⃣6️⃣3️⃣ ✦ 4️⃣5️⃣6️⃣ ✦ 9️⃣6️⃣3️⃣ | Comtoiser Đức – vẻ đẹp thủ công vượt thời gian

Những chiếc đồng hồ Comtoiser luôn mang một sức hút rất riêng nhờ phong cách chế tác thủ công đậm chất châu Âu. Từng chi tiết trên thùng đồng hồ đều thể hiện sự tỉ mỉ và gu thẩm mỹ của người thợ trong giai đoạn mà máy móc hiện đại chưa phổ biến như ngày nay.

Với chiều cao khoảng 70cm, chiếc đồng hồ sở hữu tỷ lệ hài hòa, không quá lớn nhưng vẫn đủ nổi bật để trở thành điểm nhấn trong không gian trưng bày. Dáng vẻ cổ điển kết hợp cùng những dấu ấn thời gian tạo nên nét đẹp mộc mạc nhưng đầy cuốn hút.

Một mẫu đồng hồ mang đậm hơi thở của lịch sử, dành cho những ai yêu thích đồ cổ nguyên bản và vẻ đẹp của nghệ thuật chế tác thủ công.

#donghoco #comtoiser #donghoduc #d",15,"06/17/2026 21:48",https://www.facebook.com/reel/891659873218287/,"Thước phim",,"Trọn đời",2,+3.5x,0.01,0.01,0,1827,24,0,22,0,0,1756,2176,4.747,8712.022
1604459551241057,100050310827163,"Đồng hồ Nhà kho","🕰️ NHẬT KÝ Ô ĐÔ 36/10 #31 | Những dấu vết dập khuôn trên bộ kim nguyên bản

Một trong những chi tiết nhỏ nhưng rất thú vị trên những chiếc Ô đô 36/10 cao cấp chính là bộ kim.

Nhiều bộ kim nguyên bản được chế tạo từ cốt đồng rồi mạ crôm bên ngoài. Trải qua hàng chục năm, lớp mạ vẫn giữ được vẻ đẹp rất riêng và góp phần tạo nên thần thái của mặt số.

Nếu quan sát thật kỹ, anh em sẽ thấy những bộ kim cổ này không hoàn hảo theo tiêu chuẩn hiện đại. Trên bề mặt đôi khi vẫn còn dấu vết của khuôn dập thủy lực, những đường ép kim loại hoặc thậm chí là các ba via rất nhỏ nằm ở mép kim.

Đó không phải là lỗi sản xuất.

Ngược lại, chính những dấu vết ấy lại cho thấy phương pháp chế tạo của một thời kỳ mà phần lớn các chi tiết vẫn được sản xuất bằng khuôn dập cơ khí thay vì máy CNC hiện đại.

Bởi vậy, khi nhìn một bộ kim nguyên bản trên chiếc Ô đô 36/10, anh em không chỉ nhìn thấy một chi tiết báo giờ. Đó còn là dấu tích của công nghệ chế tác cách đây nhiều thập kỷ, nơi mỗi chi tiết đều mang trong mình câu chuyện của thời gian.

Và với người sưu tầm đồng hồ cổ, đôi khi chính những vết dập khuôn nhỏ bé ấy lại là thứ làm nên giá trị và sức hấp dẫn của sự nguyên bản.",46,"06/17/2026 21:58",https://www.facebook.com/reel/1020207877113395/,"Thước phim",,"Trọn đời",2,+4.3x,0.06,0.06,0,3201,22,0,16,4,1,3027,3498,10.068,31545.39
1604461561240856,100050310827163,"Đồng hồ Nhà kho","REVIEW #38 | 📞 0️⃣9️⃣6️⃣3️⃣ ✦ 4️⃣5️⃣6️⃣ ✦ 9️⃣6️⃣3️⃣ | Vai bò Đức 9 côn 3 bản nhạc – kích thước đại 85cm cực hiếm

Trong thế giới đồng hồ vai bò, những chiếc sở hữu kích thước lớn đã không nhiều, nhưng đạt tới chiều cao khoảng 85cm lại càng hiếm gặp hơn.

Chiếc đồng hồ này gây ấn tượng ngay từ cái nhìn đầu tiên bởi vóc dáng bề thế, cân đối và đậm chất cổ điển. Bên trong là bộ máy 9 côn chơi 3 bản nhạc, mang đến những giai điệu phong phú cùng chất âm ngân vang đặc trưng của đồng hồ Đức.

Sự kết hợp giữa kích thước lớn, cấu hình nhạc cao cấp và tình trạng nguyên bản giúp chiếc đồng hồ trở thành một mẫu vật rất đáng chú ý trong giới sưu tầm. Không chỉ là một chiếc đồng hồ cơ khí, đây còn là một tác phẩm trang trí nổi bật cho không gian trưng bày.

#donghoco #vaiboduc #9con3bannhac #do",46,"06/17/2026 22:02",https://www.facebook.com/reel/2273212386821153/,"Thước phim",,"Trọn đời",0,+0.7x,0.01,0.01,0,576,10,0,9,1,0,530,640,9.077,5056.025
1604463634573982,100050310827163,"Đồng hồ Nhà kho","REVIEW #38 | 📞 0️⃣9️⃣6️⃣3️⃣ ✦ 4️⃣5️⃣6️⃣ ✦ 9️⃣6️⃣3️⃣ | Vai bò Đức 9 côn 3 bản nhạc – kích thước đại 85cm cực hiếm",35,"06/17/2026 22:06",https://www.facebook.com/reel/2915070208861673/,"Thước phim",,"Trọn đời",6,+9.2x,0,0,0,584,12,0,7,0,0,530,669,7.13,4156.791
1604466457907033,100050310827163,"Đồng hồ Nhà kho","#5 Đồng hồ Ô Đô – Dấu ấn của hơn 60 năm thời gian

Phần mặt của chiếc Ô Đô 62 này có một vài dấu vết hư hại nhẹ theo thời gian như những vết trầy trên nền nhôm và một số điểm bong tróc nhỏ ở lớp mạ vàng hồng của mặt số.

Đối với nhiều anh em sưu tầm đồng hồ cổ, đây vẫn là tình trạng hoàn toàn có thể chấp nhận được. Bởi sau hơn 60 năm tồn tại, tác động của thời gian, môi trường và quá trình sử dụng là điều khó tránh khỏi.

Những dấu vết ấy không chỉ phản ánh tuổi đời của chiếc đồng hồ mà còn là một phần lịch sử được lưu giữ. Chính sự cũ đi một cách tự nhiên ấy đôi khi lại tạo nên nét hấp dẫn riêng mà những sản phẩm phục chế quá mức khó có thể mang lại.

#DongHoOdo #Odo62 #DongHoCoPhap #DongHoCo #DongHoQuaLac #MatSoVangHong #DongHoSuuTam #DongHoNguyenBan #GiaTriThoiGian #DongHoChauAu",37,"06/17/2026 22:11",https://www.facebook.com/reel/2709659882763485/,"Thước phim",,"Trọn đời",0,+0.7x,,,,683,9,0,9,1,0,638,773,9.003,6131.097
1604472911239721,100050310827163,"Đồng hồ Nhà kho","🕰️ Kenzi Đức mặt số 20 cm, thùng dáng đuôi chuột cực đẹp và cân đối, mang đậm phong cách đồng hồ cổ châu Âu.

✨ Thiết kế thùng dài thanh thoát với phần thân dưới thuôn đặc trưng tạo nên vẻ đẹp sang trọng, dễ nhận diện của dòng đuôi chuột. Mặt số lớn 20 cm giúp quan sát giờ thuận tiện và tăng tính thẩm mỹ khi trưng bày.

🔔 Bộ máy cơ khí Đức bền bỉ, vận hành ổn định cùng chất âm đặc trưng được nhiều người chơi đồng hồ cổ yêu thích.

📚 Một mẫu đồng hồ đẹp cả về hình thức lẫn giá trị sử dụng, phù hợp cho anh em sưu tầm và trang trí không gian sống.

#donghoco #kenzi #donghoduc #duoichuot #suutam #thuongam #doxua #donghotreotuong #cokhi #antiqueclock",16,"06/17/2026 22:23",https://www.facebook.com/reel/1521364989488901/,"Thước phim",,"Trọn đời",0,+0.5x,0.01,0.01,0,969,8,0,8,0,0,898,1132,4.497,4339.731
1604473117906367,100050310827163,"Đồng hồ Nhà kho","🌀 Quạt cổ Marelli gọng vó cánh 30 cm – Một mẫu quạt Ý được nhiều người yêu thích bởi kiểu dáng thanh thoát và đậm chất cổ điển.

✨ Thiết kế gọng vó đặc trưng kết hợp cùng bộ cánh 30 cm tạo nên tổng thể hài hòa, sang trọng và rất có hồn khi trưng bày trong không gian đồ xưa.

⚙️ Bộ khung chắc chắn, kiểu dáng mang đậm dấu ấn cơ khí châu Âu đầu thế kỷ trước. Đây không chỉ là một chiếc quạt điện mà còn là một món đồ trang trí đầy giá trị.

📚 Sản phẩm phù hợp với anh em yêu thích đồ cổ, quán cà phê phong cách vintage, phòng khách hoặc không gian trưng bày mang hơi thở châu Âu xưa.

#quatco #marelli #quaty #doxua #suutam #quatdienco #vintage #antique #decor #gialotxua",17,"06/17/2026 22:23",https://www.facebook.com/reel/1905801573443940/,"Thước phim",,"Trọn đời",0,+0.3x,0,0,0,554,2,0,2,0,0,526,687,4.789,2720.476
1604473431239669,100050310827163,"Đồng hồ Nhà kho","🌀 Quạt cổ Marelli gọng vó cánh 30 cm – Một mẫu quạt Ý được nhiều người yêu thích bởi kiểu dáng thanh thoát và đậm chất cổ điển.

✨ Thiết kế gọng vó đặc trưng kết hợp cùng bộ cánh 30 cm tạo nên tổng thể hài hòa, sang trọng và rất có hồn khi trưng bày trong không gian đồ xưa.

⚙️ Bộ khung chắc chắn, kiểu dáng mang đậm dấu ấn cơ khí châu Âu đầu thế kỷ trước. Đây không chỉ là một chiếc quạt điện mà còn là một món đồ trang trí đầy giá trị.

📚 Sản phẩm phù hợp với anh em yêu thích đồ cổ, quán cà phê phong cách vintage, phòng khách hoặc không gian trưng bày mang hơi thở châu Âu xưa.

#quatco #marelli #quaty #doxua #suutam #quatdienco #vintage #antique #decor #gialotxua",17,"06/17/2026 22:24",https://www.facebook.com/reel/994110969911538/,"Thước phim",,"Trọn đời",0,+0.4x,0,0,0,621,5,0,5,0,0,593,771,5.215,3317.264
1604482081238804,100050310827163,"Đồng hồ Nhà kho","🕰️ NHẬT KÝ Ô ĐÔ 36/10 #30 | Vách dày có thực sự bền hơn vách mỏng?

Nhiều anh em mới chơi thường cho rằng máy 4 số vách dày bền hơn máy vách mỏng. Nhưng thực tế sau nhiều năm tiếp xúc với dòng Ô đô 36/10, em lại có một góc nhìn khác.

Xét về cơ cấu truyền động, nguyên lý hoạt động và độ bền cơ học, các thế hệ máy 4 số vách dày, 4 số vách mỏng, 5 số hay chân kiềng gần như không có sự khác biệt đáng kể. Chúng đều được thiết kế để hoạt động bền bỉ trong nhiều thập kỷ.

Thậm chí nếu xét riêng về tuổi thọ còn lại, nhiều bộ máy vách mỏng hay chân kiềng lại có lợi thế hơn. Đơn giản vì chúng ra đời muộn hơn, thời gian hoạt động thực tế ít hơn nên mức độ hao mòn cũng thường thấp hơn.

Vậy tại sao giới sưu tầm vẫn đặc biệt yêu thích máy vách dày, vách bệt và thường săn tìm chúng nhiều hơn?

Liệu đó có phải vì độ bền?

Hay vì giá trị lịch sử, dấu ấn của giai đoạn sản xuất đầu tiên, kỹ thuật chế tác thủ công hay những yếu tố cảm xúc mà các thế hệ máy về sau không còn giữ được?

Đó chính là chủ đề rất thú vị mà em sẽ chia sẻ cùng anh em trong tập tiếp theo.

Anh em thuộc trường phái vách dày hay vách mỏng? Hãy để lại ý kiến của mình nhé!",37,"06/17/2026 22:38",https://www.facebook.com/reel/4261758760622728/,"Thước phim",,"Trọn đời",2,+4.2x,0.05,0.05,0,2073,23,0,21,0,0,1961,2503,13.682,28158.208
1604586417895037,100050310827163,"Đồng hồ Nhà kho","#6 Đồng hồ Ô Đô – Máy trắng nguyên bản, âm thanh cuốn hút

Chiếc đồng hồ cổ Ô Đô phiên bản máy trắng sở hữu vẻ đẹp mộc mạc, dễ nhận biết bởi màu sắc đặc trưng của bộ máy nguyên bản. Đây là dòng đồng hồ được nhiều anh em yêu thích bởi độ ổn định cao, chất âm trong trẻo và giàu cảm xúc.

Không quá cầu kỳ nhưng vẫn mang đầy đủ những nét đặc trưng của đồng hồ cổ Pháp, mẫu đồng hồ này là lựa chọn phù hợp cho cả người mới chơi lẫn người sưu tầm lâu năm. Đặc biệt, mức giá hiện nay vẫn rất dễ tiếp cận so với những giá trị mà chiếc đồng hồ mang lại.

#DongHoOdo #MayTrang #DongHoCoPhap #DongHoCo #DongHoQuaLac #DongHoTreoTuong #DongHoSuuTam #AmThanhHay #DongHoNguyenBan #DongHoChauAu",94,"06/18/2026 01:49",https://www.facebook.com/reel/2211548776274526/,"Thước phim",,"Trọn đời",4,+13.1x,0.03,0.03,0,1194,17,0,13,0,0,1083,1268,12.072,13895.12
1604607631226249,100050310827163,"Đồng hồ Nhà kho","🕰️ Một số mẫu Ô Đô 30 nguyên bản hiện vẫn có mức giá khá dễ tiếp cận, phù hợp với anh em mới bước vào thú chơi đồng hồ cổ hoặc muốn tìm một sản phẩm đẹp để sưu tầm.

✨ Thiết kế hài hòa, bộ máy bền bỉ, chất âm dễ nghe cùng giá trị lịch sử lâu đời đã giúp dòng Ô Đô 30 luôn được nhiều người yêu thích.

🔔 Những chiếc còn giữ được độ nguyên bản tốt luôn mang lại sức hút riêng và là lựa chọn đáng cân nhắc trong tầm sưu tầm hợp lý.

📚 Anh em yêu thích dòng đồng hồ cổ châu Âu, muốn tìm một chiếc đồng hồ vừa đẹp vừa có giá trị sưu tầm, xin vui lòng liên hệ để trao đổi thêm.

#donghoco #odo30 #donghochauau #suutam #thuongam #doxua #donghotreotuong #cokhi #antiqueclock #vintageclock",22,"06/18/2026 02:26",https://www.facebook.com/reel/1537597944612173/,"Thước phim",,"Trọn đời",56,+82.5x,0.19,0.19,0,12581,182,25,125,8,0,12098,16950,13.642,168441.196
1604630024557343,100050310827163,"Đồng hồ Nhà kho","🕰️ Ô Đô 1954 máy trơn – một phiên bản đời sớm được nhiều anh em sưu tầm đánh giá cao bởi sự nguyên bản và dấu ấn lịch sử.

✨ Đồng hồ sở hữu thùng đẹp, cân đối, mang đậm phong cách thiết kế Pháp những năm 1950. Bộ máy trơn đặc trưng của giai đoạn đầu sản xuất vẫn là điểm thu hút đối với người yêu thích đồng hồ cổ nguyên bản.

🔔 Trang bị bộ côn 101 cùng dàn 8 côn 8 búa cho âm thanh trong trẻo, vang đều và giàu cảm xúc. Đây là dòng máy nổi tiếng bởi độ bền cơ học cao và khả năng vận hành ổn định qua nhiều thập kỷ.

📚 Một chiếc Ô Đô 1954 hội tụ đầy đủ các yếu tố từ thùng đẹp, máy trơn đời sớm, côn 101 nguyên bản đến chất âm đặc trưng, rất đáng để anh em tham khảo và sưu tầm.

#donghoco #odo1954 #odo248 #condong101 #thuongam #suutam #donghochauau #doxua #cokhi #antiqueclock",46,"06/18/2026 03:03",https://www.facebook.com/reel/1316389533950958/,"Thước phim",,"Trọn đời",2,+3.6x,0.02,0.02,0,1844,14,0,14,0,0,1765,2046,6.385,11691.992
1604683227885356,100050310827163,"Đồng hồ Nhà kho","🕰️ NHẬT KÝ Ô ĐÔ 36/10 #32 | Vì sao Ô đô 36/10 được nhiều người săn tìm?

Trong thế giới đồng hồ cổ Pháp, Ô đô 36/10 luôn là một cái tên được nhắc đến rất nhiều.

Sức hút của dòng đồng hồ này không chỉ đến từ ngoại hình thùng dài cân đối, mặt số nổi đặc trưng hay bộ máy cơ khí bền bỉ, mà còn nằm ở hệ thống âm thanh rất riêng với 10 côn 10 búa cùng hai bản nhạc Westminster và Gai Carillon.

Điều khiến nhiều người chơi yêu thích Ô đô 36/10 là sự cân bằng giữa hình thức, chất âm và độ bền. Đây là một chiếc đồng hồ có thể vừa đáp ứng nhu cầu thưởng thức âm thanh đồng hồ cổ, vừa mang giá trị sưu tầm lâu dài.

Trải qua nhiều thập kỷ, không ít chiếc Ô đô 36/10 vẫn hoạt động ổn định với bộ máy nguyên bản. Chính điều đó đã góp phần tạo nên danh tiếng cho dòng đồng hồ này trong giới sưu tầm đồng hồ cổ.

Có lẽ vì vậy mà mỗi khi gặp một chiếc Ô đô 36/10 đẹp, đồng bộ và còn giữ được nhiều chi tiết nguyên bản, nó luôn nhận được sự quan tâm đặc biệt từ những người yêu đồng hồ châu Âu cổ.",34,"06/18/2026 04:31",https://www.facebook.com/reel/887317141068826/,"Thước phim",,"Trọn đời",11,+18.8x,0.08,0.08,0,6548,86,3,69,4,3,6366,7074,8.902,56737.237
1604869794533366,100050310827163,"Đồng hồ Nhà kho",,15,"06/18/2026 09:09",https://www.facebook.com/reel/2186219901920521/,"Thước phim",,"Trọn đời",2,+3.2x,0,0,0,696,12,0,9,1,0,682,814,2.949,2120.879
1605123024508043,100050310827163,"Đồng hồ Nhà kho","🕰️ NHẬT KÝ Ô ĐÔ 36/10 #33 | Westminster – Bản nhạc hay nhưng thường bị lãng quên

Khi nhắc đến Ô đô 36/10, đa số anh em thường nhớ ngay đến tiếng ""bính boong"" đặc trưng của Gai Carillon. Chính vì quá nổi tiếng nên đôi khi Westminster lại bị ít người chú ý hơn.

Nhưng nếu dành thời gian lắng nghe kỹ, anh em sẽ thấy Westminster trên Ô đô 36/10 thực sự là một bản nhạc rất hay.

Giai điệu được triển khai nhịp nhàng qua từng mốc 15 phút, 30 phút, 45 phút và hoàn thiện trọn vẹn khi đến đúng giờ. Các nốt nhạc nối tiếp nhau mềm mại, có chiều sâu và tạo cảm giác rất thư thái khi vang lên trong không gian yên tĩnh.

Đặc biệt trên những chiếc Ô đô 36/10 còn giữ được bộ côn nguyên bản và được canh chỉnh tốt, Westminster thể hiện độ ngân, độ vang và sự hòa quyện giữa các nốt nhạc vô cùng cuốn hút.

Có thể Gai Carillon là thứ khiến người ta nhớ đến Ô đô 36/10, nhưng Westminster mới là bản nhạc khiến nhiều người ngồi lại và lắng nghe lâu hơn.

Càng chơi lâu, em càng cảm nhận rằng Westminster không hề lép vế trước Gai Carillon. Ngược lại, đó là một trong những bản nhạc đẹp và giàu cảm xúc nhất trên dòng Ô đô 36/10.",34,"06/18/2026 16:48",https://www.facebook.com/reel/986098074403549/,"Thước phim",,"Trọn đời",5,+8.4x,0.06,0.06,0,3447,43,0,39,3,0,3307,3883,10.292,34623.064
1605124971174515,100050310827163,"Đồng hồ Nhà kho","🕰️ NHẬT KÝ Ô ĐÔ 36/10 #34 | Giai điệu Westminster ở mốc 15 phút

Trên chiếc Ô đô 36/10, cứ mỗi 15 phút trôi qua, đồng hồ lại cất lên một phần của bản nhạc Westminster nổi tiếng.

Ở mốc 15 phút, đồng hồ chỉ chơi đoạn mở đầu ngắn nhất của bản nhạc. Tuy chỉ gồm vài nốt nhưng đây lại là phần đặt nền cho toàn bộ giai điệu sẽ được hoàn thiện ở các mốc 30 phút, 45 phút và đúng giờ.

Chính sự ngắn gọn ấy tạo nên một cảm giác rất dễ chịu. Không quá dài, không quá dồn dập, chỉ đủ để người nghe nhận biết thời gian đang trôi qua bằng âm thanh đặc trưng của đồng hồ cổ.

Trên những chiếc Ô đô 36/10 có bộ côn nguyên bản và được canh chỉnh tốt, đoạn Westminster 15 phút thường vang lên rất trong trẻo. Các nốt nhạc tách bạch, độ ngân vừa phải và mang lại cảm giác thư thái mỗi khi cất lên.

Có thể đây chỉ là một đoạn nhạc ngắn, nhưng lại là phần mở đầu cho cả một hành trình âm thanh kéo dài suốt một giờ đồng hồ. Và với nhiều người yêu đồng hồ cổ, chính những khoảnh khắc Westminster 15 phút ấy mới là âm thanh được nghe nhiều nhất mỗi ngày.",6,"06/18/2026 16:52",https://www.facebook.com/reel/2835454586821417/,"Thước phim",,"Trọn đời",4,+11.3x,0,0,0,113507,393,57,404,12,0,109398,192232,7.026,786954.756
1605254201161592,100050310827163,"Đồng hồ Nhà kho","REVIEW #39 | ☎️ O963 ✦ 456 ✦ 963 | FF – một bước tiến về mặt kỹ thuật thiết kế

Nếu nhìn dưới góc độ kỹ thuật cơ khí, FF là một trong những dòng đồng hồ có thiết kế rất hợp lý và khoa học.

Từ cơ cấu truyền động, cách phân bổ lực trong bộ máy cho đến bố trí hệ thống âm thanh đều cho thấy tư duy thiết kế đã được tối ưu hơn đáng kể so với nhiều thế hệ trước đó. Nhờ vậy, bộ máy vận hành ổn định, hiệu suất cơ học tốt và khả năng làm việc lâu dài khá ấn tượng.

Tuy nhiên, không có thiết kế nào hoàn hảo tuyệt đối. Điểm mà nhiều người chơi nhận thấy trên FF là chất âm thiên về sự rõ ràng, gọn gàng hơn là độ ấm áp và sâu lắng. Bên cạnh đó, một số chi tiết vật liệu cũng không tạo được cảm giác cao cấp như những dòng đồng hồ cổ đời trước.

Dẫu vậy, xét trên phương diện kỹ thuật chế tác và tính logic trong thiết kế, FF vẫn là một mẫu đồng hồ rất đáng để tìm hiểu đối với những người yêu cơ khí cổ châu Âu.

#donghoco #FF #cohikhico #donghochauAuco #gioisuutam",31,"06/18/2026 21:01",https://www.facebook.com/reel/1013631427721625/,"Thước phim",,"Trọn đời",0,+0.8x,0.01,0.01,0,766,9,0,8,2,0,704,886,11.353,8606.078
1605257471161265,100050310827163,"Đồng hồ Nhà kho","Số 481 – Đồng Hồ Vai Bò Anker Đức Nguyên Bản Giá Tốt | ☎️ 0️⃣9️⃣6️⃣3️⃣ ✦ 4️⃣5️⃣6️⃣ ✦ 9️⃣6️⃣3️⃣

🕰️ Mẫu đồng hồ vai bò Anker Đức sở hữu kiểu dáng cổ điển đặc trưng, đường nét mềm mại, cân đối và rất ưa nhìn khi trưng bày.
Phần thùng gỗ lên dáng đẹp, tạo cảm giác ấm áp và sang trọng cho không gian.

✨ Bộ máy cơ khí Đức vận hành ổn định, giữ được nhiều nét nguyên bản đáng trân trọng theo thời gian.
Âm thanh vang tròn, dễ nghe, mang đậm chất của những chiếc đồng hồ cổ Đức được nhiều người yêu thích.

✨ Tổng thể hài hòa, phù hợp vừa sử dụng vừa sưu tầm lâu dài.

💫 Một mẫu đồng hồ vai bò Đức nguyên bản, hình thức đẹp, giá tốt và rất đáng để anh em tham khảo.

#dong_ho_vai_bo #anker #dong_ho_duc #dong_ho_co #dong_ho_co_duc #dong_ho_suu_tam #dong_ho_chau_au_co #dong_ho_qua_lac #am_thanh_dong_ho_co #gia_tri_suu_tam",63,"06/18/2026 21:07",https://www.facebook.com/reel/1359412619438411/,"Thước phim",,"Trọn đời",0,+2.1x,0.01,0.01,0,490,9,1,9,0,0,453,553,9.02,4419.895
1605274264492919,100050310827163,"Đồng hồ Nhà kho","#8 Đồng hồ Ô Đô – Vai bò đèn trang trí đầy cuốn hút

Chiếc đồng hồ vai bò Ô Đô sở hữu thiết kế hài hòa, cân đối với những đường nét mềm mại đặc trưng của dòng thùng vai bò. Điểm nhấn nổi bật là hệ thống đèn trang trí tạo chiều sâu thẩm mỹ và tăng thêm vẻ sang trọng cho tổng thể.

Bên trong là bộ máy vách xoáy 36 nguyên bản, một trong những cấu hình được nhiều anh em yêu thích bởi độ ổn định, độ bền và chất âm đặc trưng. Sự đồng bộ giữa thùng, máy và các chi tiết nguyên bản giúp chiếc đồng hồ mang giá trị sưu tầm đáng chú ý sau nhiều thập kỷ tồn tại.

#DongHoOdo #VaiBoOdo #May36 #VachXoay #DongHoCoPhap #DongHoCo #DongHoQuaLac #DongHoNguyenBan #DongHoSuuTam #DoCoChauAu",78,"06/18/2026 21:39",https://www.facebook.com/reel/2117813062410522/,"Thước phim",,"Trọn đời",6,+11.8x,0.02,0.02,0,2387,20,2,13,1,0,2328,2509,3.755,8788.179
1605284504491895,100050310827163,"Đồng hồ Nhà kho","❤️ Tắm rửa Trắng bóc - Vàng khè thế này rồi Cụ cũng rời xa tôi sớm thôi.",23,"06/18/2026 21:57",https://www.facebook.com/reel/1355104873265854/,"Thước phim",,"Trọn đời",0,+0.5x,0,0,0,1026,15,2,16,1,0,1008,1174,4.666,4997.813
1605394667814212,100050310827163,"Đồng hồ Nhà kho","REVIEW #40 | 📞 0️⃣9️⃣6️⃣3️⃣ ✦ 4️⃣5️⃣6️⃣ ✦ 9️⃣6️⃣3️⃣ | Trạm khí tượng cơ học Đức BARIGO – nhỏ gọn nhưng đầy thú vị

Thoạt nhìn, nhiều người dễ nhầm đây là một chiếc đồng hồ để bàn. Thực tế, đây là một trạm khí tượng cơ học cao cấp của Đức do BARIGO chế tạo.

Bên trong lớp kính vòm là ba thiết bị đo gồm khí áp kế, nhiệt kế và ẩm kế. Toàn bộ đều hoạt động bằng cơ học, không sử dụng điện hay pin, thể hiện trình độ chế tác và đo lường rất đáng nể của người Đức.

Điểm gây ấn tượng mạnh nhất là thiết kế dạng tháp nhiều tầng độc đáo. Dù đặt trên bàn làm việc, phòng khách hay tủ trưng bày, sản phẩm vẫn dễ dàng thu hút ánh nhìn nhờ vẻ đẹp vừa kỹ thuật vừa nghệ thuật.

Một món đồ nhỏ nhưng chứa đựng nhiều giá trị về khoa học, thẩm mỹ và sưu tầm, đặc biệt hấp dẫn với những người yêu đồ cổ châu Âu và các thiết bị cơ khí chính xác.

#Barigo #tramkhituong #dochochauAu #d",95,"06/19/2026 01:21",https://www.facebook.com/reel/1345157214243733/,"Thước phim",,"Trọn đời",0,+3.7x,0.02,0.02,0,1736,4,0,6,0,0,1628,1857,7.554,13272.521
1605396587814020,100050310827163,"Đồng hồ Nhà kho","REVIEW #41 | ☎️ 0️⃣9️⃣6️⃣3️⃣ ✦ 4️⃣5️⃣6️⃣ ✦ 9️⃣6️⃣3️⃣ | Hermle lộ cơ để bàn – vẻ đẹp của chuyển động cơ khí

Những chiếc đồng hồ để bàn lộ cơ của Hermle luôn có sức hút rất riêng bởi người chơi có thể quan sát trực tiếp toàn bộ chuyển động của bộ máy khi hoạt động.

Từng bánh răng, cần thoát và cơ cấu truyền động vận hành nhịp nhàng tạo nên vẻ đẹp cơ khí đầy cuốn hút. Bên cạnh chức năng xem giờ, chiếc đồng hồ còn có cơ chế điểm chuông theo giờ, mỗi giờ điểm một lần với âm thanh nhẹ nhàng, không quá dồn dập nhưng vẫn đủ để cảm nhận nhịp điệu của thời gian.

Thiết kế gọn gàng, tinh tế cùng bộ máy Đức nổi tiếng về độ bền giúp mẫu đồng hồ này vừa phù hợp để trưng bày, vừa mang lại nhiều thú vị cho những ai yêu thích cơ khí cổ.

#donghoco #hermle #dongholoco #don",55,"06/19/2026 01:25",https://www.facebook.com/reel/980627308150555/,"Thước phim",,"Trọn đời",8,+12.1x,0.03,0.03,0,2382,26,0,15,4,0,2364,2627,5.782,13901.189
1605399581147054,100050310827163,"Đồng hồ Nhà kho","🕰️ Trên nhiều mẫu đồng hồ lộ cơ nguyên bản, nhà sản xuất thiết kế cơ chế 30 phút mới điểm chuông một lần thay vì điểm liên tục mỗi 15 phút.

🔔 Cách bố trí này giúp giảm bớt sự ồn ào trong không gian sinh hoạt, đồng thời vẫn giữ được nét thú vị và giá trị thưởng âm của đồng hồ cổ.

✨ Một giải pháp hài hòa giữa công năng sử dụng hằng ngày và trải nghiệm âm thanh, đặc biệt phù hợp với phòng khách, phòng làm việc hoặc không gian cần sự yên tĩnh.

#donghoco #donghocoduc #donghochauaoco #amthanhdonghoco #chatamdonghoco #dongholo_co #donghonguyenban #giatrisuutam",41,"06/19/2026 01:30",https://www.facebook.com/reel/1810900629878913/,"Thước phim",,"Trọn đời",4,+6.3x,0.03,0.03,0,4172,18,0,19,0,0,3816,4287,3.541,14311.486
1605403907813288,100050310827163,"Đồng hồ Nhà kho","REVIEW #42 | ☎️ 0️⃣9️⃣6️⃣3️⃣ ✦ 4️⃣5️⃣6️⃣ ✦ 9️⃣6️⃣3️⃣ | Úp ly lộ cơ Đức – vẻ đẹp của chuyển động không ngừng

Những chiếc đồng hồ úp ly luôn có sức hút đặc biệt bởi cơ cấu con lắc xoắn chuyển động chậm rãi và đầy mê hoặc. Khác với đồng hồ quả lắc truyền thống, toàn bộ cụm con lắc sẽ xoay qua xoay lại tạo nên cảm giác nhẹ nhàng và thanh thoát.

Phiên bản lộ cơ giúp người xem dễ dàng quan sát các chi tiết cơ khí bên trong, từ hệ thống bánh răng cho đến bộ thoát vận hành nhịp nhàng theo thời gian. Từng chuyển động nhỏ đều thể hiện sự tinh tế của kỹ thuật chế tác đồng hồ Đức.

Đồng hồ điểm chuông mỗi giờ một lần với âm thanh nhẹ nhàng, không gây cảm giác ồn ào nhưng vẫn đủ để tạo nên nét thú vị riêng trong quá trình sử dụng. Một mẫu đồng hồ nguyên bản đẹp, giàu giá trị sưu tầm và rất cuốn hút khi trưng bày.

#donghoco #uply #donghod",40,"06/19/2026 01:38",https://www.facebook.com/reel/1933379014174667/,"Thước phim",,"Trọn đời",0,+0.5x,0.01,0.01,0,1506,17,4,16,1,0,1442,1664,4.501,6825.023
1605432307810448,100050310827163,"Đồng hồ Nhà kho","🪵 Bàn kệ cổ Pháp nguyên bản với chiều ngang lên tới 2m, cao 1m và mặt sâu 50cm, tạo nên vẻ bề thế và sang trọng cho không gian.

✨ Hoa văn đục chạm thủ công tinh tế, bố cục hài hòa, dễ ngắm và đậm nét nghệ thuật đồ cổ châu Âu. Sản phẩm có thể sử dụng làm đôn kê đồ, bàn trang trí, tủ rượu hoặc tủ sách đều rất đẹp.

📚 Một món đồ cổ châu Âu vừa có giá trị sử dụng cao, vừa mang giá trị sưu tầm, phù hợp với những không gian yêu thích phong cách cổ điển.

#do_co_chau_au #ban_co_phap #tu_ruou_co #tu_sach_co #do_go_co #do_xua_chau_au #gia_tri_suu_tam #noi_that_co_dien #do_suu_tam #trang_tri_phong_khach",0,"06/19/2026 02:27",https://www.facebook.com/donghonhakho.vn/posts/pfbid033SBdh8uomVAydDpU7tArhnH5AC8H69r4nbkRrqU3GVm4hjzvY8PgLrVUtm1ZrTm2l,Ảnh,,"Trọn đời",0,--,0.03,0.03,0,492,2,0,1,0,1,480,737,,
1605445001142512,100050310827163,"Đồng hồ Nhà kho","🕰️ Một tác phẩm đồng hồ tranh cổ châu Âu rất thú vị, kết hợp giữa nghệ thuật hội họa và cơ khí đồng hồ trong cùng một sản phẩm.

🎨 Mặt trước là bức tranh phong cảnh làng quê thanh bình với nhà thờ, dòng sông và sinh hoạt đời thường. Mặt số đồng hồ được khéo léo lồng vào tháp chuông của nhà thờ, tạo cảm giác hài hòa và đầy tính nghệ thuật.

⚙️ Phía sau là bộ máy cơ khí nguyên bản cùng trục truyền động dài dẫn lên mặt số. Đặc biệt, sản phẩm còn được trang bị bộ máy nhạc sử dụng trống ghim cỡ lớn, một dạng cơ cấu thường xuất hiện trên những mẫu đồng hồ tranh cao cấp của châu Âu.

✨ Khung tranh mạ vàng nổi bật, tổng thể kích thước lớn, vừa là chiếc đồng hồ cổ, vừa là một bức tranh trang trí mang đậm giá trị sưu tầm và giá trị nghệ thuật.

📚 Một món đồ cổ châu Âu hiếm gặp, phù hợp với những người yêu thích đồng hồ cổ, cơ khí cổ và nghệ thuật trang trí nội thất cổ điển.

#donghoco #donghotranh #donghochauauco #donghocophap #donghocochauau #donghosuutam #do_co_chau_au #am_thanh_dong_ho_co #gia_tri_suu_tam #noi_that_co_dien",40,"06/19/2026 02:46",https://www.facebook.com/reel/1398287105455415/,"Thước phim",,"Trọn đời",13,+19.4x,0.04,0.04,0,2964,39,1,25,2,0,2860,3434,7.03,21008.177
1605617391125273,100050310827163,"Đồng hồ Nhà kho","REVIEW #43 | 📞 0️⃣9️⃣6️⃣3️⃣ ✦ 4️⃣5️⃣6️⃣ ✦ 9️⃣6️⃣3️⃣ | Vì sao nhiều nhiệt kế cổ dùng độ F?

Độ F (Fahrenheit) ra đời trước độ C và hiện nay vẫn được sử dụng rất phổ biến tại Mỹ. Vì vậy, nhiều nhiệt kế cổ, phong vũ biểu hay thiết bị khí tượng cơ học sản xuất cho thị trường Mỹ vẫn dùng thang đo này.

Muốn quy đổi sang độ C, anh em chỉ cần lấy độ F trừ 32 rồi nhân với 5 chia 9. Đây là một chi tiết rất thường gặp trên các món đồ cổ châu Âu và Mỹ còn nguyên bản.

#nhietkeco #phongvubieu #docochauAu",56,"06/19/2026 07:15",https://www.facebook.com/reel/1767382701372934/,"Thước phim",,"Trọn đời",0,+1.1x,0.02,0.02,0,1968,16,0,14,2,1,1845,2102,6.703,12978.021
1605617507791928,100050310827163,"Đồng hồ Nhà kho","🧭 Trạm khí tượng là một món đồ vừa độc đáo vừa sang trọng khi bài trí trong không gian sống.

✨ Dù đặt tại phòng khách, phòng đọc sách, phòng làm việc hay phòng trưng bày, sản phẩm đều tạo nên một điểm nhấn rất riêng nhờ sự kết hợp giữa vẻ đẹp cơ khí, tính khoa học và phong cách châu Âu cổ điển.

⚙️ Các thang đo nhiệt độ, độ ẩm và áp suất không khí được thể hiện hoàn toàn bằng cơ khí, mang đến cảm giác tinh tế và thú vị cho người sử dụng.

📚 Không chỉ là một thiết bị đo lường môi trường, đây còn là một món đồ sưu tầm và trang trí có giá trị, giúp không gian trở nên đẳng cấp, tri thức và đầy cá tính.

#do_co_chau_au #tram_khi_tuong #do_suu_tam #do_xua_chau_au #noi_that_co_dien #decor_co_dien #gia_tri_suu_tam #do_trang_tri_cao_cap #co_khi_chau_au #vintagedecor",32,"06/19/2026 07:15",https://www.facebook.com/reel/3809002059235040/,"Thước phim",,"Trọn đời",0,+0.6x,0.01,0.01,0,918,4,0,4,1,0,829,977,6.971,6253.353
1606091677744511,100050310827163,"Đồng hồ Nhà kho","🕰️ NHẬT KÝ Ô ĐÔ 36/10 #35 | Nhận diện bộ côn zin trên Ô đô 36/10

Khi thẩm định một chiếc Ô đô 36/10, bộ côn luôn là một trong những chi tiết được người chơi quan tâm nhất. Bởi chất âm đồng hồ cổ phụ thuộc rất nhiều vào bộ côn nguyên bản đi theo máy từ khi xuất xưởng.

Vậy làm thế nào để nhận diện một bộ côn zin?

Đầu tiên là sự đồng bộ về màu sắc và dấu vết thời gian. Các thanh côn cùng tuổi đời thường có mức độ ôxy hóa tương đương nhau, màu sắc đồng đều từ đầu đến cuối.

Tiếp theo là vị trí lắp đặt. Bộ côn zin thường nằm đúng vị trí thiết kế của nhà sản xuất, các chân đỡ côn, vít cố định và dấu vết lắp ráp có độ liền lạc rất cao, không có cảm giác thay thế về sau.

Một chi tiết khác là độ đồng đều giữa các thanh côn. Từ đường kính, độ cong, khoảng cách cho tới màu sắc đều có tính thống nhất. Khi thay lẻ từng thanh, sự khác biệt thường khá dễ nhận ra nếu quan sát kỹ.

Quan trọng nhất vẫn là chất âm. Một bộ côn nguyên bản của Ô đô 36/10 thường cho âm sắc hài hòa, các nốt nhạc Westminster và Gai Carillon liên kết tự nhiên, độ ngân đồng đều và tạo nên chất âm đồng hồ cổ rất đặc trưng.

Đối với người sưu tầm, một chiếc Ô đô 36/10 còn giữ được bộ côn zin không chỉ mang giá trị sử dụng mà còn là giá trị sưu tầm, bởi đây là một trong những bộ phận khó tìm và khó thay thế nhất trên dòng đồng hồ này.",70,"06/19/2026 20:46",https://www.facebook.com/reel/27181360108158868/,"Thước phim",,"Trọn đời",0,+33x,0.09,0.09,0,2674,35,1,35,4,0,2583,3072,18.871,50500.744
1606229727730706,100050310827163,"Đồng hồ Nhà kho","Đồng Hồ Úp Ly Đức Lộ Cơ Nhà Thờ – Vẻ Đẹp Tinh Xảo Đáng Sưu Tầm- Mã số B94
💵: 9tr
✨ Thiết kế mô phỏng kiến trúc nhà thờ châu Âu cổ với các chi tiết cắt khắc tinh xảo trên nền kim loại mạ vàng, kết hợp cùng chụp kính úp ly trong suốt tạo nên vẻ đẹp sang trọng và cuốn hút.

⚙️ Phiên bản lộ cơ giúp người xem dễ dàng quan sát toàn bộ hệ thống bánh răng, bộ thoát và các chi tiết cơ khí vận hành nhịp nhàng theo thời gian. Mỗi chuyển động nhỏ đều thể hiện trình độ chế tác đặc trưng của đồng hồ cổ Đức.

🔔 Đồng hồ điểm chuông mỗi giờ một lần với âm thanh nhẹ nhàng, êm tai, tạo nên nét thú vị riêng trong quá trình sử dụng mà không gây cảm giác ồn ào.

📏 Kích thước: Cao 28cm × Rộng 20cm.

📚 Một mẫu đồng hồ nguyên bản đẹp, giàu giá trị sưu tầm và đặc biệt nổi bật khi trưng bày trong phòng khách, phòng làm việc hoặc tủ trưng bày đồ cổ châu Âu.

📍 Khu đô thị Văn Phú, Hà Đông, Hà Nội
☎️ 0️⃣9️⃣6️⃣3️⃣ ✦ 4️⃣5️⃣6️⃣ ✦ 9️⃣6️⃣3️⃣

#donghouply #dongholoCo #donghocoduc #donghoqulac #donghochauaUco #donghosuutam #donghonguyenban #antiqueclock #clockcollection #doxuachauau #donghodeban #donghonhatho #amthanhdonghoco",0,"06/20/2026 00:53",https://www.facebook.com/donghonhakho.vn/posts/pfbid0n1RhquGT4to7n2L4q1AvS6s2Yub84a9uMgEfK8dzPKw3JfHnGvwHdgwyxVNZCZVLl,Ảnh,,"Trọn đời",2,--,0.03,0.03,0,1019,7,0,5,0,0,992,1479,,
1606263927727286,100050310827163,"Đồng hồ Nhà kho","Đồng Hồ Vai Bò Đức 8 Côn Chơi 3 Bản Nhạc Kiểu Dáng Sang Trọng - Mã số B95
💵: 8tr9
✨ Sở hữu kích thước 78x24cm, mẫu đồng hồ vai bò Đức gây ấn tượng với dáng thùng mềm mại, cân đối cùng lớp vân gỗ tự nhiên nổi bật. Các chi tiết hoa văn trang trí được bố trí hài hòa, mang đến vẻ đẹp thanh lịch đặc trưng của đồng hồ châu Âu cổ.

⚙️ Bên trong là bộ máy cơ Đức nguyên bản, kết cấu chắc chắn, độ hoàn thiện cao và vận hành ổn định. Đây là dòng máy được nhiều người yêu thích bởi độ bền và giá trị sưu tầm lâu dài.

🔔 Hệ 8 côn chơi 3 bản nhạc nổi tiếng gồm Westminster, St. Michael và Whittington. Chất âm trong trẻo, ngân vang nhiều tầng âm, tạo nên không gian thưởng thức âm thanh đồng hồ cổ đầy cảm xúc. Đồng hồ điểm nhạc mỗi 15 phút và điểm giờ theo đúng cơ chế nguyên bản.

📚 Một mẫu đồng hồ cơ cổ đẹp từ kiểu dáng, chất âm đến giá trị sưu tầm, phù hợp cho phòng khách, phòng làm việc hoặc không gian trưng bày đồ cổ châu Âu.

📍 Khu đô thị Văn Phú, Hà Đông, Hà Nội
☎️ 0️⃣9️⃣6️⃣3️⃣ ✦ 4️⃣5️⃣6️⃣ ✦ 9️⃣6️⃣3️⃣

#donghoco #donghocoduc #donghoqulac #donghovaibo #dongho8con #westminster #whittington #stmichael #donghocochauau #donghosuutam #donghonguyenban #amthanhdonghoco #chatamdonghoco",0,"06/20/2026 01:54",https://www.facebook.com/donghonhakho.vn/posts/pfbid02KK9tMTVQ9BK7MD1GG918C3kV1WY6Ma6WyZrunj7NxqWdGSm5XaEUnPf39G979JtKl,Ảnh,,"Trọn đời",1,--,0.07,0.07,0,713,5,-1,4,0,0,685,1055,,
1606387621048250,100050310827163,"Đồng hồ Nhà kho","🎨 Một bức tranh sơn dầu cổ độc đáo, nơi nghệ thuật hội họa và cơ khí được kết hợp trong cùng một tác phẩm.

🕰️ Trên nền tranh là khung cảnh làng quê châu Âu thanh bình với tháp đồng hồ nổi bật ở vị trí trung tâm. Điều đặc biệt là mặt đồng hồ trên tháp không chỉ để trang trí mà được kết nối với một bộ máy đồng hồ cơ khí thật phía sau tranh, vẫn hoạt động và hiển thị giờ thực tế.

⚙️ Bên trong là bộ máy nhạc trống ghim có kết cấu đồ sộ, gồm nhiều chi tiết cơ khí tinh xảo. Khi hoạt động, đồng hồ không chỉ báo giờ mà còn trình diễn những giai điệu du dương, tạo nên trải nghiệm vừa thưởng tranh vừa thưởng âm rất thú vị.

✨ Đây là dòng đồng hồ tranh cao cấp, mang giá trị nghệ thuật, giá trị cơ khí và giá trị sưu tầm trong cùng một sản phẩm. Những tác phẩm như vậy luôn được giới yêu đồng hồ cổ, đồ cổ châu Âu và nghệ thuật cơ khí đặc biệt yêu thích.

#donghoco #donghotranh #donghochauauco #donghocophap #amthanhdonghoco #chatamdonghoco #donghosuutam #do_co_chau_au #gia_tri_suu_tam #nghe_thuat_co_khi",27,"06/20/2026 05:21",https://www.facebook.com/reel/1245894364143372/,"Thước phim",,"Trọn đời",0,+0.3x,0,0,0,606,6,0,6,0,0,556,651,3.027,1807.244
1606389421048070,100050310827163,"Đồng hồ Nhà kho","🕯️ Đèn cổ Tiffany với thiết kế độc đáo và đầy tính nghệ thuật, là điểm nhấn nổi bật trong không gian nội thất cổ điển.

✨ Thân đèn được chế tác từ kim loại kết hợp đá tự nhiên, tạo cảm giác chắc chắn và sang trọng. Phía trên là hình tượng đại bàng uy nghi, được tạo hình tinh xảo với những đường nét mạnh mẽ và sống động.

🎨 Chao đèn thủy tinh mang phong cách Tiffany đặc trưng, khi lên sáng tạo hiệu ứng ánh sáng ấm áp và đầy cuốn hút. Sự kết hợp giữa đại bàng, kim loại, đá và thủy tinh tạo nên tổng thể hài hòa, đậm chất nghệ thuật châu Âu.

📚 Một món đồ sưu tầm và trang trí cao cấp, phù hợp cho phòng khách, phòng đọc sách, phòng làm việc hoặc không gian trưng bày đồ cổ châu Âu.

#den_tiffany #den_co_chau_au #do_co_chau_au #den_trang_tri #noi_that_co_dien #do_suu_tam #gia_tri_suu_tam #thuy_tinh_nghe_thuat #decor_co_dien #vintage_decor",27,"06/20/2026 05:24",https://www.facebook.com/reel/1338248007655487/,"Thước phim",,"Trọn đời",3,+4.9x,0.01,0.01,0,968,9,0,6,0,0,907,1115,5.287,5149.818
1606390147714664,100050310827163,"Đồng hồ Nhà kho","🎨 Một bức tranh sơn dầu cổ độc đáo, nơi nghệ thuật hội họa và cơ khí được kết hợp trong cùng một tác phẩm.

🕰️ Trên nền tranh là khung cảnh làng quê châu Âu thanh bình với tháp đồng hồ nổi bật ở vị trí trung tâm. Điều đặc biệt là mặt đồng hồ trên tháp không chỉ để trang trí mà được kết nối với một bộ máy đồng hồ cơ khí thật phía sau tranh, vẫn hoạt động và hiển thị giờ thực tế.

⚙️ Bên trong là bộ máy nhạc trống ghim có kết cấu đồ sộ, gồm nhiều chi tiết cơ khí tinh xảo. Khi hoạt động, đồng hồ không chỉ báo giờ mà còn trình diễn những giai điệu du dương, tạo nên trải nghiệm vừa thưởng tranh vừa thưởng âm rất thú vị.

✨ Đây là dòng đồng hồ tranh cao cấp, mang giá trị nghệ thuật, giá trị cơ khí và giá trị sưu tầm trong cùng một sản phẩm. Những tác phẩm như vậy luôn được giới yêu đồng hồ cổ, đồ cổ châu Âu và nghệ thuật cơ khí đặc biệt yêu thích.

#donghoco #donghotranh #donghochauauco #donghocophap #amthanhdonghoco #chatamdonghoco #donghosuutam #do_co_chau_au #gia_tri_suu_tam #nghe_thuat_co_khi",25,"06/20/2026 05:25",https://www.facebook.com/reel/2225135414910989/,"Thước phim",,"Trọn đời",44,+103.6x,1.06,1.06,0,58288,1501,209,1356,129,46,57750,76432,12.375,714991.941
1606404227713256,100050310827163,"Đồng hồ Nhà kho","🧭 Tháp khí tượng Đức chính hãng 3 tầng – sự kết hợp tinh tế giữa khoa học và nghệ thuật cơ khí.

✨ Sản phẩm tích hợp đầy đủ 3 chức năng gồm áp kế, nhiệt kế và ẩm kế, giúp theo dõi các điều kiện môi trường một cách trực quan và hoàn toàn không cần điện hay pin.

⚙️ Thiết kế dạng tháp nhiều tầng dưới lớp kính vòm trong suốt mang vẻ đẹp hiện đại nhưng vẫn đậm chất cơ khí cổ điển. Các chi tiết được hoàn thiện tinh xảo, tạo cảm giác sang trọng và cuốn hút khi trưng bày.

🏡 Đây không chỉ là một thiết bị đo lường mà còn là món đồ trang trí độc đáo, rất phù hợp cho phòng khách, phòng đọc sách, phòng làm việc hoặc không gian trưng bày đồ sưu tầm.

📚 Một sản phẩm cơ khí Đức đẹp, hữu ích và mang giá trị sưu tầm cao đối với những người yêu thích đồ cổ châu Âu và các thiết bị khoa học cổ điển.

#tram_khi_tuong #ap_ke #nhiet_ke #am_ke #do_co_chau_au #do_suu_tam #co_khi_duc #gia_tri_suu_tam #decor_co_dien #do_xua_chau_au",8,"06/20/2026 05:46",https://www.facebook.com/reel/1548340110022047/,"Thước phim",,"Trọn đời",0,+1.2x,0,0,0,3830,27,2,24,3,1,3591,5082,5.023,18844.456
1606424161044596,100050310827163,"Đồng hồ Nhà kho",,0,"06/20/2026 06:15",https://www.facebook.com/photo.php?fbid=1606424161044596&set=a.846017200418633&type=3,Ảnh,,"Trọn đời",0,--,0.01,0.01,0,541,4,0,4,0,0,515,816,,
1606442187709460,100050310827163,"Đồng hồ Nhà kho","Số 486 – Đồng Hồ Cổ Pháp 8 Côn 8 Búa 2 Bản Nhạc | ☎️ ⓪9️⃣6️⃣3️⃣ ✦ 4️⃣5️⃣6️⃣ ✦ 9️⃣6️⃣3️⃣

🕰️ Mẫu đồng hồ cổ Pháp 8 côn 8 búa sở hữu kiểu dáng hài hòa, cân đối và rất ưa nhìn khi trưng bày.
Thiết kế mang đậm nét cổ điển của dòng đồng hồ châu Âu cổ, phù hợp nhiều không gian nội thất.

✨ Cấu hình 8 côn 8 búa chơi 2 bản nhạc, cho âm thanh vang tròn, ngân nga và rất dễ nghe.
Chất âm đặc trưng của đồng hồ cơ cổ, tạo cảm giác thư thái và đầy hoài niệm.

✨ Bộ máy vận hành ổn định, phù hợp vừa sử dụng vừa sưu tầm lâu dài.

💫 Một mẫu đồng hồ cổ Pháp có âm thanh hay, hình thức đẹp và giá thành hợp lý, dễ tiếp cận với nhiều anh em yêu đồng hồ cổ.

#dong_ho_co #dong_ho_co_phap #8_con_8_bua #2_ban_nhac #dong_ho_suu_tam #dong_ho_chau_au_co #dong_ho_co_co #dong_ho_qua_lac #am_thanh_dong_ho_co #gia_tri_suu_tam",45,"06/20/2026 06:43",https://www.facebook.com/reel/1022204500351079/,"Thước phim",,"Trọn đời",0,+0.9x,0.03,0.03,0,2163,13,0,12,2,0,2047,2377,8.937,19055.712
1606814421005570,100050310827163,"Đồng hồ Nhà kho","🕰️ Cùng tìm hiểu #01: Vì sao quả lắc quyết định độ chính xác của đồng hồ?

Khi nhìn một chiếc đồng hồ quả lắc, nhiều người cho rằng quả lắc chỉ là chi tiết trang trí. Thực tế, đây lại là bộ phận quan trọng bậc nhất của bộ máy đồng hồ cơ cổ.

Trên hầu hết các dòng đồng hồ cổ Pháp, đồng hồ cổ Đức và đồng hồ châu Âu cổ, quả lắc dao động qua lại theo một nhịp gần như cố định. Thông qua cơ cấu bánh xe thoát, năng lượng từ ổ cót được truyền thành những xung lực rất nhỏ để bù lại phần hao hụt do ma sát, giúp quả lắc duy trì chuyển động ổn định.

Chính sự ổn định đó cho phép chiếc đồng hồ cổ đếm thời gian chính xác theo từng giờ, từng phút và từng giây. Vì vậy, khi đánh giá một chiếc đồng hồ nguyên bản, người chơi không chỉ quan tâm đến hình thức bên ngoài mà còn đặc biệt chú ý đến tình trạng hoạt động của hệ thống quả lắc và bộ máy.

Một chi tiết tưởng chừng đơn giản nhưng lại là nền tảng tạo nên độ chính xác của những chiếc đồng hồ quả lắc suốt hàng trăm năm qua.

Cùng tìm hiểu là series chia sẻ kiến thức, kinh nghiệm và những câu chuyện thú vị về đồng hồ cổ, đồng hồ sưu tầm và đồ cổ châu Âu.

#DongHoCo #DongHoQuaLac #DongHoCoPhap #DongHoCoDuc #DongHoNguyenBan #DongHoChauAuCo #SuuTamDongHoCo #GiaTriSuuTam #KienThucDongHo #CungTimHieu",43,"06/20/2026 17:28",https://www.facebook.com/reel/1713773193272402/,"Thước phim",,"Trọn đời",0,+1.5x,0.06,0.06,0,3401,21,1,21,0,1,3289,3717,10.016,33625.92
1606827907670888,100050310827163,"Đồng hồ Nhà kho","🕰️ Cùng tìm hiểu #02: Bánh xe thoát là gì và vì sao nó quan trọng?

Trong một bộ máy đồng hồ cơ cổ, bánh xe thoát được xem là một trong những chi tiết quan trọng nhất. Đây là bộ phận kết nối giữa hệ thống truyền động và quả lắc, quyết định khả năng hoạt động ổn định của toàn bộ chiếc đồng hồ.

Năng lượng từ ổ cót luôn muốn truyền ra liên tục. Tuy nhiên, nếu không có cơ cấu điều tiết, các bánh răng sẽ quay rất nhanh và đồng hồ sẽ không thể đo thời gian chính xác. Lúc này, bánh xe thoát đóng vai trò như một ""người gác cổng"", kiểm soát và phân phối năng lượng theo từng nhịp nhỏ.

Mỗi lần quả lắc dao động, bánh xe thoát sẽ giải phóng một lượng năng lượng vừa đủ để duy trì chuyển động. Nhờ cơ chế này, quả lắc giữ được nhịp dao động ổn định, còn kim đồng hồ cổ có thể dịch chuyển chính xác theo từng giây, từng phút và từng giờ.

Đối với những người sưu tầm đồng hồ cổ, tình trạng hoạt động của bánh xe thoát luôn là yếu tố rất đáng quan tâm. Một bộ máy được chế tác chuẩn xác, ít mài mòn sẽ giúp đồng hồ nguyên bản vận hành bền bỉ, ổn định và giữ được giá trị sưu tầm qua nhiều thế hệ.

Cùng tìm hiểu là series chia sẻ kiến thức, kinh nghiệm và những câu chuyện thú vị về đồng hồ cổ, đồng hồ quả lắc và đồ cổ châu Âu.

#DongHoCo #DongHoQuaLac #DongHoCoPhap #DongHoCoDuc #DongHoNguyenBan #DongHoChauAuCo #DongHoCoCo #SuuTamDongHoCo #GiaTriSuuTam #CungTimHieu",76,"06/20/2026 17:55",https://www.facebook.com/reel/36479939668317864/,"Thước phim",,"Trọn đời",0,+6.8x,0.04,0.04,0,1340,7,0,7,0,0,1203,1372,12.008,15383.234
1606834284336917,100050310827163,"Đồng hồ Nhà kho","REVIEW #44 | 📞 0️⃣9️⃣6️⃣3️⃣ ✦ 4️⃣5️⃣6️⃣ ✦ 9️⃣6️⃣3️⃣ | Ô đô 36/8 – chất âm làm nên tên tuổi

Nếu phải chọn một trong những dòng đồng hồ cổ được yêu thích nhất về âm thanh, Ô đô 36/8 chắc chắn là cái tên được nhiều người nhắc đến.

Với cấu hình 8 côn 8 búa cùng bản nhạc Westminster quen thuộc, chiếc đồng hồ tạo nên chất âm trong trẻo, ngân vang và giàu cảm xúc. Mỗi nốt nhạc đều rõ ràng, nhịp điệu mạch lạc, độ ngân dài và rất dễ lan tỏa trong không gian.

Không chỉ sở hữu bộ máy bền bỉ, dòng 36/8 còn chinh phục người nghe bằng thứ âm thanh đặc trưng mà nhiều người chơi đồng hồ cổ đã nghe một lần là nhớ. Một mẫu đồng hồ cơ cổ điển hội tụ đầy đủ vẻ đẹp, chất âm và giá trị sưu tầm.

#odo368 #donghoco #donghoqualac #westminster #gioisuutam",48,"06/20/2026 18:07",https://www.facebook.com/reel/2122906554937576/,"Thước phim",,"Trọn đời",12,+18.4x,0.05,0.05,0,2304,35,3,25,0,0,2258,2746,13.94,32509.241
1606848691002143,100050310827163,"Đồng hồ Nhà kho","🕰️ Cùng tìm hiểu #03: Đồng hồ thùng dài và thùng bè khác nhau thế nào?

Trong thế giới đồng hồ cổ treo tường, kiểu dáng thùng thường được chia thành hai nhóm chính là thùng dài và thùng bè.

Đồng hồ thùng dài có thân thùng cao và thanh thoát hơn. Trên nhiều mẫu đồng hồ cổ Pháp và đồng hồ châu Âu cổ, thiết kế này thường đi kèm bộ máy khỏe, bộ côn dài và không gian cộng hưởng âm thanh lớn hơn. Nhờ đó, chất âm đồng hồ cổ thường có độ ngân tốt, âm thanh lan tỏa và cảm giác nội lực hơn.

Trong khi đó, đồng hồ thùng bè lại mang đến cảm giác cân đối, bề thế và dễ bài trí trong nhiều không gian sống. Đây cũng là kiểu dáng được nhiều người sưu tầm đồng hồ cổ yêu thích nhờ sự hài hòa giữa tính thẩm mỹ và công năng sử dụng.

Tuy nhiên, cần lưu ý rằng đây chỉ là đặc điểm phổ biến chứ không phải quy luật tuyệt đối. Chất âm của một chiếc đồng hồ cơ cổ còn phụ thuộc vào rất nhiều yếu tố như thiết kế bộ máy, số lượng côn búa, chất liệu côn, kích thước thùng và tình trạng nguyên bản của từng chiếc đồng hồ.

Vì vậy, không thể khẳng định mọi đồng hồ thùng dài đều hay hơn thùng bè. Mỗi dòng đều có những nét hấp dẫn riêng và giá trị sưu tầm riêng đối với người chơi.

Cùng tìm hiểu là series chia sẻ kiến thức, kinh nghiệm và những câu chuyện thú vị về đồng hồ cổ, đồng hồ quả lắc và đồ cổ châu Âu.

#DongHoCo #DongHoQuaLac #DongHoCoPhap #DongHoChauAuCo #DongHoNguyenBan #DongHoCoDuc #AmThanhDongHoCo #ChatAmDongHoCo #SuuTamDongHoCo #CungTimHieu",50,"06/20/2026 18:33",https://www.facebook.com/reel/28850953137828089/,"Thước phim",,"Trọn đời",0,+0.9x,0.01,0.01,0,944,8,2,9,0,0,873,1083,8.952,8361.194
1606853134335032,100050310827163,"Đồng hồ Nhà kho","🕰️ NHẬT KÝ Ô ĐÔ 36/10 #36 | Một chiếc Ô đô 36/10 đáng để sưu tầm

Chiếc Ô đô 36/10 này là một trong những mẫu đồng hồ khiến em khá ấn tượng. Không chỉ bởi ngoại hình đẹp, chất âm tốt mà còn bởi đây là mẫu thùng xuất hiện trong chính catalogue của Ô đô, giúp người chơi có thêm cơ sở để đối chiếu và thẩm định tính nguyên bản.

Bộ máy thuộc thế hệ 4 số vách dày, một trong những dòng máy được nhiều anh em sưu tầm yêu thích. Đi cùng là bộ côn ti rút nguyên bản, cho chất âm trong trẻo, độ ngân tốt và thể hiện rất cuốn hút cả hai bản nhạc Westminster lẫn Gai Carillon.

Điều em thích ở chiếc đồng hồ này là sự đồng bộ từ thùng, máy cho tới hệ thống côn và búa. Sau nhiều thập kỷ, tổng thể vẫn giữ được thần thái của một chiếc Ô đô 36/10 nguyên bản, mang đậm dấu ấn chế tác của giai đoạn đầu.

Đối với người yêu đồng hồ cổ, một chiếc Ô đô 36/10 đẹp, máy vách dày, côn ti rút, chất âm hay và có mặt trong catalogue của hãng luôn là một sản phẩm có giá trị sưu tầm rất đáng trân trọng.",45,"06/20/2026 18:40",https://www.facebook.com/reel/1732794481248588/,"Thước phim",,"Trọn đời",0,+0.6x,0.01,0.01,0,854,5,-1,6,0,0,795,976,6.779,5816.973
1606980580988954,100050310827163,"Đồng hồ Nhà kho","REVIEW #45 | 📞 0️⃣9️⃣6️⃣3️⃣ ✦ 4️⃣5️⃣6️⃣ ✦ 9️⃣6️⃣3️⃣ | Atmos – chiếc đồng hồ gần như không cần lên cót

Trong thế giới đồng hồ cơ khí, Atmos luôn là một trong những phát minh khiến nhiều người phải kinh ngạc. Chiếc đồng hồ này hoạt động nhờ sự thay đổi rất nhỏ của nhiệt độ môi trường. Chỉ cần nhiệt độ tăng hoặc giảm khoảng một độ, hệ thống bên trong đã có thể tích lũy đủ năng lượng để duy trì hoạt động trong thời gian dài.

Điều đặc biệt là bộ máy Atmos tiêu thụ năng lượng cực thấp, con lắc xoắn chuyển động chậm rãi và nhẹ nhàng đến mức tạo cảm giác như thời gian đang trôi theo một cách rất khác. Chính sự độc đáo về nguyên lý vận hành, độ tinh xảo trong chế tác cùng vẻ đẹp vượt thời gian đã giúp Atmos trở thành một biểu tượng trong thế giới đồng hồ cơ khí cao cấp.

#atmos #donghoco #donghothuysi #conlacxoan #gioisuutam",15,"06/20/2026 22:12",https://www.facebook.com/reel/1237389321689998/,"Thước phim",,"Trọn đời",0,+0.5x,0.01,0.01,0,2524,9,0,10,1,0,2464,2810,3.421,8474.52
1607000660986946,100050310827163,"Đồng hồ Nhà kho","REVIEW #46 | 📞 0️⃣9️⃣6️⃣3️⃣ ✦ 4️⃣5️⃣6️⃣ ✦ 9️⃣6️⃣3️⃣ | Ô đô 36/8 hai bản nhạc – dấu ấn của những đời máy đầu

Trong các dòng Ô đô 36/8, những phiên bản sản xuất đời đầu chơi hai bản nhạc luôn nhận được sự quan tâm đặc biệt từ giới sưu tầm. Không chỉ sở hữu bộ máy cơ khí bền bỉ, dòng đồng hồ này còn mang những nét đặc trưng riêng của giai đoạn chế tác đầu tiên.

Điểm hấp dẫn nhất nằm ở hai bản nhạc với hai sắc thái hoàn toàn khác nhau, tạo nên trải nghiệm thưởng thức phong phú và đầy cảm xúc. Mỗi khi đồng hồ cất tiếng, người nghe có thể cảm nhận được sự khác biệt rất rõ giữa từng giai điệu, điều mà không phải phiên bản nào cũng có được.

Với tính nguyên bản, nét đặc trưng riêng và chất âm cuốn hút, đây là dòng đồng hồ cổ Pháp được nhiều người yêu thích và luôn giữ được giá trị sưu tầm theo thời gian.

#odo368 #haibannhac #donghoco #donghocophap #gioisuutam",77,"06/20/2026 22:48",https://www.facebook.com/reel/1029034969700985/,"Thước phim",,"Trọn đời",0,+3.2x,0.02,0.02,0,816,5,0,6,0,0,756,899,9.971,8126.752
1607027590984253,100050310827163,"Đồng hồ Nhà kho","🕰️ NHẬT KÝ Ô ĐÔ 36/10 #38 | Trống nhạc – Nơi lưu giữ cả một bản giao hưởng cơ khí

Nếu bộ côn là nơi phát ra âm thanh thì trống nhạc chính là nơi lưu giữ toàn bộ giai điệu của chiếc Ô đô 36/10.

Trên bề mặt trống nhạc là hàng trăm chân gai nhỏ được bố trí theo một trình tự chính xác. Mỗi chân gai tương ứng với một nốt nhạc và một cú gõ của búa lên côn.

Khi trống nhạc quay, các chân gai lần lượt nâng búa rồi thả xuống đúng thời điểm đã được tính toán sẵn. Nhờ đó, những giai điệu Westminster và Gai Carillon được tái hiện hoàn toàn bằng cơ khí mà không cần bất kỳ linh kiện điện tử nào.

Điều thú vị là vị trí của từng chân gai chính là “bản tổng phổ” mà các kỹ sư Ô đô đã lập trình từ nhiều thập kỷ trước. Chỉ cần thay đổi vị trí một vài chân gai, toàn bộ giai điệu cũng sẽ thay đổi theo.

Đó là lý do trống nhạc luôn được xem là trái tim của hệ thống âm thanh trên Ô đô 36/10. Một chi tiết tưởng chừng đơn giản nhưng lại chứa đựng trình độ chế tác cơ khí và tư duy âm nhạc rất đáng nể của những người thợ đồng hồ cổ ngày xưa.",12,"06/20/2026 23:33",https://www.facebook.com/reel/1822757595802756/,"Thước phim",,"Trọn đời",38,+254.1x,1.74,1.74,0,425534,7215,874,6809,421,228,430248,684056,11.09,4644693.755
1607034700983542,100050310827163,"Đồng hồ Nhà kho","🕰️ NHẬT KÝ Ô ĐÔ 36/10 #39 | Khoảnh khắc 60 phút và tiếng “bính boong” đặc trưng

Nếu có một âm thanh làm nên bản sắc riêng của Ô đô 36/10 thì đó chính là tiếng “bính boong” vang lên ở thời điểm đúng giờ.

Sau khi hoàn thành trọn vẹn bản nhạc Westminster hoặc Gai Carillon, chiếc Ô đô 36/10 không kết thúc ngay. Đó mới chỉ là phần mở đầu cho màn trình diễn đặc sắc nhất.

Ngay sau bản nhạc, hệ thống điểm giờ bắt đầu hoạt động. Tiếng “bính” trong trẻo vang lên trước, tiếp đó là tiếng “boong” trầm ấm ngân dài. Hai âm thanh nối tiếp nhau tạo nên nhịp điệu rất riêng mà nhiều người chơi đồng hồ cổ chỉ cần nghe qua đã nhận ra ngay đó là Ô đô 36/10.

Điều đặc biệt là tiếng “bính boong” này không chỉ dùng để báo giờ mà còn tạo nên cảm giác trang trọng như một phần tiếp nối của bản nhạc vừa kết thúc. Chính sự kết hợp giữa giai điệu và tiếng điểm giờ đã làm nên sức hấp dẫn đặc biệt của dòng máy 10 côn 10 búa.

Có lẽ vì vậy mà với nhiều người yêu đồng hồ cổ, khoảnh khắc 60 phút trên Ô đô 36/10 luôn là thời điểm đáng chờ đợi nhất trong mỗi giờ đồng hồ.",48,"06/20/2026 23:44",https://www.facebook.com/reel/2207249233384621/,"Thước phim",,"Trọn đời",0,+1.3x,0.02,0.02,0,1216,18,0,14,4,1,1091,1366,8.262,9964.601
1607091420977870,100050310827163,"Đồng hồ Nhà kho","REVIEW #47 | 📞 0️⃣9️⃣6️⃣3️⃣ ✦ 4️⃣5️⃣6️⃣ ✦ 9️⃣6️⃣3️⃣ | Đồng hồ tranh cổ Pháp – vẻ đẹp của hội họa và cơ khí

Điểm đặc biệt của những chiếc đồng hồ tranh không chỉ nằm ở bộ máy phía sau mà còn ở chính bức tranh phía trước. Trên cùng một tác phẩm, người nghệ nhân đã kết hợp hội họa, điêu khắc và cơ khí để tạo nên một món đồ trang trí đầy cuốn hút.

Bức tranh tái hiện khung cảnh châu Âu cổ với tháp đồng hồ, dòng nước và những ngôi nhà yên bình. Điều thú vị là mặt số được đặt ngay trên tháp chuông trong tranh, tạo cảm giác như thời gian đang hiện diện trong chính khung cảnh ấy.

Ẩn phía sau bức tranh là bộ máy đồng hồ cơ khí với kết cấu cầu kỳ và nhiều chi tiết phức tạp. Sự kết hợp giữa nghệ thuật và kỹ thuật đã giúp dòng đồng hồ tranh trở thành một trong những món đồ cổ châu Âu được nhiều người yêu thích và săn tìm.

#donghotranh #donghocophap #donghoco #dochochauau #gioisuutam",26,"06/21/2026 01:23",https://www.facebook.com/reel/1542757857240657/,"Thước phim",,"Trọn đời",8,+12.6x,0.05,0.05,0,4074,50,3,38,4,0,3909,4931,8.291,33480.075
1607173270969685,100050310827163,"Đồng hồ Nhà kho",,33,"06/21/2026 03:35",https://www.facebook.com/reel/1006671758765642/,"Thước phim",,"Trọn đời",2,+4x,0.02,0.02,0,2125,22,1,20,0,1,2005,2314,5.325,11264.191
1607725580914454,100050310827163,"Đồng hồ Nhà kho","REVIEW #49 | 📞 0️⃣9️⃣6️⃣3️⃣ ✦ 4️⃣5️⃣6️⃣ ✦ 9️⃣6️⃣3️⃣ | Hemle – nơi cơ khí gặp nghệ thuật

Không chỉ đơn thuần là một cỗ máy xem giờ, chiếc đồng hồ Hemle là sự kết hợp hài hòa giữa nghệ thuật trang trí, kỹ thuật cơ khí và cảm hứng kiến trúc châu Âu cổ điển.

Thiết kế tổng thể gợi nhớ đến những chiếc đồng hồ Uxley nổi tiếng với tỷ lệ cân đối, đường nét thanh thoát và vẻ đẹp trang nhã. Từng chi tiết từ bộ vỏ, mặt số cho đến bộ máy đều được hoàn thiện với sự chỉn chu, tạo nên một tổng thể vừa có giá trị sử dụng vừa có giá trị thưởng lãm.

Bên trong là bộ máy cơ khí Đức vận hành ổn định, bên ngoài là dáng vẻ sang trọng vượt thời gian. Chính sự kết hợp giữa kỹ thuật và thẩm mỹ đã giúp những chiếc Hemle luôn giữ được sức hút riêng trong thế giới đồng hồ cổ và đồng hồ sưu tầm.

#hemle #donghodeban #donghoduc #donghoco #gioisuutam",26,"06/21/2026 18:28",https://www.facebook.com/reel/1006514788899869/,"Thước phim",,"Trọn đời",2,+3.3x,0.01,0.01,0,1826,10,0,9,0,0,1714,2003,3.742,6827.009
1607803277573351,100050310827163,"Đồng hồ Nhà kho","REVIEW #50 | 📞 0️⃣9️⃣6️⃣3️⃣ ✦ 4️⃣5️⃣6️⃣ ✦ 9️⃣6️⃣3️⃣ | Đồng hồ tranh hơn 100 năm tuổi với hộp nhạc Geneva 93 răng

Trong quá trình bảo dưỡng bộ đồng hồ tranh này, điều gây ấn tượng mạnh nhất là mức độ phức tạp và quy mô của toàn bộ kết cấu cơ khí. Dựa trên bộ máy, dấu triện, số serial và các tài liệu đối chiếu, chiếc đồng hồ được cho là ra đời trong giai đoạn khoảng 1885–1905, tức đã vượt mốc hơn một thế kỷ tuổi đời.

Điểm đặc biệt nằm ở hộp nhạc Geneva 93 răng – một cấu hình rất cao so với đa số hộp nhạc cổ thông thường. Nhờ số lượng răng lớn, giai điệu phát ra có chiều sâu, mềm mại và phong phú hơn đáng kể. Ổ cót của hộp nhạc cũng được chế tạo với kích thước rất lớn, cho thấy đây là một thiết kế cao cấp của thời kỳ đó.

Ngoài chức năng xem giờ, bộ máy còn được trang bị cơ cấu báo giờ riêng bằng hai côn vòng hoạt động vào 7 giờ sáng và 7 giờ tối. Sau khi phần chuông kết thúc, hộp nhạc mới bắt đầu trình diễn, tạo nên một chuỗi âm thanh rất độc đáo và đầy sức hấp dẫn.

Hơn 100 năm đã trôi qua nhưng khi quan sát trực tiếp từng chi tiết bên trong, vẫn có thể cảm nhận rõ trình độ chế tác đáng kinh ngạc của những người thợ cơ khí cuối thế kỷ XIX. Đây không chỉ là một chiếc đồng hồ cổ mà còn là một tác phẩm cơ khí và âm nhạc mang giá trị sưu tầm rất cao.

#donghotranh #hopnhacgeneva #donghoco #dochochauau #gioisuutam",209,"06/21/2026 20:37",https://www.facebook.com/reel/857231370784539/,"Thước phim",,"Trọn đời",17,+332.8x,1.58,1.58,0,23480,311,29,264,36,17,21957,26099,31.321,728826.176
1607803357573343,100050310827163,"Đồng hồ Nhà kho","REVIEW #51 | 📞 0️⃣9️⃣6️⃣3️⃣ ✦ 4️⃣5️⃣6️⃣ ✦ 9️⃣6️⃣3️⃣ | Đồng hồ tranh cổ – giá trị nằm ở sự nguyên bản

Ngoài bộ máy phức tạp và hộp nhạc Geneva cao cấp, điểm đáng quý nhất trên bộ đồng hồ này chính là mức độ nguyên bản còn được պահպան giữ sau hơn một thế kỷ.

Các chi tiết như fan lốc, giá đỡ, ốc vít và những phụ kiện đi theo bộ máy vẫn còn đồng bộ từ đầu. Đây là điều không dễ gặp trên các bộ đồng hồ tranh cổ bởi phần lớn đã trải qua nhiều lần sửa chữa, thay thế hoặc thất lạc chi tiết theo thời gian.

Chính sự đồng bộ ấy tạo nên vẻ đẹp hài hòa cho tổng thể, đồng thời phản ánh trung thực giá trị nguyên gốc của một cỗ máy cơ khí cuối thế kỷ XIX. Với giới yêu đồng hồ cổ và đồ cổ châu Âu, những bộ còn giữ được độ nguyên bản cao như vậy luôn có sức hấp dẫn rất đặc biệt và mang giá trị sưu tầm lớn.

#donghotranh #donghonguyenban #hopnhacgeneva #dochochauau #gioisuutam",23,"06/21/2026 20:37",https://www.facebook.com/reel/986258100684534/,"Thước phim",,"Trọn đời",2,+7.9x,0.1,0.1,0,7359,126,4,113,12,6,7028,9067,9.146,66027.93
1607838474236498,100050310827163,"Đồng hồ Nhà kho","REVIEW #52 | 📞 0️⃣9️⃣6️⃣3️⃣ ✦ 4️⃣5️⃣6️⃣ ✦ 9️⃣6️⃣3️⃣ | Chất âm tuyệt vời từ hộp nhạc Geneva Thụy Sĩ

Một trong những điểm cuốn hút nhất của bộ đồng hồ tranh này chính là hộp nhạc Geneva đến từ Thụy Sĩ. Với cấu hình 93 răng hiếm gặp, hộp nhạc có khả năng tái tạo giai điệu phong phú, mượt mà và có chiều sâu hơn đáng kể so với nhiều hộp nhạc thông thường.

Âm thanh phát ra không quá gắt, không quá chói mà mềm mại, trong trẻo và rất giàu cảm xúc. Khi kết hợp cùng cơ cấu chuông báo giờ phía trước, toàn bộ quá trình trình diễn tạo nên một trải nghiệm âm thanh đầy thú vị, mang đậm dấu ấn của những cỗ máy cơ khí cao cấp cuối thế kỷ XIX.

Sau hơn một trăm năm tuổi, việc một hộp nhạc Geneva vẫn giữ được chất âm tốt, giai điệu rõ ràng và độ ngân đẹp là điều không hề dễ gặp. Đây cũng là một trong những yếu tố quan trọng tạo nên giá trị sưu tầm đặc biệt cho bộ đồng hồ tranh cổ này.

#hopnhacgeneva #donghotranh #donghoco #dochochauau #gioisuutam",58,"06/21/2026 21:39",https://www.facebook.com/reel/26797915463242876/,"Thước phim",,"Trọn đời",13,+26.3x,0.38,0.38,0,14673,192,11,173,18,9,13774,16244,13.698,194537.431
1607986387555040,100050310827163,"Đồng hồ Nhà kho","REVIEW #53 | 📞 0️⃣9️⃣6️⃣3️⃣ ✦ 4️⃣5️⃣6️⃣ ✦ 9️⃣6️⃣3️⃣ | Đồng hồ úp ly chóp – vẻ đẹp tinh tế của cơ khí Đức

Chiếc đồng hồ úp ly chóp gây ấn tượng bởi thiết kế thanh thoát với lồng kính thủy tinh trong suốt, cho phép quan sát toàn bộ chuyển động của bộ máy và con lắc xoắn bên trong. Dáng chóp cổ điển kết hợp cùng những chi tiết kim loại sáng đẹp tạo nên vẻ sang trọng và cuốn hút.

Đồng hồ sử dụng bộ máy cót tuần, mỗi lần lên cót có thể hoạt động liên tục trong khoảng một tuần. Đặc biệt, cơ cấu điểm chuông theo giờ với âm thanh nhẹ nhàng, dễ chịu, phù hợp cho không gian phòng khách, bàn làm việc hoặc tủ trưng bày.

Một mẫu đồng hồ cơ cổ vừa đẹp về hình thức, vừa thú vị về cơ cấu vận hành, luôn có sức hút riêng đối với những người yêu đồng hồ sưu tầm.

#uply #donghodeban #donghoduc #donghoco #gioisuutam",36,"06/22/2026 02:13",https://www.facebook.com/reel/1033872432409762/,"Thước phim",,"Trọn đời",2,+3.5x,0.02,0.02,0,1781,23,1,19,3,0,1737,2009,5.521,9911.121
1608081090878903,100050310827163,"Đồng hồ Nhà kho","#10 Đồng hồ Ô Đô – 30/8, 6 côn 8 búa âm thanh cuốn hút

Chiếc đồng hồ cổ Ô Đô 30/8 sở hữu cấu hình 6 côn 8 búa quen thuộc, mang đến chất âm trầm ấm, ngân vang và rất dễ nghe trong không gian sinh hoạt gia đình.

Thiết kế thùng cân đối, bộ máy nguyên bản cùng âm thanh đặc trưng đã giúp dòng 30/8 luôn giữ được sức hút riêng trong giới yêu thích đồng hồ cổ Pháp. Một lựa chọn đáng cân nhắc cho anh em muốn sở hữu một chiếc đồng hồ cơ cổ có chất âm hay với mức thanh lý hợp lý.

#DongHoOdo #Odo308 #6Con8Bua #DongHoCoPhap #DongHoCo #DongHoQuaLac #DongHoTreoTuong #DongHoNguyenBan #DongHoSuuTam #DoCoChauAu",41,"06/22/2026 04:45",https://www.facebook.com/reel/870275319468030/,"Thước phim",,"Trọn đời",7,+11.9x,0.09,0.09,0,5125,45,5,39,0,1,4778,5727,11.499,57461.54
1608570544163291,100050310827163,"Đồng hồ Nhà kho","🕰️ NHẬT KÝ Ô ĐÔ 36/10 #41 | Chơi đồng hồ cổ đừng cố quá khả năng của mình

Hôm qua em có đăng một vài mẫu Ô đô bình dân như Ô đô 30, máy trắng, 30-6, 8 búa... thì có một số bác bình luận rằng chơi những dòng đó làm gì.

Nghe cũng có lý, bởi nếu nói về độ nổi tiếng, chất âm hay giá trị sưu tầm thì một chiếc Ô đô 36/10 mặt số nổi nguyên bản, máy 4 số vách dày đẹp như chiếc trước mặt đây rõ ràng thuộc nhóm rất đáng chơi.

Nhưng vấn đề nằm ở chỗ giá thành.

Không phải ai yêu đồng hồ cổ cũng sẵn sàng hoặc cần thiết phải bỏ ra vài trăm triệu đồng để treo một chiếc đồng hồ trên tường. Không phải vì không có khả năng, mà bởi cuộc sống còn rất nhiều khoản cần phải cân đối.

Đồng hồ cổ trước hết vẫn là thú chơi và là niềm vui. Thế nên theo em, cách chơi thông minh nhất là chơi phù hợp với điều kiện tài chính của mình.

Có điều kiện thì chơi Ô đô 36/10, 54/10 hay những mẫu cao cấp hơn. Điều kiện vừa phải thì chơi Ô đô 30, máy trắng, 8 búa hoặc những dòng phổ thông hơn. Mỗi dòng đều có cái hay riêng và đều mang lại những trải nghiệm thú vị.

Bản thân em tiếp xúc đủ các phân khúc từ bình dân đến cao cấp nên em hiểu rất rõ rằng giá trị của thú chơi không nằm ở việc chiếc đồng hồ đắt đến đâu, mà nằm ở việc mình có thực sự yêu thích và tận hưởng nó hay không.

Chơi đồng hồ cổ là một hành trình dài. Chọn chiếc đồng hồ phù hợp với túi tiền của mình luôn là quyết định sáng suốt nhất.

Chúc anh em luôn tìm được niềm vui và những trải nghiệm đẹp cùng những chiếc đồng hồ cổ mà mình yêu thích.",136,"06/22/2026 18:12",https://www.facebook.com/reel/995573003466925/,"Thước phim",,"Trọn đời",4,+55.6x,0.17,0.17,0,6337,70,3,53,3,11,6247,7070,13.826,89262.272
1608585577495121,100050310827163,"Đồng hồ Nhà kho","REVIEW #55 | 📞 0️⃣9️⃣6️⃣3️⃣ ✦ 4️⃣5️⃣6️⃣ ✦ 9️⃣6️⃣3️⃣ | Máy hoa thị – dấu ấn của G.B và Dung Han

Nhiều anh em chơi đồng hồ cổ thường gọi chung những chiếc đồng hồ máy hoa thị là Dung Han. Tuy nhiên về mặt lịch sử, câu chuyện thực tế thú vị hơn rất nhiều.

Thiết kế bộ máy hoa thị vốn có nguồn gốc từ hãng Gustav Becker, một trong những nhà sản xuất đồng hồ nổi tiếng của Đức. Sau khi Gustav Becker được Dung Han tiếp quản vào nửa sau thế kỷ XX, thiết kế máy hoa thị tiếp tục được duy trì và sản xuất dưới tên Dung Han.

Vì vậy, những chiếc máy hoa thị sản xuất trước thời điểm chuyển giao thuộc về Gustav Becker. Còn những chiếc được sản xuất sau giai đoạn đó là đồng hồ Dung Han thực thụ dù vẫn sử dụng nền tảng kỹ thuật và kết cấu bộ máy hoa thị quen thuộc.

Ngày nay trên thị trường sưu tầm, nhiều người vẫn quen gọi chung các dòng máy hoa thị là Dung Han bởi sự tương đồng về hình thức và sự kế thừa trong quá trình sản xuất. Tuy nhiên với những người yêu thích lịch sử đồng hồ cổ Đức, việc phân biệt giai đoạn Gustav Becker và giai đoạn Dung Han vẫn là một chi tiết rất thú vị để tìm hiểu.

#dunghan #gustavbecker #mayhoathi #donghoduc #gioisuutam",266,"06/22/2026 18:41",https://www.facebook.com/reel/838372299106202/,"Thước phim",,"Trọn đời",9,+44x,0.14,0.14,0,3196,40,0,29,3,0,3082,3527,24.428,77925.982
1608604797493199,100050310827163,"Đồng hồ Nhà kho","REVIEW #54 | 📞 0️⃣9️⃣6️⃣3️⃣ ✦ 4️⃣5️⃣6️⃣ ✦ 9️⃣6️⃣3️⃣ | Vê đét vàng hồng – nét đẹp thanh lịch của đồng hồ Pháp

Chiếc Vê đét này gây ấn tượng bởi sự đồng bộ hiếm có khi cả mặt số nổi và quả lắc đều được hoàn thiện theo tông vàng hồng sang trọng. Màu sắc nhẹ nhàng nhưng nổi bật, tạo nên vẻ đẹp hài hòa và rất dễ thu hút ánh nhìn.

Bên cạnh ngoại hình ưa nhìn, chiếc đồng hồ còn sở hữu chất âm đặc trưng của những bộ máy Vê đét cổ. Tiếng chuông ngân vang, rõ nhịp, dễ nghe và phù hợp với nhiều không gian sinh hoạt.

Sự kết hợp giữa hình thức đẹp, độ nguyên bản cao và chất âm cuốn hút đã giúp mẫu đồng hồ này luôn nhận được nhiều sự yêu thích trong giới sưu tầm đồng hồ cổ Pháp.

#vedette #donghocophap #donghoco #donghoqulac #gioisuutam",134,"06/22/2026 19:15",https://www.facebook.com/reel/1765010741526318/,"Thước phim",,"Trọn đời",0,+3.4x,0.01,0.01,0,1666,15,1,16,0,0,1601,1733,5.937,9702.375
1608610914159254,100050310827163,"Đồng hồ Nhà kho","#11 Đồng hồ Ô Đô – 36/8 chất âm đặc trưng

Chiếc đồng hồ cổ Ô Đô 36/8 là một trong những dòng máy được nhiều anh em yêu thích nhờ sự cân bằng giữa kiểu dáng, độ bền và chất âm. Cấu hình 8 côn 8 búa cho tiếng chuông ngân vang, trong trẻo, tái hiện trọn vẹn giai điệu Westminster đặc trưng.

Trải qua nhiều thập kỷ, Ô Đô 36/8 vẫn giữ được sức hút riêng trong giới sưu tầm đồng hồ cổ bởi tính ổn định, dễ chơi và giá trị sử dụng cao. Một mẫu đồng hồ châu Âu cổ đáng để anh em tham khảo.

#DongHoOdo #Odo368 #8Con8Bua #DongHoCoPhap #DongHoQuaLac #DongHoCo #Westminster #DongHoNguyenBan #DongHoSuuTam #DoCoChauAu",119,"06/22/2026 19:25",https://www.facebook.com/reel/2088377801744956/,"Thước phim",,"Trọn đời",2,+14x,0.04,0.04,0,2260,20,2,19,0,0,2086,2446,11.84,26356.069
1608644907489188,100050310827163,"Đồng hồ Nhà kho","🖼️ Đồng hồ tranh sơn dầu là sự kết hợp độc đáo giữa nghệ thuật hội họa và kỹ thuật chế tác đồng hồ cổ châu Âu.

🎨 Bên ngoài là một bức tranh sơn dầu với những khung cảnh làng quê, nhà thờ hoặc kiến trúc cổ được thể hiện mềm mại và giàu chiều sâu. Mặt đồng hồ thường được bố trí khéo léo trên tháp chuông hoặc một chi tiết trong tranh, tạo cảm giác hài hòa như một phần của tác phẩm.

⚙️ Phía sau bức tranh là bộ máy đồng hồ cơ khí nguyên bản, nhiều mẫu còn được trang bị hộp nhạc hoặc cơ cấu điểm chuông rất cầu kỳ. Đây là dòng sản phẩm vừa dùng để xem giờ, vừa là một tác phẩm nghệ thuật trang trí mang đậm dấu ấn thời gian.

📚 Trải qua hơn một thế kỷ, những chiếc đồng hồ tranh vẫn được giới yêu đồng hồ cổ, đồ cổ châu Âu đánh giá cao nhờ giá trị sưu tầm, giá trị nghệ thuật và nét đẹp vượt thời gian.

#donghotranh #donghoco #donghocophap #donghochauauco #dongho_suu_tam #gia_tri_suu_tam #do_co_chau_au #nghe_thuat_co_khi #am_thanh_dong_ho_co #do_xua_chau_au",79,"06/22/2026 20:25",https://www.facebook.com/reel/1425517862952014/,"Thước phim",,"Trọn đời",1,+6x,0.02,0.02,0,727,11,0,11,0,0,656,825,11.512,8358.2
1608698657483813,100050310827163,"Đồng hồ Nhà kho","#12 Đồng hồ Ô Đô – 10 côn 11 búa đời 1962

Chiếc đồng hồ cổ Ô Đô đời 1962 sở hữu cấu hình 10 côn 11 búa chơi hai bản nhạc đặc trưng, mang đến chất âm đồng hồ cổ sâu lắng và đầy cảm xúc. Đây là một trong những cấu hình được nhiều anh em sưu tầm đồng hồ cổ đánh giá cao bởi sự cầu kỳ trong chế tác và khả năng trình diễn âm thanh.

Điểm nhấn nổi bật của bộ đồng hồ là mặt số nổi vàng hồng sang trọng kết hợp cùng thùng đẹp nguyên bản, tạo nên tổng thể hài hòa và giàu giá trị thẩm mỹ. Sau hơn nửa thế kỷ, chiếc đồng hồ vẫn giữ được nét đẹp riêng và sức hút đặc biệt đối với những người yêu đồng hồ cổ Pháp.

#DongHoOdo #Odo1962 #10Con11Bua #HaiBanNhac #MatSoVangHong #DongHoCoPhap #DongHoQuaLac #DongHoNguyenBan #DongHoSuuTam #GiaTriSuuTam",134,"06/22/2026 22:00",https://www.facebook.com/reel/2499295817213507/,"Thước phim",,"Trọn đời",9,+22.7x,0.04,0.04,0,2134,27,1,18,1,0,1996,2257,9.867,20227.703
1608724450814567,100050310827163,"Đồng hồ Nhà kho","🕰️ Một chi tiết rất thú vị trên chiếc đồng hồ tranh này là bộ máy được thiết kế riêng để điểm chuông đúng hai lần trong ngày, vào 7 giờ sáng và 7 giờ tối.

⚙️ Đây không phải kiểu cơ cấu thường gặp trên các dòng đồng hồ cổ thông dụng. Việc giới hạn thời điểm điểm chuông cho thấy chiếc đồng hồ có thể đã được chế tác theo một mục đích sử dụng rất riêng.

📚 Dựa trên cách hoạt động đó, có thể giả thiết rằng đồng hồ từng được đặt làm cho một trường học, công xưởng, tu viện, nông trang hoặc cơ sở làm việc nào đó, nơi cần tín hiệu báo giờ bắt đầu và kết thúc một chu kỳ sinh hoạt hoặc lao động cố định.

🎼 Khi kết hợp cùng bộ máy nhạc và cơ cấu đồng hồ phức tạp phía sau tranh, sản phẩm không chỉ là một chiếc đồng hồ cổ châu Âu mà còn là một chứng nhân lịch sử phản ánh nhịp sống và nhu cầu của một thời kỳ đã qua.

✨ Dù mục đích ban đầu là gì, sự xuất hiện của cơ cấu điểm chuông 7 giờ sáng và 7 giờ tối vẫn là một chi tiết hiếm gặp, góp phần làm tăng giá trị sưu tầm và sự hấp dẫn của chiếc đồng hồ tranh hơn trăm năm tuổi này.",179,"06/22/2026 22:46",https://www.facebook.com/reel/1530006268706035/,"Thước phim",,"Trọn đời",23,+93.6x,0.32,0.32,0,11713,114,6,87,8,4,10161,12285,14.181,154889.166
1608806930806319,100050310827163,"Đồng hồ Nhà kho","#13 Đồng hồ Ô Đô – Vai bò đèn trang trí đầy duyên dáng

Chiếc đồng hồ vai bò Ô Đô gây ấn tượng bởi kiểu dáng mềm mại, cân đối và hài hòa. Hệ thống đèn trang trí được bố trí khéo léo tạo điểm nhấn nổi bật, giúp tổng thể chiếc đồng hồ trở nên độc đáo và cuốn hút hơn khi hiện diện trong không gian trưng bày.

Không chỉ sở hữu vẻ đẹp ngoại hình, mẫu đồng hồ cổ này còn mang chất âm đặc trưng của dòng Ô Đô, ngân vang và giàu cảm xúc. Sự đồng bộ giữa kiểu dáng, bộ máy nguyên bản và giá trị lịch sử giúp chiếc đồng hồ trở thành một lựa chọn đáng chú ý đối với những người yêu thích sưu tầm đồng hồ cổ Pháp.

#DongHoOdo #VaiBoOdo #DongHoCoPhap #DongHoCo #DongHoQuaLac #DongHoNguyenBan #DongHoSuuTam #DoCoChauAu #AmThanhDongHoCo #GiaTriSuuTam",79,"06/23/2026 01:13",https://www.facebook.com/reel/1019195844415854/,"Thước phim",,"Trọn đời",0,+3.8x,0.01,0.01,0,1227,9,0,9,1,0,1150,1301,5.014,6093.194
1608843547469324,100050310827163,"Đồng hồ Nhà kho","Đồng hồ vai bò Đức 8 côn 3 bản nhạc – nét đẹp cổ điển đầy cuốn hút của dòng đồng hồ cơ cổ châu Âu- Mã số B96
💵: 8tr6
✨ Sở hữu kích thước 69 x 26 cm, chiếc đồng hồ vai bò này gây ấn tượng bởi kiểu dáng mềm mại, cân đối với những đường cong đặc trưng của thiết kế Đức giai đoạn giữa thế kỷ XX. Thùng gỗ vân nổi đẹp mắt, màu gỗ ấm áp tạo cảm giác sang trọng nhưng vẫn gần gũi trong nhiều không gian nội thất.

✨ Mặt số La Mã thanh lịch kết hợp bộ kim nguyên bản hài hòa với tổng thể. Trên mặt số được trang bị cần gạt chuyển 3 bản nhạc và cần ngắt chuông tiện dụng, giúp người chơi dễ dàng lựa chọn chế độ hoạt động theo sở thích.

⚙️ Bên trong là bộ máy Đức nguyên bản với hệ thống 8 côn hoạt động ổn định và bền bỉ. Âm thanh ngân vang trên 8 côn cho chất âm dày, trong và có chiều sâu. Đặc biệt, đồng hồ chơi được 3 bản nhạc khác nhau, mang đến trải nghiệm âm thanh phong phú, rất được giới sưu tầm đồng hồ cổ yêu thích.

📞 0️⃣9️⃣6️⃣3️⃣ ✦ 4️⃣5️⃣6️⃣ ✦ 9️⃣6️⃣3️⃣
📍 Khu đô thị Văn Phú, Hà Đông, Hà Nội

#donghovaibo
#donghovaiboduc
#donghocoduc
#donghoqulac
#donghochauauco
#donghonguyenban
#donghosuutam
#suutamdonghoco
#dongho8con
#dongho3bannhac
#amthanhdonghoco
#chatamdonghoco
#do_co_chau_au
#donghococochauau
#giatrisuutam",0,"06/23/2026 02:17",https://www.facebook.com/donghonhakho.vn/posts/pfbid0hCqCJtwNoJ3pMhoCDwytrF26Qx8NZAK6TG6HyMCGE67cibWLmPpLZuFHPsdjJ6GXl,Ảnh,,"Trọn đời",1,--,0.05,0.05,0,542,2,0,1,0,0,535,831,,
1608877440799268,100050310827163,"Đồng hồ Nhà kho","REVIEW #56 | 📞 0️⃣9️⃣6️⃣3️⃣ ✦ 4️⃣5️⃣6️⃣ ✦ 9️⃣6️⃣3️⃣ | Âm thanh đặc trưng của đồng hồ chim cúc cu

Một trong những điều làm nên sức hấp dẫn của đồng hồ chim cúc cu chính là tiếng chim báo giờ rất riêng. Khác với nhiều loại đồng hồ sử dụng chuông hoặc gông đồng, tiếng chim cúc cu được tạo ra từ hệ thống còi hơi cơ khí hoạt động hoàn toàn bằng cơ học.

Khi đến giờ điểm, các ống còi sẽ tạo luồng không khí mô phỏng tiếng hót của chim trong tự nhiên. Nhờ cơ cấu đặc biệt này, âm thanh phát ra nhẹ nhàng, thanh thoát và gần gũi, mang lại cảm giác thư giãn rất riêng cho người nghe.

Dù đã xuất hiện từ hàng trăm năm trước, cơ cấu còi hơi vẫn là một trong những nét đặc trưng thú vị nhất của đồng hồ chim cúc cu và là lý do khiến dòng đồng hồ này được yêu thích trên khắp thế giới cho đến ngày nay.

#chimcuccu #donghoduc #donghoco #donghoqulac #gioisuutam",18,"06/23/2026 03:13",https://www.facebook.com/reel/894721216987951/,"Thước phim",,"Trọn đời",0,+1x,0.04,0.04,0,4608,39,2,35,5,0,4458,5575,7.448,34321.941
1608886570798355,100050310827163,"Đồng hồ Nhà kho","REVIEW #57 | 📞 0️⃣9️⃣6️⃣3️⃣ ✦ 4️⃣5️⃣6️⃣ ✦ 9️⃣6️⃣3️⃣ | Vai bò Đức – âm thanh hay, giá trị dễ tiếp cận

Trong thế giới đồng hồ cổ châu Âu, những chiếc đồng hồ vai bò của Đức luôn được nhiều người yêu thích nhờ sự cân bằng giữa kiểu dáng, chất âm và mức độ dễ tiếp cận.

Thiết kế thùng nhỏ gọn nhưng hài hòa, phù hợp với nhiều không gian trưng bày khác nhau. Bên trong là bộ máy cơ khí bền bỉ nổi tiếng của đồng hồ Đức, hoạt động ổn định qua nhiều năm tháng.

Điểm đáng chú ý nhất vẫn là âm thanh. Tiếng chuông ngân vang, rõ nhịp, mềm mại và rất dễ nghe, mang lại cảm giác thư thái mỗi khi đồng hồ cất tiếng. Với những anh em mới bước vào thú chơi đồng hồ cổ hoặc đơn giản muốn tìm một chiếc đồng hồ có chất âm hay mà chi phí hợp lý, đây luôn là một lựa chọn được nhiều người quan tâm.

#vaiboduc #donghoduc #donghoco #donghoqulac #gioisuutam",38,"06/23/2026 03:29",https://www.facebook.com/reel/990555900642816/,"Thước phim",,"Trọn đời",12,+19.3x,0.05,0.05,0,3928,51,8,37,2,2,3690,4383,8.848,34340.154
1609532130733799,100050310827163,"Đồng hồ Nhà kho","REVIEW #58 | 📞 0️⃣9️⃣6️⃣3️⃣ ✦ 4️⃣5️⃣6️⃣ ✦ 9️⃣6️⃣3️⃣ | Vai bò Đức – âm thanh cực hay, mức sưu tầm dễ tiếp cận

Những chiếc đồng hồ vai bò Đức luôn có một sức hút rất riêng đối với người yêu đồng hồ cổ. Thiết kế cân đối, kích thước vừa phải, dễ bố trí trong nhiều không gian khác nhau nhưng điều khiến nhiều người nhớ nhất vẫn là chất âm đặc trưng.

Tiếng chuông của dòng vai bò thường mềm mại, sâu lắng, rõ nhịp và có độ ngân rất dễ chịu. Nhờ thiết kế thùng cộng hưởng đặc trưng, âm thanh phát ra vừa có độ vang cần thiết nhưng vẫn giữ được sự ấm áp và tự nhiên.

Bên cạnh chất âm hay, đây cũng là dòng đồng hồ cổ có mức sưu tầm khá dễ tiếp cận, phù hợp từ người mới chơi cho đến những anh em đã gắn bó lâu năm với thú chơi đồng hồ cơ cổ. Một mẫu đồng hồ hội tụ đủ vẻ đẹp, âm thanh và giá trị thưởng thức theo thời gian.

#vaiboduc #donghoduc #donghoco #donghoqulac #gioisuutam",53,"06/23/2026 21:56",https://www.facebook.com/reel/1048773590817994/,"Thước phim",,"Trọn đời",0,+0.6x,0.01,0.01,0,1194,8,1,9,0,0,1103,1278,5.288,6161.503
1609538627399816,100050310827163,"Đồng hồ Nhà kho","🕰️ Đồng hồ vai bò Đức với kiểu dáng đẹp, cân đối và đậm chất cổ điển châu Âu luôn là lựa chọn được nhiều người yêu thích.

✨ Thiết kế hài hòa, bộ máy cơ khí bền bỉ cùng chất âm ấm áp, dễ nghe tạo nên sức hút riêng cho dòng đồng hồ cổ Đức. Dáng vai bò mềm mại giúp chiếc đồng hồ dễ dàng phù hợp với nhiều không gian từ phòng khách đến phòng làm việc.

🔔 Không chỉ mang đến giá trị sử dụng, đây còn là một mẫu đồng hồ cổ Đức có giá trị sưu tầm tốt với mức đầu tư hợp lý, phù hợp cho cả người mới chơi lẫn những người đã có kinh nghiệm sưu tầm đồng hồ cổ.

📚 Một lựa chọn đáng tham khảo cho anh em yêu thích đồng hồ quả lắc, đồng hồ cơ cổ và đồ cổ châu Âu.

#donghoco #donghocoduc #donghovaibo #donghoqualac #donghochauauco #donghonguyenban #donghosuutam #amthanhdonghoco #chatamdonghoco #giatrisuutam",43,"06/23/2026 22:08",https://www.facebook.com/reel/1013884874837920/,"Thước phim",,"Trọn đời",0,+1.4x,0.04,0.04,0,3419,31,3,29,2,1,3173,3594,7.472,24845.556
1609538864066459,100050310827163,"Đồng hồ Nhà kho","🕰️ Đồng hồ vai bò Đức với kiểu dáng đẹp, cân đối và đậm chất cổ điển châu Âu luôn là lựa chọn được nhiều người yêu thích.

✨ Thiết kế hài hòa, bộ máy cơ khí bền bỉ cùng chất âm ấm áp, dễ nghe tạo nên sức hút riêng cho dòng đồng hồ cổ Đức. Dáng vai bò mềm mại giúp chiếc đồng hồ dễ dàng phù hợp với nhiều không gian từ phòng khách đến phòng làm việc.

🔔 Không chỉ mang đến giá trị sử dụng, đây còn là một mẫu đồng hồ cổ Đức có giá trị sưu tầm tốt với mức đầu tư hợp lý, phù hợp cho cả người mới chơi lẫn những người đã có kinh nghiệm sưu tầm đồng hồ cổ.

📚 Một lựa chọn đáng tham khảo cho anh em yêu thích đồng hồ quả lắc, đồng hồ cơ cổ và đồ cổ châu Âu.

#donghoco #donghocoduc #donghovaibo #donghoqualac #donghochauauco #donghonguyenban #donghosuutam #amthanhdonghoco #chatamdonghoco #giatrisuutam",43,"06/23/2026 22:08",https://www.facebook.com/reel/981520431364267/,"Thước phim",,"Trọn đời",0,+0.9x,0.03,0.03,0,2379,22,0,23,0,0,2271,2524,8.483,19799.421
1609557700731242,100050310827163,"Đồng hồ Nhà kho","Số 487 – Bộ Đồng Hồ Chân Nến Pháp Bằng Đồng Cực Hiếm | ☎️ ⓪⑨⑥③ ✦ ④⑤⑥ ✦ ⑨⑥③

🕰️ Bộ đồng hồ để bàn kèm chân nến Pháp được chế tác hoàn toàn từ đồng, sở hữu vẻ đẹp sang trọng và đậm chất nghệ thuật châu Âu cuối thế kỷ XIX.
Tổng thể đồng bộ, hài hòa và rất nổi bật khi trưng bày trong không gian cổ điển.

✨ Đồng hồ sử dụng bộ máy quả lắc, hoạt động ổn định và bền bỉ theo thời gian.
Cơ cấu chuông chén, mỗi 30 phút điểm chuông một lần với âm thanh trong trẻo, nhẹ nhàng và rất dễ nghe.

✨ Các chi tiết đúc đồng tinh xảo, mang đậm phong cách mỹ thuật Pháp cổ, tạo nên giá trị thẩm mỹ và giá trị sưu tầm cao.

💫 Một bộ đồng hồ cổ Pháp vừa có công năng sử dụng, vừa là món đồ trang trí đẳng cấp dành cho người yêu đồ cổ châu Âu và sưu tầm đồng hồ cổ.

#dong_ho_co #dong_ho_co_phap #dong_ho_de_ban #dong_ho_chan_nen #dong_ho_qua_lac #dong_ho_suu_tam #do_co_chau_au #tuong_dong_co #dong_ho_nguyen_ban #gia_tri_suu_tam",0,"06/23/2026 22:43",https://www.facebook.com/donghonhakho.vn/posts/pfbid0YTmZwuhnNsYqmXAwvueTMUZYbrJht5MY5ZKa9rgY3xfYyTXwnwQDd2goP2moUyvDl,Ảnh,,"Trọn đời",0,--,0.04,0.04,0,872,2,0,1,0,1,844,1182,,
1609560687397610,100050310827163,"Đồng hồ Nhà kho","Số 488 – Bộ Đồng Hồ Chân Nến 3 Món Pháp Trên 100 Năm Tuổi | ☎️ ⓪9️⃣6️⃣3️⃣ ✦ ④⑤⑥ ✦ ⑨⑥③

🕰️ Bộ đồng hồ chân nến 3 món nguyên bản xuất xứ Pháp, được chế tác theo phong cách cổ điển châu Âu với tổng thể hài hòa, sang trọng và đầy tính nghệ thuật.
Trải qua hơn một thế kỷ tồn tại, bộ sản phẩm vẫn giữ được vẻ đẹp và thần thái rất riêng.

✨ Đồng hồ sử dụng bộ máy cơ khí truyền thống, vận hành ổn định và cho âm thanh chuông chén hay, trong trẻo, dễ nghe.
Hai chân nến đi kèm tạo nên bố cục cân đối, làm nổi bật vẻ đẹp của toàn bộ bộ sưu tập.

✨ Đây không chỉ là một chiếc đồng hồ cổ mà còn là một tác phẩm trang trí mang đậm dấu ấn lịch sử và nghệ thuật Pháp.

💫 Một bộ đồng hồ cổ Pháp nguyên bản, tuổi đời trên 100 năm, sở hữu giá trị sưu tầm cao và rất phù hợp với những người yêu đồ cổ châu Âu.

#dong_ho_co #dong_ho_co_phap #dong_ho_chan_nen #dong_ho_de_ban #dong_ho_qua_lac #dong_ho_suu_tam #do_co_chau_au #dong_ho_nguyen_ban #am_thanh_dong_ho_co #gia_tri_suu_tam",42,"06/23/2026 22:47",https://www.facebook.com/reel/868550139650657/,"Thước phim",,"Trọn đời",0,+0.5x,0,0,0,1010,8,1,9,0,0,936,1092,4.124,4083.735
1609939487359730,100050310827163,"Đồng hồ Nhà kho","#14 Đồng hồ Ô Đô – Nguồn âm thực sự nằm ở đâu?

🕰️ Nhiều anh em khi mới chơi thường nghĩ tiếng chuông trên những chiếc đồng hồ ông Tây đánh chuông Ô Đô được phát ra từ quả chuông nằm phía trên bộ máy. Thực tế không hoàn toàn như vậy.

Trên mẫu đồng hồ này, quả chuông phía trên chủ yếu đảm nhiệm phần điểm chuông báo giờ. Còn những âm thanh giai điệu đặc trưng mà anh em nghe thấy lại được tạo ra từ thanh côn đặt ở phía dưới, trong góc thùng đồng hồ.

Chính hệ thống côn này tạo nên chất âm ngân vang, sâu và có độ cộng hưởng rất đặc trưng. Đây cũng là một trong những chi tiết thú vị mà nhiều người chỉ phát hiện ra sau khi tìm hiểu kỹ về cấu tạo của đồng hồ cổ Ô Đô.

#DongHoOdo #OngTayDanhChuong #DongHoCoPhap #DongHoCo #DongHoQuaLac #ThanhCon #AmThanhDongHoCo #DongHoNguyenBan #DongHoSuuTam #DoCoChauAu",30,"06/24/2026 08:50",https://www.facebook.com/reel/876218342198692/,"Thước phim",,"Trọn đời",7,+11.7x,0.1,0.1,0,5925,46,2,40,5,0,5669,6648,10.36,60123.847
1609958057357873,100050310827163,"Đồng hồ Nhà kho","❤️ Các bác cho em hỏi danh tính cụ ông đứng cạnh cháu Trường ạ",0,"06/24/2026 09:16",https://www.facebook.com/donghonhakho.vn/posts/pfbid021rEJqiKjWjfxVBtyanqwJSUn5oF6a91k88CViUdEQwS76hjEkaohiUSC5KpvMKkkl,Ảnh,,"Trọn đời",2,--,0.19,0.19,0,1938,6,0,3,0,1,1872,2768,,
1609973147356364,100050310827163,"Đồng hồ Nhà kho","🎼 Bản nhạc 93 nốt là một trong những cấu hình hộp nhạc cao cấp thường gặp trên các hộp nhạc Thụy Sĩ cổ và một số đồng hồ tranh cao cấp.

✨ So với các hộp nhạc phổ thông 50–72 nốt, phiên bản 93 nốt sở hữu nhiều lá lược hơn, cho phép tái hiện giai điệu đầy đặn, chi tiết và giàu sắc thái hơn. Âm thanh thường dày, trong, ngân dài và có chiều sâu rất đặc trưng.

⚙️ Để vận hành được bộ lược 93 nốt, nhà sản xuất phải sử dụng trống ghim lớn hơn, ổ cót khỏe hơn và cơ cấu truyền động phức tạp hơn. Chính vì vậy những hộp nhạc 93 nốt luôn được đánh giá cao về giá trị cơ khí và giá trị sưu tầm.

🎶 Khi hoạt động, người nghe có thể cảm nhận rõ sự phong phú của giai điệu, từ những nốt trầm ấm đến các nốt cao trong trẻo, tạo nên chất âm sang trọng mà các hộp nhạc nhỏ khó có thể đạt được.

#hopnhacco #93not #donghoco #donghochauauco #amthanhdonghoco #chatamdonghoco #do_co_chau_au #gia_tri_suu_tam #nghe_thuat_co_khi #donghosuutam",47,"06/24/2026 09:39",https://www.facebook.com/reel/989451480513887/,"Thước phim",,"Trọn đời",4,+9.8x,0.1,0.1,0,4714,66,2,54,8,5,4411,5151,11.338,52044.116
1610276137326065,100050310827163,"Đồng hồ Nhà kho","Đây là ai ạ?

Em mới sưu tầm được một pho tượng gỗ cổ châu Âu và đang muốn tìm hiểu về nhân vật được thể hiện.

Theo quan sát, nhiều khả năng đây là tượng Công giáo. Pho tượng cầm một quyển sách, còn tay kia có vẻ trước đây từng cầm một pháp khí nhưng hiện đã bị gãy hoặc thất lạc nên việc nhận diện khá khó.

Em đang nghĩ đến một vài khả năng như một vị Tông đồ, một vị Tiến sĩ Hội Thánh hoặc một vị thánh thường được tạc cùng sách để biểu tượng cho việc rao giảng hay trước tác.

Bác nào có kinh nghiệm về tượng Công giáo châu Âu, lịch sử mỹ thuật Kitô giáo hoặc từng gặp mẫu tượng tương tự, rất mong cho em xin ý kiến. Nếu có thể, bác cho em biết luôn lý do nhận định (trang phục, tư thế, quyển sách hay pháp khí bị mất) để em có thêm cơ sở đối chiếu.",43,"06/24/2026 18:48",https://www.facebook.com/reel/1548301113465170/,"Thước phim",,"Trọn đời",6,+9.7x,0.02,0.02,0,1823,19,0,13,1,1,1668,1982,6.983,12457.87
1610281953992150,100050310827163,"Đồng hồ Nhà kho","🕰️ NHẬT KÝ Ô ĐÔ 36/10 #42 | Ô đô 36/10 nguyên bản – Chất âm hay, rất đáng sưu tầm

Chiếc Ô đô 36/10 này hội tụ nhiều yếu tố mà người chơi đồng hồ cổ luôn tìm kiếm: nguyên bản, đồng bộ và chất âm cuốn hút.

Bộ máy 10 côn 10 búa vận hành ổn định, thể hiện trọn vẹn hai bản nhạc Westminster và Gai Carillon với tiếng chuông trong, vang và giàu nội lực. Đặc biệt, tiếng ""bính boong"" điểm giờ đặc trưng vẫn được giữ nguyên, tạo nên dấu ấn rất riêng của dòng Ô đô 36/10.

Từ bộ máy, mặt số, bộ côn đến thùng đồng hồ đều cho thấy độ đồng bộ cao, mang lại giá trị sưu tầm và trải nghiệm lâu dài cho người yêu đồng hồ cổ.

Nếu anh em đang tìm kiếm một chiếc Ô đô 36/10 nguyên bản, chất âm hay và mức giá hợp lý trong phân khúc của dòng máy này thì đây là một lựa chọn rất đáng để tham khảo.",42,"06/24/2026 18:58",https://www.facebook.com/reel/2088389385395113/,"Thước phim",,"Trọn đời",8,+13.2x,0.04,0.04,0,3113,54,0,43,4,1,3033,3507,9.211,28740.395
1610285933991752,100050310827163,"Đồng hồ Nhà kho","Số 489 – Đồng Hồ Chim Cúc Cu Đức 3 Tạ Tạ Tuần Nhiều Hoạt Cảnh | ☎️ ⓪⑨⑥③ ✦ ④⑤⑥ ✦ ⑨⑥③

🕰️ Mẫu đồng hồ chim cúc cu Đức sử dụng máy 3 tạ, cót tuần, nổi bật với thiết kế thủ công tinh xảo và nhiều hoạt cảnh chuyển động vô cùng sinh động.

✨ Khi báo giờ, chim cúc cu cất tiếng hót, người uống bia nâng cốc, vũ công xoay theo điệu nhạc, đồng thời nguồn nước quay liên tục, tạo nên khung cảnh đậm chất làng quê châu Âu.

✨ Bộ máy vận hành ổn định, thời gian lên cót dài, phù hợp vừa sử dụng vừa trưng bày. Tiếng chim cúc cu phát ra từ hệ thống còi hơi cơ khí mang âm thanh tự nhiên, trong trẻo và rất dễ nghe.

💫 Một mẫu đồng hồ chim cúc cu Đức hội tụ đầy đủ vẻ đẹp thủ công, nhiều hoạt cảnh và giá trị sưu tầm cao, rất đáng để anh em yêu đồ cổ châu Âu sở hữu.

#dong_ho_cuc_cu #dong_ho_duc #dong_ho_co #dong_ho_suu_tam #may_3_ta #ta_tuan #chim_cuc_cu #do_co_chau_au #am_thanh_dong_ho_co #gia_tri_suu_tam",55,"06/24/2026 19:05",https://www.facebook.com/reel/1355917509977460/,"Thước phim",,"Trọn đời",4,+6.7x,0.01,0.01,0,922,13,1,9,0,1,846,1002,4.732,4311.727
1610286990658313,100050310827163,"Đồng hồ Nhà kho","Số 489 – Đồng Hồ Chim Cúc Cu Đức 3 Tạ Tạ Tuần Nhiều Hoạt Cảnh | ☎️ ⓪⑨⑥③ ✦ ④⑤⑥ ✦ ⑨⑥③

🕰️ Mẫu đồng hồ chim cúc cu Đức sử dụng máy 3 tạ, cót tuần, nổi bật với thiết kế thủ công tinh xảo và nhiều hoạt cảnh chuyển động vô cùng sinh động.

✨ Khi báo giờ, chim cúc cu cất tiếng hót, người uống bia nâng cốc, vũ công xoay theo điệu nhạc, đồng thời nguồn nước quay liên tục, tạo nên khung cảnh đậm chất làng quê châu Âu.

✨ Bộ máy vận hành ổn định, thời gian lên cót dài, phù hợp vừa sử dụng vừa trưng bày. Tiếng chim cúc cu phát ra từ hệ thống còi hơi cơ khí mang âm thanh tự nhiên, trong trẻo và rất dễ nghe.

💫 Một mẫu đồng hồ chim cúc cu Đức hội tụ đầy đủ vẻ đẹp thủ công, nhiều hoạt cảnh và giá trị sưu tầm cao, rất đáng để anh em yêu đồ cổ châu Âu sở hữu.

#dong_ho_cuc_cu #dong_ho_duc #dong_ho_co #dong_ho_suu_tam #may_3_ta #ta_tuan #chim_cuc_cu #do_co_chau_au #am_thanh_dong_ho_co #gia_tri_suu_tam",55,"06/24/2026 19:06",https://www.facebook.com/reel/989547123707277/,"Thước phim",,"Trọn đời",1,+3.5x,0.01,0.01,0,837,10,0,7,0,3,778,940,6.92,5924.18
1610293720657640,100050310827163,"Đồng hồ Nhà kho","Đây là ai ạ?

Em mới sưu tầm được một pho tượng gỗ cổ châu Âu và đang muốn tìm hiểu về nhân vật được thể hiện.

Theo quan sát, nhiều khả năng đây là tượng Công giáo. Pho tượng cầm một quyển sách, còn tay kia có vẻ trước đây từng cầm một pháp khí nhưng hiện đã bị gãy hoặc thất lạc nên việc nhận diện khá khó.

Em đang nghĩ đến một vài khả năng như một vị Tông đồ, một vị Tiến sĩ Hội Thánh hoặc một vị thánh thường được tạc cùng sách để biểu tượng cho việc rao giảng hay trước tác.

Bác nào có kinh nghiệm về tượng Công giáo châu Âu, lịch sử mỹ thuật Kitô giáo hoặc từng gặp mẫu tượng tương tự, rất mong cho em xin ý kiến. Nếu có thể, bác cho em biết luôn lý do nhận định (trang phục, tư thế, quyển sách hay pháp khí bị mất) để em có thêm cơ sở đối chiếu.

Em xin cảm ơn các bác!",0,"06/24/2026 19:17",https://www.facebook.com/donghonhakho.vn/posts/pfbid0nqb5fH74UjvauKBdoJAqfoaYmhYQGy6aUsgENhKL85psFXRv269V5PLvVsVf1rril,Ảnh,,"Trọn đời",0,--,0.06,0.06,0,724,1,0,1,0,1,685,1052,,
1610296200657392,100050310827163,"Đồng hồ Nhà kho","Số 490 – Đồng Hồ Junhan Đức Máy Bền, Âm Hay, Giá Hợp Lý | ☎️ ⓪9️⃣6️⃣3️⃣ ◦ ④⑤⑥ ◦ ⑨⑥③

🕰️ Junhan là một trong những dòng đồng hồ cổ Đức được nhiều người chơi yêu thích nhờ bộ máy bền bỉ, hoạt động ổn định và tuổi thọ rất cao.

✨ Chất âm đặc trưng của Junhan trong trẻo, vang đều, dễ nghe và phù hợp với nhiều không gian sinh hoạt. Đây cũng là dòng đồng hồ cơ cổ nổi tiếng về độ ổn định sau nhiều năm sử dụng.

✨ Bên cạnh chất lượng máy, các mẫu Junhan còn sở hữu kiểu dáng hài hòa, đa dạng kích thước, dễ lựa chọn cho cả người mới chơi lẫn người sưu tầm lâu năm.

💫 Một lựa chọn đáng cân nhắc nếu anh em đang tìm một đồng hồ cổ Đức có máy bền, âm thanh hay và giá thành hợp lý.

#dong_ho_co #dong_ho_co_duc #junhan #dong_ho_qua_lac #dong_ho_co #dong_ho_suu_tam #dong_ho_chau_au_co #am_thanh_dong_ho_co #dong_ho_nguyen_ban #gia_tri_suu_tam",62,"06/24/2026 19:19",https://www.facebook.com/reel/1665874001294711/,"Thước phim",,"Trọn đời",1,+6.4x,0.02,0.02,0,1116,28,0,22,5,2,1018,1217,11.003,12268.99
1610444143975931,100050310827163,"Đồng hồ Nhà kho","I’m trying to identify this person.

I recently acquired an antique European wooden statue, and based on its style, I believe it is most likely a Roman Catholic sculpture.

The figure is holding a book, while the other hand appears to have originally held an attribute or symbol that has unfortunately been broken off, making identification much more difficult.

My current guess is that it could represent one of the Apostles, a Doctor of the Church, or another Catholic saint commonly depicted with a book.

If anyone is knowledgeable about Christian iconography, European religious art, or has encountered a similar statue before, I would greatly appreciate your thoughts. If possible, please explain what details (such as the clothing, the book, or the missing attribute) lead you to your conclusion.

Thank you very much for your help!",0,"06/24/2026 23:36",https://www.facebook.com/donghonhakho.vn/posts/pfbid0PWapfC474r8uSB9RFtaw1e8YNL5iwGYqDG281BS73KYt2Pz2espLw9Z2eC6AU21al,Ảnh,,"Trọn đời",0,--,0.01,0.01,0,912,2,0,1,0,1,870,1283,,
1610571270629885,100050310827163,"Đồng hồ Nhà kho","🔥🔥 ĐÃ GIAO LƯU

Đây là mẫu đồng hồ Franklin Mint của Mỹ được chế tác từ gỗ, đồng mạ vàng và đá tự nhiên để chào đón thiên niên kỷ mới. Điểm đặc biệt là màn hình điện tử phía dưới có chức năng đếm ngược từng ngày đến thời khắc 01/01/2000. Phía trên là mô hình Trái Đất và Mặt Trăng chuyển động: Trái Đất tự quay quanh trục mỗi ngày một vòng, còn Mặt Trăng quay quanh Trái Đất khoảng một vòng mỗi tháng. Một thiết kế vừa độc đáo, vừa mang ý nghĩa lịch sử, rất đáng để sưu tầm.",0,"06/25/2026 03:16",https://www.facebook.com/donghonhakho.vn/posts/pfbid0Vn324uTAXCQg9cti2kAeesZXkgKx8RS67uJVw5qKt7XJwBY8rNuT4JPgNyu3gQs3l,Ảnh,,"Trọn đời",45,--,2.05,2.05,0,24694,143,7,77,2,21,23912,32630,,
1610587343961611,100050310827163,"Đồng hồ Nhà kho","🕰️ Đồng hồ Franklin Mint của Mỹ sở hữu một cơ cấu hiển thị thời gian rất độc đáo và khác biệt.

✨ Ở hầu hết các mẫu đồng hồ thông thường, mặt số đứng yên còn kim đồng hồ quay để chỉ giờ. Nhưng trên chiếc đồng hồ này thì ngược lại: kim đồng hồ được giữ cố định, còn toàn bộ mặt số tự quay để hiển thị thời gian.

⚙️ Cơ cấu đảo ngược này vừa tạo hiệu ứng thị giác thú vị, vừa thể hiện sự sáng tạo trong thiết kế cơ khí. Khi quan sát, người xem dễ có cảm giác chiếc đồng hồ đang hoạt động theo một nguyên lý hoàn toàn khác, dù chức năng xem giờ vẫn chính xác như đồng hồ truyền thống.

📚 Một thiết kế hiếm gặp, mang đậm tính sưu tầm và là điểm nhấn đặc biệt của dòng đồng hồ Franklin Mint, rất đáng để anh em yêu đồng hồ cổ và cơ khí độc đáo khám phá.",24,"06/25/2026 03:43",https://www.facebook.com/reel/2217598689054164/,"Thước phim",,"Trọn đời",5,+9x,0.02,0.02,0,4096,53,0,44,3,2,3716,4340,4.409,17389.518
1610589693961376,100050310827163,"Đồng hồ Nhà kho","🌍 Điều thú vị của mẫu đồng hồ này không chỉ nằm ở khả năng xem giờ mà còn ở cơ cấu thiên văn được chế tác rất tinh xảo.

🌎 Quả địa cầu sẽ tự quay quanh trục của mình, mô phỏng chuyển động tự quay của Trái Đất, trong khi mặt trăng nhỏ quay quanh quả địa cầu, tái hiện chu kỳ chuyển động của Mặt Trăng một cách sinh động.

🧭 Các đường kinh độ, vĩ độ và chi tiết bản đồ được thể hiện rõ nét, góp phần tạo nên vẻ đẹp khoa học và nghệ thuật cho tổng thể sản phẩm.

✨ Sau nhiều năm, toàn bộ cơ cấu vẫn hoạt động ổn định, biến chiếc đồng hồ không chỉ là một cỗ máy xem giờ mà còn là một tác phẩm cơ khí và thiên văn mang giá trị sưu tầm rất cao.",26,"06/25/2026 03:47",https://www.facebook.com/reel/1036954382004087/,"Thước phim",,"Trọn đời",4,+7.5x,0.02,0.02,0,3794,41,2,37,2,2,3487,4135,4.288,15975.975
1610645253955820,100050310827163,"Đồng hồ Nhà kho","Đồng hồ Franklin Mint Millennium – Tuyệt phẩm cơ khí chào đón thiên niên kỷ mới

🕰️ Đồng hồ Franklin Mint của Mỹ được chế tác để chào đón thiên niên kỷ mới, là sự kết hợp giữa cơ khí, thiên văn và nghệ thuật. Thân đồng hồ làm từ gỗ tự nhiên, kết hợp đồng thau mạ vàng, đá tự nhiên và các chi tiết hoàn thiện tinh xảo. Điểm nhấn nổi bật là quả địa cầu với các đường kinh độ, vĩ độ và la bàn được thể hiện rõ nét, mô phỏng chính xác hình ảnh Trái Đất. Mặt Trăng được chế tác từ đá trắng tự nhiên và chuyển động quanh Trái Đất, trong khi quả địa cầu tự quay quanh trục, tái hiện sinh động chuyển động của hệ Trái Đất – Mặt Trăng. Một chi tiết rất độc đáo là kim đồng hồ đứng yên, còn toàn bộ mặt số sẽ quay để hiển thị thời gian, tạo nên trải nghiệm hoàn toàn khác biệt so với đồng hồ truyền thống. Phần đếm ngược điện tử từng đếm từng ngày đến thời khắc 01/01/2000, sau đó chuyển sang hiển thị lịch và giờ. Đây là một mẫu đồng hồ cơ khí mang giá trị sưu tầm cao, hội tụ vẻ đẹp của đồng hồ cổ, đồ cổ châu Âu và nghệ thuật chế tác hiện đại.

#donghoco #donghodeban #donghocoMy #dongho_suutam #donghochauauco #giatrisuutam #amthanhdonghoco #do_co_chau_au #co_khi_nghe_thuat #trangtrinoithat",341,"06/25/2026 05:12",https://www.facebook.com/reel/1579795156908095/,"Thước phim",,"Trọn đời",13,+32.5x,0.1,0.1,0,3810,48,1,35,4,1,3710,4304,11.531,45190.246
1611226563897689,100050310827163,"Đồng hồ Nhà kho",,201,"06/25/2026 21:25",https://www.facebook.com/reel/1484952540097856/,"Thước phim",,"Trọn đời",2,+18x,0.07,0.07,0,4404,42,3,43,3,1,4289,4540,9.69,41766.604
1611952960491716,100050310827163,"Đồng hồ Nhà kho","🕰️ NHẬT KÝ Ô ĐÔ 36/10 #45 | Chi tiết nhỏ giúp nhận diện mặt số nguyên bản

Một chi tiết khá thú vị trên mặt số Ô đô 36/10 là lỗ lên cót.

Đa số những chiếc Ô đô 36/10 nguyên bản khi xuất xưởng không được lắp sẵn khoen hay viền kim loại ở lỗ lên cót. Phần mặt số được để nguyên theo đúng thiết kế của nhà sản xuất.

Về sau, trong quá trình sử dụng, nhiều chủ sở hữu đã chủ động lắp thêm khoen bảo vệ. Mục đích là hạn chế chìa khóa cọ xát trực tiếp vào mặt số, tránh làm trầy xước lớp sơn hoặc men quanh lỗ lên cót sau nhiều năm sử dụng.

Vì vậy, khi gặp một chiếc Ô đô 36/10 có khoen ở lỗ lên cót, cũng không nên vội kết luận là nguyên bản hay không nguyên bản. Đây thường là một chi tiết được bổ sung trong quá trình sử dụng để bảo vệ mặt số, chứ không phải đặc điểm nhận diện của nhà sản xuất.

Đôi khi, chính những chi tiết rất nhỏ như vậy lại giúp người chơi hiểu rõ hơn về lịch sử sử dụng của một chiếc đồng hồ cổ.",12,"06/26/2026 17:30",https://www.facebook.com/reel/2506964499741821/,"Thước phim",,"Trọn đời",2,+5.5x,0.04,0.04,0,5324,49,3,44,3,3,4998,7400,7.9,41034.698
1611954747158204,100050310827163,"Đồng hồ Nhà kho","🕰️ NHẬT KÝ Ô ĐÔ 36/10 #46 | Ô đô 36/10 thùng kính cong – Vẻ đẹp vượt thời gian

Ô đô 36/10, 10 côn 10 búa, hai bản nhạc Westminster và Gai Carillon với thùng kính cong nguyên bản luôn là một trong những phiên bản được nhiều người sưu tầm yêu thích.

Thiết kế kính cong mềm mại kết hợp cùng mặt số nổi tạo nên tổng thể hài hòa, đậm phong cách Art Deco. Bên trong là bộ máy cơ khí bền bỉ, hệ thống 10 côn 10 búa cho chất âm vang, ngân và rất cuốn hút.

Đây là mẫu đồng hồ không chỉ gây ấn tượng bởi ngoại hình mà còn bởi trải nghiệm âm thanh đặc trưng của dòng Ô đô 36/10, xứng đáng là một trong những mẫu đồng hồ cổ Pháp được giới chơi đánh giá cao.",15,"06/26/2026 17:33",https://www.facebook.com/reel/891791520609380/,"Thước phim",,"Trọn đời",2,+4x,0.01,0.01,0,2674,24,0,21,1,1,2557,3263,5.144,13745.059
1611956653824680,100050310827163,"Đồng hồ Nhà kho","REVIEW #59 | 📞 0️⃣9️⃣6️⃣3️⃣ ✦ 4️⃣5️⃣6️⃣ ✦ 9️⃣6️⃣3️⃣ | Vai bò Đức 4 côn 4 búa – âm hay, dáng đẹp

Nếu đang tìm một chiếc đồng hồ cổ Đức có kích thước gọn gàng, âm thanh dễ nghe và mức sưu tầm hợp lý thì dòng vai bò 4 côn 4 búa là một lựa chọn rất đáng cân nhắc.

Thiết kế vai bò cổ điển với tỷ lệ hài hòa, dễ bài trí trong nhiều không gian. Bộ máy cơ khí Đức vận hành ổn định, kết hợp hệ thống 4 côn 4 búa cho tiếng chuông trong trẻo, ngân vang và giàu cảm xúc. Dù cấu hình không quá lớn nhưng chất âm vẫn đủ sức chinh phục nhiều người yêu đồng hồ cổ.

Một mẫu đồng hồ nguyên bản, ngoại hình đẹp, chất âm hay và có mức thanh lý rất hấp dẫn dành cho anh em yêu thích đồng hồ cơ cổ và giá trị sưu tầm.

#vaiboduc #4con4bua #donghoduc #donghoco #gioisuutam",33,"06/26/2026 17:37",https://www.facebook.com/reel/1558691879298352/,"Thước phim",,"Trọn đời",2,+4.1x,0.02,0.02,0,1551,15,2,14,0,1,1452,1748,6.721,10384.114
1612000047153674,100050310827163,"Đồng hồ Nhà kho","Đồng hồ vai bò Belcanto Đức 5 côn – Dáng đẹp âm hay- Mã số B102
💵: 4tr5
✨ Kiểu dáng
• Thiết kế vai bò mềm mại, cân đối và thanh lịch.
• Thùng gỗ vân đẹp, tông màu nâu mật ong ấm áp.
• Mặt số La Mã cổ điển kết hợp bộ kim thanh mảnh, giữ nét nguyên bản châu Âu.
• Kích thước: 69 × 25 cm.

⚙️ Máy móc
• Bộ máy cơ Belcanto Đức nguyên bản.
• Vận hành ổn định, bền bỉ, dễ bảo dưỡng.
• Cơ cấu truyền động chuẩn đồng hồ cơ cổ, phù hợp người yêu sưu tầm đồng hồ cổ.

🔔 Âm thanh
• Hệ thống 5 côn cho tiếng chuông ngân vang, trong trẻo.
• Âm thanh ấm, rõ, độ ngân tốt, tạo cảm giác rất thư thái.
• Một mẫu đồng hồ châu Âu cổ vừa đẹp phần nhìn, vừa cuốn hút bởi chất âm đồng hồ cổ.

🏠 Nhà Kho TV – Đồng hồ cổ châu Âu nguyên bản
📍 Hà Đông – Hà Nội
☎️ 0️⃣9️⃣6️⃣3️⃣ • 4️⃣5️⃣6️⃣ • 9️⃣6️⃣3️⃣

#đồnghồcổ #đồnghồcổĐức #đồnghồquảlắc #đồnghồcơcổ #đồnghồchâuÂucổ #đồnghồnguyênbản #đồnghồsưutầm #đồnghồvaibò #Belcanto #âmthanhđồnghồcổ #đồnghồcônđồng #đồcổchâuÂu #sưutầmđồnghồcổ #máycổĐức #nhàkhoTV",0,"06/26/2026 19:00",https://www.facebook.com/donghonhakho.vn/posts/pfbid02tBCSScsxyXA2Ucaq37rK6uiFFNKpVwQ8ASSaoVwC6gnoTYfz2YBb7GkBqoJpvcfXl,Ảnh,,"Trọn đời",1,--,0.04,0.04,0,457,3,1,2,0,0,450,655,,
1612027767150902,100050310827163,"Đồng hồ Nhà kho","🕰️ NHẬT KÝ Ô ĐÔ 36/10 #47 | Vẻ đẹp của thùng kính cong

Thùng kính cong chạm đào là một trong những thiết kế được yêu thích nhất của Ô đô 36/10. Dáng kính mềm mại kết hợp với ô kính dưới tạo hình như chiếc chuông. Mỗi khi quả lắc dao động, chuyển động ấy hiện lên nhịp nhàng, cân đối và rất cuốn hút. Chỉ cần nhìn tổng thể, nhiều người chơi đã nhận ra ngay phong cách rất riêng của dòng Ô đô này.",9,"06/26/2026 19:46",https://www.facebook.com/reel/1390078969629614/,"Thước phim",,"Trọn đời",0,+0.9x,0,0,0,1903,12,0,11,1,1,1811,2232,3.087,5857.648
1612419120445100,100050310827163,"Đồng hồ Nhà kho","REVIEW #60 | 📞 0️⃣9️⃣6️⃣3️⃣ ✦ 4️⃣5️⃣6️⃣ ✦ 9️⃣6️⃣3️⃣ | Đồng hồ chim cúc cu Đức nguyên bản

Đồng hồ chim cúc cu Đức luôn có một sức hút rất riêng nhờ thiết kế đậm chất vùng Rừng Đen và cơ cấu cơ khí đầy thú vị. Mỗi giờ điểm, chú chim nhỏ bước ra cùng tiếng hót được tạo bởi hệ thống còi hơi cơ khí, mang âm sắc tự nhiên, nhẹ nhàng và rất dễ chịu.

Chiếc đồng hồ còn giữ được tình trạng nguyên bản, bộ máy hoạt động ổn định, hình thức hài hòa và chất âm đặc trưng của dòng đồng hồ chim cúc cu cổ. Đây không chỉ là một chiếc đồng hồ xem giờ mà còn là món đồ trang trí giàu giá trị nghệ thuật, lịch sử và rất được giới sưu tầm đồng hồ châu Âu yêu thích.

#chimcuccu #donghoduc #blackforestclock #donghoco #gioisuutam",69,"06/27/2026 06:41",https://www.facebook.com/reel/1504596641139159/,"Thước phim",,"Trọn đời",1,+12.7x,0.02,0.02,0,2099,26,3,14,1,11,1956,2205,5.478,11340.23
1612429150444097,100050310827163,"Đồng hồ Nhà kho","#15 Đồng hồ Ô Đô – Mặt tròn vàng hồng đời 1962

🕰️ Chiếc đồng hồ cổ Ô Đô đời 1962 nổi bật với mặt số tròn vàng hồng sang trọng, tạo nên vẻ đẹp tinh tế và đầy cuốn hút sau hơn nửa thế kỷ.

Sở hữu cấu hình 10 côn 11 búa chơi hai bản nhạc đặc trưng, chiếc đồng hồ mang đến chất âm ngân vang, trầm ấm và giàu cảm xúc. Từ mặt số, bộ máy đến tổng thể thùng đều thể hiện nét đẹp đặc trưng của đồng hồ cổ Pháp, rất phù hợp với những anh em yêu thích các mẫu đồng hồ nguyên bản và có giá trị sưu tầm lâu dài.

#DongHoOdo #Odo1962 #10Con11Bua #HaiBanNhac #MatSoVangHong #DongHoCoPhap #DongHoCo #DongHoQuaLac #DongHoNguyenBan #DongHoSuuTam",85,"06/27/2026 06:56",https://www.facebook.com/reel/27578772418450403/,"Thước phim",,"Trọn đời",2,+11.9x,0.01,0.01,0,883,24,0,12,0,11,837,1007,7.515,6967.2
1598291741857838,100050310827163,"Đồng hồ Nhà kho","🕰️ NHẬT KÝ Ô ĐÔ 36/10 #19 | Hoàn tất bảo dưỡng – Mời anh em thẩm âm

Chiếc Ô đô 36/10, 10 côn 10 búa, hai bản nhạc Westminster và Gai Carillon đã hoàn tất quá trình bảo dưỡng.

Sau khi được vệ sinh, tra dầu và canh chỉnh lại toàn bộ hệ thống chuông, bộ máy đã vận hành ổn định hơn, các búa hoạt động đồng đều và chất âm cũng được phát huy tốt hơn so với thời điểm còn nguyên bụi.

Điều em thích nhất là chiếc đồng hồ vẫn giữ được sự nguyên bản vốn có. Từ bộ máy, bộ côn cho tới các chi tiết bên trong đều mang đậm dấu ấn của thời gian nhưng nay đã hoạt động trong trạng thái tốt nhất.

Xin gửi tới anh em đoạn âm thanh thực tế của chiếc Ô đô 36/10 sau khi hoàn tất bảo dưỡng để cùng nhau trải nghiệm và cảm nhận chất âm đặc trưng của dòng máy 10 côn 10 búa nổi tiếng này.

Anh em hãy nghe thử và cho em biết cảm nhận của mình về chất âm của chiếc Ô đô 36/10 này nhé.",41,"06/10/2026 17:06",https://www.facebook.com/reel/2185391248861048/,"Thước phim",,"Trọn đời",12,+18.1x,0.03,0.03,0,3115,44,0,32,2,0,3074,3565,8.017,25486.525
1580488960304783,100050310827163,"Đồng hồ Nhà kho","Bộ Côn Nhạc Ô Đô 36/10 – Linh Hồn Của Chất Âm Cổ Điển | ☏ ⓪⑨⑥③ ⟡ ④⑤⑥ ⟡ ⑨⑥③

🕰️ Trên dòng Ô Đô 36/10, bộ côn nhạc luôn là phần tạo nên nét hấp dẫn rất riêng của chiếc đồng hồ.

🎵 Với cấu trúc 10 côn 10 búa, bộ máy có thể chơi những bản nhạc nhiều lớp âm và chuyển nốt khá phức tạp.
🔔 Các thanh côn thép dài cho âm thanh vang sâu, rõ tiếng và tạo cảm giác rất cuốn hút khi thưởng âm trong không gian yên tĩnh.
✨ Khi trống nhạc hoạt động, từng búa sẽ lần lượt gõ vào các thanh côn để tạo nên giai điệu đặc trưng của Ô Đô 36/10.

📚 Đây cũng là một trong những bộ nhạc được nhiều người chơi lâu năm đánh giá rất cao về nhạc tính và độ ngân.

#dongho #donghoco #thuongam #co_khi #suutam",15,"05/21/2026 07:45",https://www.facebook.com/reel/27407155615584684/,"Thước phim",,"Trọn đời",0,+0.7x,0.01,0.01,0,2639,25,0,24,3,0,2495,3222,5.793,15120.343
1580492323637780,100050310827163,"Đồng hồ Nhà kho","Bộ Côn Thép Trên Ô Đô 36/10 Có Gì Đặc Biệt? | 📲 không chín sáu ba • bốn năm sáu • chín sáu ba

🕰️ Bộ côn thép trên Ô Đô 36/10 luôn được nhiều anh em yêu thích bởi chất âm rất đặc trưng và giàu cảm xúc.

🔔 Các thanh côn dài giúp âm thanh vang xa, rõ tiếng và tạo cảm giác chuyển nốt rất mạch lạc.
🎵 Khi dàn 10 búa hoạt động đồng thời, tiếng chuông cho cảm giác nhiều lớp âm và khá cuốn hút khi thưởng thức trong không gian yên tĩnh.
✨ Đặc biệt ở những bộ côn nguyên bản lâu năm, âm thanh thường có độ ngân và độ “mộc” rất riêng của đồng hồ châu Âu xưa.

📚 Đây cũng là một trong những yếu tố làm nên sức hút đặc biệt của dòng Ô Đô 36/10.

#dongho #donghoco #thuongam #co_khi #suutam",19,"05/21/2026 07:49",https://www.facebook.com/reel/853065491177473/,"Thước phim",,"Trọn đời",0,+1.7x,0.03,0.03,0,3965,37,0,34,2,1,3839,5141,9.488,37062.75
1580518673635145,100050310827163,"Đồng hồ Nhà kho","Bộ Côn Đồng Hồ Cổ – Dấu Ấn Thủ Công Của Từng Thời Kỳ | ☏ ⓪⑨⑥③ ⟡ ④⑤⑥ ⟡ ⑨⑥③

🕰️ Với nhiều người chơi lâu năm, bộ côn chính là phần mang đậm nét thủ công và cá tính riêng nhất trên đồng hồ cổ.

⚙️ Ngày xưa, từng bộ côn được làm hoàn toàn thủ công từ khâu tôi thép, tiện cổ côn, vào ti, cân chỉnh nhạc cho tới cắt độ dài từng thanh côn.
🎵 Vì vậy mỗi bộ côn đều mang dấu ấn riêng của người thợ và bí quyết của từng tổ thợ ở mỗi giai đoạn khác nhau.
🔔 Đó cũng là lý do các đời máy như máy mỏng, máy dày, máy bốn số hay năm số thường có chất âm và nét kỹ thuật rất riêng.

✨ Không chỉ tạo âm thanh, bộ côn còn lưu giữ cả tinh thần cơ khí thủ công của đồng hồ châu Âu xưa.

#dongho #donghoco #thuongam #co_khi #suutam",30,"05/21/2026 08:27",https://www.facebook.com/reel/1320346530059964/,"Thước phim",,"Trọn đời",0,+0.6x,0.01,0.01,0,1471,10,0,11,1,0,1380,1661,6.371,9137.069
1580520780301601,100050310827163,"Đồng hồ Nhà kho","Ô Đô 36/10 – Chất Âm Ngân Dài Rất Cuốn Hút | 📲 không chín sáu ba • bốn năm sáu • chín sáu ba

🕰️ Ô Đô 36/10 luôn được nhiều anh em yêu thích bởi chất âm rất riêng và giàu cảm xúc khi thưởng thức.

🔔 Bộ máy 10 côn 10 búa cho tiếng chuông ngân dài, rõ lớp âm và tạo cảm giác rất dễ nghe trong không gian yên tĩnh.
🎵 Đặc biệt ở những bộ máy nguyên bản lâu năm, âm thanh thường có độ mộc, độ sâu và nhạc tính rất đặc trưng của đồng hồ châu Âu xưa.
✨ Phần chuyển nhạc và điểm giờ kép cũng tạo nên nét hấp dẫn rất riêng trên dòng máy này.

📚 Một chất âm mà nhiều người chơi lâu năm đánh giá là rất cuốn hút và giàu cảm xúc.

#dongho #donghoco #thuongam #co_khi #suutam",10,"05/21/2026 08:30",https://www.facebook.com/reel/1513140363847407/,"Thước phim",,"Trọn đời",2,+3.4x,0,0,0,1353,13,0,12,1,0,1240,1723,5.071,6816.608
1580524506967895,100050310827163,"Đồng hồ Nhà kho","Ô Đô 36 – Chất Âm Không Lẫn Vào Đâu Được | ☎️ ⓪⑨⑥③ ✦ ④⑤⑥ ✦ ⑨⑥③

🕰️ Với nhiều người chơi lâu năm, điều gây ấn tượng sâu sắc nhất trên những chiếc Ô Đô 36 chính là tiếng chuông ngân dài và dải âm rất sâu.

🔔 Âm thanh vang lên chậm rãi, mềm và có độ cuộn âm rất đặc trưng.
🎵 Càng nghe lâu càng cảm nhận rõ độ ngân, độ trầm và sự chuyển nốt rất cuốn hút của bộ côn thép cổ.
✨ Đó là thứ chất âm mang cảm giác vừa quyến rũ vừa đầy hoài niệm mà nhiều dòng đồng hồ khác khó có được.

📚 Chính nét âm thanh ấy đã khiến Ô Đô 36 trở thành một trong những dòng đồng hồ được yêu thích nhất trong giới thưởng âm đồng hồ cổ.

#dongho #donghoco #thuongam #co_khi #suutam",14,"05/21/2026 08:34",https://www.facebook.com/reel/1461626149045883/,"Thước phim",,"Trọn đời",53,+87.5x,0.24,0.24,0,29440,604,44,531,27,9,28767,43009,10.44,303872.749
1580526803634332,100050310827163,"Đồng hồ Nhà kho","Âm Thanh Đẳng Cấp Của Ô Đô 36/10 | ☏ ⓪⑨⑥③ ⟡ ④⑤⑥ ⟡ ⑨⑥③

🕰️ Ô Đô 36/10 luôn được nhiều anh em chơi lâu năm đánh giá rất cao bởi chất âm đặc trưng và đầy cảm xúc.

🔔 Bộ máy 10 côn 10 búa cho tiếng chuông vang sâu, ngân dài và chuyển nốt rất rõ lớp.
🎵 Âm thanh vừa có độ mộc, vừa có độ cuộn âm đặc trưng khiến người nghe rất dễ nhận ra ngay từ những nhịp đầu tiên.
✨ Đặc biệt phần điểm giờ kép tạo cảm giác dày tiếng và rất cuốn hút khi thưởng âm trong không gian yên tĩnh.

📚 Một chất âm mang đậm dấu ấn cơ khí châu Âu xưa và gần như không lẫn vào đâu được.

#dongho #donghoco #thuongam #co_khi #suutam",35,"05/21/2026 08:38",https://www.facebook.com/reel/2179715899486771/,"Thước phim",,"Trọn đời",32,+50.2x,0.16,0.16,0,9474,204,16,166,12,3,8919,11669,14.203,134056.607
1580837760269903,100050310827163,"Đồng hồ Nhà kho","Vì Sao Thùng Ô Đô 36 Thường Có Một Lỗ Nhỏ Phía Trong? | 📲 không chín sáu ba • bốn năm sáu • chín sáu ba

🕰️ Trên nhiều thùng Ô Đô 36 cổ thường có sẵn một lỗ nhỏ phía trong thùng máy khiến nhiều anh em mới chơi nghĩ là chi tiết thừa hoặc bị khoan thêm.

⚙️ Thực tế đây là vị trí để gài “quản lắc” trong quá trình vận chuyển đồng hồ.
🔔 Khi cố định quản lắc vào vị trí này, bộ máy sẽ hạn chế rung lắc và tránh va đập làm ảnh hưởng đến ngựa hoặc bộ hồi khi di chuyển đường xa.
✨ Đây là một chi tiết kỹ thuật nhỏ nhưng cho thấy sự tính toán khá kỹ của những người thợ châu Âu xưa.

📚 Những chi tiết tưởng đơn giản như vậy lại chính là nét thú vị của đồng hồ cơ khí cổ.

#dongho #donghoco #thuongam #co_khi #suutam",19,"05/21/2026 18:07",https://www.facebook.com/reel/2210048776416846/,"Thước phim",,"Trọn đời",4,+7.9x,0.16,0.16,0,10952,74,2,69,3,1,10584,14417,12.024,129908.295
1581205576899788,100050310827163,"Đồng hồ Nhà kho","Đồng Hồ Chim Cúc Cu Đức – Mẫu Uống Bia Nhiều Hoạt Cảnh Rất Sinh Động | ☎️ ⓪⑨⑥③ ✦ ④⑤⑥ ✦ ⑨⑥③

🕰️ Những chiếc đồng hồ chim cúc cu của Đức luôn mang một nét vui nhộn và rất đặc trưng của đồng hồ rừng đen châu Âu xưa.

🍺 Mẫu cúc cu uống bia tạo ấn tượng bởi nhiều hoạt cảnh chuyển động sinh động khi đồng hồ điểm nhạc.
🐦 Chim cúc cu bật cửa đều, đẹp và tạo cảm giác rất thú vị khi thưởng thức.
🎵 Ngoài phần nhạc và tiếng chim quen thuộc, các chi tiết hoạt cảnh chuyển động đồng bộ khiến chiếc đồng hồ trở nên rất có “hồn”.
🏛️ Kích thước lớn giúp tổng thể chiếc đồng hồ nổi bật và tạo điểm nhấn rất đẹp trong không gian.

📚 Đây là dòng đồng hồ được nhiều anh em yêu thích bởi sự vui mắt và đậm chất thủ công Đức cổ.

#dongho #donghoco #cuckoo #co_khi #suutam",12,"05/22/2026 05:07",https://www.facebook.com/reel/2484496761988349/,"Thước phim",,"Trọn đời",4,+6.3x,0.01,0.01,0,2560,23,2,18,1,0,2466,3289,5.639,14697.098
1581651860188493,100050310827163,"Đồng hồ Nhà kho","Còi Hơi Trên Đồng Hồ Cúc Cu Có Gì Đặc Biệt? | 📲 không chín sáu ba • bốn năm sáu • chín sáu ba

🕰️ Một trong những nét đặc trưng thú vị nhất trên đồng hồ chim cúc cu chính là hệ thống còi hơi tạo tiếng chim “cuckoo”.

🎵 Âm thanh được tạo ra từ luồng hơi thổi qua còi gỗ nên cho cảm giác mềm, ấm và khá dễ nghe.
🐦 Chính kiểu phát âm này giúp tiếng chim không bị gắt hay chói tai như nhiều người vẫn nghĩ.
✨ Khi bộ máy hoạt động, tiếng chim hòa cùng nhịp chuyển động cơ khí tạo cảm giác rất vui tai và đậm chất đồng hồ rừng đen Đức cổ.

📚 Đây cũng là một trong những chi tiết khiến đồng hồ cúc cu luôn mang nét rất riêng và giàu cảm xúc hoài niệm.

#dongho #donghoco #cuckoo #co_khi #suutam",12,"05/22/2026 17:54",https://www.facebook.com/reel/2179243152914376/,"Thước phim",,"Trọn đời",24,+95.8x,1.09,1.09,0,123415,1945,186,1786,172,77,122767,179407,9.707,1186518.579
1581656153521397,100050310827163,"Đồng hồ Nhà kho","Đồng Hồ Cúc Cu Không Chỉ Có Tiếng Chim “Cuckoo” | ☎️ 0️⃣9️⃣6️⃣③ ✧ 45️⃣6️⃣ ✧ 9️⃣6️⃣③

🕰️ Ngoài hệ thống còi hơi tạo tiếng chim cúc cu đặc trưng, nhiều dòng đồng hồ cúc cu còn được trang bị thêm bộ phát nhạc cơ khí đến từ Thụy Sĩ.

🎵 Những bộ nhạc này thường chơi các giai điệu chậm rãi, du dương và khá giàu cảm xúc.
🔔 Âm thanh cho cảm giác mềm, ấm và ngân nga rất dễ nghe trong không gian yên tĩnh.
✨ Khi kết hợp cùng tiếng chim cúc cu và các hoạt cảnh chuyển động, tổng thể chiếc đồng hồ tạo nên cảm giác rất sinh động và đầy chất châu Âu xưa.

📚 Đây cũng là một trong những nét thú vị khiến nhiều người chơi đặc biệt yêu thích dòng đồng hồ cúc cu cổ.

#dongho #donghoco #cuckoo #thuongam #suutam",16,"05/22/2026 18:01",https://www.facebook.com/reel/1373762014810119/,"Thước phim",,"Trọn đời",1,+2.2x,0.01,0.01,0,2465,24,1,24,1,0,2300,3063,6.688,16546.478
1581685500185129,100050310827163,"Đồng hồ Nhà kho","Đồng Hồ Cúc Cu Đức – Nét Đẹp Thủ Công Của Vùng Black Forest | ☏ ⓪⑨⑥③ ⟡ ④⑤⑥ ⟡ ⑨⑥③

🕰️ Đồng hồ chim cúc cu có xuất xứ từ Đức là một trong những dòng đồng hồ thủ công nổi tiếng của vùng Black Forest với truyền thống lâu đời.

🌲 Những chiếc đồng hồ này chủ yếu được làm bằng gỗ và chế tác thủ công qua bàn tay khéo léo của các nghệ nhân địa phương.
🐦 Từ hình chim cúc cu, mái nhà, lá cây cho tới các hoạt cảnh chuyển động đều mang nét vui nhộn và rất sinh động.
🎵 Khi hoạt động, tiếng chim cúc cu kết hợp cùng nhạc cơ khí tạo cảm giác ấm áp và đầy không khí châu Âu xưa.

📚 Đây là dòng đồng hồ được nhiều người yêu thích bởi sự mộc mạc, thủ công và giàu cảm xúc hoài niệm.

#dongho #donghoco #cuckoo #co_khi #suutam",20,"05/22/2026 18:57",https://www.facebook.com/reel/871042832685868/,"Thước phim",,"Trọn đời",5,+9.1x,0.03,0.03,0,3186,49,2,41,1,2,3166,3861,5.854,19253.848
1581892543497758,100050310827163,"Đồng hồ Nhà kho",,47,"05/23/2026 01:15",https://www.facebook.com/reel/1480096823394584/,"Thước phim",,"Trọn đời",4,+8.8x,0.06,0.06,0,3477,59,2,51,3,3,3134,3897,13.173,44698.02
1581896833497329,100050310827163,"Đồng hồ Nhà kho","Âm thanh xuất sắc trên dòng Ô đô 36/10 với cấu hình 10 côn 10 búa chơi 2 bản nhạc nổi tiếng Westminster và Gai Carillon.

Chất âm ngân vang, tách lớp rõ ràng, tiếng chuông dày và rất giàu cảm xúc nên được nhiều người chơi đánh giá là một trong những dòng đồng hồ treo tường có âm hay nhất của hãng.

Đặc biệt bản Gai Carillon mang âm hưởng vui tai, sang trọng và rất đặc trưng, tạo nên nét cuốn hút riêng cho dòng Ô đô 36/10 trong giới sưu tầm đồng hồ cổ.

☎️ 𝟎𝟗𝟔𝟑 • 𝟒𝟓𝟔 • 𝟗𝟔𝟑

#dong_ho_odo #odo_36_10 #dong_ho_10_con #dong_ho_co #dong_ho_qua_lac #dong_ho_suu_tam #gai_carillon #westminster",8,"05/23/2026 01:22",https://www.facebook.com/reel/1301052138209554/,"Thước phim",,"Trọn đời",15,+56.5x,0,0,0,113602,1516,182,1488,68,32,109689,176971,7.044,784959.858
1581902173496795,100050310827163,"Đồng hồ Nhà kho","Đồng hồ cổ thanh lý nguyên bản, phù hợp cho anh em yêu thích sưu tầm hoặc làm dự án phục chế.

Máy móc còn nguyên bản theo thời gian, hiện không có chuông, thiếu kính và nắp sau nên thích hợp cho các bác tìm đồ dựng, lấy linh kiện hoặc phục hồi theo sở thích riêng.

Một nét đẹp rất mộc của đồng hồ cổ xưa, mang nhiều dấu ấn thời gian và giá trị hoài niệm.

📞 0963 • 456 • 963

#dong_ho_co #dong_ho_thanh_ly #dong_ho_suu_tam #dong_ho_qua_lac #may_dong_ho_co #phuc_che_dong_ho #do_xua #dong_ho_chau_au",9,"05/23/2026 01:31",https://www.facebook.com/reel/1300929214886366/,"Thước phim",,"Trọn đời",66,+100.1x,0,0,0,38832,341,74,262,19,4,37622,63334,7.76,298912.385
1581921183494894,100050310827163,"Đồng hồ Nhà kho","Cơ Cấu Balance Trên Đồng Hồ Cổ Châu Âu – Nét Kỹ Thuật Đầy Cuốn Hút

Không phải chiếc đồng hồ cổ nào cũng sử dụng quả lắc phía dưới để tạo dao động.

Một số dòng đồng hồ châu Âu xưa sử dụng cơ cấu balance – vành tóc như trong hình để điều tốc bộ máy, tạo nên tiếng tích tắc nhanh, gọn và rất đặc trưng.

Nhờ thiết kế nhỏ gọn nên dạng máy này thường xuất hiện trên các mẫu đồng hồ để bàn, đồng hồ tủ nhỏ hay các dòng đồng hồ decor cao cấp thời xưa.

Khi hoạt động, bộ balance dao động liên tục tạo cảm giác chuyển động cơ khí rất cuốn hút, thể hiện trình độ chế tác tinh xảo của những người thợ đồng hồ châu Âu nhiều thập kỷ trước.

Đây cũng là một trong những cơ cấu được nhiều anh em yêu thích bởi vẻ đẹp cơ khí mộc mạc, quan sát trực tiếp rất thú vị và có giá trị sưu tầm riêng.

☎️ 𝟎𝟗𝟔𝟑 ✧ 𝟒𝟓𝟔 ✧ 𝟗𝟔𝟑
🏠 Khu đô thị Văn Phú, phường Phú La, quận Hà Đông, Hà Nội

#dong_ho_co #dong_ho_chau_au #dong_ho_suu_tam #may_balance #may_vanh_toc #dong_ho_de_ban #co_cau_dong_ho #do_xua",10,"05/23/2026 02:06",https://www.facebook.com/reel/2372972726559046/,"Thước phim",,"Trọn đời",0,+0.7x,0,0,0,2843,22,0,22,1,0,3491,5818,5.74,24751.311
1583383993348613,100050310827163,"Đồng hồ Nhà kho","Đồng Hồ Để Bàn Hai Thiên Thần – Dáng Đẹp Mang Đậm Chất Nghệ Thuật | ☏ ⓪⑨⑥③ ⟡ ④⑤⑥ ⟡ ⑨⑥③

🕰️ Chiếc đồng hồ tạo dáng hai thiên thần nâng mặt đồng hồ lên cao luôn tạo cảm giác rất nổi bật và đầy tính nghệ thuật.

✨ Tổng thể thiết kế mang phong cách châu Âu cổ điển với các đường nét mềm mại và khá hài hòa khi trưng bày.
🏛️ Hình tượng hai thiên thần giúp chiếc đồng hồ vừa có nét sang trọng vừa tạo cảm giác nhẹ nhàng và trang nhã.
⚙️ Kiểu dáng này đặc biệt phù hợp để bài trí trong phòng khách, phòng làm việc hoặc các không gian mang phong cách hoài niệm.

📚 Đây cũng là dòng đồng hồ được nhiều anh em yêu thích bởi vẻ đẹp decor và giá trị sưu tầm riêng biệt.

#dongho #donghoco #deban #co_khi #suutam",16,"05/24/2026 20:17",https://www.facebook.com/reel/1191763283016905/,"Thước phim",,"Trọn đời",6,+11.1x,0.03,0.03,0,5375,63,-1,53,3,3,5000,5918,3.669,19420.829
1583391400014539,100050310827163,"Đồng hồ Nhà kho","Tủ Đài Cổ – Nét Hoài Niệm Của Một Thời Âm Thanh Cơ Học | ☎️ ⓪⑨⑥③ ✦ ④⑤⑥ ✦ ⑨⑥③

🕰️ Những chiếc tủ đài cổ luôn mang một cảm giác rất đặc biệt với vẻ đẹp mộc mạc và đậm chất châu Âu xưa.

📻 Bộ radio tích hợp đầy đủ chức năng AM/FM nguyên bản tạo nên nét thú vị rất riêng của dòng tủ đài cổ điển.
🎵 Khi hoạt động, âm thanh phát ra ấm, chậm và mang nhiều cảm giác hoài niệm của những thập niên trước.
⚙️ Các chức năng cơ khí và điện tử vẫn hoạt động ổn định giúp chiếc tủ giữ được đúng tinh thần nguyên bản theo thời gian.

📚 Đây là dòng sản phẩm được nhiều anh em yêu thích bởi giá trị thưởng thức và decor không gian rất đẹp.

#dongho #donghoco #radio #co_khi #suutam",35,"05/24/2026 20:32",https://www.facebook.com/reel/1493220569485011/,"Thước phim",,"Trọn đời",0,+0.6x,0.01,0.01,0,1387,8,1,9,0,0,1242,1507,6.934,9473.015
1583542573332755,100050310827163,"Đồng hồ Nhà kho","Quạt Marelli Cổ – Chất Cơ Khí Đậm Dấu Ấn Thời Gian | 📲 không chín sáu ba • bốn năm sáu • chín sáu ba

🕰️ Những chiếc quạt Marelli cổ luôn tạo cảm giác rất cuốn hút bởi vẻ đẹp cơ khí mạnh mẽ và đậm chất châu Âu xưa.

⚙️ Bộ tuốc năng chuyển động nhịp nhàng kết hợp cùng cánh nhôm lớn tạo nên nét rất đặc trưng của các dòng quạt cổ đời cũ.
🌬️ Khi hoạt động, quạt cho cảm giác chạy đầm, chắc và khá thư giãn khi ngắm nhìn chuyển động cơ khí.
✨ Phần thân quạt và bộ máy vẫn giữ được nhiều nét nguyên bản giúp tổng thể chiếc quạt mang đậm dấu ấn thời gian.

📚 Đây là dòng quạt cổ được nhiều anh em yêu thích bởi vẻ đẹp decor và chất cơ khí rất riêng.

#quatco #marelli #cokhi #decor #suutam",16,"05/25/2026 01:17",https://www.facebook.com/reel/1525917969254921/,"Thước phim",,"Trọn đời",0,+0.5x,0.01,0.01,0,1999,8,1,8,0,0,1925,2339,5.714,11412.017
1583543509999328,100050310827163,"Đồng hồ Nhà kho","Quạt Cổ Marelli Cánh Nhôm – Vẻ Đẹp Của Một Thời Cơ Khí Châu Âu | ☎️ ⓪⑨⑥③ ✦ ④⑤⑥ ✦ ⑨⑥③

🕰️ Những chiếc quạt cổ Marelli luôn mang một sức hút rất riêng với kiểu dáng cơ khí mạnh mẽ và đầy tính hoài niệm.

✨ Cánh nhôm lớn khoảng 40cm kết hợp cùng bộ tuốc năng tạo nên chuyển động lắc rất đặc trưng của quạt cổ đời xưa.
⚙️ Khi hoạt động, bộ máy cho cảm giác chạy êm, đầm và khá cuốn hút khi ngắm nhìn trong không gian yên tĩnh.
🌬️ Những chiếc còn giữ được độ nguyên bản cao thường mang nét cơ khí rất đẹp theo thời gian sử dụng.

📚 Đây không chỉ là một chiếc quạt cổ mà còn là món decor mang đậm dấu ấn của thời kỳ cơ khí châu Âu cổ điển.

#quatco #marelli #cokhi #decor #suutam",16,"05/25/2026 01:19",https://www.facebook.com/reel/916161484815499/,"Thước phim",,"Trọn đời",10,+15.5x,0.05,0.05,0,6896,54,1,45,3,0,6796,8947,8.194,56764.158
1584139176606428,100050310827163,"Đồng hồ Nhà kho","Đồng Hồ Cổ Để Bàn Italy – Vẻ Đẹp Sang Trọng Của Đồng Mạ Vàng | 📲 không chín sáu ba • bốn năm sáu • chín sáu ba

🕰️ Những chiếc đồng hồ cổ để bàn xuất xứ Italy luôn mang một vẻ đẹp rất nổi bật với phong cách châu Âu cổ điển đầy tính nghệ thuật.

✨ Phần thân bằng đồng mạ vàng tạo cảm giác sang trọng và rất bắt mắt khi trưng bày trong không gian phòng khách hay phòng làm việc.
🏛️ Các đường nét thiết kế mềm mại kết hợp cùng mặt số cổ điển giúp tổng thể chiếc đồng hồ mang đậm dấu ấn thời gian.
⚙️ Những chiếc còn giữ được độ nguyên bản cao thường mang giá trị thưởng thức và sưu tầm rất riêng.

📚 Một dòng đồng hồ vừa có giá trị decor vừa đậm chất cơ khí châu Âu xưa.

#dongho #donghoco #deban #cokhi #suutam",12,"05/25/2026 18:43",https://www.facebook.com/reel/1593100922794221/,"Thước phim",,"Trọn đời",0,+1.1x,0.01,0.01,0,1519,16,0,15,0,1,1414,1914,5.864,9019.259
1584151579938521,100050310827163,"Đồng hồ Nhà kho","🕰️ Có những chiếc đồng hồ sinh ra để sưu tầm.
Có những chiếc đồng hồ sinh ra để thưởng âm.
Và cũng có những chiếc chỉ cần đặt vào không gian gia đình… là thấy chất xưa hiện diện ngay.

Trong video hôm nay, em sẽ chia sẻ với các anh các bác 3 nhóm đồng hồ cổ được quan tâm nhiều nhất hiện nay.

✨ Nhóm đầu tiên là những dòng đồng hồ được người Việt mình yêu thích suốt hàng chục năm qua, đặc biệt là các mẫu đồng hồ quả lắc cổ có tiếng chuông truyền thống, giá trị sưu tầm cao.

✨ Nhóm thứ hai là những dòng đồng hồ cổ châu Âu được giới sưu tầm thế giới đánh giá cao về kỹ thuật thủ công, tuổi đời và độ nguyên bản.

✨ Và nhóm cuối cùng là những mẫu đồng hồ decor, đồng hồ để bàn, đồng hồ cúc cu hay đồng hồ tủ phù hợp với không gian nội thất đương đại, dễ bày trí và tạo điểm nhấn rất riêng cho căn nhà.

💫 Hy vọng video này sẽ giúp các anh các bác tìm được một hướng chơi phù hợp với đam mê và không gian sống của mình.

#dong_ho_co #dong_ho_qua_lac #dong_ho_treo_tuong #dong_ho_chau_au #dong_ho_co_chau_au #dong_ho_suu_tam #thuong_am_dong_ho #dong_ho_cuc_cu #dong_ho_de_ban #do_xua #khong_gian_xua #noi_that_co_dien #dong_ho_decor #giao_lo_xua #gioi_suu_tam_dong_ho",36,"05/25/2026 19:06",https://www.facebook.com/reel/987343783704642/,"Thước phim",,"Trọn đời",0,+0.8x,0.01,0.01,0,1825,19,4,18,1,0,1682,2098,6.895,12840.347
1584164419937237,100050310827163,"Đồng hồ Nhà kho","Vì Sao Ô Đô Được Ưa Chuộng Đặc Biệt Tại Việt Nam? | 📲 không chín sáu ba • bốn năm sáu • chín sáu ba

🕰️ Với người chơi tại Việt Nam, Ô Đô luôn mang một giá trị rất riêng bởi đã gắn bó với nhiều giai đoạn lịch sử và ký ức của nhiều thế hệ.

🏛️ Trong thời kỳ ảnh hưởng văn hóa Pháp, đồng hồ Ô Đô xuất hiện khá nhiều tại Việt Nam nên dần trở thành dòng đồng hồ quen thuộc và được nhiều người yêu thích.
🔔 Trong khi đó tại châu Âu hay châu Mỹ, người sưu tầm thường quan tâm nhiều hơn tới các sản phẩm mang tính thủ công cao, thiết kế sáng tạo hoặc có chứng nhận, chứng chỉ lịch sử rõ ràng.
✨ Vì vậy Ô Đô chủ yếu được yêu thích mạnh tại Việt Nam và một số quốc gia từng chịu ảnh hưởng văn hóa Pháp trước đây.

📚 Mỗi khu vực lại có một gu thưởng thức và giá trị sưu tầm rất khác nhau.

#dongho #donghoco #thuongam #co_khi #suutam",37,"05/25/2026 19:31",https://www.facebook.com/reel/2040736203985009/,"Thước phim",,"Trọn đời",6,+10.6x,0.04,0.04,0,2570,27,1,21,2,2,3336,5521,9.963,43072.176
1584167043270308,100050310827163,"Đồng hồ Nhà kho","Đồng Hồ Để Bàn Anh Quốc Đá Ngọc – Vẻ Đẹp Sang Trọng Của Đồng Hồ Cổ | ☎️ ⓪⑨⑥③ ✦ ④⑤⑥ ✦ ⑨⑥③

🕰️ Những chiếc đồng hồ để bàn xuất xứ Anh Quốc luôn mang một vẻ đẹp rất riêng với phong cách cổ điển và đầy tính nghệ thuật.

✨ Phần thân làm từ đá ngọc tạo cảm giác sang trọng, mát và rất nổi bật khi trưng bày trong không gian phòng khách hay bàn làm việc.
🏛️ Tổng thể chiếc đồng hồ giữ được độ mới cao cùng nhiều nét nguyên bản theo thời gian sử dụng.
⚙️ Sự kết hợp giữa đá ngọc và bộ máy cơ khí cổ điển giúp chiếc đồng hồ mang đậm dấu ấn châu Âu xưa.

📚 Đây là dòng đồng hồ được nhiều anh em yêu thích bởi vẻ đẹp decor và giá trị sưu tầm rất riêng.

#dongho #donghoco #deban #cokhi #suutam",30,"05/25/2026 19:35",https://www.facebook.com/reel/2201028437356415/,"Thước phim",,"Trọn đời",17,+25.6x,0.04,0.04,0,5299,45,6,25,3,1,5245,6009,6.349,33797.266
1584350869918592,100050310827163,"Đồng hồ Nhà kho","Đồng Hồ Vai Bò Đức 5 Côn – Dáng Dài, Âm Thanh Ngân Dễ Nghe- Mã số B73
💵: 4tr7
✨ Thiết kế uốn cong mềm mại, tổng thể hài hòa và rất dễ trưng bày trong không gian nội thất cổ điển.
✨ Thùng gọn, cân đối, đường nét mượt mà, giữ được vẻ trầm ấm theo thời gian.
✨ Bộ máy cơ khí bền bỉ, hoạt động ổn định, phù hợp với người chơi lâu dài.
💫 Hệ thống 5 côn cho âm thanh vang ấm, nhẹ nhàng, nghe rất êm tai – đúng chất đồng hồ cơ khí Đức.
📏 Kích thước: 73x22 cm

☎️ 0963.456.963
🏠 Khu đô thị Văn Phú, phường Phú La, quận Hà Đông, Hà Nội

#dong_ho_vai_bo #dong_ho_vai_bo_duc #dong_ho_co #dong_ho_co_duc #dong_ho_qua_lac #dong_ho_chau_au #dong_ho_suu_tam #am_thanh_hay #co_khi_co #trang_tri_co_dien",0,"05/26/2026 01:18",https://www.facebook.com/donghonhakho.vn/posts/pfbid0vGCn4Q2R3HSNusY1bgGSAMk5uySEbdgBhU6GDxgxY941dRAmsL9EAkapwfexcQAyl,Ảnh,,"Trọn đời",1,--,0.03,0.03,0,620,1,0,0,0,0,600,878,,
1584357703251242,100050310827163,"Đồng hồ Nhà kho","Đồng hồ Kenzi 8 côn thùng dài – nét đẹp cổ điển đầy cuốn hút cho không gian xưa- Mã số K99
💵: 3tr9
✨ Thiết kế cân đối, các đường kẻ chỉ nổi kết hợp họa tiết chạm khắc nhẹ nhàng mang đậm phong cách châu Âu cổ. Tông màu gỗ trầm ấm giúp chiếc đồng hồ dễ phối với nhiều không gian từ phòng khách tới phòng làm việc.

✨ Bộ máy 8 côn nguyên bản nổi tiếng bởi độ bền bỉ, hoạt động ổn định và dễ chơi lâu dài. Dàn máy còn đẹp, nước đồng sáng màu, kết cấu chắc chắn đúng chất những dòng máy cổ Đức được giới sưu tầm đánh giá cao.

✨ Chất âm ngân vang ấm nhà, tiếng nhạc tròn tiếng và dễ nghe. Dòng 8 côn luôn mang lại cảm giác thư thái rất riêng mỗi khi điểm chuông theo từng khoảng thời gian trong ngày.

✨ Kích thước: 66x30 cm – dáng thùng dài vừa vặn, nổi bật khi treo trong không gian cổ điển hoặc nội thất đương đại.

🏠 Khu đô thị Văn Phú, phường Phú La, quận Hà Đông, Hà Nội
☎️ 0963•456•963

#dong_ho_co #dong_ho_qua_lac #dong_ho_8_con #dong_ho_duc #dong_ho_treo_tuong #dong_ho_thung_dai #dong_ho_suu_tam #dong_ho_xua #may_co_duc #am_thanh_dong_ho #gioi_suu_tam_dong_ho #dong_ho_chau_au #thung_dai #dong_ho_co_chau_au #kenzi",0,"05/26/2026 01:30",https://www.facebook.com/donghonhakho.vn/posts/pfbid02p7xbt5BRGMougcriA328Q39HCYpmQiqMQVL7NnFwTCNthiHwiVfWstNXXtm9brTxl,Ảnh,,"Trọn đời",1,--,0.05,0.05,0,1051,9,0,8,0,0,1061,1485,,
1585126243174388,100050310827163,"Đồng hồ Nhà kho","📚 Nhật Ký Đồng Hồ Cổ #001 — Ba Loại Đồng Hồ Giữ Giá Nhất Tại Việt Nam

🕰️ Trong hàng trăm năm qua, rất nhiều dòng đồng hồ cổ đã theo chân các thương lái châu Âu du nhập vào Việt Nam.

Trải qua biến động của xã hội, thị trường và cả thời đại đồng hồ công nghệ, có rất nhiều mẫu dần bị lãng quên. Tuy nhiên, vẫn có ba dòng gần như luôn giữ vững giá trị sưu tầm tại Việt Nam.

📌 Đầu tiên là Ô đô 36/8.Một dòng gần như chưa bao giờ hết được người Việt yêu thích bởi âm thanh rất hay và giá trị sưu tầm ổn định suốt nhiều chục năm qua.

📌 Nhóm thứ hai là Ô đô 57 — dòng máy vát, búa vuông, côn 111 nổi tiếng về độ bền cơ học và chất lượng vật liệu.Nhiều chiếc dùng hàng chục năm mà nước máy vẫn vàng óng rất đẹp.

📌 Và cuối cùng tất nhiên là Ô đô 36/10.Âm thanh xuất sắc, kiểu dáng đẹp và tới nay vẫn được nhiều người gọi là “nữ hoàng” trong các bộ sưu tập đồng hồ cổ.

🕰️ Mỗi thời sẽ có những thú chơi khác nhau… nhưng những chiếc đồng hồ thật sự hay thì hàng chục năm qua người ta vẫn luôn tìm về.

#nhat_ky_dong_ho_co #dong_ho_co #odo36_8 #odo57 #odo36_10 #dong_ho_odo #dong_ho_qua_lac #dong_ho_phap #gioi_suu_tam_dong_ho #dong_ho_xu",244,"05/26/2026 22:30",https://www.facebook.com/reel/1407813834736385/,"Thước phim",,"Trọn đời",8,+123.6x,0.5,0.5,0,9093,106,12,91,15,7,9461,11007,31.307,308633.605
1585198179833861,100050310827163,"Đồng hồ Nhà kho","Đồng Hồ Gi rô 8 Côn – Mặt Số Nổi, Thùng Lúa Mạch Sang Trọng- Mã số K100
💵: 12tr
✨ Thùng bè cân đối, hai bên chạm họa tiết lúa mạch nổi bật mang nét trang trí cổ điển của đồng hồ châu Âu xưa. Tông màu gỗ ấm kết hợp phần chạm khắc tạo tổng thể sang trọng và rất bắt mắt khi treo tường.

✨ Mặt số nổi bố cục hài hoà kết hợp tay cầm kim loại tạo điểm nhấn thẩm mỹ và thuận tiện khi sử dụng.

✨ Bộ máy 8 côn hoạt động ổn định, bền bỉ theo thời gian. Âm thanh chuông ngân vang, tròn tiếng và dễ nghe, mang lại cảm giác ấm cúng cho không gian.

📏 Kích thước: 59 × 45 cm

☎️ 0963.456.963
🏠 Khu đô thị Văn Phú, phường Phú La, quận Hà Đông, Hà Nội

#dong_ho_gi_ro #dong_ho_8_con #dong_ho_co #dong_ho_qua_lac #dong_ho_co_chau_au #dong_ho_trang_tri #dong_ho_suu_tam #dong_ho_xua #dong_ho_treo_tuong #dong_ho_phap #dong_ho_lua_mach #dong_ho_go_co #do_xua_chau_au #dong_ho_de_trung_bay #dong_ho_phong_khach",0,"05/27/2026 00:31",https://www.facebook.com/donghonhakho.vn/posts/pfbid02LgzBBcCenAWm9BUcCH4bSWo614niiAQNPuPZ3S1Sg4ZmKMxSfsgS2d6kNqFrgTiRl,Ảnh,,"Trọn đời",1,--,0.04,0.04,0,596,3,0,2,0,0,584,855,,
1585221109831568,100050310827163,"Đồng hồ Nhà kho","cơ cấu “ốc đếm nhạc” hoặc “cam chia nhạc” trên bộ máy đồng hồ cổ chơi nhạc.

⚙️ Bộ phận này có nhiệm vụ điều khiển số lượng nhịp nhạc mà đồng hồ sẽ chơi ở mốc 15 phút, 30 phút, 45 phút và đủ giờ.
🎵 Mỗi bậc trên cam sẽ tương ứng với một đoạn nhạc dài ngắn khác nhau.
🔔 Khi cần gạt tỳ vào các nấc của cam, bộ máy sẽ tự biết cần chơi bao nhiêu đoạn nhạc rồi mới dừng lại.

✨ Đây là một chi tiết cơ khí rất thông minh của đồng hồ cổ châu Âu xưa, giúp bản nhạc được chia tầng lớp rất rõ ràng theo từng mốc thời gian.

📚 Những cơ cấu như thế này cũng là thứ tạo nên vẻ đẹp kỹ thuật rất đặc trưng của các dòng đồng hồ chơi nhạc cổ.

#dongho #donghoco #thuongam #co_khi #suutam",17,"05/27/2026 01:11",https://www.facebook.com/reel/1705649457349301/,"Thước phim",,"Trọn đời",4,+14.4x,0.37,0.37,0,30653,400,18,390,16,6,30701,44832,11.961,365168.531
1585222306498115,100050310827163,"Đồng hồ Nhà kho","Cam Chia Nhạc Ở Vị Trí 15 Phút Hoạt Động Ra Sao? | ☏ ⓪⑨⑥③ ⟡ ④⑤⑥ ⟡ ⑨⑥③

🕰️ Trên các dòng đồng hồ cổ chơi nhạc, cam chia nhạc giữ vai trò điều khiển độ dài bản nhạc theo từng mốc thời gian.

🎵 Ở vị trí 15 phút, cam sẽ giữ cần gạt tại nấc đầu tiên nên đồng hồ chỉ chơi một đoạn nhạc ngắn.
⚙️ Khi sang 30 phút, 45 phút và đủ giờ, cần gạt sẽ rơi vào các nấc sâu hơn để bộ máy chơi những đoạn nhạc dài hơn tương ứng.
🔔 Chính cơ cấu này giúp bản nhạc được chia lớp rất rõ ràng và tạo nên nét đặc trưng của đồng hồ cơ khí châu Âu xưa.

📚 Đây là một chi tiết nhỏ nhưng thể hiện kỹ thuật cơ khí rất thông minh của những người thợ đồng hồ cổ.

#dongho #donghoco #thuongam #co_khi #suutam",8,"05/27/2026 01:13",https://www.facebook.com/reel/4495947537347549/,"Thước phim",,"Trọn đời",4,+19.9x,0,0,0,111775,684,69,689,34,10,106619,185213,8.006,880579.905
1585256866494659,100050310827163,"Đồng hồ Nhà kho","Sửa Lỗi Đồng Hồ Ô đô Đánh Sai Liên Quan Đến Cam Khóa Chuông

Trên các dòng đồng hồ Ô đô 8 côn hoặc 10 côn, có một lỗi rất hay gặp là hiện tượng búa bị dơ sau khi nhạc dừng hoặc nhạc chưa đánh xong mà búa đã bắt đầu hoạt động. Nhiều bác thường nghĩ do búa bị lệch nên đi chỉnh cần búa hoặc lẫy gạt, nhưng thực tế nguyên nhân rất nhiều trường hợp lại nằm ở cam khóa chuông.

📌 Cam khóa chuông có nhiệm vụ mở để búa hoạt động khi bản nhạc bắt đầu và khóa lại khi nhạc đã đánh đủ chu kỳ. Nếu cam dừng bị lệch sẽ xuất hiện hai hiện tượng phổ biến:

• Búa dơ khi nhạc chưa dừng hẳn → hiện tượng đánh sớm.• Nhạc đã đánh xong nhưng búa vẫn dơ → hiện tượng dừng muộn.

Khi gặp lỗi này, anh em nên kiểm tra kỹ vị trí cam khóa trước khi chỉnh búa. Bởi nếu chỉnh sai rất dễ làm cong hoặc gãy lẫy gạt cần búa, đặc biệt trên những chiếc máy cổ đã hoạt động nhiều chục năm.

Nhiều trường hợp tự tra dầu tại nhà làm dầu bám vào cơ cấu cam khiến đồng hồ hoạt động sai chu kỳ đánh. Do đó nếu chưa hiểu rõ cơ cấu vận hành, anh em nên quan sát kỹ trước khi can thiệp sâu vào máy.

🕰️ Đồng hồ cổ hoạt động chuẩn không chỉ nằm ở bộ máy khỏe mà còn ở sự đồng bộ chính xác giữa cam khóa, cần gạt và chu kỳ đánh nhạc. Chỉ cần sai lệch một chút là tiếng chuông sẽ hoạt động không còn đúng nguyên bản nữa.

#dong_ho_co #odo_8_con #odo_10_con #cam_khoa_chuong #sua_chua_dong_ho #dong_ho_qua_lac #may_odo",152,"05/27/2026 02:13",https://www.facebook.com/reel/1307642644254832/,"Thước phim",,"Trọn đời",10,+143.8x,0.41,0.41,0,10311,114,7,80,17,12,9974,11360,22.779,232988.981
1585341646486181,100050310827163,"Đồng hồ Nhà kho","Tôi đã được công nhận là người sáng tạo nội dung gốc!",0,"05/27/2026 04:35",https://www.facebook.com/donghonhakho.vn/posts/pfbid0sfvwKXWXc3ccMFX2BCAQduqSqp4PeJB88WEeJe5QKjkoD7sb5VcLJ8W7SsfWfuj9l,Ảnh,,"Trọn đời",2,--,0.04,0.04,0,911,4,0,1,0,1,850,1302,,
1585839206436425,100050310827163,"Đồng hồ Nhà kho","📚 Nhật Ký Đồng Hồ Cổ #002 — Khi Ô đô 36/10 Chơi Westminster

🕰️ Nhiều người vẫn nghĩ rằng những chiếc Ô đô 36/10 chỉ thật sự nổi bật khi chơi bản nhạc Gai Carillon.

Nhưng thực tế, khi nghe kỹ bản Westminster trên dòng 36/10, rất nhiều anh em chơi lâu năm đều có chung một nhận định:
✨ Chất âm của 36/10 trên nền Westminster cũng rất riêng và gần như khó nhầm với bất kỳ dòng nào khác.

Âm thanh dày, chắc tiếng, ngân sâu và mang một màu âm rất đặc trưng của đồng hồ cổ Pháp.

Đặc biệt khi kết hợp cùng tiếng điểm giờ “Bính… Boong…” quen thuộc, toàn bộ giai điệu tạo nên một cảm giác rất có chiều sâu, rất có thương hiệu và cực kỳ đi vào lòng người nghe.

🕰️ Có lẽ cũng vì điều đó mà suốt nhiều chục năm qua, dòng 36/10 gần như chưa bao giờ hết được giới sưu tầm tại Việt Nam yêu thích.

Từ kiểu dáng, hướng kỹ thuật cho tới chất âm, tất cả đều tạo nên một dấu ấn rất riêng.

✨ Và có lẽ với 36/10…
Dù là Westminster hay Gai Carillon thì đều là những bản nhạc đủ sức làm người nghe nhớ rất lâu.

#nhat_ky_dong_ho_co #odo36_10 #dong_ho_36_10 #westminster #gai_carillon #dong_ho_co #dong_ho_phap #dong_ho_qua_lac #gioi_suu_tam_dong_ho #am_thanh_dong_ho",118,"05/27/2026 18:10",https://www.facebook.com/reel/1338373828146335/,"Thước phim",,"Trọn đời",16,+80.7x,0.24,0.24,0,9353,99,7,69,6,12,9127,10611,15.184,149366.259
1585844606435885,100050310827163,"Đồng hồ Nhà kho","Cần Gạt Chuyển Nhạc Trên Đồng Hồ Cổ Hoạt Động Ra Sao? | 📲 không chín sáu ba • bốn năm sáu • chín sáu ba

🕰️ Trên nhiều dòng đồng hồ cổ chơi nhạc thường có một cần gạt nhỏ dùng để chuyển đổi qua lại giữa các bản nhạc khác nhau.

🎵 Khi gạt cần sang từng vị trí, bộ máy sẽ thay đổi cơ cấu điều khiển trống nhạc để chơi bản nhạc tương ứng.
🔔 Riêng trên các mẫu Ô Đô 10 côn có tiếng điểm giờ kép “bính boong”, hai bản nhạc thường là Westminster và Gai Carillon.
✨ Mỗi bản nhạc mang một chất âm và cảm xúc rất riêng, tạo nên nét cuốn hút đặc trưng của dòng đồng hồ này.

📚 Đây cũng là một trong những chi tiết khiến nhiều anh em yêu thích các dòng Ô Đô chơi hai bài nhạc cổ điển.

#dongho #donghoco #thuongam #co_khi #suutam",52,"05/27/2026 18:19",https://www.facebook.com/reel/1743813819960213/,"Thước phim",,"Trọn đời",2,+3.8x,0.03,0.03,0,2973,23,2,19,2,0,2913,3305,8.922,26696.454
1585848859768793,100050310827163,"Đồng hồ Nhà kho","Đồng Hồ Cổ Treo Tường Đức – Chất Âm Mộc Mạc Của Thời Gian Xưa | ☎️ ⓪⑨⑥③ ✦ ④⑤⑥ ✦ ⑨⑥③

🕰️ Những chiếc đồng hồ cổ treo tường xuất xứ Đức luôn mang một vẻ đẹp rất riêng với nét cơ khí mộc mạc và đầy hoài niệm.

🔔 Bộ máy côn vòng điểm chuông mỗi 30 phút tạo âm thanh vang nhẹ, ấm và khá dễ nghe trong không gian yên tĩnh.
⚙️ Những dòng máy cổ lâu năm thường cho cảm giác chạy đầm, nhịp tích tắc chậm rãi và rất thư giãn khi thưởng thức.
✨ Tổng thể chiếc đồng hồ mang đậm dấu ấn thời gian cùng nét thủ công đặc trưng của đồng hồ Đức đời xưa.

📚 Một dòng đồng hồ được nhiều anh em yêu thích bởi chất âm và vẻ đẹp cơ khí cổ điển.

#dongho #donghoco #thuongam #co_khi #suutam",17,"05/27/2026 18:27",https://www.facebook.com/reel/851422330859493/,"Thước phim",,"Trọn đời",52,+78.1x,0.13,0.13,0,21173,233,28,175,9,2,20509,27254,7.74,163590.688
1586714226348923,100050310827163,"Đồng hồ Nhà kho","⚠️ Khi Di Chuyển Đồng Hồ Atmos, Hãy Đặc Biệt Lưu Ý Bộ Sợi Tóc | ☏ ⓪⑨⑥③ ⟡ ④⑤⑥ ⟡ ⑨⑥③

🕰️ Trên đồng hồ Atmos, bộ sợi tóc của quả lắc xoay là một chi tiết cơ khí cực kỳ mỏng, nhẹ và có độ chính xác rất cao.

⚙️ Bộ phận này giữ nhiệm vụ tạo lực hồi và điều tiết dao động cho toàn bộ hệ thống balance xoay của đồng hồ.
⚠️ Chỉ cần rung lắc mạnh hoặc vận chuyển sai cách là sợi tóc có thể bị xoắn, lệch hoặc đứt.
🔧 Đây cũng là linh kiện có chi phí thay thế khá cao vì hiện nay linh kiện chính hãng vẫn còn được sản xuất với giá không hề thấp.

✨ Chính vì vậy mỗi chiếc Atmos đều được thiết kế sẵn cơ cấu khóa tóc để cố định bộ dao động khi di chuyển.

📚 Anh em trước khi vận chuyển hoặc đóng hàng nên khóa tóc đúng kỹ thuật để tránh những hỏng hóc không đáng có.

#dongho #donghoco #atmos #cokhi #suutam",113,"05/28/2026 17:58",https://www.facebook.com/reel/1371658508132341/,"Thước phim",,"Trọn đời",0,+3.7x,0.02,0.02,0,2045,14,1,14,0,1,1932,2160,5.643,11557.401
1586714439682235,100050310827163,"Đồng hồ Nhà kho","📚 Nhật Ký Đồng Hồ Cổ #003 — Atmos, Chiếc Đồng Hồ Gần Chạm Tới Khái Niệm “Vĩnh Cửu”

🕰️ Ra đời tại Thụy Sĩ từ đầu thế kỷ 20 và được phát triển mạnh bởi Jaeger-LeCoultre, Atmos cho tới ngày hôm nay vẫn được xem là một trong những đỉnh cao cơ khí khiến cả thế giới phải kinh ngạc.

Điều đặc biệt nhất của Atmos là gần như không cần lên cót hay dùng pin.
Nó có thể hoạt động chỉ nhờ những thay đổi rất nhỏ của nhiệt độ trong không khí.

✨ Chỉ cần nhiệt độ môi trường thay đổi khoảng 1 độ C cũng đủ tạo năng lượng cho đồng hồ hoạt động trong nhiều ngày.

Ở thời điểm mà phần lớn thế giới vẫn sử dụng những bộ máy lên cót truyền thống, Atmos xuất hiện như một bước tiến cực kỳ táo bạo của ngành đồng hồ cơ khí.
Một sản phẩm mang khát khao khai thác nguồn năng lượng tự nhiên để duy trì chuyển động gần như vĩnh cửu.

🕰️ Bên trong chiếc đồng hồ ấy là cả một hệ thống cơ khí tinh vi với quả lắc xoay chậm, bộ sợi tóc siêu mảnh và cơ cấu truyền động có độ tiêu hao năng lượng cực thấp.

Mọi chuyển động đều nhẹ, chậm và chính xác đến mức nhiều người lần đầu nhìn thấy đều phải đứng lại quan sát rất lâu.

✨ Hiện nay, Atmos là một trong những dòng đồng hồ được giới sưu tầm trên khắp thế giới nói chung và Việt Nam nói riêng đặc biệt yêu thích.

Bởi nó không đơn thuần chỉ là một chiếc đồng hồ xem giờ, mà còn chứa đựng những giá trị rất lớn về kỹ thuật, cơ khí, công nghệ và giá trị thời đại.

🕰️ Không ồn ào, không phô trương… nhưng Atmos luôn mang một sức hút rất riêng.
Một sức hút đến từ trí tuệ cơ khí và từ khát vọng tạo ra một cỗ máy có thể tồn tại bền bỉ cùng năm tháng.

#nhat_ky_dong_ho_co #dong_ho_atmos #dong_ho_thuy_si #dong_ho_co #dong_ho_co_khi #gioi_suu_tam_dong_ho #dong_ho_de_ban #dong_ho_suu_tam #co_khi_chinh_xac #dong_ho_chau",78,"05/28/2026 17:59",https://www.facebook.com/reel/2777732195931284/,"Thước phim",,"Trọn đời",4,+13.9x,0.03,0.03,0,2499,18,1,13,1,0,2427,2792,7.523,19499.901
1586960679657611,100050310827163,"Đồng hồ Nhà kho","Gai Carillon – Bản Nhạc Làm Nên Tên Tuổi Của Ô Đô 36/10 | ☎️ ⓪⑨⑥③ ✦ ④⑤⑥ ✦ ⑨⑥③

🕰️ Trong thế giới đồng hồ cổ, Gai Carillon được xem là một trong những bản nhạc nổi tiếng và được yêu thích nhất trên các dòng Ô Đô cao cấp.

🎵 Bản nhạc này được sáng tác bởi Scotto và xuất hiện trên những bộ máy chơi nhạc cao cấp của hãng Ô Đô tại Pháp.
🔔 Với giai điệu vui tươi, chuyển nốt rõ ràng cùng phần điểm giờ kép đặc trưng, Gai Carillon tạo nên một dấu ấn rất riêng mà nhiều người chơi có thể nhận ra ngay từ những nhịp đầu tiên.
✨ Khi kết hợp với bộ côn thép trên các dòng 36/10 nguyên bản, âm thanh trở nên vang, ngân sâu và đầy cảm xúc.

📚 Với nhiều người sưu tầm tại Việt Nam, Gai Carillon không chỉ là một bản nhạc mà còn là biểu tượng của những dòng Ô Đô được yêu thích nhất.

#dongho #donghoco #thuongam #co_khi #suutam",42,"05/29/2026 01:25",https://www.facebook.com/reel/1388458496445349/,"Thước phim",,"Trọn đời",2,+4.1x,0.03,0.03,0,2796,38,2,37,2,0,2755,3154,9.579,27014.728
1586991006321245,100050310827163,"Đồng hồ Nhà kho","Đồng Hồ Phù Điêu Pháp – Dấu Ấn Hơn Một Thế Kỷ Thời Gian | 📲 không chín sáu ba • bốn năm sáu • chín sáu ba

🕰️ Chiếc đồng hồ phù điêu xuất xứ Pháp này được sản xuất vào giai đoạn khoảng năm 1910–1911, đến nay đã có tuổi đời hơn một trăm năm.

🏛️ Phần phù điêu được chế tác tinh xảo, mang đậm phong cách nghệ thuật châu Âu đầu thế kỷ XX.
✨ Trải qua hơn một thế kỷ, chiếc đồng hồ vẫn giữ được nhiều nét nguyên bản cùng dấu ấn thời gian rất đặc trưng.
⚙️ Không chỉ là một cỗ máy đo thời gian, đây còn là một tác phẩm thủ công phản ánh trình độ chế tác và thẩm mỹ của một thời kỳ đã qua.

📚 Những chiếc đồng hồ còn giữ được độ nguyên bản cao ở độ tuổi này luôn mang giá trị thưởng thức và sưu tầm rất đáng trân trọng.

#dongho #donghoco #phudieu #cokhi #suutam",20,"05/29/2026 01:55",https://www.facebook.com/reel/26878180908476341/,"Thước phim",,"Trọn đời",5,+9x,0.03,0.03,0,4375,33,2,27,1,2,4250,5189,6.269,27616.873
1586993002987712,100050310827163,"Đồng hồ Nhà kho","Đồng Hồ Ông Tây Đánh Chuông – Câu Chuyện Từ Quảng Trường Thánh Marco | ☏ ⓪⑨⑥③ ⟡ ④⑤⑥ ⟡ ⑨⑥③

🕰️ Dòng đồng hồ ông Tây đánh chuông của Ô Đô luôn tạo ấn tượng bởi hình tượng hai người đàn ông đứng hai bên quả chuông phía trên đỉnh đồng hồ.

🔔 Ít người biết rằng hình tượng này được lấy cảm hứng từ một công trình có thật tại Quảng trường Thánh Marco (Piazza San Marco) ở thành phố Venice, nước Ý.
🏛️ Trên tháp đồng hồ nổi tiếng của quảng trường này có hai pho tượng bằng đồng thực hiện động tác đánh chuông để báo thời gian.
✨ Hình ảnh đó đã trở thành biểu tượng nổi tiếng của Venice và được nhiều nghệ nhân đồng hồ châu Âu đưa vào thiết kế của mình.

📚 Chính sự kết hợp giữa cơ khí, lịch sử và kiến trúc đã tạo nên sức hấp dẫn rất riêng cho những chiếc đồng hồ ông Tây đánh chuông cổ.

#dongho #donghoco #thuongam #cokhi #suutam",34,"05/29/2026 01:58",https://www.facebook.com/reel/1526887995898151/,"Thước phim",,"Trọn đời",5,+10.3x,0.03,0.03,0,3883,56,1,46,2,4,3779,4463,7.555,30078.093
1588432872843725,100050310827163,"Đồng hồ Nhà kho","Bộ Đôi Đồng Hồ Tủ Gothic Đức – Vẻ Đẹp Của Một Thời Kiến Trúc Châu Âu | ☏ ⓪⑨⑥③ ⟡ ④⑤⑥ ⟡ ⑨⑥③

🕰️ Hiếm khi bắt gặp một bộ đôi đồng hồ tủ Gothic Đức đứng cạnh nhau với ngoại hình bề thế và đầy ấn tượng như thế này.

🏛️ Những đường nét kiến trúc vươn cao, các đỉnh tháp nhọn cùng họa tiết chạm khắc mang đậm phong cách Gothic châu Âu thế kỷ XIX.
✨ Từng chi tiết đều thể hiện trình độ chế tác thủ công rất cao của những người thợ xưa.
🔔 Không chỉ là một cỗ máy thời gian, đây còn là những tác phẩm nội thất mang đậm dấu ấn lịch sử và nghệ thuật.

📚 Với nhiều người yêu đồ xưa, đồng hồ tủ Gothic không chỉ để ngắm hay nghe chuông mà còn là biểu tượng của một thời kỳ kiến trúc và cơ khí huy hoàng của châu Âu.

#dongho #donghoco #donghotu #gothic #suutam",50,"05/30/2026 16:57",https://www.facebook.com/reel/1518132396578028/,"Thước phim",,"Trọn đời",3,+4.9x,0.01,0.01,0,1956,12,0,11,0,0,1891,2181,5.954,11783.74
1588434659510213,100050310827163,"Đồng hồ Nhà kho","Đồng Hồ Cổ Pháp Khổ Lớn 1 Mét – Dấu Ấn Của Thời Gian | 📲 không chín sáu ba • bốn năm sáu • chín sáu ba

🕰️ Những chiếc đồng hồ cổ Pháp có kích thước chiều ngang lên tới 1 mét luôn tạo ấn tượng rất mạnh ngay từ cái nhìn đầu tiên.

🏛️ Kích thước lớn kết hợp cùng thiết kế cân đối giúp tổng thể chiếc đồng hồ trở thành điểm nhấn nổi bật trong không gian.
✨ Trải qua nhiều năm, sản phẩm vẫn giữ được vẻ đẹp hài hòa cùng nhiều nét nguyên bản đáng trân trọng.
🔔 Không chỉ mang giá trị về cơ khí và thẩm mỹ, đây còn là một hiện vật phản ánh dấu ấn của một thời kỳ chế tác thủ công châu Âu.

📚 Một sản phẩm giàu giá trị sưu tầm, kính mời anh em yêu đồ xưa cùng tham khảo và thưởng thức.

#dongho #donghoco #phap #cokhi #suutam",28,"05/30/2026 17:01",https://www.facebook.com/reel/1612218766744609/,"Thước phim",,"Trọn đời",15,+23.7x,0.09,0.09,0,8838,101,5,83,5,1,8728,10754,9.341,83463.629
1588436739510005,100050310827163,"Đồng hồ Nhà kho","Đồng Hồ Phù Điêu Đức 1894 – Hơn Một Thế Kỷ Dấu Ấn Thời Gian | ☎️ ⓪⑨⑥③ ✦ ④⑤⑥ ✦ ⑨⑥③

🕰️ Chiếc đồng hồ phù điêu cổ sản xuất năm 1894 là một minh chứng cho trình độ chế tác cơ khí và nghệ thuật của châu Âu cuối thế kỷ XIX.

🏛️ Trải qua hơn 130 năm, chiếc đồng hồ vẫn giữ được vẻ đẹp nguyên vẹn cùng những đường nét phù điêu đầy tính nghệ thuật.
✨ Mỗi chi tiết đều mang đậm dấu ấn thủ công của những người thợ xưa, từ phần vỏ cho tới bộ máy cơ khí bên trong.
🔔 Không chỉ là một cỗ máy đo thời gian, đây còn là một hiện vật lịch sử lưu giữ hơi thở của một thời đại đã qua.

📚 Những chiếc đồng hồ còn giữ được độ nguyên bản cao ở độ tuổi này luôn mang giá trị sưu tầm và thưởng thức rất đáng trân trọng.

#dongho #donghoco #phudieu #cokhi #suutam",24,"05/30/2026 17:04",https://www.facebook.com/reel/1728543418597656/,"Thước phim",,"Trọn đời",7,+11.2x,0.03,0.03,0,4853,57,0,49,4,0,4733,5626,7.347,35641.897
1588836512803361,100050310827163,"Đồng hồ Nhà kho","Đồng Hồ Cổ Pháp Nguyên Bản – Chất Âm Đầy Cảm Xúc | ☏ ⓪⑨⑥③ ⟡ ④⑤⑥ ⟡ ⑨⑥③

🕰️ Những chiếc đồng hồ cổ Pháp luôn mang một nét đẹp rất riêng với sự hài hòa giữa cơ khí, nghệ thuật và thời gian.

🔔 Chất âm của đồng hồ Pháp thường mềm mại, ấm áp và khá dễ nghe, tạo cảm giác thư thái khi thưởng âm trong không gian yên tĩnh.
✨ Trải qua nhiều năm, những chiếc còn giữ được độ nguyên bản cao luôn mang sức hút đặc biệt đối với người yêu đồ xưa.
🏛️ Không chỉ là một cỗ máy đo thời gian, đây còn là dấu ấn của trình độ chế tác thủ công châu Âu trong một giai đoạn lịch sử đáng nhớ.

📚 Một dòng đồng hồ được nhiều người yêu thích bởi chất âm hay và giá trị sưu tầm bền vững theo thời gian.

#dongho #donghoco #phap #thuongam #suutam",78,"05/31/2026 04:11",https://www.facebook.com/reel/983323914399585/,"Thước phim",,"Trọn đời",0,+7.1x,0.01,0.01,0,1971,14,1,14,2,0,1905,2110,7.604,15004.041
1589935859360093,100050310827163,"Đồng hồ Nhà kho","Phiên bản này lâu lắm NK mới gặp lại.
Cũng là một trong số ít mẫu thùng zin + đẹp của 36/10",0,"06/01/2026 08:33",https://www.facebook.com/donghonhakho.vn/posts/pfbid02ZTRwATfXHQW23o2M2jPWJUFX6WLkYKsyJGzxnxUK5yMtNGDweRS98iUKdSiqHLEXl,Ảnh,,"Trọn đời",19,--,0.22,0.22,0,3750,39,-1,20,0,1,3768,5573,,
1589997379353941,100050310827163,"Đồng hồ Nhà kho","REVIEW #1 | Chiếc đồng hồ 3 trong 1 hơn một thế kỷ tuổi đến từ nước Pháp

Cùng em thưởng thức một thiết kế rất thú vị của nghệ nhân châu Âu cách đây hơn 100 năm.

Trên cùng một sản phẩm, người xưa đã khéo léo kết hợp ba chức năng gồm đồng hồ mặt men báo thời gian, nhiệt kế thủy ngân theo dõi nhiệt độ môi trường và áp kế dùng để đo áp suất khí quyển.

Ở thời điểm chưa có các thiết bị điện tử hiện đại, đây được xem như một ""trạm thông tin thời tiết thu nhỏ"" trong mỗi gia đình. Chỉ cần quan sát nhiệt độ và sự thay đổi của áp suất khí quyển, người sử dụng đã có thể phần nào dự đoán được sự thay đổi của thời tiết trong ngày.

Điều khiến sản phẩm này trở nên đặc biệt không chỉ nằm ở giá trị cơ khí hay tuổi đời hơn một thế kỷ, mà còn ở tư duy kỹ thuật rất tiến bộ của người châu Âu thời bấy giờ. Một vật dụng vừa phục vụ cuộc sống hằng ngày, vừa mang giá trị trang trí và thể hiện trình độ chế tác đáng nể.

Một dấu mốc đẹp của lịch sử cơ khí, nơi thời gian, khoa học và nghệ thuật cùng hiện diện trên một tác phẩm duy nhất.

#donghoco #donghoPhap #donghoxua #gioisuutam #docochauau

Từ khóa: đồng hồ cổ Pháp, đồng hồ mặt men, áp kế cổ, nhiệt kế thủy ngân cổ, đồng hồ cơ khí cổ, đồ xưa châu Âu, đồng hồ sưu tầm, đồng hồ hơn 100 năm tuổi, đồng hồ treo tường cổ, giá trị lịch sử cơ khí",26,"06/01/2026 09:55",https://www.facebook.com/reel/3027154814148484/,"Thước phim",,"Trọn đời",9,+13.3x,0.01,0.01,0,1807,19,0,10,0,0,1820,2150,3.829,7391.592
1590230602663952,100050310827163,"Đồng hồ Nhà kho","📚 Nhật Ký Đồng Hồ Cổ #004 — Đồng Hồ Pháp Hay Đồng Hồ Đức Tốt Hơn?

🕰️ Đây có lẽ là một trong những câu hỏi được nhiều anh em đặt ra nhất khi bước chân vào thế giới đồng hồ cổ.

Và để trả lời câu hỏi này một cách khách quan, chúng ta cần nhìn ở hai góc độ khác nhau.

📌 Thứ nhất là yếu tố kỹ thuật.📌 Thứ hai là yếu tố thị hiếu của người sưu tầm.

Nếu chỉ xét riêng về độ bền, độ ổn định, khả năng chịu mài mòn, tính chính xác và tư duy cơ khí, thì đồng hồ Đức thường được đánh giá rất cao.

Người Đức từ lâu đã nổi tiếng với triết lý kỹ thuật chặt chẽ, đề cao độ chính xác và tính thực dụng. Điều đó không chỉ thể hiện trong ngành đồng hồ mà còn xuất hiện ở ô tô, máy công cụ và nhiều lĩnh vực công nghiệp khác.

✨ Những bộ máy đồng hồ Đức thường có kết cấu chắc chắn, logic, dễ bảo trì và có khả năng vận hành bền bỉ trong thời gian dài.

Ngay tại Việt Nam, những chiếc Junhan cũng được nhiều người chơi đánh giá cao bởi chất âm tốt, độ bền cao, dễ sử dụng và dễ sửa chữa.

Tuy nhiên, nếu nhìn vào thị trường sưu tầm tại Việt Nam, chúng ta lại thấy một câu chuyện khác.

🕰️ Những chiếc đồng hồ Pháp, đặc biệt là Ô đô và Vê đét, lại được yêu thích và săn tìm nhiều hơn.

Tại sao lại như vậy?

Câu trả lời nằm ở yếu tố lịch sử.

Trong giai đoạn Pháp hiện diện tại Việt Nam, rất nhiều đồng hồ Pháp đã được đưa vào nước ta. Chúng xuất hiện trong các biệt thự, trường học, công sở, nhà thờ và nhiều gia đình khá giả.

Qua nhiều thế hệ, hình ảnh và tiếng chuông của những chiếc đồng hồ ấy dần đi vào ký ức của người Việt.

Người ta lớn lên cùng âm thanh đó, nhìn thấy chúng trong ngôi nhà của ông bà, cha mẹ và từ đó hình thành nên sự yêu thích một cách rất tự nhiên.

✨ Nói cách khác, nếu xét về kỹ thuật thuần túy, đồng hồ Đức có rất nhiều điểm mạnh đáng ghi nhận.

Nhưng nếu xét về mức độ phổ biến, giá trị sưu tầm và sức hút tại thị trường Việt Nam, thì đồng hồ Pháp vẫn đang chiếm ưu thế rất lớn.

Và điều thú vị là không phải yếu tố kỹ thuật đã tạo nên vị thế đó.

Mà chính lịch sử, ký ức và cảm xúc của nhiều thế hệ người Việt mới là điều giúp những chiếc đồng hồ Pháp được yêu thích cho đến tận ngày hôm nay.

📌 Nhưng lại xuất hiện thêm một câu hỏi khác.

Tại sao tiếng chuông của đồng hồ Pháp lại đặc biệt hấp dẫn người Việt đến vậy?

Liệu đó là do kỹ thuật chế tạo, do đặc điểm âm học hay đơn giản là vì chúng ta đã quá quen thuộc với âm thanh ấy suốt nhiều thế hệ?

Chúng ta sẽ cùng tìm hiểu ở số tiếp theo.

#nhat_ky_dong_ho_co #dong_ho_phap #dong_ho_duc #dong_ho_co #dong_ho_qua_lac #odo #vedette #junhan #gioi_suu_tam_dong_ho #kien_thuc_dong_ho_c",269,"06/01/2026 16:39",https://www.facebook.com/reel/2443222746089313/,"Thước phim",,"Trọn đời",4,+26.7x,0.07,0.07,0,1752,23,1,7,2,10,1874,2157,18.561,36899.487
1590246322662380,100050310827163,"Đồng hồ Nhà kho","REVIEW #2 | Chất âm rất riêng của những chiếc đồng hồ Đức

Cho dù ở phiên bản đồng hồ tủ, đồng hồ treo tường hay đồng hồ vai bò, chất âm của những chiếc đồng hồ đến từ nước Đức vẫn luôn mang một dấu ấn rất riêng.

Không quá hào sảng hay dồn dập, tiếng chuông thường được thể hiện theo phong cách mạch lạc, rõ tiếng và giàu chiều sâu. Mỗi nhịp chuông vang lên đều cho cảm giác chắc chắn, gọn gàng nhưng vẫn đủ độ ngân để tạo nên sự cuốn hút rất đặc trưng.

Có lẽ cũng chính vì vậy mà sau hàng chục, thậm chí hàng trăm năm, nhiều người yêu đồng hồ cổ vẫn nhận ra chất âm Đức chỉ sau vài tiếng chuông đầu tiên.

Một vẻ đẹp không nằm ở sự phô trương, mà nằm ở cảm giác bền bỉ, chuẩn xác và đầy bản sắc của trường phái cơ khí Đức.

#donghoco #donghoduc #donghoqulac #gioisuutam #donghoxua

Từ khóa: đồng hồ Đức cổ, đồng hồ quả lắc Đức, chất âm đồng hồ cổ, đồng hồ vai bò Đức, đồng hồ tủ Đức, đồng hồ treo tường Đức, cơ khí Đức, đồng hồ châu Âu cổ, thú chơi đồng hồ cổ, giới sưu tầm đồng hồ",69,"06/01/2026 17:09",https://www.facebook.com/reel/996610726091474/,"Thước phim",,"Trọn đời",0,+3.1x,0.01,0.01,0,1393,3,1,3,0,0,1328,1480,6.234,8702.822
1590251719328507,100050310827163,"Đồng hồ Nhà kho","REVIEW #3 | Vẻ đẹp cơ khí từ chiếc đồng hồ lộ máy cổ Đức

Có những chiếc đồng hồ không chỉ để xem giờ mà còn để ngắm nhìn sự vận hành của thời gian.

Mẫu đồng hồ cổ Đức lộ máy này được thiết kế với phần bộ máy cơ khí đặt lộ ra phía ngoài, giúp người xem dễ dàng quan sát từng bánh răng, từng chuyển động nhịp nhàng của cơ cấu truyền động. Chính sự hiện diện đầy chân thực ấy tạo nên sức hút rất riêng mà những chiếc đồng hồ thông thường khó có được.

Không cần quá nhiều chi tiết trang trí, vẻ đẹp của sản phẩm nằm ở sự thuần túy của cơ khí. Mỗi chuyển động nhỏ đều phản ánh trình độ chế tác và tư duy kỹ thuật của một thời kỳ mà mọi thứ được tạo nên bằng sự chính xác và tỉ mỉ.

Một tác phẩm dành cho những ai yêu vẻ đẹp nguyên bản của máy móc và giá trị của thời gian.

#donghoco #donghoduc #dongholomay #donghoxua #gioisuutam

Từ khóa: đồng hồ cổ Đức, đồng hồ lộ máy, đồng hồ cơ khí cổ, đồng hồ quả lắc cổ, đồng hồ sưu tầm, máy cơ nguyên bản, đồng hồ treo tường cổ, nghệ thuật cơ khí, đồ xưa châu Âu, đồng hồ vận hành cơ học",54,"06/01/2026 17:18",https://www.facebook.com/reel/1470406127688137/,"Thước phim",,"Trọn đời",8,+12.3x,0.01,0.01,0,829,20,0,9,3,0,746,1042,9.449,8305.821
1590251812661831,100050310827163,"Đồng hồ Nhà kho","REVIEW #4 | Vẻ đẹp nổi bật từ sắc đỏ và hoa văn đồng cổ điển

Chiếc đồng hồ cổ Đức gây ấn tượng ngay từ ánh nhìn đầu tiên với sự kết hợp hài hòa giữa các chi tiết hoa văn đồng và gam màu đỏ ấm áp đầy cuốn hút.

Những đường nét trang trí mang đậm phong cách châu Âu tạo nên vẻ đẹp sang trọng nhưng vẫn giữ được nét hoài cổ đặc trưng của những sản phẩm đã hnđi cùng năm tháng. Khi đặt trong không gian phòng khách, phòng làm việc hay góc sưu tầm, chiếc đồng hồ dễ dàng trở thành điểm nhấn thu hút mọi ánh nhìn.

Điều làm nên giá trị của sản phẩm không chỉ nằm ở hình thức đẹp mắt mà còn ở sự nguyên bản được lưu giữ qua thời gian. Một món đồ vừa mang dấu ấn lịch sử, vừa góp phần tạo nên chiều sâu cho không gian sống.

#donghoco #donghoduc #donghoxua #gioisuutam #noithatco

Từ khóa: đồng hồ cổ Đức, đồng hồ màu đỏ, hoa văn đồng cổ, đồng hồ trang trí châu Âu, đồng hồ nguyên bản, đồng hồ sưu tầm, đồ xưa châu Âu, đồng hồ cơ khí cổ, nội thất hoài cổ, đồng hồ nghệ thuật",33,"06/01/2026 17:18",https://www.facebook.com/reel/897370253374713/,"Thước phim",,"Trọn đời",0,+0.4x,0,0,0,1293,3,0,3,0,0,1247,1376,3.375,4330.508
1590253865994959,100050310827163,"Đồng hồ Nhà kho","Trống Nhạc Trên Đồng Hồ Cổ – Trái Tim Của Những Giai Điệu Cơ Khí | 📲 không chín sáu ba • bốn năm sáu • chín sáu ba

🕰️ Nếu bộ côn là nơi tạo ra âm thanh thì trống nhạc chính là bộ phận lưu giữ giai điệu của đồng hồ cổ.

🎵 Trên bề mặt trống nhạc có hàng trăm chốt nhỏ được sắp xếp theo một quy luật nhất định.
⚙️ Khi trống quay, các chốt này sẽ lần lượt kéo những cần búa tương ứng để búa gõ vào các thanh côn thép, tạo nên bản nhạc hoàn chỉnh.
🔔 Mỗi cách bố trí chốt khác nhau sẽ tạo ra một giai điệu khác nhau, vì vậy trống nhạc chính là “bản tổng phổ cơ khí” của chiếc đồng hồ.

✨ Đây cũng là một trong những chi tiết thể hiện rõ nhất trình độ chế tác thủ công và kỹ thuật của những người thợ đồng hồ châu Âu xưa.

#dongho #donghoco #thuongam #cokhi #suutam",10,"06/01/2026 17:21",https://www.facebook.com/reel/1766498824315014/,"Thước phim",,"Trọn đời",28,+63.6x,0.04,0.04,0,58878,802,86,711,56,28,54462,88634,9.565,522633.357
1590259355994410,100050310827163,"Đồng hồ Nhà kho","Đồng hồ phù điêu cổ đến từ đất nước Pháp, mang trên mình dấu ấn của hơn một thế kỷ thời gian.

Thiết kế 3 trong 1 độc đáo gồm mặt số men hạt cổ, nhiệt kế và áp kế, vừa có giá trị sử dụng vừa tạo nên vẻ đẹp cân đối, sang trọng.

Những đường phù điêu nổi tinh xảo cùng lớp men cổ còn lưu giữ đến ngày nay là minh chứng cho trình độ thủ công châu Âu thời kỳ đầu thế kỷ XX.

📞 𝟎𝟗𝟔𝟑 ✧ 𝟒𝟓𝟔 ✧ 𝟗𝟔𝟑
#dong_ho_co #dong_ho_phu_dieu #dong_ho_phap #do_xua #suu_tam_dong_ho_co",33,"06/01/2026 17:31",https://www.facebook.com/reel/27127829856827168/,"Thước phim",,"Trọn đời",0,+0.4x,0,0,0,393,1,0,1,0,0,348,439,4.604,1777.177
1590309432656069,100050310827163,"Đồng hồ Nhà kho","REVIEW #5 | Chi tiết ngắt chuông đêm đầy tinh tế trên đồng hồ cổ Pháp

Không phải ai chơi đồng hồ cổ cũng muốn nghe tiếng chuông vang lên giữa đêm khuya. Và đó là lý do những chiếc đồng hồ cổ Pháp được trang bị cơ chế tự động ngắt chuông đêm luôn nhận được sự quan tâm đặc biệt từ giới yêu đồ xưa.

Khi đến khoảng thời gian nghỉ ngơi, đồng hồ sẽ tự động ngừng phát nhạc và điểm chuông, giúp không gian yên tĩnh hơn nhưng vẫn duy trì hoạt động chính xác của bộ máy. Đến sáng, chức năng chuông sẽ tự động hoạt động trở lại mà không cần bất kỳ thao tác nào.

Một chi tiết nhỏ nhưng thể hiện sự tinh tế trong tư duy thiết kế của người châu Âu. Vừa giữ được nét thú vị của đồng hồ cơ khí cổ, vừa phù hợp với nhịp sinh hoạt hiện đại của gia đình ngày nay.

#donghoco #donghoPhap #donghoxua #gioisuutam #cohikhico

Từ khóa: đồng hồ cổ Pháp, ngắt chuông đêm tự động, đồng hồ cơ khí cổ, đồng hồ quả lắc cổ, đồng hồ nguyên bản, đồ xưa châu Âu, đồng hồ sưu tầm, cơ chế ngắt chuông đêm, đồng hồ treo tường cổ, thú chơi đồng hồ cổ",61,"06/01/2026 18:55",https://www.facebook.com/reel/4578886099034677/,"Thước phim",,"Trọn đời",2,+4.9x,0.01,0.01,0,483,4,0,2,0,0,464,573,9.037,4491.568
1590334535986892,100050310827163,"Đồng hồ Nhà kho","Đồng Hồ Junhan Đức Lộ Cơ – Vẻ Đẹp Của Chuyển Động Cơ Khí | ☎️ ⓪⑨⑥③ ✦ ④⑤⑥ ✦ ⑨⑥③

🕰️ Những chiếc Junhan lộ cơ luôn có sức hút rất riêng bởi toàn bộ chuyển động của bộ máy được phô diễn ngay trước mắt người xem.

⚙️ Từng bánh răng, ngựa đồng hồ và bộ hồi hoạt động nhịp nhàng tạo nên vẻ đẹp cơ khí đầy cuốn hút.
🔔 Âm thanh điểm chuông mang nét đặc trưng của đồng hồ Đức, trong trẻo, mạch lạc và khá dễ nghe khi thưởng thức.
✨ Những bộ máy còn giữ được độ nguyên bản cao thường mang lại cảm giác rất chân thực về trình độ chế tác cơ khí của một thời kỳ đã qua.

📚 Một chiếc đồng hồ vừa để ngắm, vừa để cảm nhận vẻ đẹp của cơ khí chuyển động theo thời gian.

#dongho #donghoco #junhan #cokhi #suutam",35,"06/01/2026 19:36",https://www.facebook.com/reel/1901658553859015/,"Thước phim",,"Trọn đời",2,+3.7x,0.01,0.01,0,598,8,1,5,1,0,559,753,9.767,6114.46
1590343662652646,100050310827163,"Đồng hồ Nhà kho","Ô Đô 36/10 Hai Bài Nhạc – Phom Thùng Ít Gặp Và Chất Âm Đầy Cảm Xúc | 📲 không chín sáu ba • bốn năm sáu • chín sáu ba

🕰️ Chiếc Ô Đô 36/10 này sở hữu một phom thùng khá đặc biệt, mang nét đẹp riêng và không thường xuyên bắt gặp trong giới sưu tầm đồng hồ cổ.

✨ Dáng thùng cân đối, hài hòa và tạo ấn tượng mạnh ngay từ cái nhìn đầu tiên.
🔔 Bộ máy 10 côn 10 búa chơi hai bản nhạc cổ điển cho âm thanh ngân sâu, vang dài và chuyển nốt rất rõ lớp.
🎵 Đặc biệt phần điểm giờ kép tạo nên nét cuốn hút riêng mà nhiều người yêu thích ở dòng Ô Đô cao cấp.
⚙️ Bộ máy nguyên bản giúp giữ được chất âm và tinh thần cơ khí đặc trưng của đồng hồ châu Âu xưa.

📚 Một chiếc đồng hồ hội tụ cả vẻ đẹp hình thức, chất âm và giá trị sưu tầm được nhiều người yêu đồng hồ cổ đánh giá cao.

#dongho #donghoco #thuongam #cokhi #suutam",12,"06/01/2026 19:51",https://www.facebook.com/reel/1326159646287238/,"Thước phim",,"Trọn đời",1,+1.9x,0,0,0,775,3,0,2,0,0,727,1011,5.694,4379.376
1590345879319091,100050310827163,"Đồng hồ Nhà kho","Bộ Côn Ô Đô 36/10 – Linh Hồn Của Chất Âm Cổ Điển | ☏ ⓪⑨⑥③ ⟡ ④⑤⑥ ⟡ ⑨⑥③

🕰️ Với nhiều người yêu đồng hồ cổ, bộ côn chính là linh hồn tạo nên cá tính và sức hấp dẫn của mỗi chiếc đồng hồ.

🔔 Trên Ô Đô 36/10, bộ côn nguyên bản cho chất âm rất đặc trưng với tiếng chuông trầm, vang và có độ ngân sâu đầy cảm xúc.
🎵 Mỗi khi dàn 10 búa lần lượt gõ vào các thanh côn thép, âm thanh lan tỏa thành nhiều lớp, mềm mại nhưng vẫn rất rõ nét.
✨ Chính sự cộng hưởng ấy tạo nên chất âm riêng biệt mà nhiều người chỉ cần nghe vài nhịp đầu tiên là có thể nhận ra ngay.

📚 Không chỉ là bộ phận tạo âm thanh, bộ côn còn lưu giữ dấu ấn thủ công và tinh thần cơ khí của những chiếc Ô Đô cổ được nhiều thế hệ yêu thích.

#dongho #donghoco #thuongam #cokhi #suutam",15,"06/01/2026 19:55",https://www.facebook.com/reel/1204242528427523/,"Thước phim",,"Trọn đời",0,+0.4x,0,0,0,572,0,1,0,0,0,520,713,6.416,3644.494
1590349839318695,100050310827163,"Đồng hồ Nhà kho","Nhà Kho TV – Nơi Gìn Giữ Giá Trị Của Đồ Xưa Và Đồng Hồ Cổ | ☏ ⓪⑨⑥③ ⟡ ④⑤⑥ ⟡ ⑨⑥③

🕰️ Nhà Kho TV là nơi kết nối những người yêu thích đồ xưa, đồng hồ cổ và các giá trị cơ khí của một thời đã qua.

⚙️ Chuyên sửa chữa, bảo dưỡng và phục hồi các dòng đồng hồ cổ, đồng hồ cơ khí, đồng hồ sưu tầm cùng nhiều món đồ xưa châu Âu.
🔔 Mỗi sản phẩm đều mang trong mình một câu chuyện, một dấu ấn thời gian và những giá trị thủ công đáng được gìn giữ.
✨ Với niềm đam mê và sự tỉ mỉ, Nhà Kho TV luôn mong muốn giúp những cỗ máy thời gian tiếp tục hoạt động bền bỉ qua nhiều thế hệ.

📚 Nơi dành cho những người yêu vẻ đẹp của cơ khí, âm thanh và ký ức xưa.

#dongho #donghoco #nhakhotv #cokhi #suuta",13,"06/01/2026 20:01",https://www.facebook.com/reel/2078870852661178/,"Thước phim",,"Trọn đời",14,+25.3x,0.16,0.16,0,17092,136,16,115,10,6,16690,28094,12.368,208599.343
1590352309318448,100050310827163,"Đồng hồ Nhà kho","Bộ Máy Và Bộ Côn Ô Đô 36/10 – Giá Trị Của Một Dòng Máy Được Yêu Thích | 📲 không chín sáu ba • bốn năm sáu • chín sáu ba

🕰️ Bộ máy cùng dàn côn của Ô Đô 36/10 luôn được nhiều anh em yêu đồng hồ cổ đánh giá cao bởi chất lượng chế tác và chất âm rất đặc trưng.

⚙️ Bộ máy mang đậm dấu ấn cơ khí châu Âu với kết cấu chắc chắn và độ hoàn thiện cao.
🔔 Dàn 10 côn 10 búa tạo nên chất âm ngân sâu, vang dài và giàu cảm xúc, làm nên tên tuổi của dòng Ô Đô 36/10 suốt nhiều thập kỷ.
✨ Những bộ máy còn nguyên bản luôn mang giá trị sưu tầm và lưu giữ được nét kỹ thuật thủ công của một thời kỳ cơ khí huy hoàng.

📚 Phù hợp với anh em đã có sẵn thùng hoặc đang tìm kiếm một bộ máy và dàn côn để hoàn thiện chiếc đồng hồ theo đúng phong cách mình yêu thích.

#dongho #donghoco #odo36 #cokhi #suutam",15,"06/01/2026 20:05",https://www.facebook.com/reel/1302028322124038/,"Thước phim",,"Trọn đời",99,+147x,0.18,0.18,0,24178,325,36,216,14,4,23742,35229,11.338,269033.151
1590356502651362,100050310827163,"Đồng hồ Nhà kho","Vì Sao Vách Hậu Bắt Côn Trên Đồng Hồ Cổ Thường Là Gỗ Công Nghiệp? | ☏ ⓪⑨⑥③ ⟡ ④⑤⑥ ⟡ ⑨⑥③

🕰️ Nhiều anh em thắc mắc vì sao phần vách hậu phía sau – nơi bắt dàn côn của đồng hồ cổ – lại thường được làm từ gỗ công nghiệp thay vì gỗ tự nhiên.

⚙️ Nguyên nhân nằm ở yêu cầu cộng hưởng âm thanh của bộ côn.
🔔 Gỗ công nghiệp có cấu trúc đồng đều theo nhiều hướng khác nhau, giúp dao động âm truyền đi ổn định và hạn chế hiện tượng lệch âm hoặc méo âm giữa các dải tần.
🎵 Nhờ vậy tiếng chuông phát ra cân bằng hơn, độ ngân đều hơn và khả năng cộng hưởng cũng tốt hơn trên toàn bộ dàn côn.

✨ Đây không phải là giải pháp tiết kiệm vật liệu mà là một lựa chọn mang tính kỹ thuật nhằm tối ưu chất âm cho đồng hồ cổ chơi nhạc.

📚 Đôi khi những chi tiết ít được chú ý nhất lại chính là yếu tố góp phần tạo nên chất âm đặc trưng của một chiếc đồng hồ cổ.

#dongho #donghoco #thuongam #cokhi #suutam",44,"06/01/2026 20:11",https://www.facebook.com/reel/1895459477782656/,"Thước phim",,"Trọn đời",0,+0.6x,0.01,0.01,0,704,2,0,2,0,0,665,793,7.938,5636.37
1590367485983597,100050310827163,"Đồng hồ Nhà kho","Lắp Quả Lắc Đồng Hồ Cổ Đúng Cách | ☎️ ⓪⑨⑥③ ✦ ④⑤⑥ ✦ ⑨⑥③

🕰️ Khi lắp ráp đồng hồ cổ, anh em cần đặc biệt lưu ý phần rọc lắc vì đây là chi tiết kết nối trực tiếp giữa bộ máy và quả lắc.

⚙️ Rọc lắc thường được chia thành hai đầu riêng biệt.
🔧 Đầu phía trên dùng để móc vào lá mía của bộ máy.
🔧 Đầu phía dưới dùng để móc cần lắc hoặc quản lắc của đồng hồ.

✨ Sau khi treo quả lắc hoàn chỉnh, anh em chỉ cần khởi động nhẹ cho lắc dao động.
🔔 Nếu nghe tiếng tích tắc đều đặn, nhịp nhàng và cân tiếng giữa hai bên thì đó là dấu hiệu bộ máy đang hoạt động bình thường.

📚 Chỉ một thao tác lắp đúng cũng góp phần giúp đồng hồ vận hành ổn định và giữ được độ chính xác trong quá trình sử dụng.

#dongho #donghoco #cokhi #suachua #suutam",27,"06/01/2026 20:30",https://www.facebook.com/reel/1322158612617304/,"Thước phim",,"Trọn đời",0,+1x,0.04,0.04,0,3767,9,1,10,0,0,3682,4437,9.453,35187.767
1590436629310016,100050310827163,"Đồng hồ Nhà kho","Đồng Hồ Tủ Đức Và Bộ Côn Hoa Thị Đặc Trưng | ☏ ⓪⑨⑥③ ⟡ ④⑤⑥ ⟡ ⑨⑥③

🕰️ Tương tự như trên nhiều dòng đồng hồ treo tường của Junhan, một số mẫu đồng hồ tủ Đức cũng sử dụng bộ côn hoa thị thay cho dàn côn dài truyền thống.

🔔 Các thanh côn được bố trí theo dạng vòng tròn quanh bộ máy, tạo nên một kết cấu rất gọn gàng và đặc trưng.
⚙️ Thiết kế này giúp tối ưu không gian bên trong thùng đồng hồ nhưng vẫn đảm bảo khả năng tạo âm và cộng hưởng tốt.
🎵 Chất âm của côn hoa thị thường rõ tiếng, mạch lạc và mang nét rất riêng của đồng hồ Đức cổ.

✨ Đây là một trong những chi tiết kỹ thuật thú vị, thể hiện tư duy cơ khí thực dụng và hiệu quả của những người thợ Đức xưa.

📚 Chỉ cần nhìn thấy bộ côn hoa thị, nhiều anh em chơi lâu năm đã nhận ra ngay dấu ấn đặc trưng của dòng đồng hồ Đức cổ điển.

#dongho #donghoco #thuongam #cokhi #suutam",12,"06/01/2026 22:22",https://www.facebook.com/reel/1987115708571214/,"Thước phim",,"Trọn đời",0,+0.4x,0,0,0,1012,5,0,5,0,0,980,1230,4.277,4431.518
1590529572634055,100050310827163,"Đồng hồ Nhà kho","REVIEW #6 | Chiếc vai bò mini chỉ rộng 28cm

Không phải ai cũng có một không gian đủ lớn để trưng bày những chiếc đồng hồ cổ kích thước đồ sộ. Chính vì vậy, mẫu đồng hồ vai bò với chiều ngang chỉ 28cm này trở thành một lựa chọn rất thú vị.

Với kích thước nhỏ gọn, chiếc đồng hồ dễ dàng đặt trên loa, kệ sách, bàn làm việc hoặc những góc trưng bày có diện tích hạn chế mà vẫn tạo được điểm nhấn riêng. Dáng vai bò đặc trưng kết hợp cùng bộ máy cơ khí cổ mang lại vẻ đẹp hoài niệm mà nhiều người yêu đồ xưa luôn tìm kiếm.

Một sản phẩm nhỏ về kích thước nhưng vẫn giữ được đầy đủ nét duyên dáng và sức hút của dòng đồng hồ vai bò cổ điển.

#donghoco #vaibo #donghoxua #gioisuutam #noithatco

Từ khóa: đồng hồ vai bò mini, đồng hồ cổ kích thước nhỏ, đồng hồ để kệ, đồng hồ để loa, đồng hồ cơ khí cổ, đồng hồ trang trí cổ điển, đồng hồ châu Âu cổ, đồng hồ nguyên bản, đồ xưa sưu tầm, đồng hồ không gian nhỏ",35,"06/02/2026 00:51",https://www.facebook.com/reel/1481812157027276/,"Thước phim",,"Trọn đời",0,+0.5x,0.01,0.01,0,1209,4,1,5,0,0,1143,1280,4.855,5831.322
1590531059300573,100050310827163,"Đồng hồ Nhà kho","Đồng Hồ Để Bàn Junhan 3 Côn Bính Boong Có Hộp Cộng Hưởng Dáng Lồng Đèn - Mã số B79
💵: 4tr4

✨ Một mẫu đồng hồ để bàn mang đậm phong cách châu Âu cổ điển với thiết kế dáng lồng đèn nhỏ gọn, cân đối và rất dễ bố trí trong phòng khách, phòng làm việc hay tủ trưng bày.

✨ Thùng đồng hồ có các đường vân gỗ nổi bật, kết hợp cùng những họa tiết đồng đắp nổi ở bốn góc mặt số tạo điểm nhấn sang trọng nhưng vẫn giữ được nét mộc mạc của đồ xưa.

⚙️ Bộ máy Đức 3 côn chất lượng, nổi tiếng bởi độ bền và khả năng vận hành ổn định qua nhiều năm sử dụng. Cơ cấu điểm chuông bính boong mỗi nửa giờ và điểm giờ rõ ràng, dễ nghe.

🔔 Điểm đặc biệt của mẫu này nằm ở hệ thống hộp âm cộng hưởng phía dưới. Nhờ thiết kế này mà tiếng chuông trở nên dày hơn, ngân hơn và có chiều sâu hơn so với các mẫu để bàn thông thường.

📏 Kích thước: 32 x 25 cm – vừa gọn để trưng bày nhưng vẫn tạo được điểm nhấn nổi bật trong không gian.

📞 0963•456•963
🏠 Khu đô thị Văn Phú, phường Phú La, quận Hà Đông, Hà Nội

#dong_ho_de_ban #dong_ho_co #dong_ho_junhan #dong_ho_long_den #dong_ho_duc",0,"06/02/2026 00:54",https://www.facebook.com/donghonhakho.vn/posts/pfbid036138TNcd8xRT9sjDrhTC1ufXu9sPKm4PQB6zdPpmonZtkRkVa3PeYWGBiVHxHVxFl,Ảnh,,"Trọn đời",1,--,0.03,0.03,0,746,3,0,2,0,0,731,1020,,
1590565432630469,100050310827163,"Đồng hồ Nhà kho","😄 Anh em truyền tai nhau : ""36/10 zin hiếm lắm!""
Thật ra, 36/10 không hiếm.

36/10 zin nguyên bản cũng không quá hiếm.

Cái khó là tìm được một chiếc vừa zin, vừa đẹp, lại vừa có mức giá dễ chịu như mẫu Tuy-luýp này.

Đó mới là thứ hiếm thật! 😆",0,"06/02/2026 01:48",https://www.facebook.com/donghonhakho.vn/posts/pfbid02STAnZmh1bEfSEKvpSU3qH7A4YS8YdwuDzUFCJzMNi1Md6MbZnTdgDmMkJr9LHVCJl,Ảnh,,"Trọn đời",13,--,0.05,0.05,0,3772,53,1,37,0,11,3689,5615,,
1590645022622510,100050310827163,"Đồng hồ Nhà kho","📚 Nhật Ký Đồng Hồ Cổ #005 — Đồng Hồ Mau Hết Cót, Có Chắc Do Dây Cót?

🕰️ Đồng hồ chạy không đủ ngày, mau hết cót hay thường xuyên bị dừng?

Rất nhiều người sẽ nghĩ ngay tới việc thay dây cót.

Nhưng trên thực tế, đó chưa chắc là nguyên nhân chính.

📌 Trong nhiều trường hợp, vấn đề lại nằm ở trục và vách máy đã bị mòn sau hàng chục năm sử dụng.

Khi các lỗ trục bị rộng hoặc mòn lệch, bánh răng sẽ quay không còn đúng tâm, làm tăng ma sát và gây thất thoát lực truyền động.

Kết quả là năng lượng từ ổ cót không truyền hết tới các bánh răng phía sau, khiến bộ máy hoạt động yếu, chạy không đủ ngày hoặc dễ bị dừng.

✨ Điều đáng nói là dây cót zin trên nhiều chiếc đồng hồ cổ thường bền hơn chúng ta nghĩ rất nhiều.

Nếu bộ máy chưa được kiểm tra kỹ phần trục và vách, việc thay cót mới đôi khi không giải quyết được vấn đề.

Thậm chí sau khi thay cót, đồng hồ vẫn tiếp tục gặp tình trạng cũ.

🕰️ Vì vậy trước khi quyết định thay dây cót, hãy kiểm tra độ mòn của trục, vách máy và khả năng truyền lực của toàn bộ hệ thống.

Nhiều chiếc đồng hồ chỉ cần phục hồi đúng kỹ thuật là có thể hoạt động ổn định trở lại mà không cần thay cót.

#nhat_ky_dong_ho_co #sua_dong_ho_co #bao_duong_dong_ho #day_cot_dong_ho #dong_ho_co #dong_ho_qua_lac #kinh_nghiem_dong_ho #co_khi_dong_ho #gioi_suu_tam_dong_ho #kien_thuc_dong_ho",51,"06/02/2026 03:55",https://www.facebook.com/reel/999068765861528/,"Thước phim",,"Trọn đời",0,+1.4x,0.06,0.06,0,3388,20,0,18,2,0,3411,4333,13.053,47985.36
1591244122562600,100050310827163,"Đồng hồ Nhà kho","Đồng Hồ Vai Bò Đức 5 Côn Dáng Tivi – Nét Đẹp Đầy Cuốn Hút- Mã số B80
💵: 3tr9

✨ Kiểu dáng tivi ngang đặc trưng, tạo cảm giác cân đối và rất nổi bật khi bày trên kệ, tủ hay phòng khách.

✨ Mặt số thiết kế tối giản nhưng tinh tế với các tia chia giờ thanh mảnh, kết hợp bộ kim dáng mũi tên khỏe khoắn. Tông màu nâu gỗ hài hòa cùng sắc kem cổ điển tạo nên vẻ đẹp ấm áp và sang trọng.

⚙️ Bộ máy cơ Đức nổi tiếng về độ bền bỉ, vận hành ổn định qua nhiều thập kỷ. Kết cấu máy chắc chắn, hoàn thiện đẹp, thể hiện rõ chất lượng chế tác của đồng hồ cơ châu Âu xưa.

🔔 Trang bị 5 côn cho chất âm ngân vang, trong trẻo và dễ chịu. Tiếng chuông có độ ngân vừa phải, tạo cảm giác thư thái khi thưởng thức trong không gian sinh hoạt hằng ngày.

📏 Kích thước: 56 x 20 cm

☎️ 0963•456•963
🏠 Khu đô thị Văn Phú, phường Phú La, quận Hà Đông, Hà Nội

#dong_ho_vai_bo #dong_ho_co_duc #dong_ho_de_ban #dong_ho_co #gioi_suu_tam_dong_ho",0,"06/02/2026 19:27",https://www.facebook.com/donghonhakho.vn/posts/pfbid035p7iB79AJEt3RqPfRU8j6bDJzFFEexu2YGjwCDm3QJftdLxEkzHuaF7MXGw1hHwzl,Ảnh,,"Trọn đời",1,--,0.04,0.04,0,597,3,0,2,0,0,580,804,,
1591256345894711,100050310827163,"Đồng hồ Nhà kho","Đồng Hồ Tủ Junhan Đức – Biểu Tượng Của Cơ Khí Đức Cổ Điển | ☎️ ⓪⑨⑥③ ✦ ④⑤⑥ ✦ ⑨⑥③

🕰️ Nếu nhắc tới những bộ máy đồng hồ tủ nổi tiếng của Đức, Junhan luôn là một cái tên được nhiều người yêu đồng hồ cổ biết đến.

⚙️ Đây là dòng máy được thiết kế chuyên dụng cho đồng hồ tủ với kết cấu chắc chắn, độ hoàn thiện cao và khả năng vận hành rất ổn định.
🔔 Từng chi tiết đều thể hiện rõ triết lý cơ khí Đức: bền bỉ, chính xác và thực dụng.
✨ Trải qua hàng chục năm, thậm chí hơn một thế kỷ, nhiều bộ máy Junhan vẫn hoạt động tốt, minh chứng cho chất lượng chế tác được đánh giá cao trên toàn thế giới.

📚 Không chỉ là một bộ máy thời gian, đây còn là dấu ấn của một giai đoạn huy hoàng trong lịch sử cơ khí Đức.

#dongho #donghoco #junhan #cokhi #suutam",42,"06/02/2026 19:45",https://www.facebook.com/reel/1011367101308903/,"Thước phim",,"Trọn đời",0,+0.8x,0.02,0.02,0,1779,10,1,10,0,0,1698,1996,9.209,16290.943
1591258709227808,100050310827163,"Đồng hồ Nhà kho","Âm Thanh Đặc Trưng Của Bộ Côn Hoa Thị Trên Đồng Hồ Tủ Junhan | ☏ ⓪⑨⑥③ ⟡ ④⑤⑥ ⟡ ⑨⑥③

🕰️ Một trong những điểm đặc sắc trên nhiều mẫu đồng hồ tủ Junhan chính là bộ côn hoa thị được thiết kế riêng cho dòng đồng hồ kích thước lớn.

🔔 Thay vì sử dụng dàn côn dài truyền thống, các thanh côn được bố trí theo dạng hoa thị quanh bộ máy, tạo nên một kết cấu rất đặc trưng.
🎵 Nhờ sự cộng hưởng trong không gian thùng tủ lớn, âm thanh phát ra thường tròn tiếng, mạch lạc và có độ ngân rất dễ chịu.
⚙️ Sự kết hợp giữa bộ máy chắc chắn và bộ côn hoa thị đã tạo nên chất âm mang đậm dấu ấn cơ khí Đức cổ điển.

✨ Đây là kiểu âm thanh được nhiều người yêu thích bởi sự rõ ràng, cân bằng và rất phù hợp để thưởng thức trong không gian rộng.

#dongho #donghoco #junhan #thuongam #suutam",41,"06/02/2026 19:49",https://www.facebook.com/reel/1355803749802991/,"Thước phim",,"Trọn đời",0,+0.8x,0.01,0.01,0,1585,9,0,9,0,0,1480,1786,7.38,11654.137
1591333782553634,100050310827163,"Đồng hồ Nhà kho","📚 Nhật Ký Đồng Hồ Cổ #006 — Đồng Hồ Cổ Có Tắt Chuông Được Không?

🕰️ Đây là câu hỏi mà rất nhiều người mới chơi đồng hồ cổ thường thắc mắc.

Thực tế, phần lớn đồng hồ cổ đều được trang bị sẵn chức năng ngắt chuông ngay từ khi xuất xưởng.

📌 Các bác hãy quan sát kỹ mặt số hoặc khu vực gần mặt số của chiếc đồng hồ mình đang sử dụng.

Nhiều mẫu được bố trí các cần gạt để điều khiển riêng phần điểm giờ và phần điểm nhạc.

Trong trường hợp chiếc đồng hồ này, hai cần gạt hai bên có nhiệm vụ gác búa điểm giờ và gác búa điểm nhạc.

✨ Khi gạt cần ngắt nhạc, đồng hồ sẽ không còn chơi nhạc mỗi 15 phút nữa.

Lúc đó đồng hồ chỉ thực hiện chức năng điểm giờ, tức là mỗi 60 phút mới đánh chuông một lần.

📌 Nếu tiếp tục gạt cả hai cần về vị trí ngắt, toàn bộ hệ thống chuông sẽ dừng hoạt động.

Đồng hồ vẫn chạy bình thường nhưng không phát ra bất kỳ âm thanh nào.

🕰️ Đây là một tính năng rất hữu ích đối với những gia đình thích ngắm đồng hồ cổ nhưng muốn không gian yên tĩnh vào buổi tối hoặc những thời điểm cần nghỉ ngơi.

#nhat_ky_dong_ho_co #dong_ho_co #dong_ho_qua_lac #tat_chuong_dong_ho #ngat_nhac_dong_ho #kinh_nghiem_dong_ho #suu_tam_dong_ho #dong_ho_phap #dong_ho_duc #kien_thuc_dong_ho",19,"06/02/2026 21:45",https://www.facebook.com/reel/2345747899249778/,"Thước phim",,"Trọn đời",2,+4x,0.05,0.05,0,4516,32,3,28,2,0,4378,6150,11.404,51344.89
1591368895883456,100050310827163,"Đồng hồ Nhà kho","📚 Nhật Ký Đồng Hồ Cổ #007 — Đồng Hồ Chỉ Lắc Vài Nhịp Rồi Dừng, Nguyên Nhân Có Thể Là Lệch Ngựa

🕰️ Nhấc quả lắc ra thì đồng hồ vẫn chạy, nhưng khi móc quả lắc vào chỉ lắc được vài nhịp là dừng?

Rất có thể chiếc đồng hồ của anh em đang gặp tình trạng lệch ngựa.

Quả lắc dao động qua lại nhờ quán tính. Tuy nhiên do ma sát và sức cản của không khí nên nếu không được bổ sung năng lượng liên tục, dao động sẽ nhanh chóng mất đi.

📌 Để duy trì chuyển động đó, năng lượng từ ổ cót phải được truyền qua bánh xe thoát và đòn gánh, liên tục đẩy quả lắc qua lại để bù lại phần năng lượng bị tiêu hao.

Khi đồng hồ bị lệch ngựa, lực truyền từ bộ thoát sang quả lắc không còn cân bằng.

Lúc này dù đồng hồ vẫn còn cót, bộ máy vẫn còn năng lượng nhưng quả lắc không nhận được lực đều giữa hai bên nên chỉ dao động vài nhịp rồi dừng lại.

✨ Cách nhận biết đơn giản nhất là lắng nghe tiếng máy.

Nếu tiếng:

""Tích... tắc...""

không đều, một bên nhanh một bên chậm thì rất có thể đồng hồ đang bị lệch ngựa.

Thông thường, nếu tiếng thoát bị lệch về bên trái thì dịch vị trí treo sang bên phải một chút.

Nếu tiếng thoát bị lệch về bên phải thì dịch ngược lại sang bên trái.

🕰️ Nhiều anh em sử dụng nivô để căn thùng đồng hồ thật thẳng.

Điều đó không sai, nhưng nivô chỉ giúp căn thẳng thùng đồng hồ chứ không đảm bảo đòn gánh đang ở vị trí cân bằng tuyệt đối.

Thực tế có những chiếc đồng hồ thùng rất thẳng nhưng vẫn lệch ngựa.

Ngược lại, có những chiếc hơi nghiêng một chút nhưng tiếng thoát lại rất chuẩn.

📌 Mục tiêu cuối cùng là đạt được tiếng:

""Tích... tắc... tích... tắc... tích... tắc...""

đều nhau giữa hai bên.

Khi đó đòn gánh đã cân bằng và đồng hồ sẽ hoạt động ổn định hơn rất nhiều.

Nghe có vẻ phức tạp, nhưng khi đã quen rồi, chỉ cần nghe tiếng tích tắc là nhiều người chơi lâu năm có thể nhận biết và điều chỉnh khá chính xác.

#nhat_ky_dong_ho_co #lech_ngua #qua_lac_dong_ho #sua_dong_ho_co #dong_ho_co #dong_ho_qua_lac #kinh_nghiem_dong_ho #bao_duong_dong_ho #co_khi_dong_ho #kien_thuc_dong_ho",258,"06/02/2026 22:41",https://www.facebook.com/reel/1533955041722526/,"Thước phim",,"Trọn đời",19,+190.9x,0.73,0.73,0,13298,176,10,117,24,22,13231,14822,29.431,401590.484
1591376159216063,100050310827163,"Đồng hồ Nhà kho","😄 Xin các cụ đừng bắt hình dong ạ.

Nhìn cụ CỔ vậy thôi, chứ mỗi năm ôm hàng chục con 36/10 zin đấy ạ.

Trong giới chơi đồ cổ, nhiều khi cao thủ không nằm ở lời nói... mà nằm ở vóc dáng cổ trời phú 😆",5,"06/02/2026 22:52",https://www.facebook.com/reel/1382738007001007/,"Thước phim",,"Trọn đời",2,+3.4x,0,0,0,4052,7,0,6,0,0,3958,7544,6.865,27330.986
1591560439197635,100050310827163,"Đồng hồ Nhà kho","REVIEW #7 | Những tờ giấy nhỏ nhưng giá trị không hề nhỏ

Đối với giới yêu đồng hồ cổ, đôi khi giá trị không chỉ nằm ở bộ máy hay ngoại hình mà còn nằm ở những giấy tờ đi kèm còn được lưu giữ đến ngày nay.

Một số chiếc đồng hồ may mắn vẫn còn giấy mua bán, phiếu bảo hành hoặc giấy hướng dẫn sử dụng từ nhiều chục năm trước. Đặc biệt hơn khi những thông tin trên giấy như số máy, kiểu máy hoặc nơi phân phối vẫn khớp hoàn toàn với chiếc đồng hồ hiện tại.

Đó giống như một phần ""lý lịch gốc"" của sản phẩm, giúp người xem hiểu thêm về hành trình của chiếc đồng hồ qua thời gian. Chính những chi tiết tưởng chừng rất nhỏ này lại làm tăng thêm giá trị sưu tầm và sự hấp dẫn đối với những người yêu thích đồ xưa nguyên bản.

#donghoco #gioisuutam #donghoxua #cohikhico #doxuachauau

Từ khóa: đồng hồ cổ nguyên bản, giấy mua bán đồng hồ cổ, giấy hướng dẫn sử dụng cổ, đồng hồ có hồ sơ gốc, giá trị sưu tầm đồng hồ cổ, đồng hồ châu Âu cổ, giấy bảo hành xưa, đồng hồ cơ khí cổ, đồ xưa nguyên bản, thú chơi đồng hồ cổ",10,"06/03/2026 03:30",https://www.facebook.com/reel/2494001911024117/,"Thước phim",,"Trọn đời",11,+16.8x,0,0,0,6628,57,3,46,0,0,6316,9523,6.82,44811.817
1591661765854169,100050310827163,"Đồng hồ Nhà kho","🕰️ NHẬT KÝ Ô ĐÔ 36/10 #01 | Hành trình từ châu Âu về Việt Nam

Hôm nay em xin bắt đầu một series mới về chiếc Ô đô 36/10 mà em khá tâm đắc.

Điều đặc biệt là trước khi về Việt Nam, em đã lưu lại được những hình ảnh gốc của chiếc đồng hồ ngay tại châu Âu. Nhìn lại những bức ảnh ấy cũng giống như được theo dõi hành trình của một chiếc đồng hồ cổ từ nơi nó đã gắn bó hàng chục năm cho tới khi có mặt tại Việt Nam.

Trong những tập tiếp theo, em sẽ lần lượt chia sẻ cùng anh em về ngoại hình, bộ máy, chất âm Westminster và Gai Carillon cũng như những chi tiết thú vị trên chiếc Ô đô 36/10 này.

Anh em cùng theo dõi và xem thử điều gì đã khiến em quyết định dành hẳn một chuỗi video riêng cho chiếc đồng hồ này nhé.

Hẹn gặp anh em ở Nhật ký Ô đô 36/10 #02.",31,"06/03/2026 05:52",https://www.facebook.com/reel/1695161514962093/,"Thước phim",,"Trọn đời",17,+25.5x,0.06,0.06,0,4568,47,1,30,1,0,4263,5417,9.581,42991.738
1591683705851975,100050310827163,"Đồng hồ Nhà kho","🕰️ NHẬT KÝ Ô ĐÔ 36/10 #02 | Một chi tiết khiến tôi yên tâm về tính chính hãng

Một trong những lý do khiến tôi rất ưng chiếc Ô đô 36/10 này là bởi nó xuất hiện trong chính catalog của hãng.

Cụ thể, mẫu thùng này được giới thiệu tại trang 15 với mã số 3531. Đối với người chơi đồng hồ cổ, đây là một chi tiết rất đáng giá bởi không phải chiếc đồng hồ nào ngày nay cũng còn đối chiếu được với tài liệu gốc của nhà sản xuất.

Khi một mẫu đồng hồ Ô đô 36/10 được ghi nhận rõ ràng trong catalog, đó là cơ sở để người sưu tầm yên tâm hơn về tính nguyên bản của sản phẩm. Ít nhất chúng ta biết rằng kiểu thùng, thiết kế mặt số và tổng thể ngoại hình đã từng được hãng sản xuất và giới thiệu chính thức.

Đây cũng là một trong những lý do khiến tôi quyết định dành riêng một chuỗi video để chia sẻ về chiếc Ô đô 36/10 này.

Ở tập tiếp theo, anh em hãy cùng tôi khám phá thêm những chi tiết thú vị trên mẫu đồng hồ xuất hiện trong catalog với mã số 3531 này nhé.",51,"06/03/2026 06:18",https://www.facebook.com/reel/1010542625263196/,"Thước phim",,"Trọn đời",6,+9.7x,0.03,0.03,0,2440,28,2,21,1,0,2331,2837,11.826,29246.262
1591843725835973,100050310827163,"Đồng hồ Nhà kho","🕰️ NHẬT KÝ Ô ĐÔ 36/10 #03 | Vì sao tôi tin tờ giấy này đi theo đồng hồ từ khi xuất xưởng?

Nhiều anh em hỏi em dựa vào đâu để khẳng định tờ giấy này là giấy gốc đi theo chiếc Ô đô 36/10.

Thực ra em có những căn cứ khá rõ ràng.

Thứ nhất, ngay khi mua đồng hồ tại châu Âu, tờ giấy này đã nằm sẵn bên trong thùng đồng hồ. Nó không phải giấy được bổ sung về sau mà đi cùng chiếc đồng hồ từ lúc em nhận hàng.

Thứ hai, nội dung trên tờ giấy ghi rất rõ hướng dẫn sử dụng đối với dòng đồng hồ chơi bản nhạc Gai Carillon. Đây là chi tiết rất quan trọng bởi bản nhạc Gai Carillon chỉ xuất hiện trên những bộ máy 10 côn 10 búa của Ô đô.

Thứ ba, phía dưới tờ hướng dẫn còn mô tả cách chuyển đổi giữa hai bản nhạc Westminster và Gai Carillon. Chỉ riêng chi tiết này thôi cũng đã cho thấy đây là tài liệu dành cho dòng máy 10 côn 10 búa chứ không phải các dòng máy khác.

Và điều khiến em thích thú nhất là hình vẽ minh họa trên tờ giấy. Anh em nhìn kỹ sẽ thấy đó là một chiếc thùng dài, sử dụng móc lắc hình chữ T — những đặc điểm rất quen thuộc trên dòng Ô đô 36.

Khi ghép tất cả các dữ kiện lại với nhau, từ nội dung hướng dẫn, bản nhạc được nhắc đến cho đến hình dáng chiếc đồng hồ trong hình minh họa, em có cơ sở để tin rằng đây chính là tờ hướng dẫn nguyên bản dành cho chiếc Ô đô 36/10 này.

Ở tập tiếp theo, em sẽ tiếp tục chia sẻ thêm những chi tiết thú vị khác mà em phát hiện được trên chiếc Ô đô 36/10 xuất hiện trong catalog của hãng.",127,"06/03/2026 09:46",https://www.facebook.com/reel/1574291057519275/,"Thước phim",,"Trọn đời",2,+10.2x,0.02,0.02,0,1729,7,0,7,0,0,2149,2939,8.628,21604.817
1591875269166152,100050310827163,"Đồng hồ Nhà kho","🕰️ NHẬT KÝ Ô ĐÔ 36/10 #03 | Vì sao tôi tin tờ giấy này đi theo đồng hồ từ khi xuất xưởng?

Nhiều anh em hỏi em dựa vào đâu để khẳng định tờ giấy này là giấy gốc đi theo chiếc Ô đô 36/10.

Thực ra em có những căn cứ khá rõ ràng.

Thứ nhất, ngay khi mua đồng hồ tại châu Âu, tờ giấy này đã nằm sẵn bên trong thùng đồng hồ. Nó không phải giấy được bổ sung về sau mà đi cùng chiếc đồng hồ từ lúc em nhận hàng.

Thứ hai, nội dung trên tờ giấy ghi rất rõ hướng dẫn sử dụng đối với dòng đồng hồ chơi bản nhạc Gai Carillon. Đây là chi tiết rất quan trọng bởi bản nhạc Gai Carillon chỉ xuất hiện trên những bộ máy 10 côn 10 búa của Ô đô.

Thứ ba, phía dưới tờ hướng dẫn còn mô tả cách chuyển đổi giữa hai bản nhạc Westminster và Gai Carillon. Chỉ riêng chi tiết này thôi cũng đã cho thấy đây là tài liệu dành cho dòng máy 10 côn 10 búa chứ không phải các dòng máy khác.

Và điều khiến em thích thú nhất là hình vẽ minh họa trên tờ giấy. Anh em nhìn kỹ sẽ thấy đó là một chiếc thùng dài, sử dụng móc lắc hình chữ T — những đặc điểm rất quen thuộc trên dòng Ô đô 36.

Khi ghép tất cả các dữ kiện lại với nhau, từ nội dung hướng dẫn, bản nhạc được nhắc đến cho đến hình dáng chiếc đồng hồ trong hình minh họa, em có cơ sở để tin rằng đây chính là tờ hướng dẫn nguyên bản dành cho chiếc Ô đô 36/10 này.

Ở tập tiếp theo, em sẽ tiếp tục chia sẻ thêm những chi tiết thú vị khác mà em phát hiện được trên chiếc Ô đô 36/10 xuất hiện trong catalog của hãng.",127,"06/03/2026 10:31",https://www.facebook.com/reel/872225501939862/,"Thước phim",,"Trọn đời",0,+3.6x,0.01,0.01,0,1160,4,0,4,0,0,1049,1169,7.095,7847.354
1591875259166153,100050310827163,"Đồng hồ Nhà kho","🕰️ NHẬT KÝ Ô ĐÔ 36/10 #03 | Vì sao tôi tin tờ giấy này đi theo đồng hồ từ khi xuất xưởng?

Nhiều anh em hỏi em dựa vào đâu để khẳng định tờ giấy này là giấy gốc đi theo chiếc Ô đô 36/10.

Thực ra em có những căn cứ khá rõ ràng.

Thứ nhất, ngay khi mua đồng hồ tại châu Âu, tờ giấy này đã nằm sẵn bên trong thùng đồng hồ. Nó không phải giấy được bổ sung về sau mà đi cùng chiếc đồng hồ từ lúc em nhận hàng.

Thứ hai, nội dung trên tờ giấy ghi rất rõ hướng dẫn sử dụng đối với dòng đồng hồ chơi bản nhạc Gai Carillon. Đây là chi tiết rất quan trọng bởi bản nhạc Gai Carillon chỉ xuất hiện trên những bộ máy 10 côn 10 búa của Ô đô.

Thứ ba, phía dưới tờ hướng dẫn còn mô tả cách chuyển đổi giữa hai bản nhạc Westminster và Gai Carillon. Chỉ riêng chi tiết này thôi cũng đã cho thấy đây là tài liệu dành cho dòng máy 10 côn 10 búa chứ không phải các dòng máy khác.

Và điều khiến em thích thú nhất là hình vẽ minh họa trên tờ giấy. Anh em nhìn kỹ sẽ thấy đó là một chiếc thùng dài, sử dụng móc lắc hình chữ T — những đặc điểm rất quen thuộc trên dòng Ô đô 36.

Khi ghép tất cả các dữ kiện lại với nhau, từ nội dung hướng dẫn, bản nhạc được nhắc đến cho đến hình dáng chiếc đồng hồ trong hình minh họa, em có cơ sở để tin rằng đây chính là tờ hướng dẫn nguyên bản dành cho chiếc Ô đô 36/10 này.

Ở tập tiếp theo, em sẽ tiếp tục chia sẻ thêm những chi tiết thú vị khác mà em phát hiện được trên chiếc Ô đô 36/10 xuất hiện trong catalog của hãng.",127,"06/03/2026 10:31",https://www.facebook.com/reel/3357236851123615/,"Thước phim",,"Trọn đời",4,+15.5x,0.03,0.03,0,2611,14,0,11,0,0,2545,2721,8.629,22100.875
1592176579136021,100050310827163,"Đồng hồ Nhà kho","🕰️ NHẬT KÝ Ô ĐÔ 36/10 #04 | Zin hãng khác với đồng bộ nguyên bản như thế nào?

Trong video này, em muốn cùng anh em thẩm định chiếc Ô đô 36/10 này dưới hai góc độ rất quan trọng.

Thứ nhất, đây có phải là một chiếc Ô đô chính hãng hay không?

Thứ hai, chiếc đồng hồ này có còn giữ được độ đồng bộ nguyên bản từ khi xuất xưởng hay không?

Đầu tiên, anh em hãy nhìn vào catalogue chính hãng của Ô đô. Tại trang 15 xuất hiện mẫu 3531 với thiết kế thùng dài, đường nét mềm mại theo phong cách Art Deco cùng những chi tiết trang trí rất đặc trưng ở mặt trước.

Khi đối chiếu với chiếc đồng hồ thực tế, từ tổng thể dáng thùng, bố cục mặt số, phần kính dưới cho đến các chi tiết trang trí, chúng ta có thể thấy sự tương đồng gần như hoàn toàn. Đây là cơ sở rất quan trọng để khẳng định chiếc thùng này là thùng chính hãng của Ô đô.

Nhưng với người chơi đồng hồ cổ lâu năm, thùng zin chưa phải là tất cả.

Bởi trong thực tế, việc lấy một bộ máy từ chiếc Ô đô này để lắp sang một chiếc thùng Ô đô khác là điều hoàn toàn có thể xảy ra. Đó là chuyện không hiếm gặp trong nghề, miễn là người bán trao đổi rõ ràng và minh bạch với người mua.

Điều em quan tâm hơn ở chiếc Ô đô 36/10 này chính là tính đồng bộ.

Quan sát kỹ các vị trí bắt ốc, kết cấu bên trong thùng, các phụ kiện đi kèm và dấu vết thời gian còn lại, anh em sẽ thấy mọi thứ có độ liền lạc rất cao. Những dấu hiệu lão hóa tự nhiên xuất hiện đồng đều, không tạo cảm giác chắp vá hay thay thế qua nhiều giai đoạn khác nhau.

Đó là những chi tiết rất nhỏ nhưng lại có giá trị rất lớn đối với giới sưu tầm.

Bởi giá trị của một chiếc Ô đô 36/10 không chỉ nằm ở việc nó là hàng chính hãng, mà còn nằm ở việc nó giữ được bao nhiêu phần trăm sự nguyên bản và đồng bộ sau hàng chục năm tồn tại.

Và theo góc nhìn cá nhân của em, đây là một chiếc Ô đô 36/10 có độ đồng bộ rất đáng để anh em yêu đồng hồ cổ dành thời gian tìm hiểu.",158,"06/03/2026 19:09",https://www.facebook.com/reel/803884459327153/,"Thước phim",,"Trọn đời",0,+20.1x,0.05,0.05,0,1163,17,0,7,1,10,1322,1673,20.236,29989.993
1592191969134482,100050310827163,"Đồng hồ Nhà kho","🕰️ NHẬT KÝ Ô ĐÔ 36/10 #05 | Bóc tách mặt số nổi nguyên bản bên trong

Mặt số là một trong những chi tiết được người chơi Ô đô 36/10 quan tâm nhất. Nhưng phần phía trong của mặt số thì không phải ai cũng có dịp được nhìn thấy.

Hôm nay nhân tiện tháo đồng hồ ra kiểm tra, em sẽ cùng anh em bóc tách chi tiết này.

Phía trước chúng ta nhìn thấy một bộ mặt số nổi quen thuộc của dòng Ô đô 36/10. Nhưng khi quan sát từ phía sau mới thấy được cách hãng chế tạo từng con số nổi, từng chi tiết trang trí và kết cấu của toàn bộ mặt số.

Điều làm em thích ở chiếc đồng hồ này là toàn bộ mặt số vẫn còn trong tình trạng rất đẹp. Các chi tiết nổi còn sắc nét, đồng đều, không có dấu hiệu phục chế hay can thiệp nhiều qua thời gian.

Nhìn từ phía trong, anh em sẽ cảm nhận rõ hơn giá trị của một bộ mặt số nguyên bản. Đây là những chi tiết mà khi đồng hồ còn lắp hoàn chỉnh gần như không ai nhìn thấy, nhưng lại là nơi thể hiện rất rõ mức độ nguyên bản của sản phẩm.

Với một chiếc Ô đô 36/10 còn giữ được bộ mặt số nổi đẹp, đồng đều và liền lạc như thế này, đó luôn là một điểm cộng rất lớn trong mắt người yêu đồng hồ cổ.

Ở tập tiếp theo, em sẽ tiếp tục cùng anh em khám phá thêm những chi tiết thú vị khác trên chiếc Ô đô 36/10 này.",110,"06/03/2026 19:34",https://www.facebook.com/reel/1546560323708772/,"Thước phim",,"Trọn đời",4,+70.3x,0.17,0.17,0,5000,31,1,26,1,0,4681,5420,20.567,99075.565
1592198772467135,100050310827163,"Đồng hồ Nhà kho","Đồng Hồ Phù Điêu Cổ – Dấu Ấn Thời Gian Trên Từng Đường Nét | ☎️ ⓪⑨⑥③ ✦ ④⑤⑥ ✦ ⑨⑥③

🕰️ Chiếc đồng hồ phù điêu với sự kết hợp giữa gỗ, thép và các chi tiết ánh vàng mang vẻ đẹp cổ điển rất đặc trưng của đồ xưa châu Âu.

🏛️ Trải qua nhiều năm sử dụng, sản phẩm đã mang những dấu vết thời gian tự nhiên, tạo nên nét trầm mặc và cảm xúc riêng mà những món đồ mới khó có được.
⚙️ Bộ máy hiện vẫn hoạt động ổn định, giữ được chức năng vốn có của một chiếc đồng hồ cơ khí cổ.
✨ Đây là kiểu đồng hồ phù hợp với anh em yêu thích đồ xưa, muốn tìm kiếm những món đồ đủ nét thời gian để bổ sung vào không gian sưu tầm của mình.

📚 Một hiện vật mang dấu ấn của quá khứ, mộc mạc nhưng đầy sức hút.

#dongho #donghoco #phudieu #cokhi #suutam",63,"06/03/2026 19:46",https://www.facebook.com/reel/1546869636968852/,"Thước phim",,"Trọn đời",0,+4.2x,0.01,0.01,0,743,4,0,4,0,0,671,781,9.7,6974.335
1592205865799759,100050310827163,"Đồng hồ Nhà kho","REVIEW #8 | Cặp phong vũ biểu Pháp từ thế kỷ XIX

Cùng ngắm nhìn cặp phong vũ biểu cổ của Pháp được chế tác vào giai đoạn khoảng những năm 1850 – một minh chứng thú vị cho sự kết hợp giữa khoa học và nghệ thuật trong đời sống châu Âu xưa.

Mỗi bộ gồm một đồng hồ xem giờ, một nhiệt kế thủy ngân và một áp kế đo áp suất khí quyển. Đây là những thiết bị được sử dụng để theo dõi sự thay đổi của thời tiết khi các công cụ khí tượng hiện đại vẫn chưa phổ biến như ngày nay.

Thông qua sự thay đổi của áp suất không khí, người xưa có thể phần nào dự đoán nắng, mưa hoặc những biến động của thời tiết, phục vụ cho nông nghiệp, hàng hải và sinh hoạt hằng ngày.

Sau hơn một thế kỷ rưỡi, bộ phong vũ biểu không chỉ mang giá trị lịch sử mà còn cho thấy trình độ chế tác tinh xảo cùng tư duy khoa học đáng nể của một thời kỳ đã đi vào lịch sử.

#donghoco #phongvubieu #donghoPhap #doxuachauau #gioisuutam

Từ khóa: phong vũ biểu cổ, đồng hồ cổ Pháp, nhiệt kế thủy ngân cổ, áp kế cổ, dự báo thời tiết xưa, thiết bị khí tượng cổ, đồ cổ châu Âu, đồng hồ thế kỷ 19, đồng hồ nguyên bản, giá trị sưu tầm lịch sử",64,"06/03/2026 19:58",https://www.facebook.com/reel/1104589949412040/,"Thước phim",,"Trọn đời",0,+3.2x,0.01,0.01,0,673,5,1,5,0,0,609,706,7.235,4768.044
1592212122465800,100050310827163,"Đồng hồ Nhà kho","REVIEW #9 | Mặt số hoa hồng – nét đẹp làm nên đẳng cấp của đồng hồ vai bò cổ

Trong thế giới đồng hồ vai bò cổ, những chiếc sở hữu mặt số hoa hồng luôn có một sức hút rất riêng đối với giới sưu tầm.

Điểm nhấn nằm ở phần mặt số được trang trí tinh tế với họa tiết hoa hồng mềm mại, tạo nên vẻ đẹp vừa sang trọng vừa đầy tính nghệ thuật. Trải qua hàng chục, thậm chí hàng trăm năm, những chi tiết ấy vẫn mang lại cảm giác cuốn hút mỗi khi ngắm nhìn.

Không chỉ đơn thuần là một chiếc đồng hồ xem giờ, đây còn là một tác phẩm trang trí phản ánh gu thẩm mỹ và trình độ chế tác của người thợ châu Âu xưa. Chính vì vậy, những phiên bản mặt số hoa hồng luôn được nhiều người yêu đồ xưa dành sự quan tâm đặc biệt.

Một vẻ đẹp nhẹ nhàng, tinh tế và mang đậm giá trị sưu tầm theo thời gian.

#donghoco #vaibo #matshohoahong #gioisuutam #donghoxua

Từ khóa: đồng hồ vai bò cổ, mặt số hoa hồng, đồng hồ cổ châu Âu, đồng hồ cơ khí cổ, đồng hồ nguyên bản, đồng hồ trang trí cổ điển, đồ xưa sưu tầm, đồng hồ nghệ thuật, đồng hồ vai bò đẹp, giới chơi đồng hồ cổ",76,"06/03/2026 20:07",https://www.facebook.com/reel/1163851475898341/,"Thước phim",,"Trọn đời",6,+14.3x,0.02,0.02,0,1068,18,0,14,0,0,979,1114,11.164,11533.017
1592254059128273,100050310827163,"Đồng hồ Nhà kho",,9,"06/03/2026 21:16",https://www.facebook.com/reel/1023497780012148/,"Thước phim",,"Trọn đời",5,+7.5x,0,0,0,1418,13,0,8,0,0,1366,1718,3.145,4551.679
1592281165792229,100050310827163,"Đồng hồ Nhà kho","🕰️ NHẬT KÝ Ô ĐÔ 36/10 #06 | Thẩm âm khi đồng hồ còn nguyên bụi

Trong tập này, em muốn cùng anh em nghe và đánh giá chất âm thực tế của chiếc Ô đô 36/10 này trước khi tiến hành bảo dưỡng.

Ở thời điểm hiện tại, đồng hồ vẫn còn khá nhiều bụi bặm do thời gian. Da búa đã xuất hiện dấu hiệu lão hóa rõ rệt, các búa chuông cũng chưa được canh chỉnh lại theo đúng trạng thái tối ưu. Nói cách khác, đây gần như là tình trạng nguyên bản trước khi em can thiệp kỹ thuật.

Chính vì vậy, đây lại là thời điểm rất thú vị để thẩm âm.

Bởi khi một chiếc Ô đô 36/10 chưa qua vệ sinh, chưa thay da búa và chưa canh chỉnh, những gì anh em nghe được sẽ phản ánh tương đối chân thực chất âm vốn có của bộ côn và bộ máy.

Qua trải nghiệm ban đầu, em đánh giá chiếc đồng hồ này cho chất âm khá tốt. Các nốt chuông vẫn có độ tách bạch, tiếng ngân còn giữ được sự mềm mại đặc trưng của dòng Ô đô 36/10. Dù chưa ở trạng thái hoàn hảo nhưng chiếc đồng hồ đã cho thấy nền tảng âm thanh rất đáng kỳ vọng.

Điều em chờ đợi nhất là sau khi hoàn thành bảo dưỡng, thay da búa và canh chỉnh lại toàn bộ hệ thống chuông, chất âm của chiếc Ô đô 36/10 này sẽ còn thay đổi đến mức nào.

Anh em hãy cùng nghe và tự đưa ra cảm nhận của mình. Và ở những tập tiếp theo, chúng ta sẽ tiếp tục theo dõi hành trình hồi sinh chiếc Ô đô 36/10 này từng bước một.",100,"06/03/2026 22:01",https://www.facebook.com/reel/1953349685303551/,"Thước phim",,"Trọn đời",16,+77.2x,0.13,0.13,0,6867,67,4,46,9,1,6552,7263,14.371,95613.931
1592301259123553,100050310827163,"Đồng hồ Nhà kho","🕰️ NHẬT KÝ Ô ĐÔ 36/10 #07 | Bộ côn nguyên bản quyết định rất nhiều đến chất âm

Khi đánh giá một chiếc Ô đô 36/10, ngoài bộ máy và thùng đồng hồ thì bộ côn luôn là chi tiết em đặc biệt quan tâm.

Bộ côn trên chiếc Ô đô 36/10 này cho em cảm giác rất yên tâm bởi vẫn còn nguyên bản, chưa phát hiện dấu hiệu cắt nối, thay thế hay chỉnh sửa lớn. Các thanh côn đồng đều, giữ được hình dáng và tình trạng rất đẹp sau nhiều năm sử dụng.

Điều đáng quý là bộ côn này đi cùng chiếc đồng hồ ngay từ đầu. Sự đồng bộ giữa bộ máy, thùng đồng hồ và bộ côn luôn là yếu tố được giới sưu tầm đánh giá rất cao.

Bởi chất âm hay không chỉ đến từ việc canh chỉnh, mà còn phụ thuộc rất nhiều vào chất lượng và tình trạng nguyên bản của bộ côn. Một bộ côn đẹp, đồng bộ và chưa qua can thiệp thường sẽ giữ được chất âm tự nhiên mà nhà sản xuất mong muốn truyền tải.

Qua những gì quan sát được, em đánh giá đây là một bộ côn có chất lượng tốt, độ nguyên bản cao và là một trong những điểm đáng giá trên chiếc Ô đô 36/10 này.

Ở các tập tiếp theo, em sẽ tiếp tục bóc tách sâu hơn từng chi tiết để anh em có cái nhìn đầy đủ hơn về chiếc Ô đô 36/10 nguyên bản này.",30,"06/03/2026 22:35",https://www.facebook.com/reel/1546253797096869/,"Thước phim",,"Trọn đời",6,+9.8x,0.06,0.06,0,4909,47,2,37,4,0,4521,5829,10.098,49309.258
1592551412431871,100050310827163,"Đồng hồ Nhà kho","REVIEW #10 | Đồng hồ cổ 10 côn 11 búa – Hai bản nhạc đầy cảm xúc

Chiếc đồng hồ cổ này sở hữu cấu hình 10 côn 11 búa, một trong những kiểu máy được nhiều người yêu đồng hồ cơ khí châu Âu quan tâm bởi sự cầu kỳ trong thiết kế và chất âm đặc trưng.

Sản phẩm chơi hai bản nhạc quen thuộc là Westminster và Ave Maria, mang đến những giai điệu nhẹ nhàng, sâu lắng và giàu cảm xúc. Kết hợp cùng mặt số nổi nguyên bản, tổng thể chiếc đồng hồ tạo nên vẻ đẹp cổ điển, sang trọng và đầy sức hút khi trưng bày trong không gian sống.

Điểm đáng quý nằm ở sự nguyên bản được lưu giữ qua thời gian, từ ngoại hình đến bộ máy bên trong. Một dấu mốc đẹp của nghệ thuật chế tác cơ khí châu Âu, dành cho những ai yêu thích âm thanh và vẻ đẹp của thời gian.

#donghoco #10con11bua #donghoqulac #gioisuutam #donghoxua

Từ khóa: đồng hồ cổ châu Âu, đồng hồ 10 côn 11 búa, Westminster, Ave Maria, mặt số nổi nguyên bản, đồng hồ cơ khí cổ, đồng hồ quả lắc cổ, đồng hồ hai bản nhạc, đồ xưa châu Âu, đồng hồ giá trị sưu tầm",48,"06/04/2026 05:08",https://www.facebook.com/reel/4292599834387097/,"Thước phim",,"Trọn đời",2,+4.1x,0.03,0.03,0,2476,18,0,14,2,0,2443,2838,10.289,25342.039
1592981779055501,100050310827163,"Đồng hồ Nhà kho","🕰️ NHẬT KÝ Ô ĐÔ 36/10 #08 | Chất âm của đời máy 4 số

Một trong những điều khiến em thích chiếc Ô đô 36/10 này chính là chất âm mà nó đang sở hữu.

Đây là dòng Ô đô 36/10, 10 côn 10 búa, chơi hai bản nhạc Westminster và Gai Carillon thuộc đời máy 4 số. Dù đồng hồ vẫn đang ở trạng thái nguyên bụi và chưa được canh chỉnh hoàn thiện, nhưng bộ côn đã cho thấy nền âm rất tốt.

Các nốt chuông tách bạch, tiếng ngân có độ vang và độ lan tỏa đặc trưng của dòng Ô đô 36/10 thùng dài. Khi chuyển sang bản Gai Carillon, những âm thanh quen thuộc của dòng máy 10 côn vẫn được thể hiện khá rõ ràng và mạch lạc.

Điều đáng quý hơn cả là bộ côn, bộ búa và tổng thể hệ thống chuông vẫn giữ được tình trạng rất đẹp. Đây là nền tảng quan trọng để sau khi bảo dưỡng và canh chỉnh, chiếc Ô đô 36/10 có thể phát huy hết chất âm vốn có của mình.

Với những gì đang thể hiện, em đánh giá đây là một chiếc Ô đô 36/10 đời máy 4 số có chất âm tốt, độ đồng bộ cao và rất đáng để anh em yêu đồng hồ cổ dành thời gian thưởng thức.",41,"06/04/2026 16:11",https://www.facebook.com/reel/1033383192453968/,"Thước phim",,"Trọn đời",2,+4.2x,0.03,0.03,0,2562,32,2,29,3,0,2989,4142,9.571,32889.176
1592987755721570,100050310827163,"Đồng hồ Nhà kho","🕰️ NHẬT KÝ Ô ĐÔ 36/10 #09 | Vì sao bộ côn Ô đô 36/10 được săn tìm?

Một trong những lý do khiến Ô đô 36/10 luôn được giới sưu tầm đánh giá cao chính là chất âm đặc trưng của bộ côn 10 côn 10 búa.

Âm thanh của dòng Ô đô 36/10 có độ vang, độ ngân và sự hào sảng rất riêng. Đó cũng là lý do những bộ côn nguyên bản còn đẹp luôn được nhiều người tìm kiếm.

Trên thực tế, việc tìm mua riêng một bộ côn Ô đô 36/10 nguyên bản ở bên ngoài không hề dễ dàng. Những bộ côn còn đẹp, đồng bộ và chưa qua chỉnh sửa thường rất hiếm gặp. Khi xuất hiện trên thị trường, giá trị của chúng cũng khá cao so với nhiều dòng đồng hồ khác.

Chính vì vậy, khi một chiếc Ô đô 36/10 vẫn còn giữ được bộ côn nguyên bản đi cùng đồng hồ từ nhiều chục năm trước thì đó là một điểm cộng rất lớn về mặt sưu tầm.

Bởi giá trị không chỉ nằm ở chất âm hay của bộ côn, mà còn nằm ở sự đồng bộ giữa bộ máy, thùng đồng hồ và hệ thống chuông đã cùng tồn tại với nhau suốt một hành trình rất dài.

Đó cũng là một trong những điều khiến em đánh giá cao chiếc Ô đô 36/10 đời máy 4 số này.",14,"06/04/2026 16:23",https://www.facebook.com/reel/1748045752852831/,"Thước phim",,"Trọn đời",16,+24x,0.05,0.05,0,5965,50,0,35,2,0,5659,8651,10.138,58885.173
1592992279054451,100050310827163,"Đồng hồ Nhà kho","🕰️ NHẬT KÝ Ô ĐÔ 36/10 #10 | Bộ máy nguyên bản sau nhiều thập kỷ

Tiếp tục hành trình khám phá chiếc Ô đô 36/10 này, hôm nay em muốn chia sẻ với anh em về bộ máy 10 côn 10 búa chơi hai bản nhạc Westminster và Gai Carillon.

Điều em thích ở bộ máy này là vẫn đang ở trạng thái nguyên bản, chưa tháo rửa hay làm mới. Những dấu vết thời gian vẫn còn hiện diện khá rõ trên bề mặt máy, từ lớp mạ, đầu ốc cho đến các chi tiết cơ khí bên trong.

Đối với người chơi đồng hồ cổ, đây lại là một lợi thế trong quá trình thẩm định. Bởi khi bộ máy chưa qua can thiệp, chúng ta dễ dàng quan sát được tình trạng thực tế, mức độ hao mòn tự nhiên cũng như đánh giá được độ đồng bộ của toàn bộ chiếc đồng hồ.

Các vị trí ốc vít, cần gạt, cụm búa và hệ thống chuyển nhạc vẫn cho cảm giác liền lạc, thống nhất với tuổi đời của chiếc Ô đô 36/10. Những dấu vết ấy không làm giảm giá trị của đồng hồ, ngược lại còn kể lại câu chuyện thời gian mà chiếc đồng hồ đã trải qua.

Đó cũng là một trong những lý do em luôn thích được thẩm định một chiếc Ô đô 36/10 trước khi tiến hành bảo dưỡng. Bởi chỉ khi còn nguyên trạng, chúng ta mới cảm nhận được rõ nhất những gì thuộc về nó từ nhiều chục năm trước.",20,"06/04/2026 16:33",https://www.facebook.com/reel/4407552129462891/,"Thước phim",,"Trọn đời",6,+9.6x,0.02,0.02,0,3611,35,2,29,0,0,3490,4448,7.674,27483.952
1592998135720532,100050310827163,"Đồng hồ Nhà kho","Nhìn màu sắc để đánh giá độ đồng bộ của bộ máy

Khi thẩm định một chiếc Ô đô 36/10 nguyên bản, em thường dành khá nhiều thời gian để quan sát màu sắc của các chi tiết trên bộ máy.

Nghe có vẻ đơn giản nhưng đây lại là một trong những cách giúp chúng ta đánh giá độ đồng bộ khá hiệu quả.

Bởi những chi tiết được chế tạo từ cùng một loại vật liệu và cùng tồn tại trong một môi trường suốt hàng chục năm thường sẽ có quá trình lão hóa tương tự nhau.

Ví dụ, những chi tiết không được mạ theo thời gian sẽ xuất hiện lớp ôxy hóa với gam màu đen hoặc xám đen tương đối đồng đều. Ngược lại, các chi tiết được mạ sẽ giữ một tông màu vàng già hoặc vàng sẫm khá giống nhau.

Khi quan sát một bộ máy nguyên bản, anh em thường sẽ thấy sự chuyển màu diễn ra rất tự nhiên và thống nhất giữa các chi tiết cùng loại. Đó là điều rất khó làm giả hoặc tạo ra trong thời gian ngắn.

Ngược lại, nếu xuất hiện những chi tiết có màu sắc quá khác biệt, quá mới hoặc không tương đồng với phần còn lại của bộ máy thì đó là dấu hiệu để chúng ta xem xét kỹ hơn về lịch sử sửa chữa hay thay thế.

Tất nhiên đây không phải tiêu chí duy nhất để đánh giá một chiếc Ô đô 36/10, nhưng với người chơi lâu năm, màu sắc và dấu vết thời gian trên bộ máy luôn là những chi tiết rất đáng để quan sát trước khi đưa ra nhận định về độ đồng bộ nguyên bản của chiếc đồng hồ.",62,"06/04/2026 16:43",https://www.facebook.com/reel/4433086296969872/,"Thước phim",,"Trọn đời",0,+8.1x,0.04,0.04,0,2234,15,0,16,0,0,2177,2411,10.958,24228.939
1593001155720230,100050310827163,"Đồng hồ Nhà kho",,18,"06/04/2026 16:47",https://www.facebook.com/reel/2402161546861355/,"Thước phim",,"Trọn đời",0,+0.5x,0,0,0,1761,12,1,12,1,0,1695,1983,4.023,7189.812
1593387205681625,100050310827163,"Đồng hồ Nhà kho","❤️ Nửa cây KHÔNG CÓ NHƯNG.
Mời anh em ngắm và cho em xin lời động viên ạ.",0,"06/05/2026 03:11",https://www.facebook.com/donghonhakho.vn/posts/pfbid029T14QSo2aB7HkHZKdAaqySd8duyudo5WQjACNWmUfemMpsWdEqMAcwsjKYDBP5JDl,Ảnh,,"Trọn đời",13,--,0.25,0.25,0,4242,32,0,17,1,1,4224,5910,,
1594007178952961,100050310827163,"Đồng hồ Nhà kho","Đồng Hồ Urgos 5 Côn – Dáng Đẹp Thanh Lịch, Âm Thanh Đức Trầm Ấm- Mã số B86

✨ Một mẫu đồng hồ để bàn cơ khí đến từ Đức với thiết kế cân đối, thanh thoát và rất dễ bố trí trong phòng khách, phòng làm việc hay tủ trưng bày.

✨ Thùng vỏ mang phom dáng cổ điển, các đường cong mềm mại kết hợp lớp vân gỗ nổi đẹp, tạo cảm giác sang trọng nhưng vẫn gần gũi. Kích thước 58x22 cm vừa vặn cho nhiều không gian nội thất.

⚙️ Bộ máy Urgos 5 côn nổi tiếng về độ bền và khả năng vận hành ổn định. Máy còn giữ được màu sắc đồng đều theo thời gian, thể hiện nét đẹp của một bộ máy cơ khí cổ Đức.

🎵 Bộ côn cho chất âm trong trẻo, ngân vang và mạch lạc. Mỗi lần điểm chuông đều tạo cảm giác ấm áp, nhẹ nhàng, rất phù hợp với những ai yêu thích tiếng chuông cơ khí cổ điển.

💫 Một lựa chọn đáng để anh em yêu đồng hồ cơ cổ tham khảo và thưởng thức.

📞 0️⃣9️⃣6️⃣3️⃣ ✦ 4️⃣5️⃣6️⃣ ✦ 9️⃣6️⃣3️⃣
🏠 Khu đô thị Văn Phú, phường Phú La, quận Hà Đông, Hà Nội

#dong_ho_co #dong_ho_urgos #dong_ho_de_ban #dong_ho_duc #dong_ho_qua_lac_cổ",0,"06/05/2026 19:03",https://www.facebook.com/donghonhakho.vn/posts/pfbid0L2DbktApe2XLX5idiqqKP2X9TLzuxeMLxX4LTTJQNjv4XK82QySPDJzngTnGcUodl,Ảnh,,"Trọn đời",1,--,0.03,0.03,0,490,2,0,1,0,0,461,687,,
1594009632286049,100050310827163,"Đồng hồ Nhà kho","🕰️ NHẬT KÝ Ô ĐÔ 36/10 #12 | Sự thật về đồng hồ nguyên bụi

Hôm nay em phát hiện ra một điều khá thú vị trên chiếc Ô đô 36/10 này.

Đó là không phải chiếc đồng hồ nguyên bụi nào cũng nguyên bụi 100% như anh em vẫn tưởng. Nhiều chiếc thực tế chỉ có… một nửa là nguyên bụi thôi. 😄

Anh em để ý nhé, đồng hồ nằm trong thùng kín hàng chục năm. Bụi chủ yếu rơi từ trên xuống nên mặt trên của hộp cót, quả gai, các trục bánh răng hay những bề mặt hướng lên trên thường phủ bụi khá rõ.

Trong khi đó, mặt dưới hoặc những vị trí nằm khuất lại sạch hơn rất nhiều, thậm chí lớp mạ và nước đồng vẫn còn khá đẹp.

Đó cũng là một trong những dấu hiệu tự nhiên mà em thường quan sát khi thẩm định một chiếc Ô đô 36/10 nguyên bản chưa qua vệ sinh.

Ngược lại, nếu một bộ máy bụi phủ dày đặc từ trên xuống dưới, bụi bám kín mọi ngóc ngách một cách quá đồng đều thì chúng ta cũng nên dành thêm thời gian để quan sát và đánh giá kỹ hơn.

Nói vui một chút, mua đồng hồ nguyên bụi nhiều khi chỉ mua được… nửa chiếc nguyên bụi thôi. Nửa còn lại đã được thời gian giữ gìn sạch sẽ suốt mấy chục năm qua rồi. 😄",28,"06/05/2026 19:07",https://www.facebook.com/reel/975358591791577/,"Thước phim",,"Trọn đời",14,+21.8x,0.07,0.07,0,5331,73,0,57,2,0,5138,7180,14.451,77114.655
1594035008950178,100050310827163,"Đồng hồ Nhà kho","Đồng Hồ Gi rô 8 Côn 2 Bản Nhạc – Thùng Kính Rào Cổ Kính- Mã số K108
💵: 5tr5
✨ Thiết kế thùng kính rào cổ điển, dáng thùng cân đối cùng các đường vân gỗ nổi rõ theo năm tháng tạo nên vẻ đẹp mộc mạc nhưng đầy cuốn hút.

⚙️ Bộ máy 8 côn chơi 2 bản nhạc nổi tiếng Westminster và Cloches , kết cấu máy dày dặn, hoạt động ổn định, được nhiều người chơi đồng hồ cổ yêu thích bởi độ bền và chất âm đặc trưng.

🎵 Âm thanh trong trẻo, ngân vang, từng giai điệu vang lên nhẹ nhàng và sâu lắng. Khi điểm giờ, tiếng chuông mạch lạc tạo cảm giác thư thái, mang đậm nét hoài niệm của những chiếc đồng hồ cơ khí châu Âu xưa.

📏 Kích thước: 68 x 38 cm

📞 0963•456•963
🏠 Khu đô thị Văn Phú, phường Phú La, quận Hà Đông, Hà Nội.

#dong_ho_co #dong_ho_giro #dong_ho_8_con #dong_ho_2_ban_nhac #dong_ho_qua_lac",0,"06/05/2026 19:45",https://www.facebook.com/donghonhakho.vn/posts/pfbid02V1NH2nsBPRxsK2LLmYt1X2Lxaekf1VT1aSwvqPwUPsVt2HDm3zP4YsC2wAgnZDF7l,Ảnh,,"Trọn đời",3,--,0.06,0.06,0,1160,7,0,3,1,0,1103,1559,,
1594055025614843,100050310827163,"Đồng hồ Nhà kho","Tìm hiểu Atmos #1 | Đồng hồ chạy bằng sự thay đổi nhiệt độ

Nói có thể anh em chưa tin, nhưng đồng hồ Atmos của Thụy Sĩ là một trong những dòng đồng hồ cơ khí đặc biệt nhất từng được chế tạo.

Khác với đa số đồng hồ cơ phải lên cót định kỳ, Atmos hoạt động nhờ năng lượng sinh ra từ sự thay đổi nhiệt độ của môi trường xung quanh. Chỉ cần nhiệt độ tăng hoặc giảm rất nhỏ, cơ cấu tích năng bên trong đã có thể tạo ra đủ năng lượng để duy trì hoạt động của bộ máy.

Chính nguyên lý độc đáo này đã giúp Atmos trở thành biểu tượng của kỹ thuật chế tác đồng hồ đỉnh cao, được giới sưu tầm trên toàn thế giới đánh giá rất cao.

#dong_ho_atmos #tim_hieu_atmos #dong_ho_thuy_si #dong_ho_co #dong_ho_suu_tam",20,"06/05/2026 20:16",https://www.facebook.com/reel/27102626202735197/,"Thước phim",,"Trọn đời",2,+3.4x,0.01,0.01,0,1711,15,0,13,0,0,1639,2006,4.847,8327.965
1594061445614201,100050310827163,"Đồng hồ Nhà kho","Đồng Hồ Mycott Anh Quốc – Vẻ Đẹp Của Đá Cẩm Thạch Và Đồng Mạ Vàng | 📲 không chín sáu ba • bốn năm sáu • chín sáu ba

🕰️ Chiếc đồng hồ Mycott xuất xứ Anh Quốc mang phong cách sang trọng và rất đặc trưng của những mẫu đồng hồ để bàn châu Âu cổ điển.

✨ Thiết kế kết hợp giữa đá cẩm thạch, đá ngọc xanh và các chi tiết đồng mạ vàng tạo nên vẻ đẹp hài hòa, nổi bật nhưng vẫn rất trang nhã.
🏛️ Dáng đồng hồ cân đối, phù hợp đặt trên bàn làm việc, tủ trưng bày hoặc không gian mang phong cách cổ điển.
⚙️ Phiên bản cót tuần không chuông giúp người chơi tập trung vào vẻ đẹp của bộ máy và giá trị thẩm mỹ của tổng thể sản phẩm.

📚 Một chiếc đồng hồ mang đậm dấu ấn thủ công châu Âu và giá trị sưu tầm theo thời gian.

#dongho #donghoco #anhquoc #deban #suutam",30,"06/05/2026 20:25",https://www.facebook.com/reel/2085061549071782/,"Thước phim",,"Trọn đời",4,+6.1x,0.01,0.01,0,886,8,0,4,0,0,820,1040,5.3,4754.281
1594067272280285,100050310827163,"Đồng hồ Nhà kho","🕰️ NHẬT KÝ Ô ĐÔ 36/10 #13 | Tiếng chuông 15 phút đặc trưng của Ô đô 36/10

Một trong những điều làm nên sức hút của Ô đô 36/10 chính là cơ chế báo chuông mỗi 15 phút.

Cứ sau mỗi một phần tư giờ, chiếc đồng hồ lại cất lên những nốt nhạc đầu tiên như một lời nhắc nhẹ nhàng về sự trôi đi của thời gian. Đến 30 phút, giai điệu sẽ dài hơn. Đến 45 phút lại tiếp tục ngân lên một phần bản nhạc. Và khi tròn giờ, toàn bộ bản nhạc Westminster hoặc Gai Carillon mới được trình diễn đầy đủ trước khi điểm số giờ.

Chính cơ chế này tạo nên một trải nghiệm rất khác biệt. Người chơi không cần nhìn mặt số vẫn có thể cảm nhận được thời gian đang trôi qua bằng âm thanh.

Với những chiếc Ô đô 36/10 có bộ côn đẹp và được canh chỉnh chuẩn, tiếng chuông 15 phút thường rất dễ chịu, không quá dồn dập mà mang cảm giác thong thả, nhịp nhàng và đầy chất hoài niệm.

Có lẽ vì vậy mà với nhiều người yêu đồng hồ cổ, âm thanh báo 15 phút của Ô đô 36/10 đôi khi còn được mong chờ không kém tiếng điểm giờ.",4,"06/05/2026 20:34",https://www.facebook.com/reel/793540887061002/,"Thước phim",,"Trọn đời",2,+3.4x,0,0,0,2266,20,0,18,0,0,2135,4282,5.268,11839.186
1594086638945015,100050310827163,"Đồng hồ Nhà kho","REVIEW #12 | Chiếc đồng hồ song tiện Đức còn nguyên nét thời gian

Đôi khi giá trị của một chiếc đồng hồ cổ không nằm ở sự hoàn hảo tuyệt đối, mà nằm ở việc nó đã đi qua hàng chục năm vẫn giữ được phần hồn nguyên bản của mình.

Chiếc đồng hồ song tiện Đức này vẫn giữ được bộ máy nguyên bản cùng chất âm tốt, tiếng chuông rõ ràng và dễ nghe. Phần thùng có một vài dấu vết nhỏ của thời gian, xuất hiện dưới dạng những lỗ mọt cũ trên gỗ từ rất lâu trước đây. Đây là dấu tích tự nhiên của tuổi tác vật liệu, không phải tình trạng mọt hoạt động bên trong đồng hồ hiện tại.

Tổng thể sản phẩm vẫn mang vẻ đẹp mộc mạc, chân thực của một món đồ đã đồng hành cùng nhiều thế hệ. Một lựa chọn thú vị cho những ai yêu thích đồng hồ cổ nguyên bản và trân trọng những dấu ấn thời gian còn lưu lại trên sản phẩm.

#donghoco #donghoduc #songtien #donghoxua #gioisuutam",27,"06/05/2026 21:04",https://www.facebook.com/reel/1303531018064913/,"Thước phim",,"Trọn đời",5,+9.2x,0.01,0.01,0,2452,21,0,14,0,3,2587,3427,6.356,18142.465
1594097582277254,100050310827163,"Đồng hồ Nhà kho","Đồng Hồ Cổ Nguyên Bản – Chất Âm Hay Và Dấu Ấn Thời Gian | ☏ ⓪⑨⑥③ ⟡ ④⑤⑥ ⟡ ⑨⑥③

🕰️ Những chiếc đồng hồ cổ luôn mang một sức hút rất riêng bởi sự kết hợp giữa cơ khí, âm thanh và dấu ấn của thời gian.

🔔 Bộ máy nguyên bản cho chất âm mộc mạc, dễ nghe và giàu cảm xúc khi thưởng thức trong không gian yên tĩnh.
⚙️ Trải qua nhiều năm hoạt động, những bộ máy còn giữ được độ nguyên bản cao luôn thể hiện rõ giá trị chế tác của một thời kỳ cơ khí phát triển.
✨ Không chỉ là một cỗ máy đo thời gian, đây còn là hiện vật lưu giữ những câu chuyện và ký ức của nhiều thế hệ.

📚 Một sản phẩm mang vẻ đẹp bền vững, chất âm cuốn hút và giá trị sưu tầm được nhiều người yêu đồ xưa trân trọng.

#dongho #donghoco #thuongam #cokhi #suutam",41,"06/05/2026 21:20",https://www.facebook.com/reel/2206813560105872/,"Thước phim",,"Trọn đời",17,+25.6x,0.07,0.07,0,4514,52,6,35,2,0,4417,5467,11.17,51909.781
1594253355595010,100050310827163,"Đồng hồ Nhà kho","REVIEW #13 | ☎️ 0️⃣9️⃣6️⃣3️⃣ ✦ 4️⃣5️⃣6️⃣ ✦ 9️⃣6️⃣3️⃣ | Vì sao dòng 36 chân kiềng được nhiều người yêu thích?

Trong thế giới đồng hồ cổ Pháp, dòng 36 chân kiềng luôn có một vị trí rất riêng nhờ sự cân bằng giữa chất lượng, thẩm mỹ và tính sưu tầm.

Mẫu máy này sở hữu kết cấu kỹ thuật tương đồng với những phiên bản máy bệt nổi tiếng, mang đến chất âm ngân nga, mạch lạc và giàu cảm xúc. Điểm đặc trưng nằm ở bộ côn chữ M truyền thống, tạo nên tiếng chuông rất riêng mà nhiều người chơi lâu năm dễ dàng nhận ra.

Không quá cầu kỳ nhưng vẫn giữ được đầy đủ những nét đặc sắc làm nên tên tuổi của dòng 36. Chính vì vậy, đây luôn là lựa chọn được nhiều anh em yêu đồng hồ cổ quan tâm khi muốn tìm hiểu và trải nghiệm chất âm đặc trưng của những chiếc đồng hồ cơ khí Pháp.

#donghoco #36chankieng #donghoPhap #gioisuutam #donghoxua

Từ khóa: đồng hồ cổ Pháp, 36 chân kiềng, côn chữ M, đồng hồ quả lắc cổ, đồng hồ cơ khí cổ, chất âm đồng hồ cổ, đồng hồ nguyên bản, đồng hồ sưu tầm, đồng hồ châu Âu cổ,",49,"06/06/2026 01:38",https://www.facebook.com/reel/1717435802777221/,"Thước phim",,"Trọn đời",4,+6.8x,0.03,0.03,0,2566,30,1,25,2,0,2374,2946,9.671,24865.997
1595342378819441,100050310827163,"Đồng hồ Nhà kho","🕰️ ODO 36/10 Music Drum

One of the most distinctive features of the ODO 36/10 is its music drum mechanism.

As the drum slowly rotates, it controls the sequence of hammers striking the gong rods, creating the famous Westminster or Gai Carillon melodies. Every quarter hour, a different section of the melody is played, gradually building toward the full tune at the top of the hour.

What makes the ODO 36/10 especially memorable is what happens after the melody ends. Once the music drum completes its cycle, the clock begins striking the hour with its characteristic “bing-bong” chime. This combination of musical melody followed by the deep, rhythmic hour strike creates a sound signature that many collectors instantly recognize.

The music drum is not only a mechanical component but also the heart of the clock’s musical performance, showcasing the craftsmanship and engineering that made ODO clocks famous among collectors worldwide.",9,"06/07/2026 06:30",https://www.facebook.com/reel/1667003007961426/,"Thước phim",,"Trọn đời",16,+40.4x,0,0,0,116147,803,83,752,47,15,113436,188335,9.304,1062758.244
1595342435486102,100050310827163,"Đồng hồ Nhà kho","🕰️ NHẬT KÝ Ô ĐÔ 36/10 #15 | Dấu ấn đặc trưng nằm ở tiếng “bính boong” điểm giờ

Nếu phải chọn một chi tiết âm thanh khiến em nhớ đến Ô đô 36/10 nhiều nhất, có lẽ đó chính là những tiếng “bính boong” vang lên sau khi bản nhạc kết thúc.

Khi đến đúng giờ, chiếc Ô đô 36/10 sẽ trình diễn trọn vẹn bản Westminster hoặc Gai Carillon. Nhưng điều thú vị là bản nhạc chưa phải phần kết thúc.

Ngay sau đó, hệ thống điểm giờ mới bắt đầu hoạt động với những tiếng “bính boong” rất đặc trưng của dòng máy 10 côn 10 búa. Chính những tiếng chuông này tạo nên dấu ấn riêng mà nhiều người chơi chỉ cần nghe qua đã nhận ra ngay chất âm của Ô đô 36/10.

Đặc biệt trên những bộ máy còn nguyên bản, trống nhạc hoạt động nhịp nhàng kết hợp với hệ thống điểm giờ tạo nên một tổng thể âm thanh rất cuốn hút. Người nghe có cảm giác như đang thưởng thức hai phần trình diễn liên tiếp: một phần là bản nhạc, một phần là tiếng điểm giờ.

Đó cũng là một trong những nét riêng khiến Ô đô 36/10 luôn được giới sưu tầm đánh giá cao về trải nghiệm âm thanh và sức hấp dẫn sau nhiều thập kỷ.",36,"06/07/2026 06:30",https://www.facebook.com/reel/1520083559900971/,"Thước phim",,"Trọn đời",4,+7.7x,0.02,0.02,0,2325,28,0,23,0,2,2225,2593,8.452,19752.831
1595357365484609,100050310827163,"Đồng hồ Nhà kho","🕰️ NHẬT KÝ Ô ĐÔ 36/10 #16 | Vẻ đẹp của một bộ máy còn nguyên trạng

Một trong những điều làm em thích chiếc Ô đô 36/10 này là bộ máy đang ở tình trạng rất đẹp và rất đồng bộ.

Sau nhiều năm sử dụng, các chi tiết cơ khí vẫn giữ được độ liền lạc, không có dấu hiệu can thiệp hay sửa chữa phức tạp. Những dấu vết thời gian còn lại chủ yếu là bụi bặm tự nhiên và lớp dầu mỡ đã cũ đi theo năm tháng.

Với những bộ máy như thế này, công việc phục hồi thường khá nhẹ nhàng. Chỉ cần vệ sinh đúng kỹ thuật, làm sạch các chi tiết bằng dầu hỏa, tra dầu và canh chỉnh lại theo tiêu chuẩn, bộ máy có thể lấy lại vẻ đẹp gần như lúc mới xuất xưởng.

Điều quan trọng hơn là phần cơ khí cốt lõi vẫn còn nguyên vẹn. Các bánh răng, trục quay, bộ thoát, hệ thống chuyển nhạc và cơ cấu điểm chuông vẫn hoạt động theo đúng logic thiết kế ban đầu của hãng.

Đó cũng là lý do vì sao những chiếc Ô đô 36/10 nguyên bản luôn được giới sưu tầm đánh giá cao. Không chỉ bởi chất âm hay hay vẻ đẹp bên ngoài, mà còn bởi độ bền cơ học đáng nể và trình độ chế tác cơ khí rất cao của một dòng đồng hồ đã tồn tại qua nhiều thập kỷ.",10,"06/07/2026 06:49",https://www.facebook.com/reel/2139208353304707/,"Thước phim",,"Trọn đời",2,+3.9x,0,0,0,2673,12,0,10,0,1,2597,3390,4.888,12999.583
1595367105483635,100050310827163,"Đồng hồ Nhà kho","🕰️ NHẬT KÝ Ô ĐÔ 36/10 #17 | Bắt đầu công đoạn bảo dưỡng

Chiếc Ô đô 36/10, 10 côn 10 búa, hai bản nhạc này hôm nay đã được em tháo rời hoàn toàn để chuẩn bị bước vào quá trình bảo dưỡng.

Điều làm em khá thích thú là tình trạng tổng thể của bộ máy vẫn còn rất đẹp. Từ các bánh răng, trục máy, hệ thống chuyển nhạc cho tới các chi tiết nhỏ đều cho thấy mức độ hao mòn rất thấp so với tuổi đời của chiếc đồng hồ.

Với những bộ máy có ngoại hình và kết cấu hoàn hảo như thế này, công việc bảo dưỡng thường khá nhẹ nhàng. Hầu như không phải xử lý những lỗi cơ khí phức tạp hay thay thế nhiều linh kiện.

Công việc chủ yếu là vệ sinh sạch lớp dầu mỡ cũ, làm sạch bụi bẩn tích tụ theo thời gian, kiểm tra lại các vị trí ma sát và tra dầu đúng tiêu chuẩn.

Đó cũng là điều thú vị của những chiếc Ô đô 36/10 còn giữ được độ nguyên bản cao. Sau khi được vệ sinh đúng cách, bộ máy gần như lấy lại vẻ đẹp vốn có, các chi tiết cơ khí hiện lên rõ nét và cho cảm giác rất gần với trạng thái khi mới xuất xưởng.

Ở tập tiếp theo, em sẽ tiếp tục chia sẻ quá trình làm sạch và những chi tiết thú vị xuất hiện trong lúc bảo dưỡng chiếc Ô đô 36/10 này.",25,"06/07/2026 07:03",https://www.facebook.com/reel/1519042346356493/,"Thước phim",,"Trọn đời",0,+1.8x,0.02,0.02,0,2817,20,0,18,1,2,2701,3403,8.109,22883.759
1596035852083427,100050310827163,"Đồng hồ Nhà kho","REVIEW #14 | 📱 𝟎𝟗𝟔𝟑 ✧ 𝟒𝟓𝟔 ✧ 𝟗𝟔𝟑 | Nét duyên rất riêng của đồng hồ Vê đét Pháp

Trong số những thương hiệu đồng hồ cổ của Pháp, Vê đét luôn là cái tên được nhiều người yêu đồ xưa dành sự thiện cảm bởi phong cách thiết kế nhẹ nhàng và hài hòa.

Những chiếc đồng hồ của hãng thường sở hữu tỷ lệ cân đối, đường nét mềm mại và dễ dàng phù hợp với nhiều không gian nội thất khác nhau. Không quá cầu kỳ nhưng vẫn đủ tinh tế để tạo điểm nhấn cho căn phòng.

Bên cạnh ngoại hình ưa nhìn, chất âm của Vê đét cũng được đánh giá cao bởi sự ấm áp, dễ nghe và gần gũi trong sinh hoạt hằng ngày. Đặc biệt, đây là dòng đồng hồ có tính tiếp cận tốt, giúp nhiều người có cơ hội khám phá và cảm nhận vẻ đẹp của đồng hồ cơ khí cổ châu Âu.

Một thương hiệu mang đậm phong cách Pháp, nhẹ nhàng nhưng đầy sức hút theo năm tháng.

#donghoco #ve_det #donghoPhap #donghoxua #gioisuutam",76,"06/08/2026 02:46",https://www.facebook.com/reel/2219821865431270/,"Thước phim",,"Trọn đời",4,+9.1x,0.01,0.01,0,1377,9,0,7,0,1,1357,1493,6.764,9328.425
1596040082083004,100050310827163,"Đồng hồ Nhà kho","🕰️ NHẬT KÝ Ô ĐÔ 36/10 #18 | Màn lột xác sau khi bảo dưỡng

Đây chính là điều em thích nhất khi làm việc với những chiếc Ô đô 36/10 còn giữ được độ nguyên bản cao.

Trước khi bảo dưỡng, bộ máy vẫn còn phủ bụi thời gian, các chi tiết chưa thực sự bộc lộ hết vẻ đẹp vốn có. Nhưng sau khi được vệ sinh sạch sẽ, từng bánh răng, từng trục máy, từng chi tiết cơ khí dần hiện ra với vẻ đẹp rất đặc trưng của một bộ máy chất lượng cao.

Điều đáng quý là chiếc Ô đô 36/10 này không cần đánh bóng hay làm mới quá nhiều. Chỉ cần loại bỏ lớp bụi bẩn và dầu mỡ cũ tích tụ theo năm tháng, toàn bộ bộ máy đã thay đổi một cách rõ rệt.

Từ một bộ máy nguyên bụi, chiếc đồng hồ như được khoác lên một diện mạo hoàn toàn khác. Các chi tiết trở nên sáng sủa, sắc nét và đồng đều hơn rất nhiều, trong khi vẫn giữ nguyên những dấu ấn nguyên bản của thời gian.

Quả thật đây là một màn lột xác rất ấn tượng.

Một chiếc Ô đô 36/10 đẹp, đồng bộ, chất âm hay và sở hữu bộ máy gần như hoàn hảo luôn là điều khiến người yêu đồng hồ cổ cảm thấy thích thú mỗi khi được chiêm ngưỡng.",44,"06/08/2026 02:54",https://www.facebook.com/reel/1612529840233050/,"Thước phim",,"Trọn đời",2,+3.7x,0.02,0.02,0,2145,17,0,16,0,0,2022,2459,9.081,19252.51
1596044598749219,100050310827163,"Đồng hồ Nhà kho","REVIEW #15 | ☏ 0963 ⟡ 456 ⟡ 963 | Đồng hồ Đức 10 côn 10 búa, hai bản nhạc đặc trưng

Những chiếc đồng hồ Đức 10 côn 10 búa luôn có sức hút riêng nhờ sự kết hợp giữa kỹ thuật cơ khí tinh xảo và chất âm đầy cảm xúc.

Phiên bản này sở hữu hai bản nhạc truyền thống Westminster và Trinity. Nếu Westminster mang đến cảm giác quen thuộc, mạch lạc thì Trinity lại tạo nên màu sắc riêng với giai điệu độc đáo và cuốn hút. Khi bộ búa bắt đầu chuyển động trên dàn côn, âm thanh vang lên rõ ràng, có độ ngân và chiều sâu rất đặc trưng.

Một mẫu đồng hồ không chỉ để xem giờ mà còn để thưởng thức âm thanh cơ khí của một thời kỳ chế tác đầy tinh hoa.

#donghoco #donghoduc #10con10bua #donghoqulac #gioisuutam",17,"06/08/2026 03:01",https://www.facebook.com/reel/1866301931280903/,"Thước phim",,"Trọn đời",7,+10.8x,0.02,0.02,0,2688,17,-2,13,1,0,2570,3411,7.34,19856.743
1596107885409557,100050310827163,"Đồng hồ Nhà kho","REVIEW #16 | 📞 0️⃣9️⃣6️⃣3️⃣ ✦ 4️⃣5️⃣6️⃣ ✦ 9️⃣6️⃣3️⃣ | Dấu mốc thú vị của dòng máy hoa thị Đức

Đối với những người yêu đồng hồ cổ Đức, các phiên bản mang triện hai mũi tên cùng thiết kế máy hoa thị luôn là một chi tiết rất đáng chú ý.

Những bộ máy này xuất hiện trên các mẫu đồng hồ được sản xuất sau giai đoạn những năm 1940, khi thiết kế máy hoa thị nổi tiếng được đưa vào sản xuất với quy mô lớn. Điểm dễ nhận biết nhất là phần củ côn hoa thị đặc trưng, vừa mang giá trị kỹ thuật vừa tạo nên chất âm rất riêng cho dòng đồng hồ này.

Trải qua nhiều thập kỷ, những chiếc đồng hồ mang triện hai mũi tên vẫn được nhiều người yêu đồ xưa tìm kiếm bởi sự ổn định của bộ máy, nét đẹp cơ khí cổ điển và dấu ấn lịch sử gắn liền với ngành chế tác đồng hồ Đức.

#donghoco #donghoduc #mayhoathi",13,"06/08/2026 04:47",https://www.facebook.com/reel/2200896923979092/,"Thước phim",,"Trọn đời",0,+0.6x,0.01,0.01,0,2184,10,1,11,1,0,2087,2773,6.529,14214.879
1596109418742737,100050310827163,"Đồng hồ Nhà kho","REVIEW #17 | 📱 𝟎𝟗𝟔𝟑 ✧ 𝟒𝟓𝟔 ✧ 𝟗𝟔𝟑 | Một điểm khác biệt trên đồng hồ Đức 10 côn 10 búa

Nhiều anh em khi mới chơi thường nghĩ rằng các dòng đồng hồ 10 côn 10 búa đều có cách điểm giờ giống nhau. Thực tế lại có một điểm khác biệt khá thú vị.

Trên những chiếc đồng hồ Đức 10 côn 10 búa chơi hai bản nhạc, phần điểm giờ thường được thực hiện trực tiếp trên dàn côn và không có tiếng chuông điểm giờ kép ""bính boong"" riêng biệt.

Chính vì vậy, khi đến giờ điểm, người nghe sẽ cảm nhận được sự liền mạch giữa phần nhạc và phần điểm giờ. Đây cũng là nét đặc trưng giúp nhiều người dễ dàng phân biệt chất âm của đồng hồ Đức với một số trường phái đồng hồ Pháp cùng thời.

Một chi tiết nhỏ nhưng rất thú vị đối với những ai yêu thích tìm hiểu về cơ khí và âm thanh đồng hồ cổ.

#donghoco #donghoduc #10con10bua #donghoqulac #gioisuutam",9,"06/08/2026 04:49",https://www.facebook.com/reel/1001558235898876/,"Thước phim",,"Trọn đời",2,+3.6x,0,0,0,3077,20,1,19,0,0,2876,4384,5.905,18213.79
1596132348740444,100050310827163,"Đồng hồ Nhà kho","Âm Thanh Junhan 10 Côn – Mạch Lạc Và Đầy Cảm Xúc | ☏ ⓪⑨⑥③ ⟡ ④⑤⑥ ⟡ ⑨⑥③

🕰️ Những bộ máy Junhan 10 côn luôn được nhiều người yêu đồng hồ cổ đánh giá cao bởi chất âm rất riêng của trường phái đồng hồ Đức.

🔔 Âm thanh nổi bật với sự mạch lạc, rõ tiếng và độ tách bạch giữa các nốt nhạc rất tốt.
🎵 Khi bộ nhạc hoạt động, từng tiếng côn vang lên dứt khoát, nhịp nhàng và tạo cảm giác rất cuốn hút khi thưởng âm.
✨ Với những bộ máy nguyên bản còn đẹp, chất âm thường giữ được độ trong trẻo, độ ngân vừa phải và nét đặc trưng mà nhiều người chơi lâu năm rất yêu thích.

📚 Một chất âm mang đậm dấu ấn cơ khí Đức, vừa mạnh mẽ vừa giàu cảm xúc theo cách rất riêng.

#dongho #donghoco #junhan #thuongam #suutam",72,"06/08/2026 05:24",https://www.facebook.com/reel/1936862323648730/,"Thước phim",,"Trọn đời",10,+21.3x,0.02,0.02,0,1978,32,1,19,3,1,1898,2293,9.429,19425.398
1596531795367166,100050310827163,"Đồng hồ Nhà kho","REVIEW #19 | ☏ 0️⃣9️⃣6️⃣3️⃣ ⟡ 4️⃣5️⃣6️⃣ ⟡ 9️⃣6️⃣3️⃣ | Ô đô 24 đời 62 – 6 côn 10 búa, hai bản nhạc Sonodo và Westminster

Trong dòng Ô đô 24, phiên bản đời 62 với cấu hình 6 côn 10 búa luôn để lại dấu ấn riêng nhờ chất âm rất đặc trưng.

Sản phẩm sở hữu hai bản nhạc Sonodo và Westminster, mang đến hai màu sắc hoàn toàn khác nhau. Nếu Westminster quen thuộc với giai điệu trang trọng và mạch lạc thì Sonodo lại nhẹ nhàng, uyển chuyển và có nét duyên rất riêng. Sự chuyển đổi giữa hai bản nhạc giúp việc thưởng thức đồng hồ trở nên thú vị hơn theo thời gian.

Bên cạnh chất âm, dòng đời 62 còn được nhiều người biết đến bởi thiết kế hài hòa, bộ máy bền bỉ và phong cách đậm chất Pháp. Một mẫu đồng hồ mang nhiều giá trị để tìm hiểu và trải nghiệm đối với những người yêu cơ khí cổ.

#donghoco #odo24 #sonodo",157,"06/08/2026 16:16",https://www.facebook.com/reel/1016836641282065/,"Thước phim",,"Trọn đời",2,+11.4x,0.03,0.03,0,1641,14,0,13,0,0,1476,1765,11.978,19224.966
1596830585337287,100050310827163,"Đồng hồ Nhà kho","Đồng hồ vai bò Đức 4 côn – Dáng đẹp, âm thanh trong trẻo- Mã số B88
💵: 4tr2
✨ Thùng vỏ nổi bật với đường chỉ đồng chạy dọc thân, kết hợp tông màu nâu trầm tạo cảm giác sang trọng và ấm cúng khi trưng bày trong không gian sống.

✨ Mặt số La Mã nổi cổ điển, kim dáng lá mềm mại, bố cục hài hòa giúp chiếc đồng hồ giữ được nét đẹp mộc mạc nhưng đầy cuốn hút.

⚙️ Bộ máy cơ khí Đức 4 côn hoạt động ổn định, cơ cấu đơn giản, bền bỉ theo thời gian.

🔔 Chất âm trong trẻo, nhẹ nhàng, rất phù hợp cho phòng khách, phòng làm việc hoặc phòng ngủ.

📏 Kích thước: 56 x 22 cm

💫 Một mẫu đồng hồ mang đậm hơi thở châu Âu xưa, vừa là vật dụng xem giờ vừa là điểm nhấn nội thất đầy cảm xúc.

📞 0963 • 456 • 963
🏠 Khu đô thị Văn Phú, phường Phú La, quận Hà Đông, Hà Nội

#dong_ho_co #dong_ho_vai_bo #dong_ho_Duc #dong_ho_de_ban #dong_ho_co_chau_au #dong_ho_binh_boong #dong_ho_xua #gioi_suu_tam_dong_ho #do_xua_chau_au #dong_ho_noi_that #dong_ho_decor #sua_chua_dong_ho_co",0,"06/09/2026 01:08",https://www.facebook.com/donghonhakho.vn/posts/pfbid02agrWxEuEH2EE8Q9Lfrc8Amdq5c4Z24VBGZoVRPczMsPeWMZXaXCpPa13bJBvfpowl,Ảnh,,"Trọn đời",1,--,0.03,0.03,0,533,3,0,2,0,0,515,777,,
1596835375336808,100050310827163,"Đồng hồ Nhà kho","Đồng Hồ Tủ Junhan Côn Hoa Thị – Chất Âm Đặc Trưng Của Đồng Hồ Đức | ☎️ ⓪⑨⑥③ ✦ ④⑤⑥ ✦ ⑨⑥③

🕰️ Những chiếc đồng hồ tủ Junhan sử dụng bộ côn hoa thị luôn được nhiều người yêu đồng hồ cổ biết đến bởi chất âm rất riêng.

🔔 Bộ côn hoa thị cho âm thanh rõ tiếng, mạch lạc và có độ vang rất dễ chịu trong không gian rộng.
🎵 Khi kết hợp với thùng tủ lớn, âm thanh được cộng hưởng tốt hơn, tạo cảm giác đầy đặn và cuốn hút mỗi khi điểm nhạc.
⚙️ Bộ máy Đức nổi tiếng với độ bền, sự ổn định và khả năng vận hành bền bỉ qua nhiều thập kỷ.

✨ Một dòng đồng hồ vừa mang nét đẹp cơ khí cổ điển, vừa sở hữu chất âm đặc trưng được nhiều người yêu thích.

#dongho #donghoco #junhan #thuongam #suutam",69,"06/09/2026 01:15",https://www.facebook.com/reel/1517112436617660/,"Thước phim",,"Trọn đời",4,+8.4x,0.02,0.02,0,1371,20,1,13,2,1,1279,1515,8.318,11819.988
1596835438670135,100050310827163,"Đồng hồ Nhà kho","Ô Đô 62 – Kim Lá Lúa Và Chất Âm Đặc Trưng Của Một Thời Kỳ | 📲 không chín sáu ba • bốn năm sáu • chín sáu ba

🕰️ Kim lá lúa là kiểu kim truyền thống thường gặp trên dòng Ô Đô 62, mang vẻ đẹp thanh thoát và rất đặc trưng.

✨ Thiết kế mảnh, gọn và thoáng giúp tổng thể mặt số trở nên hài hòa, dễ quan sát và đậm chất đồng hồ châu Âu xưa.
🔔 Bộ máy 6 côn 10 búa chơi hai bản nhạc Sonodo và Westminster tạo nên phong cách thưởng âm rất riêng của dòng máy này.
🎵 Âm thanh rõ tiếng, mạch lạc và mang nét cổ điển đặc trưng khiến nhiều người chơi lâu năm vẫn dành nhiều tình cảm cho Ô Đô 62.

📚 Một dòng đồng hồ không chỉ có chất âm riêng mà còn sở hữu nhiều chi tiết nhận diện rất đặc trưng, trong đó có bộ kim lá lúa quen thuộc.

#dongho #donghoco #odo62 #thuongam #suutam",33,"06/09/2026 01:15",https://www.facebook.com/reel/1024905806716511/,"Thước phim",,"Trọn đời",2,+3.5x,0.01,0.01,0,1399,8,0,6,1,0,1312,1590,7.376,10511.721
1596838242003188,100050310827163,"Đồng hồ Nhà kho","Cần Chuyển Bài Nhạc Trên Ô Đô Sonodo Hoạt Động Ra Sao? | ☏ ⓪⑨⑥③ ⟡ ④⑤⑥ ⟡ ⑨⑥③

🕰️ Trên các dòng Ô Đô chơi hai bản nhạc Sonodo và Westminster thường được trang bị một cần chuyển bài để người sử dụng lựa chọn giai điệu yêu thích.

🎵 Khi gạt cần sang từng vị trí, bộ máy sẽ chuyển đổi cơ cấu điều khiển trống nhạc để phát bản nhạc tương ứng.
🔔 Anh em có thể dễ dàng chuyển đổi qua lại giữa bản Westminster quen thuộc và bản Sonodo đặc trưng chỉ bằng một thao tác đơn giản.
✨ Đây là một chi tiết thú vị, giúp chiếc đồng hồ mang đến nhiều cảm xúc thưởng âm khác nhau mà không cần can thiệp vào bộ máy.

📚 Chính những cơ cấu cơ khí nhỏ như vậy đã tạo nên sức hấp dẫn riêng của những chiếc đồng hồ cổ chơi hai bài nhạc.

#dongho #donghoco #thuongam #cokhi #suutam",33,"06/09/2026 01:20",https://www.facebook.com/reel/929834936784077/,"Thước phim",,"Trọn đời",0,+0.6x,0.01,0.01,0,1277,5,1,4,1,0,1249,1408,6.528,8383.129
1596840375336308,100050310827163,"Đồng hồ Nhà kho","Chức Năng Ngắt Chuông Trên Các Dòng Ô Đô Máy Hoa Dâu | ☎️ ⓪⑨⑥③ ✦ ④⑤⑥ ✦ ⑨⑥③

🕰️ Trên hầu hết các dòng Ô Đô máy hoa dâu, nhà sản xuất đều trang bị sẵn chức năng ngắt chuông rất tiện lợi cho người sử dụng.

⚙️ Cơ cấu này thường được thiết kế kèm một mũi tên chỉ hướng cùng chữ STOP trên mặt máy hoặc gần khu vực điều khiển.
🔔 Anh em chỉ cần gạt cần theo đúng vị trí là có thể chủ động bật hoặc tắt phần nhạc và chuông theo nhu cầu sử dụng.
🎵 Nhờ vậy đồng hồ vẫn hoạt động bình thường nhưng có thể hạn chế âm thanh vào những thời điểm cần yên tĩnh.

✨ Đây là một chi tiết nhỏ nhưng thể hiện sự thực dụng và tính tiện nghi trong thiết kế của những bộ máy Ô Đô cổ.

📚 Những cơ cấu như vậy góp phần tạo nên sức hấp dẫn và sự thân thiện trong quá trình sử dụng đồng hồ cổ hằng ngày.

#dongho #donghoco #odo #cokhi #suutam",24,"06/09/2026 01:24",https://www.facebook.com/reel/1667474531141596/,"Thước phim",,"Trọn đời",0,+0.8x,0.02,0.02,0,2089,11,1,10,2,0,1985,2443,8.568,17754.888
1596867215333624,100050310827163,"Đồng hồ Nhà kho","Vì Sao Đồng Hồ Châu Âu Thường Là Cót Tuần? | 📲 không chín sáu ba • bốn năm sáu • chín sáu ba

🕰️ Nếu để ý, anh em sẽ thấy phần lớn đồng hồ cổ châu Âu được thiết kế theo tiêu chuẩn cót tuần, tức mỗi tuần lên cót một lần.

⚙️ Các nhà sản xuất châu Âu thường ưu tiên sự ổn định, độ bền và chất lượng vận hành hơn là kéo dài thời gian giữa các lần lên cót.
🔔 Với chu kỳ 7 ngày, lực cót luôn tương đối ổn định giúp đồng hồ chạy đều và cho chất âm tốt hơn trên các dòng đồng hồ chơi chuông, chơi nhạc.
✨ Trong khi đó các dòng đồng hồ 15 ngày hoặc 30 ngày thường gặp nhiều hơn trên đồng hồ Nhật Bản hoặc Trung Quốc sản xuất ở giai đoạn sau này.

📚 Chính vì vậy, cót tuần gần như đã trở thành một đặc trưng quen thuộc của nhiều dòng đồng hồ cổ châu Âu.

#dongho #donghoco #cokhi #thuongam #suutam",21,"06/09/2026 02:07",https://www.facebook.com/reel/1940044989993487/,"Thước phim",,"Trọn đời",4,+6.7x,0.03,0.03,0,3042,28,2,25,0,0,3013,3784,8.306,25443.623
1596960238657655,100050310827163,"Đồng hồ Nhà kho","REVIEW #21 | ☎️ 0️⃣9️⃣6️⃣3️⃣ ✦ 4️⃣5️⃣6️⃣ ✦ 9️⃣6️⃣3️⃣ | Normandie 17 búa 11 côn và bản nhạc Ma Normandie

Nhắc đến những bộ máy có cấu hình ấn tượng của đồng hồ cổ Pháp, Normandie 17 búa 11 côn luôn là cái tên khiến nhiều người chú ý.

Với hệ thống 17 búa hoạt động trên 11 côn, chiếc đồng hồ tạo nên âm thanh dày, giàu lớp lang và có độ lan tỏa rất đặc biệt. Điểm nổi bật nhất chính là bản nhạc Ma Normandie – giai điệu gắn liền với vùng Normandy của nước Pháp, mang âm hưởng nhẹ nhàng, sâu lắng và rất dễ nhận biết đối với những người yêu đồng hồ nhạc cổ.

Không chỉ là một bộ máy cơ khí phức tạp, đây còn là sự kết hợp giữa kỹ thuật chế tác và nghệ thuật âm nhạc, tạo nên một dấu ấn rất riêng trong thế giới đồng hồ cổ châu Âu.

#donghoco #normandie #manormandie",21,"06/09/2026 04:42",https://www.facebook.com/reel/27402207452725562/,"Thước phim",,"Trọn đời",39,+89x,0.68,0.68,0,82724,1408,177,1288,96,33,80315,103720,10.616,863616.487
1596967895323556,100050310827163,"Đồng hồ Nhà kho","REVIEW #22 | 📱 𝟎𝟗𝟔𝟑 ✧ 𝟒𝟓𝟔 ✧ 𝟗𝟔𝟑 | Đồng hồ vai bò nhỏ gọn nhưng đầy sức hút

Không phải lúc nào những chiếc đồng hồ lớn mới tạo được ấn tượng. Nhiều mẫu đồng hồ vai bò với kích thước nhỏ gọn lại được yêu thích nhờ sự hài hòa và dễ bố trí trong không gian sống.

Thiết kế vai bò mềm mại, cân đối kết hợp cùng bộ máy cơ khí cổ tạo nên nét đẹp rất riêng của dòng đồng hồ này. Bên cạnh đó, chất âm ấm áp, rõ ràng và dễ nghe cũng là lý do khiến nhiều người dành sự quan tâm đặc biệt cho đồng hồ vai bò.

Gọn gàng trên kệ, bàn làm việc hay tủ trưng bày nhưng vẫn đủ sức trở thành điểm nhấn nổi bật trong không gian. Một mẫu đồng hồ phù hợp với những ai yêu vẻ đẹp cổ điển và sự tinh tế của cơ khí xưa.

#donghoco #vaibo #donghoxua #donghoqulac #gioisuutam",55,"06/09/2026 04:54",https://www.facebook.com/reel/1716639052798445/,"Thước phim",,"Trọn đời",2,+3.5x,0.01,0.01,0,676,9,0,6,2,0,604,818,8.925,6372.53
1597396748614004,100050310827163,"Đồng hồ Nhà kho","REVIEW #23 | ☏ O963 ⟡ 456 ⟡ 963 | Đồng hồ 31 ngày – một cấu hình không quá phổ biến

Khi tìm hiểu về đồng hồ cổ châu Âu, nhiều người khá bất ngờ khi biết rằng phần lớn các dòng đồng hồ nhạc được thiết kế với chu kỳ lên cót khoảng một tuần.

Những chiếc đồng hồ lên cót 31 ngày thực tế không xuất hiện nhiều và thường gặp trên các mẫu đồng hồ hai lỗ cót, tập trung vào chức năng xem giờ và điểm chuông đơn giản. Nhờ bộ cót lớn cùng cơ cấu tiêu thụ năng lượng tiết kiệm hơn, đồng hồ có thể hoạt động liên tục trong thời gian dài sau mỗi lần lên cót.

Trong khi đó, các dòng đồng hồ chơi nhạc của châu Âu với nhiều búa, nhiều côn và cơ cấu phức tạp thường sử dụng thiết kế cót tuần. Đây là giải pháp hợp lý để đảm bảo năng lượng cho cả phần máy chạy, phần điểm giờ và phần trình diễn âm nhạc.

Một chi tiết thú vị cho thấy sự khác biệt trong tư duy thiết kế của từng dòng đồng hồ cổ.

#donghoco #dongho31ngay #donghoqulac #donghoxua #gioisuutam",10,"06/09/2026 16:09",https://www.facebook.com/reel/1007730098572953/,"Thước phim",,"Trọn đời",0,+0.4x,0,0,0,726,4,0,4,0,0,665,932,4.537,3293.963
1597399558613723,100050310827163,"Đồng hồ Nhà kho","Normandie 17 Búa 11 Côn – Dàn Nhạc Cơ Khí Đầy Ấn Tượng | ☏ ⓪⑨⑥③ ⟡ ④⑤⑥ ⟡ ⑨⑥③

🕰️ Trong thế giới đồng hồ cổ châu Âu, Normandie 17 búa 11 côn là một trong những dòng máy gây ấn tượng mạnh bởi quy mô bộ nhạc và chất âm rất đặc trưng.

🎵 Với 17 búa hoạt động trên hệ thống 11 côn, bộ máy có khả năng thể hiện những bản nhạc phức tạp với nhiều lớp âm thanh khác nhau.
🔔 Từng nhóm búa phối hợp nhịp nhàng tạo nên âm thanh dày, vang, chuyển nốt rõ và giàu cảm xúc khi thưởng thức.
✨ Khi toàn bộ dàn búa cùng hoạt động, chuyển động cơ khí bên trong tạo cảm giác như một dàn nhạc thu nhỏ được vận hành hoàn toàn bằng cơ học.

📚 Đây là dòng đồng hồ được nhiều người yêu thích bởi bộ nhạc lớn, chất âm ấn tượng và dấu ấn cơ khí đặc sắc của đồng hồ cổ châu Âu.

#dongho #donghoco #normandie #thuongam #suutam",13,"06/09/2026 16:15",https://www.facebook.com/reel/2076179189775609/,"Thước phim",,"Trọn đời",0,+0.6x,0.01,0.01,0,803,9,0,6,3,0,733,1067,7.555,6097.143
1597402471946765,100050310827163,"Đồng hồ Nhà kho","REVIEW #24 | 📞 0️⃣9️⃣6️⃣3️⃣ ✦ 4️⃣5️⃣6️⃣ ✦ 9️⃣6️⃣3️⃣ | Dấu thời gian từ ngày 02/03/1939

Điều thú vị nhất trên chiếc đồng hồ này không chỉ nằm ở bộ máy 17 búa 11 côn mà còn ở việc sản phẩm vẫn còn lưu giữ nguyên dây treo ghi ngày 02/03/1939 – một chi tiết nhỏ nhưng mang giá trị lịch sử rất đặc biệt.

Cứ mỗi 15 phút, đồng hồ lại cất lên giai điệu quen thuộc với âm thanh réo rắt, ngân vang và giàu cảm xúc. Hệ thống 17 búa hoạt động trên 11 côn tạo nên những lớp âm thanh dày dặn, giúp bản nhạc trở nên sống động và cuốn hút hơn.

Hơn 80 năm đã trôi qua, nhưng những dấu tích thời gian cùng chất âm đặc trưng ấy vẫn khiến người xem cảm nhận được vẻ đẹp của một giai đoạn chế tác cơ khí đầy tinh hoa.

#donghoco #17bua11con #donghoPhap",54,"06/09/2026 16:20",https://www.facebook.com/reel/1528525965473321/,"Thước phim",,"Trọn đời",0,+0.7x,0.01,0.01,0,724,6,0,6,0,0,642,833,9.581,6965.761
1597409591946053,100050310827163,"Đồng hồ Nhà kho","REVIEW #25 | ☎️ 𝟎𝟗𝟔𝟑 ✧ 𝟒𝟓𝟔 ✧ 𝟗𝟔𝟑 | Đồng hồ Đức 8 côn hoa thị – bền bỉ cùng năm tháng

Trong giới chơi đồng hồ cổ tại Việt Nam, những chiếc đồng hồ Đức 8 côn sử dụng củ côn hoa thị luôn có một vị trí rất riêng.

Bộ máy được đánh giá cao nhờ độ bền, khả năng vận hành ổn định và kết cấu cơ khí chắc chắn. Khi kết hợp với dàn côn hoa thị đặc trưng, chiếc đồng hồ tạo ra chất âm trong trẻo, rõ ràng và có độ ngân dễ chịu, phù hợp với nhiều không gian thưởng thức.

Trải qua nhiều thập kỷ, thương hiệu này vẫn xuất hiện thường xuyên trong các bộ sưu tập lớn nhỏ bởi sự cân bằng giữa ngoại hình, chất lượng cơ khí và âm thanh. Một dòng đồng hồ đã để lại dấu ấn rất sâu đậm trong cộng đồng yêu đồng hồ cổ tại Việt Nam.

#donghoco #donghoduc #8con #hoathi #gioisuutam",85,"06/09/2026 16:35",https://www.facebook.com/reel/1521042816318492/,"Thước phim",,"Trọn đời",0,+7.3x,0.02,0.02,0,841,10,0,9,1,0,795,976,12.065,10557.189
1597418988611780,100050310827163,"Đồng hồ Nhà kho","REVIEW #26 | 📱 O963 ✦ 456 ✦ 963 | Vê đét 8 côn 8 búa – chất âm làm nên tên tuổi

Khi nhắc đến những chiếc đồng hồ Pháp có chất âm dễ nghe, nhiều người sẽ nghĩ ngay đến dòng Vê đét 8 côn 8 búa sử dụng côn lòng máng.

Điểm hấp dẫn của bộ máy này nằm ở âm thanh ấm áp, ngân nga và rất giàu cảm xúc. Mỗi lần bản nhạc cất lên, các búa tác động lên dàn côn lòng máng tạo nên những nốt nhạc mềm mại, tròn tiếng và có độ lan tỏa dễ chịu trong không gian.

Không chỉ sở hữu chất âm nổi bật, dòng Vê đét 8 côn còn được yêu thích nhờ thiết kế hài hòa, cơ khí bền bỉ và phong cách đậm chất Pháp. Một mẫu đồng hồ khiến nhiều người nhớ đến ngay từ những nốt nhạc đầu tiên.

#donghoco #ve_det #8con8bua #donghoPhap #gioisuutam",39,"06/09/2026 16:53",https://www.facebook.com/reel/1538854731027532/,"Thước phim",,"Trọn đời",2,+3.4x,0.01,0.01,0,1258,8,1,6,0,0,1115,1427,7.026,8789.967
1597508791936133,100050310827163,"Đồng hồ Nhà kho","🕰️ Những bộ máy Ô đô đời 1957 vẫn có những giá trị rất riêng về kết cấu, vật liệu và chất lượng chế tạo.

Trải qua hàng chục năm sử dụng, nhiều bộ máy vẫn vận hành ổn định, bền bỉ và giữ được độ tin cậy đáng nể. Đây không chỉ là cảm nhận của người chơi đồng hồ cổ mà còn là điều được nhiều anh em thợ sửa chữa, những người thường xuyên tiếp xúc với các bộ máy này công nhận.

Có những giá trị mà chỉ khi tháo máy, bảo dưỡng và quan sát từng chi tiết bên trong, chúng ta mới thực sự cảm nhận hết được.",30,"06/09/2026 19:40",https://www.facebook.com/reel/847005894723215/,"Thước phim",,"Trọn đời",9,+13.8x,0.03,0.03,0,3004,33,1,23,1,0,2804,3671,10.08,30008.548
1597514708602208,100050310827163,"Đồng hồ Nhà kho","REVIEW #27 | ☏ 0️⃣9️⃣6️⃣3️⃣ ⟡ 4️⃣5️⃣6️⃣ ⟡ 9️⃣6️⃣3️⃣ | Atmos – chiếc đồng hồ gần như không cần lên cót

Trong thế giới đồng hồ cơ khí, Atmos luôn là một cái tên đặc biệt bởi nguyên lý vận hành khiến nhiều người lần đầu tìm hiểu đều cảm thấy thích thú.

Chiếc đồng hồ này hoạt động nhờ sự thay đổi rất nhỏ của nhiệt độ môi trường. Khi nhiệt độ tăng hoặc giảm, hộp khí đặc biệt bên trong sẽ giãn nở và co lại, từ đó tích lũy năng lượng để duy trì hoạt động của bộ máy.

Nhờ cơ cấu tiêu thụ năng lượng cực thấp, Atmos có thể vận hành trong thời gian rất dài mà gần như không cần sự can thiệp của con người. Chuyển động chậm rãi của bánh xe cân bằng cùng vẻ đẹp cơ khí tinh xảo đã biến Atmos trở thành một trong những biểu tượng nổi tiếng của ngành chế tác đồng hồ Thụy Sĩ.

#Atmos #donghoco #donghoThuySi #cohikhico #gioisuutam",20,"06/09/2026 19:50",https://www.facebook.com/reel/962533909928284/,"Thước phim",,"Trọn đời",2,+3.4x,0.02,0.02,0,3259,17,0,14,2,0,3132,3636,3.72,12102.901
1597546571932355,100050310827163,"Đồng hồ Nhà kho","REVIEW #28 | 📞 𝟎𝟗𝟔𝟑 ✧ 𝟒𝟓𝟔 ✧ 𝟗𝟔𝟑 | Đồng hồ vai bò 30 phút mới điểm chuông một lần

Không phải ai cũng thích tiếng chuông vang lên sau mỗi 15 phút. Với những anh em yêu sự yên tĩnh, các dòng đồng hồ vai bò điểm chuông mỗi 30 phút lại là một lựa chọn rất thú vị.

Nhờ khoảng thời gian điểm chuông thưa hơn, chiếc đồng hồ tạo cảm giác nhẹ nhàng và dễ chịu trong sinh hoạt hằng ngày. Mỗi lần tiếng chuông vang lên đều rõ ràng, vừa đủ để cảm nhận sự hiện diện của thời gian mà không gây cảm giác quá dày đặc.

Kết hợp với kiểu dáng vai bò cổ điển và chất âm ấm áp đặc trưng, đây là mẫu đồng hồ phù hợp với những không gian cần sự thư thái và yên bình.

#donghoco #vaibo #donghoqulac #donghoxua #gioisuutam",33,"06/09/2026 20:45",https://www.facebook.com/reel/2124856121414735/,"Thước phim",,"Trọn đời",4,+6.3x,0.01,0.01,0,1415,14,0,10,0,0,1328,1611,6.52,9317.394
1580378766982469,100050310827163,"Đồng hồ Nhà kho","Số 487 – Đồng hồ để bàn Italy bằng đồng mạ vàng ✦ ☎️ 𝟎𝟗𝟔𝟑 • 𝟒𝟓𝟔 • 𝟗𝟔𝟑

Một mẫu đồng hồ để bàn mang đậm phong cách châu Âu cổ điển với phần thân đúc bằng đồng mạ vàng nổi bật, tạo hình hai thiên thần nâng mặt số rất mềm mại và nghệ thuật.

Tổng thể chiếc đồng hồ tạo cảm giác sang trọng nhưng vẫn nhẹ nhàng, phù hợp bày phòng khách, bàn làm việc hay không gian sưu tầm mang phong cách cổ điển.

Máy chơi chuông chén, cót tuần, cứ mỗi 30 phút lại điểm chuông một lần với tiếng chuông vang thanh và rất thư thái.

Những mẫu đồng hồ để bàn Italy nguyên bản với độ hoàn thiện cao như vậy luôn có sức hút riêng với người yêu đồ xưa và giới sưu tầm đồng hồ cổ châu Âu.

#dong_ho_italy #dong_ho_de_ban #dong_ho_dong_ma_vang #dong_ho_chuong_chen #dong_ho_co #dong_ho_chau_au #dong_ho_xua #suu_tam_dong_ho #dong_ho_trang_tri #thuong_am_dong_ho",13,"05/21/2026 05:04",https://www.facebook.com/reel/1668575107590562/,"Thước phim",,"Trọn đời",10,+15.5x,0.01,0.01,0,2881,35,4,25,0,1,2814,3643,5.308,15640.081
1561467872206892,100050310827163,"Đồng hồ Nhà kho","Đồng Hồ Cổ Ô đô 62/10 – Dễ Chơi, Âm Dễ Nghe | 0️⃣9️⃣6️⃣3️⃣✦4️⃣5️⃣6️⃣✦9️⃣6️⃣3️⃣

👉 Dòng 62/10 là lựa chọn quen thuộc cho anh em muốn chơi đồng hồ cổ với mức tiếp cận hợp lý.
 • 🕰️ Cấu hình 10 côn 10 búa, bố cục máy cân đối
 • 🎼 Chơi 2 bản nhạc cơ khí, nhịp đánh đều đặn
 • 🔔 Điểm giờ rõ ràng, tạo cảm giác rất có hồn
 • 🎶 Âm thanh dễ nghe, nhẹ nhàng, phù hợp nhiều không gian
 • ⚙️ Bộ máy ổn định, vận hành bền bỉ

👉 Dòng này phù hợp anh em thích sự nhẹ nhàng, không quá gắt, dễ nghe lâu dài.

👉 Một lựa chọn hợp lý để bắt đầu hoặc bổ sung vào bộ sưu tập.

#donghoco #donghoo_do #odo62_10 #10con10bua #2bainhac #donghocokhi #donghoxua #donghosuutam #dochoixua #amthanhdongho",76,"04/28/2026 07:17",https://www.facebook.com/reel/2500378617077364/,"Thước phim",,"Trọn đời",9,+28x,0,0,0,2673,34,1,25,0,0,2483,2961,11.44,30178.954
1561220008898345,100050310827163,"Đồng hồ Nhà kho","Bộ Bình Trà Bavaria Đức Mạ Vàng – Họa Tiết Đôi Tình Nhân Sang Trọng- Mã số D25
💵: 6tr5
✨ Bộ gồm: 1 ấm trà, 1 bình đường, 1 bình sữa và 12 tách kèm đĩa – tổng thể đồng bộ, bày lên rất đẹp.

✨ Toàn bộ phủ mạ vàng sáng bóng, nổi bật và sang trọng, tạo điểm nhấn ấn tượng cho không gian.

✨ Họa tiết đôi tình nhân cổ điển, gam màu nhẹ nhàng, mang nét lãng mạn rất riêng của đồ châu Âu xưa.

✨ Form dáng mềm mại, quai cầm uốn lượn tinh tế, thể hiện sự tỉ mỉ trong chế tác.

✨ Dòng Bavaria Đức – giá trị sưu tầm cao, phù hợp trưng bày hoặc làm quà tặng ý nghĩa.

☎️ 0963.456.963
🏠 Khu đô thị Văn Phú, phường Phú La, quận Hà Đông, Hà Nội

#dong_ho_co #do_xua #binh_tra_bavaria #binh_tra_duc #binh_tra_ma_vang #do_suu_tam #do_trang_tri #do_co_chau_au #am_chen_duc #phong_cach_chau_au #do_xua_sang_trong #qua_tang_y_nghia #do_co_duc #binh_tra_co #do_suu_tam_cao_cap",0,"04/28/2026 00:21",https://www.facebook.com/donghonhakho.vn/posts/pfbid0nrTkiu9FuaazpMoMCpa6qzFu7XZULAWRxPwtPBfPivtxdnmkZntCzgnGeu2ykjNVl,Ảnh,,"Trọn đời",0,--,0,0,0,610,2,0,2,0,0,518,853,,
1580348390318840,100050310827163,"Đồng hồ Nhà kho","Số 487 – Đồng hồ để bàn Italy bằng đồng mạ vàng ✦ ☎️ 𝟎𝟗𝟔𝟑 • 𝟒𝟓𝟔 • 𝟗𝟔𝟑

Một mẫu đồng hồ để bàn mang đậm phong cách châu Âu cổ điển với phần thân đúc bằng đồng mạ vàng nổi bật, tạo hình hai thiên thần nâng mặt số rất mềm mại và nghệ thuật.

Tổng thể chiếc đồng hồ tạo cảm giác sang trọng nhưng vẫn nhẹ nhàng, phù hợp bày phòng khách, bàn làm việc hay không gian sưu tầm mang phong cách cổ điển.

Máy chơi chuông chén, cót tuần, cứ mỗi 30 phút lại điểm chuông một lần với tiếng chuông vang thanh và rất thư thái.

Những mẫu đồng hồ để bàn Italy nguyên bản với độ hoàn thiện cao như vậy luôn có sức hút riêng với người yêu đồ xưa và giới sưu tầm đồng hồ cổ châu Âu.

#dong_ho_italy #dong_ho_de_ban #dong_ho_dong_ma_vang #dong_ho_chuong_chen #dong_ho_co #dong_ho_chau_au #dong_ho_xua #suu_tam_dong_ho #dong_ho_trang_tri #thuong_am_dong_ho",12,"05/21/2026 04:17",https://www.facebook.com/reel/919495034469601/,"Thước phim",,"Trọn đời",8,+14.3x,0.01,0.01,0,4965,57,3,44,4,4,4808,5849,4.343,21298.54
1580258626994483,100050310827163,"Đồng hồ Nhà kho","Số 486 – Đồng hồ Reguladora Bồ Đào Nha 10 côn 10 búa ☏ 0️⃣9️⃣6️⃣3️⃣ ✧ 4️⃣5️⃣6️⃣ ✧ 9️⃣6️⃣3️⃣

Một mẫu đồng hồ cổ mang đậm phong cách châu Âu với bộ máy 10 côn 10 búa chơi 2 bản nhạc rất đặc trưng.

Điểm đặc biệt nằm ở bản nhạc Ave Maria Fatima nổi tiếng, một giai điệu gắn liền với hãng Reguladora và rất ít gặp trên những dòng đồng hồ khác.

Âm thanh vang đều, chậm rãi, có độ ngân sâu và tạo cảm giác rất riêng khi thưởng âm trong không gian yên tĩnh.

Tổng thể thùng, mặt số và bộ máy tạo cảm giác sang trọng nhưng vẫn hài hòa, đúng chất những dòng đồng hồ cổ được giới sưu tầm lâu năm yêu thích.

#dong_ho_reguladora #dong_ho_bo_dao_nha #dong_ho_10_con #dong_ho_2_bai_nhac #ave_maria_fatima #dong_ho_co #dong_ho_qua_lac #dong_ho_chau_au #thuong_am_dong_ho #suu_tam_dong_ho",61,"05/21/2026 01:41",https://www.facebook.com/reel/3409381835899297/,"Thước phim",,"Trọn đời",3,+20.1x,0.05,0.05,0,3189,30,1,26,4,0,3088,3609,11.805,38060.765
1580222280331451,100050310827163,"Đồng hồ Nhà kho","Ô Đô 36/10 – Một Trong Những Dòng Đồng Hồ Được Yêu Thích Nhất | 📞 ⓪⑨⑥③ • ④⑤⑥ • ⑨⑥③

🕰️ Ô Đô 36/10 luôn được nhiều anh em chơi đồng hồ cổ đánh giá cao bởi chất âm và cấu trúc bộ máy rất đặc trưng.

🔔 Bộ máy 10 côn 10 búa cho âm thanh vang sâu, chuyển nốt rõ và tạo cảm giác rất cuốn hút khi thưởng âm.
🎵 Đặc biệt phần điểm giờ kép cùng trống nhạc cơ khí tạo nên nét rất riêng mà nhiều dòng đồng hồ khác khó có được.
✨ Dáng thùng dài kết hợp tay lắc lớn giúp tổng thể chiếc đồng hồ vừa nổi bật vừa đậm chất châu Âu xưa.

📚 Với nhiều người chơi lâu năm, Ô Đô 36/10 luôn là một trong những dòng đồng hồ giàu cảm xúc và rất đáng thưởng thức.

#dongho #donghoco #thuongam #co_khi #suutam",27,"05/21/2026 00:36",https://www.facebook.com/reel/989021014024248/,"Thước phim",,"Trọn đời",16,+25.6x,0.05,0.05,0,4512,95,3,78,3,2,4294,5507,9.782,44276.207
1580081547012191,100050310827163,"Đồng hồ Nhà kho","Giai Điệu 15 Trên Đồng Hồ Cổ – Nhẹ Nhàng Và Rất Thư Giãn | ☎️ ⓪⑨⑥③ ✦ ④⑤⑥ ✦ ⑨⑥③

🕰️ Trên nhiều dòng đồng hồ cổ châu Âu, giai điệu 15 phút luôn tạo cảm giác rất đặc biệt trong không gian yên tĩnh.

🎵 Cứ mỗi 15 phút, đồng hồ sẽ chơi một đoạn nhạc ngắn trước khi bước sang các phần nhạc dài hơn ở nửa giờ và đúng giờ.
🔔 Chính kiểu chơi nhạc theo từng quãng thời gian này tạo nên cảm giác rất thư thả và đậm chất đồng hồ cơ khí xưa.
✨ Với các dòng máy nhiều côn và nhiều búa, phần giai điệu 15 thường cho tiếng ngân nhẹ, chuyển nốt mềm và khá cuốn hút khi thưởng âm.

📚 Đây cũng là một trong những âm thanh quen thuộc với nhiều người yêu đồng hồ cổ lâu năm.

#dongho #donghoco #thuongam #co_khi #suutam",11,"05/20/2026 20:21",https://www.facebook.com/reel/1516329289987237/,"Thước phim",,"Trọn đời",5,+8.5x,0.01,0.01,0,2168,30,1,24,2,1,2088,3035,7.364,15893.07
1580080200345659,100050310827163,"Đồng hồ Nhà kho","Giai Điệu 45 Trên Normandie – Chất Âm Rất Riêng Của Đồng Hồ Cổ | ☏ ⓪⑨⑥③ ⟡ ④⑤⑥ ⟡ ⑨⑥③

🕰️ Trên nhiều dòng Normandie cổ, giai điệu 45 luôn tạo cảm giác rất đặc biệt với tiết tấu chậm rãi và giàu chiều sâu.

🎵 Khi bộ nhạc hoạt động, dàn búa sẽ lần lượt gõ vào các thanh côn tạo nên những lớp âm thanh vang và khá cuốn hút.
🔔 Các dòng Normandie nhiều côn thường cho cảm giác chuyển nốt rõ, tiếng dày và ngân dài hơn những dòng máy nhỏ.
✨ Sự kết hợp giữa giai điệu cổ điển và chuyển động cơ khí khiến việc thưởng âm trở nên rất thư giãn.

📚 Với nhiều người chơi lâu năm, chỉ cần nghe vài nhịp đầu là đã nhận ra chất âm rất riêng của Normandie.

#dongho #donghoco #thuongam #co_khi #suutam",11,"05/20/2026 20:18",https://www.facebook.com/reel/1332225689007480/,"Thước phim",,"Trọn đời",5,+8.6x,0,0,0,1325,17,0,10,1,2,1196,1651,4.471,5884.334
1580079140345765,100050310827163,"Đồng hồ Nhà kho","Đồng Hồ Normandie – Dòng Đồng Hồ Nổi Tiếng Với Bộ Nhạc Lớn | 📲 không chín sáu ba • bốn năm sáu • chín sáu ba

🕰️ Normandie là dòng đồng hồ cổ được nhiều anh em yêu thích bởi bộ máy lớn và chất âm rất đặc trưng.

🎵 Nhiều phiên bản sở hữu dàn côn và búa số lượng lớn, cho khả năng chơi những bản nhạc phức tạp với nhiều lớp âm thanh khác nhau.
🔔 Âm thanh của Normandie thường cho cảm giác vang, dày tiếng và khá giàu nhạc tính khi thưởng âm trong không gian yên tĩnh.
✨ Ngoài chất âm, chuyển động đồng bộ của dàn búa và bộ nhạc cũng tạo nên vẻ đẹp cơ khí rất cuốn hút.

📚 Đây là một trong những dòng đồng hồ cơ khí cổ mang đậm nét châu Âu xưa cả về âm thanh lẫn hình thức.

#dongho #donghoco #thuongam #co_khi #suutam",27,"05/20/2026 20:17",https://www.facebook.com/reel/735310812977688/,"Thước phim",,"Trọn đời",1,+2.1x,0.01,0.01,0,1252,22,2,19,2,0,1159,1464,6.573,8243.054
1580070387013307,100050310827163,"Đồng hồ Nhà kho","Âm Thanh Ô Đô 36/10 Nguyên Bản – Chất Âm Rất Riêng Của Đồng Hồ Cổ | ☎️ 0️⃣9️⃣6️⃣③ ✧ 45️⃣6️⃣ ✧ 9️⃣6️⃣③

🕰️ Ô Đô 36/10 nguyên bản luôn được nhiều anh em yêu thích bởi chất âm rất đặc trưng và giàu cảm xúc.

🔔 Bộ máy 10 côn 10 búa cho tiếng chuông vang sâu, chuyển âm rõ và tạo cảm giác rất cuốn hút khi thưởng thức trong không gian yên tĩnh.
🎵 Đặc biệt ở những bộ máy còn nguyên bản, âm thanh thường giữ được độ mộc, độ ngân và nhạc tính rất riêng của đồng hồ châu Âu xưa.
✨ Phần điểm giờ kép cũng tạo nên nét hấp dẫn rất đặc trưng trên dòng máy này.

📚 Một chất âm mà nhiều người chơi lâu năm chỉ cần nghe là nhận ra ngay.

#dongho #donghoco #thuongam #co_khi #suutam",58,"05/20/2026 20:00",https://www.facebook.com/reel/1462636541814147/,"Thước phim",,"Trọn đời",33,+50.5x,0.13,0.13,0,5427,135,8,90,12,2,5116,6338,16.695,89938.84
1580066380347041,100050310827163,"Đồng hồ Nhà kho","Normandie 17 Côn 11 Búa – Dàn Nhạc Cơ Khí Đầy Ấn Tượng | ☏ ⓪⑨⑥③ ⟡ ④⑤⑥ ⟡ ⑨⑥③

🕰️ Những chiếc Normandie 17 côn 11 búa luôn tạo cảm giác rất đặc biệt bởi cấu trúc bộ nhạc lớn và khá hiếm gặp trên đồng hồ cổ.

🎵 Với số lượng côn và búa nhiều, bộ máy có thể chơi những bản nhạc phức tạp với nhiều lớp âm thanh khác nhau.
🔔 Âm thanh cho cảm giác dày tiếng, chuyển nốt rõ và ngân vang rất cuốn hút khi thưởng âm trong không gian yên tĩnh.
✨ Khi toàn bộ dàn búa hoạt động cùng lúc, chuyển động cơ khí tạo cảm giác như một dàn nhạc thu nhỏ bên trong chiếc đồng hồ cổ.

📚 Đây là dòng đồng hồ được nhiều người yêu thích bởi cả chất âm lẫn độ hoàn thiện cơ khí rất ấn tượng.

#dongho #donghoco #thuongam #co_khi #suutam",33,"05/20/2026 19:53",https://www.facebook.com/reel/972795692028468/,"Thước phim",,"Trọn đời",1,+2.5x,0.01,0.01,0,1036,16,1,13,1,1,990,1165,6.281,6501.008
1580060093681003,100050310827163,"Đồng hồ Nhà kho","Côn Đồng Hay Côn Thép Hay Hơn? | ☏ 0963 ~ 456 ~ 963

🕰️ Đây là câu hỏi mà rất nhiều anh em chơi đồng hồ cổ từng tranh luận khá nhiều.

🔔 Thực tế, côn đồng hay côn thép hay hơn còn phụ thuộc vào cảm nhận và sở thích của từng người.
✨ Có bác thích chất âm mạch lạc, rõ tiếng và dứt khoát của côn thép.
🎵 Cũng có bác lại thích độ ấm, ngân sâu và dải âm trầm nhiều của côn đồng.

⚙️ Vì vậy các nhà sản xuất châu Âu xưa thường tạo ra nhiều phiên bản khác nhau, có máy chơi côn thép, có máy chơi côn đồng để người chơi lựa chọn theo gu thưởng âm riêng.

📚 Phần lớn những dòng đồng hồ cao cấp thường sử dụng côn thép bởi khả năng tạo âm rất rõ lớp và giàu nhạc tính.

#dongho #donghoco #thuongam #co_khi #suutam",126,"05/20/2026 19:42",https://www.facebook.com/reel/1932874714097487/,"Thước phim",,"Trọn đời",5,+113.4x,0.29,0.29,0,4758,70,4,52,5,10,4686,5686,34.111,167418.023
1580056413681371,100050310827163,"Đồng hồ Nhà kho","Đồng Hồ Vai Bò Đức 5 Côn 5 Búa – Dáng Cổ Điển Hài Hòa | ☎︎ 0963-456-963

🕰️ Một số chiếc vai bò Đức cổ luôn tạo cảm giác rất cuốn hút bởi kiểu dáng cân đối và nét cơ khí đặc trưng của đồng hồ châu Âu xưa.

✨ Thùng đẹp hài hòa, độ mới cao và giữ được nhiều nét nguyên bản theo thời gian.
🔔 Bộ máy 5 côn 5 búa cho âm thanh vang vừa phải, nghe rõ tiếng và khá thư giãn trong không gian yên tĩnh.
⚙️ Máy hoạt động ổn định, nhịp tích tắc đều và mang cảm giác rất mộc mạc khi thưởng thức.

📚 Đây là dòng đồng hồ được nhiều anh em yêu thích bởi ngoại hình đẹp và chất âm dễ nghe.

#dongho #donghoco #thuongam #co_khi #suutam",19,"05/20/2026 19:36",https://www.facebook.com/reel/26722918060726932/,"Thước phim",,"Trọn đời",13,+19.2x,0,0,0,897,19,1,9,0,0,829,1105,6.519,5926.382
1580045653682447,100050310827163,"Đồng hồ Nhà kho","Số 485 – Đồng hồ cổ Pháp 8 côn 2 bài nhạc ✆ 𝟎𝟗𝟔𝟑 ⟡ 𝟒𝟓𝟔 ⟡ 𝟗𝟔𝟑

Một mẫu đồng hồ cổ mang chất âm rất nhẹ nhàng và dễ nghe.
Máy nguyên bản 8 côn chơi 2 bản nhạc cổ, có thể chuyển đổi qua lại giữa hai giai điệu tạo cảm giác rất thú vị khi thưởng âm.

Cứ mỗi 15 phút đồng hồ lại điểm nhạc một lần, tiếng côn vang đều, âm ngân ấm và có chiều sâu đúng chất đồng hồ châu Âu xưa.

Kiểu dáng trang nhã, dễ treo trong nhiều không gian từ phòng khách tới phòng làm việc, đặc biệt phù hợp với các bác thích nghe tiếng nhạc cổ đều đặn mỗi ngày.

#dong_ho_co #dong_ho_phap #dong_ho_8_con #dong_ho_2_bai_nhac #dong_ho_qua_lac #dong_ho_treo_tuong #dong_ho_xua #thuong_am_dong_ho #dong_ho_chau_au #suu_tam_dong_ho",60,"05/20/2026 19:16",https://www.facebook.com/reel/1254813073150775/,"Thước phim",,"Trọn đời",1,+2.4x,0.01,0.01,0,835,8,2,6,2,0,781,918,11.779,9682.443
1580039273683085,100050310827163,"Đồng hồ Nhà kho","Đồng Hồ Vai Bò Đức Cót Tuần – Vẻ Đẹp Nhẹ Nhàng Của Đồng Hồ Xưa | 𝟎𝟗𝟔𝟑 ✧ 𝟒𝟓𝟔 ✧ 𝟗𝟔𝟑

🕰️ Đồng hồ vai bò Đức cót tuần luôn tạo cảm giác rất nhẹ nhàng với dáng thùng mềm mại và nhịp chạy chậm rãi đặc trưng.

⚙️ Bộ máy không chuông hoạt động ổn định, phù hợp với những không gian cần sự yên tĩnh và thư thái.
✨ Máy cót tuần giúp thời gian sử dụng dài, hạn chế lên cót thường xuyên và tạo cảm giác khá tiện khi sử dụng hằng ngày.
🏛️ Những chiếc máy nguyên bản thường giữ được nét cơ khí rất riêng của đồng hồ Đức đời xưa.

📚 Một dòng đồng hồ mộc mạc, dễ bài phối và mang nhiều cảm giác hoài niệm.

#dongho #donghoco #co_khi #thuongam #suutam",14,"05/20/2026 19:05",https://www.facebook.com/reel/974267732061407/,"Thước phim",,"Trọn đời",55,+80.9x,0.09,0.09,0,17829,201,29,144,6,0,16947,23507,7.537,132690.206
1580018760351803,100050310827163,"Đồng hồ Nhà kho","Ngựa Gai Trên Đồng Hồ Cổ Hoạt Động Ra Sao? | ☎️ 0963•456•963

🕰️ Hình ảnh này là cơ cấu “ngựa gai” – một dạng ngựa đồng hồ rất phổ biến trên các dòng máy cơ khí cổ.

⚙️ Bánh gai sẽ quay theo lực truyền từ dây cót, còn phần ngựa phía trên sẽ nhả từng răng một để tạo dao động đều cho bộ máy.
✨ Chính cơ cấu này giúp đồng hồ duy trì nhịp chạy ổn định và tạo ra tiếng “tích tắc” đặc trưng.
🔔 Nếu ngựa ăn quá nông hoặc quá sâu vào bánh gai, đồng hồ có thể chạy yếu, đứng lắc hoặc tiếng tích tắc không đều.

📚 Khi chỉnh ngựa, thợ thường chỉnh độ ăn khớp giữa đầu ngựa và răng bánh gai sao cho tiếng tích tắc cân, đều và nhịp lắc ổn định nhất.

#dongho #donghoco #co_khi #thuongam #suutam",0,"05/20/2026 18:25",https://www.facebook.com/donghonhakho.vn/posts/pfbid033QmGHGTdrq49URZbtdps7iCrGG7MevLhcrAuSmm5LJsj38ZzadZPBqqKQbxd7o3Cl,Ảnh,,"Trọn đời",1,--,0.03,0.03,0,671,4,0,2,0,1,647,912,,
1580013727018973,100050310827163,"Đồng hồ Nhà kho","Ngựa Đồng Hồ – “Trái Tim” Điều Hòa Của Bộ Máy Cơ Khí | 📲 0963 ⟡ 456 ⟡ 963

🕰️ Trong đồng hồ cổ, ngựa đồng hồ là bộ phận giữ vai trò điều hòa và kiểm soát dao động của toàn bộ máy.

⚙️ Bộ phận này nhận năng lượng truyền từ dây cót, sau đó nhả lực theo từng nhịp nhỏ để duy trì chuyển động ổn định cho quả lắc hoặc bánh lắc.
✨ Có thể hiểu đây là cơ cấu dao động điều hòa cưỡng bức, liên tục bù lại phần năng lượng đã hao hụt do ma sát và lực cản trong quá trình hoạt động.
🔔 Đồng thời chính cơ cấu này cũng tạo ra tiếng “tích tắc” rất đặc trưng của đồng hồ cơ khí cổ.

📚 Một bộ ngựa hoạt động chuẩn sẽ giúp đồng hồ chạy đều, ổn định và giữ nhịp thời gian chính xác hơn.

#dongho #donghoco #co_khi #thuongam #suutam",0,"05/20/2026 18:16",https://www.facebook.com/donghonhakho.vn/posts/pfbid025qRnEm6csXw1fhYvESgUcL7i1v6XDyVdZ16aXfUiS1f8TmtAGVfnaMWx7xngLWSZl,Ảnh,,"Trọn đời",1,--,0.03,0.03,0,814,7,0,5,1,1,800,1163,,
1579716743715338,100050310827163,"Đồng hồ Nhà kho","🕰️ The music of the ODO 36/10 is produced by a pinned drum mechanism which controls the hammer levers, allowing the hammers to strike the steel chime rods and create the melody.",10,"05/20/2026 08:59",https://www.facebook.com/reel/808766622092184/,"Thước phim",,"Trọn đời",3,+5.4x,0,0,0,3514,49,1,46,0,0,3398,4782,6.978,23727.183
1579710417049304,100050310827163,"Đồng hồ Nhà kho","Music Drum On The Ô Đô 36/10 Clock | 𝟎𝟗𝟔𝟑 ✧ 𝟒𝟓𝟔 ✧ 𝟗𝟔𝟑

🕰️ One of the most fascinating parts of the Ô Đô 36/10 clock is its musical drum mechanism.

🎵 The pinned music drum controls the melody by guiding each hammer to strike different chime rods in sequence.
🔔 Combined with the 10 hammers and 10 rods, the clock produces deep, layered and very characteristic melodies.
✨ The movement of the drum while the music plays creates a mechanical beauty that many antique clock enthusiasts truly appreciate.

📚 For many collectors, watching the music drum operate is just as enjoyable as listening to the chimes themselves.

#clock #antique #chime #mechanical #vintage",9,"05/20/2026 08:50",https://www.facebook.com/reel/1776952106614541/,"Thước phim",,"Trọn đời",14,+50.5x,0,0,0,113566,1256,123,1194,77,30,111765,200793,10.769,1203148.808
1579693393717673,100050310827163,"Đồng hồ Nhà kho","Vì Sao Đồng Hồ Ông Tây Đánh Chuông Có Chất Âm Rất Riêng? | ☏ 0963 ~ 456 ~ 963

🕰️ Nhiều người mới chơi thường nghĩ âm thanh của đồng hồ ông Tây đánh chuông phát ra từ quả chuông phía trên.

🔔 Thực tế, phần tạo nên tiếng ngân đặc trưng lại nằm ở thanh côn phía dưới bộ máy.
✨ Khi búa gõ vào thanh côn, âm thanh tạo ra sẽ trầm hơn, ấm hơn và ngân khá dễ chịu trong không gian yên tĩnh.
🎵 Quả chuông phía trên chủ yếu tạo điểm nhấn về hình thức và cơ cấu hoạt động cổ điển của đồng hồ.

📚 Đây cũng là một trong những nét âm thanh rất riêng khiến nhiều người yêu thích dòng đồng hồ ông Tây đánh chuông.

#dongho #donghoco #thuongam #co_khi #suutam",33,"05/20/2026 08:25",https://www.facebook.com/reel/2217804632298603/,"Thước phim",,"Trọn đời",2,+3.7x,0.01,0.01,0,993,14,0,12,0,0,945,1164,9.551,9351.308
1579641817056164,100050310827163,"Đồng hồ Nhà kho","Cam Nhạc Trên Đồng Hồ Cổ Hoạt Động Ra Sao? | 📞 0963 456 963

🕰️ Cam nhạc là một trong những bộ phận rất thú vị trên đồng hồ cổ chơi nhạc.

🎵 Đây là phần điều khiển toàn bộ giai điệu của bản nhạc thông qua các rãnh và chốt được sắp xếp sẵn trên trống nhạc.
🔔 Khi cam quay, từng búa sẽ lần lượt gõ vào côn để tạo thành giai điệu hoàn chỉnh.
✨ Những bộ cam được chế tác càng phức tạp thì bản nhạc chơi ra càng nhiều lớp âm và chuyển nốt mềm mại hơn.

📚 Với nhiều người chơi lâu năm, ngắm cam nhạc hoạt động cũng là một nét đẹp rất riêng của đồng hồ cơ khí châu Âu xưa.

#dongho #donghoco #thuongam #co_khi #suutam",18,"05/20/2026 07:12",https://www.facebook.com/reel/1520417719441615/,"Thước phim",,"Trọn đời",3,+32.8x,0.6,0.6,0,83438,1038,95,972,72,31,77911,125630,13.199,1089197.058
1579629403724072,100050310827163,"Đồng hồ Nhà kho","Trống Nhạc Trên Ô Đô 36/10 Có Gì Đặc Biệt? | ☎️ 0963•456•963

🕰️ Trên nhiều dòng Ô Đô 36/10 cổ, phần trống nhạc luôn là chi tiết tạo cảm giác rất cuốn hút khi bộ máy hoạt động.

🎵 Khi đồng hồ chơi nhạc, trống sẽ quay nhịp nhàng để điều khiển toàn bộ giai điệu của dàn côn và búa.
🔔 Chính sự kết hợp giữa trống nhạc, 10 côn và 10 búa tạo nên những bản nhạc ngân vang và nhiều lớp âm đặc trưng.
✨ Đặc biệt ở các bản có điểm giờ kép, phần chuyển nhạc và điểm chuông tạo cảm giác rất sống động và đậm chất cơ khí châu Âu xưa.

📚 Đây cũng là một trong những nét hấp dẫn khiến Ô Đô 36/10 được nhiều người yêu thích.

#dongho #donghoco #thuongam #co_khi #suutam",13,"05/20/2026 06:54",https://www.facebook.com/reel/3087458594781602/,"Thước phim",,"Trọn đời",0,+0.9x,0.01,0.01,0,2222,26,0,24,3,0,2269,3273,8.309,19435.098
1579623693724643,100050310827163,"Đồng hồ Nhà kho","Tiếng Chuông Điểm Giờ Kép – Nét Cuốn Hút Của Ô Đô 10 Côn Cao Cấp | 0️⃣9️⃣6️⃣3️⃣✦4️⃣5️⃣6️⃣✦9️⃣6️⃣3️⃣

🕰️ Trên nhiều dòng Ô Đô 10 côn cao cấp, tiếng điểm giờ kép luôn là chi tiết khiến nhiều anh em chơi lâu năm rất thích thú.

🔔 Sau phần nhạc dạo, đồng hồ sẽ điểm giờ với kiểu “bính boong” kép đặc trưng, tạo cảm giác dày tiếng và rất uy lực.
✨ Chính kiểu điểm chuông này giúp âm thanh trở nên cuốn hút và khác biệt rõ so với nhiều dòng máy thông thường.
🎵 Khi kết hợp cùng dàn 10 côn 10 búa, tổng thể bản nhạc cho cảm giác ngân vang, nhiều lớp âm và đậm chất châu Âu xưa.

📚 Đây cũng là một trong những nét đặc trưng làm nên sức hút riêng của các đời Ô Đô 10 côn cổ.

#dongho #donghoco #thuongam #co_khi #suutam",16,"05/20/2026 06:46",https://www.facebook.com/reel/1647016556414741/,"Thước phim",,"Trọn đời",16,+48.4x,1.9,1.9,0,118298,946,81,884,72,27,116799,197717,16.425,1926840.873
1579519693735043,100050310827163,"Đồng hồ Nhà kho","Số 483 – Đồng Hồ Hemner Đức Nguyên Bản | ☎️ 0963 ✦ 456 ✦ 963

🕰️ Một mẫu đồng hồ cổ Đức mang phong cách trang nhã, hài hòa và rất dễ tạo cảm tình khi treo trong không gian phòng khách hay phòng làm việc.

✨ Điểm nổi bật của mẫu này nằm ở bộ máy nguyên bản vận hành ổn định, chất âm vang ấm và dễ nghe theo đúng phong cách đồng hồ Đức xưa.

✨ Ngoại hình cân đối, mặt số cổ điển kết hợp cùng tổng thể thùng tạo cảm giác nhẹ nhàng nhưng vẫn có chiều sâu và giá trị sưu tầm riêng.

✨ Những mẫu Hemner nguyên bản, âm thanh đẹp và giữ được thần thái hài hòa như vậy hiện nay cũng ngày một ít gặp hơn trong giới chơi đồng hồ cổ.

☎️ 0963.456.963
🏠 Khu đô thị Văn Phú, phường Phú La, quận Hà Đông, Hà Nội.

#dong_ho_duc #dong_ho_co #dong_ho_hemner #dong_ho_qua_lac #dong_ho_treo_tuong #dong_ho_xua #dong_ho_co_duc #thu_choi_dong_ho #suu_tam_dong_ho #dong_ho_chau_au #am_thanh_dong_ho #dong_ho_nguyen_ban #giao_lo_x",47,"05/20/2026 04:09",https://www.facebook.com/reel/1721195525902242/,"Thước phim",,"Trọn đời",1,+1.9x,0,0,0,708,6,0,5,0,0,667,765,5.747,4000.028
1579470167073329,100050310827163,"Đồng hồ Nhà kho","Đồng Hồ Ô Đô 36/10 Máy Chân Kiềng – Dòng Máy Được Nhiều Người Yêu Thích | 0️⃣9️⃣6️⃣3️⃣✦4️⃣5️⃣6️⃣✦9️⃣6️⃣3️⃣

🕰️ Ô Đô 36/10 máy chân kiềng luôn được nhiều anh em chơi đồng hồ cổ đánh giá cao bởi chất âm và độ hoàn thiện rất đặc trưng.

🔔 Bộ máy 10 côn 10 búa cho âm thanh ngân vang, nhiều lớp âm và rất cuốn hút khi thưởng thức trong không gian yên tĩnh.
✨ Dáng máy chân kiềng tạo cảm giác cổ điển, chắc chắn và mang đậm nét cơ khí châu Âu xưa.
⚙️ Đây cũng là một trong những dòng máy nổi tiếng với tiếng chuông truyền cảm và độ ổn định cao.

📚 Một mẫu đồng hồ vừa đẹp về hình thức vừa giàu giá trị thưởng âm.

#dongho #donghoco #thuongam #co_khi #suutam",73,"05/20/2026 02:47",https://www.facebook.com/reel/865210346600833/,"Thước phim",,"Trọn đời",13,+67.1x,0.11,0.11,0,3348,50,2,35,6,0,3202,3906,20.08,67468.922
1579463130407366,100050310827163,"Đồng hồ Nhà kho","Đồng Hồ Vai Bò Junhan Đức 3 Côn 3 Búa Bính Boong | 0️⃣9️⃣6️⃣3️⃣✦4️⃣5️⃣6️⃣✦9️⃣6️⃣3️⃣

🕰️ Dòng vai bò Junhan Đức luôn mang một nét đẹp rất riêng với dáng thùng mềm mại và đậm chất châu Âu xưa.

🔔 Bộ máy 3 côn 3 búa chơi chuông bính boong nhẹ nhàng, âm thanh trong và khá ấm tai khi nghe trong không gian yên tĩnh.
✨ Kiểu điểm chuông 30 phút một lần tạo cảm giác thư thả và rất đúng chất đồng hồ cơ khí cổ.
⚙️ Thiết kế gọn gàng, dễ bài phối trong phòng khách, phòng ngủ hay góc làm việc hoài niệm.

📚 Đây là một trong những dòng đồng hồ Đức được nhiều anh em yêu thích bởi sự mộc mạc và dễ nghe.

#dongho #donghoco #thuongam #co_khi #suutam",51,"05/20/2026 02:35",https://www.facebook.com/reel/929290616599190/,"Thước phim",,"Trọn đời",11,+16.5x,0.01,0.01,0,2172,24,4,15,1,0,2097,2364,7.221,15655.14
1579456877074658,100050310827163,"Đồng hồ Nhà kho","Đồng Hồ Junhan Đức – Hộp Cộng Hưởng Âm Trầm Rất Ấn Tượng | 0️⃣9️⃣6️⃣3️⃣✦4️⃣5️⃣6️⃣✦9️⃣6️⃣3️⃣

🕰️ Nhiều dòng đồng hồ Junhan của Đức được đánh giá rất cao nhờ thiết kế hộp cộng hưởng âm thanh đặc biệt.

🔔 Khi hoạt động, dải âm trầm cho cảm giác dày tiếng, vang và khá ấm nhà.
✨ Tiếng chuông không quá gắt mà ngân chậm, rõ lớp âm và rất dễ nghe khi thưởng âm lâu.
⚙️ Bộ máy nguyên bản hoạt động chắc chắn, tạo nên nét đặc trưng rất riêng của đồng hồ Đức đời xưa.

🏛️ Với nhiều người chơi lâu năm, đây là dòng đồng hồ vừa có chất âm tốt vừa mang vẻ đẹp cơ khí rất cuốn hút.

#dongho #donghoco #thuongam #co_khi #suutam",40,"05/20/2026 02:24",https://www.facebook.com/reel/1331440458866221/,"Thước phim",,"Trọn đời",0,+0.7x,0.01,0.01,0,1682,9,1,9,0,0,1608,1809,7.023,11742.854
1579451747075171,100050310827163,"Đồng hồ Nhà kho","Đồng Hồ Junhan 8 Côn Thùng Kính Rào Cổ Kính- Mã số K93
💵: 5tr5
✨ Thùng kính rào rất được giới chơi đồng hồ yêu thích bởi nét đẹp mộc mạc, cân đối và đậm chất châu Âu xưa.
Phần thùng nổi bật với các đường vân gỗ tự nhiên, kết hợp họa tiết chạm nổi hai bên tạo cảm giác chắc chắn và sang trọng.

✨ Mặt số rõ nét, bố cục cân đối dễ nhìn.
Phần kính rào phía dưới giúp lộ quả lắc tạo chiều sâu và cảm giác rất có hồn khi đồng hồ hoạt động.

✨ Bộ máy Đức 8 côn nổi tiếng bởi độ bền bỉ, hoạt động ổn định và tiếng chuông ngân vang nhiều lớp.
Âm thanh trầm ấm, vang đều, nghe rất thư thái trong không gian yên tĩnh – đúng chất thưởng âm của những mẫu đồng hồ cổ châu Âu.

✨ Kích thước 68x30 cm phù hợp treo phòng khách, phòng làm việc hay không gian sưu tầm đồ xưa.

☎️ 0963.456.963
🏠 Khu đô thị Văn Phú, phường Phú La, quận Hà Đông, Hà Nội.

#dong_ho_junhan #dong_ho_8_con #dong_ho_duc #dong_ho_kinh_rao #dong_ho_qua_lac #dong_ho_co #dong_ho_chau_au #may_co_duc #dong_ho_suu_tam #thuong_am_dong_ho #dong_ho_treo_tuong #do_xua_chau_au #dong_ho_vintage #giao_lo_xua #dong_ho_co_duc",0,"05/20/2026 02:17",https://www.facebook.com/donghonhakho.vn/posts/pfbid02vTEUFeMVNa1JgNSbzhAftX2SBSBNJ3izp1iix2YA5EAmmfw8Kcw7mZ5xjkEJkrdpl,Ảnh,,"Trọn đời",2,--,0.01,0.01,0,443,2,0,1,0,0,433,617,,
1579447353742277,100050310827163,"Đồng hồ Nhà kho","Đồng Hồ Vai Bò Đức 4 Côn Dáng Cổ Điển Hoạ Tiết Đồng Đẹp- Mã số B68
💵: 4tr9
✨ Kiểu dáng mái cong mềm mại, thân thùng cân đối và rất có chiều sâu khi nhìn thực tế. Vân gỗ lên màu trầm ấm kết hợp cùng họa tiết đồng hai bên tạo điểm nhấn nhẹ nhàng nhưng đầy chất cổ điển.

✨ Mặt số nổi với bộ kim dáng cổ thanh thoát, tổng thể mang phong cách mộc mạc đúng chất những mẫu đồng hồ châu Âu xưa.

✨ Bộ máy cơ khí Đức chạy chắc chắn, dàn 4 côn cho tiếng chuông ngân vang ấm áp, điểm nhạc nhẹ nhàng dễ nghe theo đúng nét đặc trưng của các dòng vai bò cổ.

✨ Kích thước 68x22 cm vừa vặn để bày phòng khách, phòng làm việc hay không gian thưởng âm.

✨ Đây là kiểu đồng hồ được nhiều người yêu đồ xưa lựa chọn bởi ngoại hình đẹp, dễ bài trí và chất âm gần gũi.

☎️ 0963.456.963
🏠 Khu đô thị Văn Phú, phường Phú La, quận Hà Đông, Hà Nội.

#dong_ho_vai_bo #dong_ho_duc #dong_ho_co #dong_ho_qua_lac #vai_bo_duc #dong_ho_de_ban #dong_ho_chau_au #may_co_duc #dong_ho_suu_tam #do_xua_chau_au #dong_ho_4_con #dong_ho_chuong_nhac #dong_ho_vintage",0,"05/20/2026 02:10",https://www.facebook.com/donghonhakho.vn/posts/pfbid036eiRXHzsRTdHDk4mqbpGiYMwQ4ByGNsDAiBzg6WRcW7fFjiMZDATCq8wcnv5g2Hfl,Ảnh,,"Trọn đời",1,--,0,0,0,334,1,0,0,0,0,334,470,,
1579412287079117,100050310827163,"Đồng hồ Nhà kho","Số 486 – Đồng Hồ Vai Bò Đức Hộp Cộng Hưởng Âm Thanh Ấn Tượng | ☎️ 0️⃣9️⃣6️⃣3️⃣ ✦ 4️⃣5️⃣6️⃣ ✦ 9️⃣6️⃣3️⃣

🕰️ Mẫu đồng hồ vai bò Đức gây ấn tượng bởi thiết kế thùng mang phong cách cơ khí châu Âu xưa, kết hợp hệ thống hộp cộng hưởng âm thanh cho chất tiếng dày và rất có chiều sâu.

✨ Khi vận hành, từng nhịp chuông vang lên rõ độ ngân và độ lan tỏa, đặc biệt phần dải âm trầm thể hiện rất rõ, tạo cảm giác ấm và chắc tiếng trong không gian yên tĩnh.

✨ Đây là kiểu cấu trúc được nhiều người chơi đồng hồ cơ khí cổ yêu thích bởi âm thanh không quá gắt mà thiên về độ vang, độ đầy và cảm giác “ấm nhà” rất riêng.

✨ Mặt số cổ điển kết hợp dáng vai bò mềm mại giúp tổng thể vừa mang nét kỹ thuật, vừa có tính trang trí cao khi treo trong phòng khách hoặc không gian hoài niệm.

💫 Một chiếc đồng hồ không chỉ để xem giờ, mà còn mang lại cảm giác thư giãn qua từng nhịp chuông cơ học chậm rãi của thời gian xưa.

#dong_ho_vai_bo #dong_ho_duc #dong_ho_co #hop_cong_huong #westminster #dong_ho_qua_lac #am_thanh_co_khi #dong_ho_xua #nhip_chuong_xua #co_khi_duc #phong_cach_co_dien #trang_tri_hoai_niem #dong_ho_suu_tam #am_tram #yeu_dong_ho_co",37,"05/20/2026 01:10",https://www.facebook.com/reel/818865877686629/,"Thước phim",,"Trọn đời",2,+3.3x,0,0,0,1642,8,0,6,0,0,1604,1763,5.506,9014.002
1579396873747325,100050310827163,"Đồng hồ Nhà kho","Đồng Hồ Tạ Lê Hà Lan – Dáng Đẹp, Giá Thành Dễ Chơi | 0️⃣9️⃣6️⃣3️⃣✦4️⃣5️⃣6️⃣✦9️⃣6️⃣3️⃣

🕰️ Đồng hồ tạ lê Hà Lan luôn được nhiều người yêu thích bởi kiểu dáng thanh thoát và cảm giác rất cổ điển khi trưng bày trong không gian gia đình.

✨ Bộ máy chạy tạ tuần hoạt động bền bỉ, nhịp lắc chậm rãi và khá thư giãn khi ngắm nhìn.
🔔 Nhiều mẫu chơi chuông bính boong nhẹ nhàng, tạo cảm giác ấm cúng và dễ nghe.
🏡 Thiết kế gọn gàng nên dễ bài phối trong phòng khách, phòng ngủ hay không gian hoài niệm.

📚 Đây cũng là một trong những dòng đồng hồ châu Âu có mức giá thành khá dễ tiếp cận với nhiều người chơi.

#dongho #donghoco #halan #thuongam #suutam",22,"05/20/2026 00:45",https://www.facebook.com/reel/1306006484929011/,"Thước phim",,"Trọn đời",0,+0.4x,0,0,0,1596,6,1,5,1,0,1599,1761,4.558,7293.463
1579381237082222,100050310827163,"Đồng hồ Nhà kho","Đồng Hồ Normandie 17 Búa Có Gì Đặc Biệt? | 0️⃣9️⃣6️⃣3️⃣✦4️⃣5️⃣6️⃣✦9️⃣6️⃣3️⃣

🕰️ Những chiếc đồng hồ Normandie 17 búa luôn gây ấn tượng rất mạnh với giới yêu thích đồng hồ cơ khí cổ.

🎵 Trên đồng hồ cổ, mỗi búa thường đại diện cho một nốt nhạc khác nhau.
✨ Vì vậy những chiếc đồng hồ có nhiều búa sẽ chơi được các bản nhạc phức tạp với nhiều lớp âm thanh hơn.
🔔 Dòng 17 búa cho cảm giác chuyển âm dày, vang và giàu nhạc tính hơn những dòng ít búa thông thường.

🏛️ Khi toàn bộ dàn búa hoạt động đồng thời, âm thanh tạo ra rất cuốn hút và mang đậm nét châu Âu cổ điển.

#dongho #donghoco #thuongam #co_khi #suutam",24,"05/20/2026 00:18",https://www.facebook.com/reel/2428517274287592/,"Thước phim",,"Trọn đời",2,+4.9x,0.02,0.02,0,4160,30,1,28,0,2,3989,5166,9.351,38452.07
1579353263751686,100050310827163,"Đồng hồ Nhà kho","Dành nửa đời người đi tìm 360 giá rẻ… liệu có thật không?

Hơn 10 năm làm nghề, em gặp nhiều bác khách theo đuổi một chiếc 360 giá rẻ suốt nhiều năm liền.

Cứ đôi ba tháng lại hỏi:
“Có 360 nào giá mềm không em?”

Em vẫn chia sẻ thật lòng:
Nếu tài chính vừa phải, các bác nên chơi những dòng khác như 54, 57, 30… sẽ nhẹ nhàng và thực tế hơn.

Vì một chiếc 360 lành lặn, âm không lỗi, giá trị thật của nó không thể rẻ bất thường được.

Nhiều bác nghĩ về làng quê xa, nơi có nhiều đồng hồ cổ, sẽ gặp được món hời.

Nhưng thực tế, ở những vùng nhiều đồng hồ, anh em thợ địa phương còn nắm rất rõ nhà nào có đồng hồ quý.

Nếu gia đình bán ra, thường cũng đã có người thân quen, thợ gần vùng biết trước.

Một gia đình 50–70 năm trước đã đủ điều kiện chơi 360, chắc chắn không phải người không hiểu giá trị món đồ.

Vậy nên, đi tìm một chiếc 360 đẹp với giá “dưới hỏa ngục” là rất khó.

Muốn chơi an toàn, các bác nên đến những cửa hàng uy tín, nghe máy trực tiếp, xem kỹ âm thanh, hình thức, độ nguyên bản.

Có thể không rẻ bất thường, nhưng sẽ thực tế và yên tâm hơn.

Đừng để vì ham rẻ mà ăn phải “món thịt lừa”, rồi cứ nghĩ đó là sơn hào hải vị.

Em không dìm hàng ai, chỉ mong anh em chơi đồng hồ cổ tỉnh táo, mua được món đẹp, âm hay, giá phải chăng và có nhiều cảm xúc với thú chơi này.

#dong_ho_360 #dong_ho_co #dong_ho_qua_lac #dong_ho_treo_tuong #dong_ho_odo #dong_ho_phap #dong_ho_co_chau_au #thu_choi_dong_ho_co #suu_tam_dong_ho_co #am_thanh_dong_ho_co #dong_ho_xua #kinh_nghiem_choi_dong_ho #giao_luu_dong_ho_co",167,"05/19/2026 23:26",https://www.facebook.com/reel/1465684348092517/,"Thước phim",,"Trọn đời",19,+207.2x,0.47,0.47,0,11291,168,16,136,10,11,10823,12600,30.03,339791.08
1579289413758071,100050310827163,"Đồng hồ Nhà kho","Tủ Hermle 11 Ống Sáo Và Giai Điệu “Hevenu Shalom Aleichem” | 0️⃣9️⃣6️⃣3️⃣✦4️⃣5️⃣6️⃣✦9️⃣6️⃣3️⃣

🕰️ Những chiếc tủ Hermle 11 ống sáo luôn tạo cảm giác rất đặc biệt bởi âm thanh vang sâu và đầy không khí châu Âu cổ điển.

🎵 Một trong những giai điệu được nhiều anh em nhớ nhất là bản “Hevenu Shalom Aleichem” – thường được gọi vui là bản nhạc “Tôi mang bình an đến với bạn”.
✨ Khi chơi trên hệ thống 11 ống sáo lớn, âm thanh ngân dài, chậm rãi và rất thư giãn.
🏛️ Tiếng nhạc hòa cùng chuyển động cơ khí tạo nên cảm giác vừa sang trọng vừa hoài niệm.

📚 Đây cũng là một trong những dòng tủ được nhiều người yêu thích khi thưởng âm đồng hồ cổ.

#dongho #donghoco #thuongam #co_khi #suutam",53,"05/19/2026 21:29",https://www.facebook.com/reel/984737337540211/,"Thước phim",,"Trọn đời",0,+0.9x,0,0,0,1723,20,0,21,0,0,1632,1832,6.84,11758.73
1579258043761208,100050310827163,"Đồng hồ Nhà kho","Một Chút Chia Sẻ Để Anh Em Chơi Đồng Hồ Cùng Vui Vẻ Hơn | 0️⃣9️⃣6️⃣3️⃣✦4️⃣5️⃣6️⃣✦9️⃣6️⃣3️⃣

🕰️ Đồng hồ cổ thường khá cồng kềnh và cần nhiều thời gian đóng gói, căn chỉnh để gửi đi an toàn.

📦 Vì vậy anh em nên cân đối kỹ trước khi báo đặt để mọi việc được thuận lợi hơn cho cả hai bên.
✨ Nhiều trường hợp hàng đã đóng xong hoặc gửi đi rồi mới đổi ý, hết hứng hay thay đổi nhu cầu sẽ khá vất vả cho người chuẩn bị hàng.

🤝 Thú chơi đồng hồ cổ sẽ vui hơn rất nhiều khi mọi người cùng giữ sự nghiêm túc và tôn trọng công sức của nhau.

#dongho #donghoco #thuongam #co_khi #suutam",16,"05/19/2026 20:33",https://www.facebook.com/reel/963470930007828/,"Thước phim",,"Trọn đời",95,+141.1x,0.18,0.18,0,29035,398,118,301,8,2,27953,39952,8.613,246985.407
1579246473762365,100050310827163,"Đồng hồ Nhà kho","Nhiều Búa Thường Chơi Nhạc Hay Hơn? | 0️⃣9️⃣6️⃣3️⃣✦4️⃣5️⃣6️⃣✦9️⃣6️⃣3️⃣

🕰️ Trên đồng hồ cổ, mỗi búa thường sẽ đảm nhiệm một nốt nhạc khác nhau.

🎵 Vì vậy những chiếc đồng hồ có nhiều búa và nhiều côn sẽ tạo được giai điệu đầy đủ và có chiều sâu hơn.
🔔 Các bản nhạc nhiều nốt thường mang cảm giác ngân nga, chuyển âm rõ ràng và phức tạp hơn những dòng ít búa.
✨ Đó cũng là lý do các mẫu 8 búa, 10 búa hay 12 búa luôn tạo cảm giác rất cuốn hút khi thưởng âm.

📚 Với nhiều người chơi lâu năm, số lượng búa không chỉ ảnh hưởng đến âm thanh mà còn tạo nên nét đặc trưng riêng của từng đời máy cổ.

#dongho #donghoco #thuongam #co_khi #suutam",16,"05/19/2026 20:14",https://www.facebook.com/reel/1555393515944250/,"Thước phim",,"Trọn đời",0,+0.6x,0,0,0,2072,13,0,13,0,0,1978,2467,5.639,11527.13
1579244340429245,100050310827163,"Đồng hồ Nhà kho","Đồng Hồ Tạ Lê Hà Lan – Nét Đẹp Mộc Mạc Của Đồng Hồ Châu Âu Xưa | 0️⃣9️⃣6️⃣3️⃣✦4️⃣5️⃣6️⃣✦9️⃣6️⃣3️⃣

🕰️ Đồng hồ tạ lê Hà Lan luôn tạo cảm giác gần gũi với thiết kế thanh thoát và đậm chất cổ điển.

✨ Bộ máy chạy tạ tuần hoạt động bền bỉ, nhịp lắc chậm rãi và rất thư thái khi ngắm nhìn.
🔔 Sự kết hợp giữa đồng thau và thùng gỗ giúp tổng thể chiếc đồng hồ vừa sang trọng vừa ấm cúng.
🏡 Kiểu dáng gọn gàng nên khá dễ bài phối trong phòng khách, phòng sinh hoạt hay không gian gia đình.

📚 Với nhiều người chơi, những chiếc tạ lê nguyên bản luôn mang nét đẹp rất riêng của đồng hồ cơ khí châu Âu xưa.

#dongho #donghoco #halan #thuongam #suutam",45,"05/19/2026 20:11",https://www.facebook.com/reel/1433745952127759/,"Thước phim",,"Trọn đời",0,+0.6x,0,0,0,679,2,0,2,0,0,631,763,7.473,5051.927
1579111787109167,100050310827163,"Đồng hồ Nhà kho","Người Chơi Đồng Hồ Cổ Nên Có Kiến Thức Cơ Bản? | 0️⃣9️⃣6️⃣3️⃣✦4️⃣5️⃣6️⃣✦9️⃣6️⃣3️⃣

🕰️ Đồng hồ cổ là máy cơ khí nên sau nhiều năm hoạt động, đôi khi phát sinh những lỗi nhỏ là điều khá bình thường.

🔧 Việc tự trang bị một chút kiến thức cơ bản sẽ giúp người chơi xử lý được những vấn đề đơn giản như lệch beat, đứng lắc hay chỉnh chuông.
📚 Đồng thời cũng giúp hiểu hơn về bộ máy và cảm nhận rõ giá trị cơ khí của đồng hồ xưa.

✨ Với nhiều anh em, quá trình tự tìm hiểu và chăm sóc chiếc đồng hồ của mình cũng là một phần rất thú vị của thú chơi này.

#dongho #donghoco #co_khi #thuongam #suutam",82,"05/19/2026 16:28",https://www.facebook.com/reel/1962174445170753/,"Thước phim",,"Trọn đời",2,+45.3x,0.05,0.05,0,4352,33,5,33,1,0,4195,4709,18.377,79097.572
1578461300507549,100050310827163,"Đồng hồ Nhà kho","Vì Sao Dải Trầm Trong Nhạc Đồng Hồ Phụ Thuộc Rất Nhiều Vào Thùng? | 0️⃣9️⃣6️⃣3️⃣✦4️⃣5️⃣6️⃣✦9️⃣6️⃣3️⃣

👉 Nhiều anh em chơi đồng hồ cổ để ý:
cùng một bộ máy nhưng thay thùng khác nhau thì chất âm cũng thay đổi khá rõ, đặc biệt là dải trầm.
• 🕰️ Thùng đồng hồ giống như một hộp cộng hưởng âm thanh
• 🔔 Khi côn rung lên, âm thanh không chỉ phát ra từ côn mà còn cộng hưởng qua toàn bộ thùng
• 🎼 Thùng lớn, kín và chắc thường cho dải trầm dày, sâu và ấm hơn
• ✨ Thùng mỏng hoặc thoáng quá sẽ làm âm bị mỏng và thiếu độ “đầy”

👉 Đặc biệt với đồng hồ nhiều côn:
• 👂 Dải bass quyết định cảm giác âm có “nội lực” hay không
• 📚 Thùng dài thường cho độ ngân và độ lan âm tốt hơn
• ⚙️ Kết cấu thùng ảnh hưởng trực tiếp tới độ rung và cộng hưởng của tiếng chuông

👉 Vì vậy:
một chiếc đồng hồ âm hay không chỉ nằm ở bộ máy hay bộ côn, mà phần thùng cũng đóng vai trò rất lớn trong màu âm cuối cùng.

#donghoco #amthanhdongho #donghocokhi #gaicarillon #10con10bua",65,"05/18/2026 22:47",https://www.facebook.com/reel/1778225849807314/,"Thước phim",,"Trọn đời",6,+35.2x,0.02,0.02,0,2475,35,1,28,1,0,2364,2840,16.901,41578.299
1578445277175818,100050310827163,"Đồng hồ Nhà kho","Phanh Gió Trên Đồng Hồ Cổ – Bộ Phận Giữ Nhịp Cho Âm Thanh | 0️⃣9️⃣6️⃣3️⃣✦4️⃣5️⃣6️⃣✦9️⃣6️⃣3️⃣",54,"05/18/2026 22:15",https://www.facebook.com/reel/4459021757660414/,"Thước phim",,"Trọn đời",0,+1.8x,0.05,0.05,0,4674,57,5,54,4,0,4378,5157,16.08,71783.337
1578436140510065,100050310827163,"Đồng hồ Nhà kho",,0,"05/18/2026 21:57",https://www.facebook.com/donghonhakho.vn/posts/pfbid08VXNqwvnETGeSgB8pufvjXYRPWrKbtAHaB86bA76pdXhmMt3acJU2njUjEcPUBBFl,"Nội dung",,"Trọn đời",0,--,0,0,0,202,1,0,0,0,0,196,269,,
1578426087177737,100050310827163,"Đồng hồ Nhà kho","Cách Xem Lịch Mặt Trăng Trên Đồng Hồ Hà Lan ✨

👉 Phần mặt trăng trên đồng hồ này hoạt động theo chu kỳ tuần trăng khoảng 29,5 ngày.
• 🌙 Mặt trăng sẽ di chuyển dần từ trái sang phải qua ô cửa sổ
• 🌑 Khi gần khuất hết là thời điểm trăng non
• 🌕 Khi mặt trăng nằm giữa ô cửa và sáng rõ nhất là lúc trăng tròn
• 📅 Thang số phía trên thường dùng để theo dõi số ngày trong chu kỳ mặt trăng

👉 Trên mẫu đồng hồ này:
• 🔭 Kim chỉ đang nằm khoảng giữa mốc 15–16
• 🌕 Nghĩa là đang ở giai đoạn gần trăng tròn
• ✨ Mặt trăng hiển thị lớn và sáng rõ nhất ở trung tâm

👉 Ngoài yếu tố xem lịch:
lịch mặt trăng còn là một trong những chi tiết được nhiều anh em yêu thích vì tạo cảm giác rất cổ điển và đầy chất cơ khí châu Âu xưa.

#donghoco #lichmattrang #donghohalan #donghocokhi #donghosuutam #dochoixua",47,"05/18/2026 21:40",https://www.facebook.com/reel/914931938244775/,"Thước phim",,"Trọn đời",0,+6.8x,0.03,0.03,0,3277,39,1,36,0,11,3322,4105,12.703,45518.36
1578334363853576,100050310827163,"Đồng hồ Nhà kho","Vai Bò Đức 5 Côn 5 Búa – Âm Hay, Giá Hợp Lý | 0️⃣9️⃣6️⃣3️⃣✦4️⃣5️⃣6️⃣✦9️⃣6️⃣3️⃣

👉 Một dòng đồng hồ vai bò rất được anh em yêu thích bởi kiểu dáng cổ điển và chất âm dễ nghe.
• 🔔 Cấu hình 5 côn 5 búa cho tiếng chuông vang, tròn và rõ tiếng
• 🎼 Âm thanh ngân vừa phải, nghe ấm và rất dễ chịu
• ✨ Dáng vai bò đặc trưng mang nét cổ điển của đồng hồ Đức xưa
• 🕰️ Bộ máy cơ khí bền bỉ, phù hợp chơi lâu dài

👉 Điều làm nhiều anh em lựa chọn:
• 💰 Mức giá dễ tiếp cận hơn nhiều dòng cao côn
• 👂 Âm thanh đủ hay để thưởng thức hằng ngày
• 📚 Vừa có giá trị chơi, vừa có nét sưu tầm riêng
• 🏠 Phù hợp treo phòng khách, phòng ngủ hay không gian hoài niệm

👉 Với nhiều người chơi:
đây là dòng đồng hồ rất hợp lý cho anh em muốn trải nghiệm chất âm cơ khí Đức cổ với mức giá dễ tiếp cận.

#donghoco #vaibo #dongho_duc #5con5bua #amthanhdongho #donghocokhi",61,"05/18/2026 18:53",https://www.facebook.com/reel/2078221759407535/,"Thước phim",,"Trọn đời",0,+2x,0,0,0,528,3,1,4,0,0,500,617,10.486,5725.679
1577845397235806,100050310827163,"Đồng hồ Nhà kho","Ô đô 36/10 – Chất Âm Cơ Khí Rất Riêng | 0️⃣9️⃣6️⃣3️⃣✦4️⃣5️⃣6️⃣✦9️⃣6️⃣3️⃣

👉 Dòng 36/10 luôn được nhiều anh em yêu thích bởi chất âm ngân nga, mềm mại và rất có chiều sâu.
• 🎼 Bản nhạc Gai Carillon giàu cảm xúc và rất cuốn tai
• 🔔 Tiếng điểm giờ kép bính – boong đặc trưng của dòng 10 côn 10 búa
• ✨ Âm thanh dày tiếng, tách lớp rõ và có độ ngân rất đẹp
• 🕰️ Chuyển động cơ khí thủ công tạo cảm giác rất sống động khi vận hành

👉 Điều làm nhiều anh em thích:
• 🎶 Âm không quá gắt nhưng nghe rất “thấm”
• 👂 Càng nghe lâu càng cảm nhận rõ chiều sâu cơ khí
• 📚 Một trong những dòng đồng hồ cơ khí Pháp cổ được đánh giá cao về thưởng âm

👉 Với nhiều người chơi:
36/10 không chỉ là chiếc đồng hồ xem giờ, mà còn là một trải nghiệm âm thanh cơ khí đầy cảm xúc.

#donghoco #dongho36_10 #10con10bua #gaicarillon #bingboong #amthanhdongho #donghosuutam #do",14,"05/18/2026 05:04",https://www.facebook.com/reel/2141856733275006/,"Thước phim",,"Trọn đời",29,+85.9x,0.63,0.63,0,91247,2022,167,1971,67,38,89779,136845,11.033,1001100.488
1577836647236681,100050310827163,"Đồng hồ Nhà kho","Số 481 – Đồng Hồ Vai Bò Anker Đức Nguyên Bản | ☎️ 0️⃣9️⃣6️⃣3️⃣ ✦ 4️⃣5️⃣6️⃣ ✦ 9️⃣6️⃣3️⃣

🕰️ Mẫu đồng hồ vai bò Anker Đức với thiết kế cổ điển, tổng thể hài hòa và rất có thần thái khi trưng bày.
Kiểu dáng cân đối, mang nét đặc trưng của đồng hồ cơ khí châu Âu xưa.

✨ Bộ máy vận hành ổn định, giữ được tình trạng nguyên bản đáng trân trọng theo thời gian.
Âm thanh vang tròn, dễ nghe và phù hợp nhiều không gian gia đình.

✨ Phần thùng lên dáng đẹp, tạo cảm giác ấm áp và sang trọng khi treo trưng bày.

💫 Một mẫu đồng hồ cổ dáng đẹp – nguyên bản – giá tốt dễ chơi, phù hợp cho anh em yêu đồ xưa và đồng hồ Đức.

#dong_ho_vai_bo #anker #dong_ho_duc #dong_ho_co #dong_ho_suu_tam #dong_ho_xua #am_thanh_hay #co_khi_co #gia_hop_ly #gia_tri_suu_tam",86,"05/18/2026 04:50",https://www.facebook.com/reel/1028996666267650/,"Thước phim",,"Trọn đời",0,+1.2x,0,0,0,749,5,0,5,0,0,702,803,4.127,3128.793
1577833280570351,100050310827163,"Đồng hồ Nhà kho","Số 480 – Đồng Hồ Kenzi Đức 5 Côn 5 Búa Bính Boong | ☎️ ⓪9️⃣6️⃣3️⃣ ◦ 4️⃣5️⃣6️⃣ ◦ 9️⃣6️⃣3️⃣

🕰️ Mẫu đồng hồ Kenzi Đức 5 côn 5 búa với thiết kế cổ điển, tổng thể hài hòa và rất ưa nhìn khi trưng bày.
Kiểu dáng cân đối, mang nét đặc trưng của đồng hồ cơ khí châu Âu.

✨ Đồng hồ chơi chuông bính boong, tiếng chuông vang tròn, ngân đều và rất dễ nghe.
Bộ máy vận hành ổn định, giữ được tình trạng nguyên bản đáng trân trọng theo thời gian.

✨ Phù hợp cho anh em yêu thích các dòng đồng hồ Đức nhỏ gọn, âm thanh nhẹ nhàng và dễ chơi.

💫 Một mẫu đồng hồ cổ âm hay – nguyên bản – giá rẻ dễ tiếp cận, rất đáng để tham khảo.

#dong_ho_kenzi #dong_ho_duc #5_con_5_bua #binh_boong #dong_ho_co #dong_ho_suu_tam #dong_ho_xua #am_thanh_hay #gia_hop_ly",41,"05/18/2026 04:44",https://www.facebook.com/reel/1008591614929928/,"Thước phim",,"Trọn đời",4,+6.9x,0.01,0.01,0,3162,26,2,26,0,0,3093,3478,9.845,30925.651
1577769783910034,100050310827163,"Đồng hồ Nhà kho","Số 479 – Ô Đô Ông Tây Đánh Chuông Sản Xuất 1955 | ☎️ 0️⃣9️⃣6️⃣3️⃣ ✦ 4️⃣5️⃣6️⃣ ✦ 9️⃣6️⃣3️⃣

🕰️ Mẫu Ô đô ông Tây đánh chuông sản xuất khoảng năm 1955, mang đậm nét cơ khí cổ điển châu Âu.
Thiết kế độc đáo với hình tượng ông Tây điểm chuông tạo cảm giác rất sinh động và cuốn hút khi trưng bày.

✨ Mỗi lần điểm giờ, cơ cấu ông Tây hoạt động nhịp nhàng kết hợp tiếng chuông vang rõ, tạo nét rất riêng cho dòng đồng hồ này.
Âm thanh vang tròn, dễ nghe và giàu tính hoài niệm.

✨ Bộ máy vận hành ổn định, giữ được vẻ đẹp nguyên bản đáng trân trọng theo thời gian.

💫 Một mẫu đồng hồ cổ độc đáo – giàu tính sưu tầm – rất được người chơi yêu thích, phù hợp không gian cổ điển và bộ sưu tập đồ xưa.

#dong_ho_o_do #ong_tay_danh_chuong #1955 #dong_ho_co #dong_ho_suu_tam #dong_ho_xua #am_thanh_hay #co_khi_co #gia_tri_suu_tam",24,"05/18/2026 02:58",https://www.facebook.com/reel/996987152831326/,"Thước phim",,"Trọn đời",0,+0.5x,0,0,0,885,5,0,5,0,0,817,1019,5.432,4872.848
1577701923916820,100050310827163,"Đồng hồ Nhà kho","Số 478 – Đồng Hồ Tủ Đức 8 Côn 8 Búa Kết Hợp Trưng Bày | ☎️ ⓪⑨⑥③ • ④⑤⑥ • ⑨⑥③

🕰️ Mẫu đồng hồ tủ xuất xứ Đức với thiết kế bề thế, kiểu dáng hài hòa và rất ưa nhìn khi đặt trong không gian nội thất.
Tổng thể kết hợp giữa đồng hồ và tủ bày đồ, tạo điểm nhấn sang trọng và tiện dụng.

✨ Cấu hình 8 côn 8 búa cho tiếng chuông vang tròn, âm thanh hay, ngân đều và rất dễ nghe.
Không gian tủ phù hợp trưng bày đồ sưu tầm, ly tách hoặc decor cổ điển.

✨ Bộ máy vận hành ổn định, mang nét cơ khí đặc trưng của đồng hồ cổ Đức.

💫 Một mẫu đồng hồ tủ đẹp – âm hay – giá trị sưu tầm cao, phù hợp cho anh em yêu đồ xưa và nội thất cổ điển.

#dong_ho_tu #dong_ho_duc #8_con_8_bua #dong_ho_co #dong_ho_suu_tam #dong_ho_xua #am_thanh_hay #co_khi_co #trang_tri_noi_that #gia_tri_suu_tam",78,"05/18/2026 01:03",https://www.facebook.com/reel/1300808011501275/,"Thước phim",,"Trọn đời",7,+14.2x,0,0,0,2940,19,0,13,1,0,2734,3077,4.471,13092.208
1577693370584342,100050310827163,"Đồng hồ Nhà kho","Số 477 – Đồng Hồ Vai Bò Vỏ Đồng Thau Chuông Chén | ☎️ ⓪9️⃣6️⃣3️⃣ ✦ 4️⃣5️⃣6️⃣ ✦ 9️⃣6️⃣3️⃣

🕰️ Mẫu đồng hồ vai bò vỏ đồng thau với thiết kế cổ điển, tổng thể hài hòa và rất nổi bật khi trưng bày.
Chất liệu đồng thau tạo cảm giác chắc chắn, sang trọng và đậm chất châu Âu xưa.

✨ Đồng hồ chơi chuông chén, cho tiếng chuông vang trong, ngân dài và rất dễ nghe.
Âm thanh nhẹ nhàng, tạo cảm giác ấm áp và hoài niệm trong không gian.

✨ Bộ máy vận hành ổn định, giữ được tình trạng nguyên bản đáng trân trọng theo thời gian.

💫 Một mẫu đồng hồ cổ âm hay – dáng đẹp – giá trị sưu tầm cao, phù hợp cho anh em yêu đồ xưa và đồng hồ cơ khí.

#dong_ho_vai_bo #dong_thau #chuong_chen #dong_ho_co #dong_ho_suu_tam #dong_ho_xua #am_thanh_hay #co_khi_co #trang_tri_co_dien #gia_tri_suu_tam",38,"05/18/2026 00:47",https://www.facebook.com/reel/1875686943835521/,"Thước phim",,"Trọn đời",2,+3.8x,0.01,0.01,0,3495,20,3,19,0,0,3388,3812,7.414,25756.716
1577688660584813,100050310827163,"Đồng hồ Nhà kho","quạt cổ MSM Milano xuất xứ Ý, thuộc dòng quạt bàn mini đời rất sớm của châu Âu.
Thiết kế đặc trưng với 3 cánh nhôm bản lớn đường kính khoảng 25cm, lồng nan tròn đơn giản mang đậm phong cách công nghiệp cổ điển.

✨ Phần tem MSM MILANO – 220V 40W vẫn còn khá rõ, cho thấy độ nguyên bản cao.
Kiểu chân sắt uốn cùng thân motor nhỏ gọn tạo cảm giác rất thanh thoát và có chất decor vintage rõ rệt.

✨ Dòng quạt này thường dùng motor chổi than, chạy tiếng rất đặc trưng của quạt điện cổ châu Âu.
Kích thước nhỏ nhưng gió khá tập trung, phù hợp bày bàn làm việc, kệ decor hoặc phòng sưu tầm đồ điện cổ.

💫 Một mẫu quạt cổ Ý cánh 25cm nhỏ gọn – nguyên bản – rất có thần thái, hiện nay không còn gặp nhiều trên thị trường.

#quat_co #quat_MSM #MSM_Milano #quat_y_co #quat_ban_co #do_dien_co #suu_tam_do_co #decor_vintage #quat_canh_nhom",18,"05/18/2026 00:39",https://www.facebook.com/reel/949040488121694/,"Thước phim",,"Trọn đời",2,+3.3x,0,0,0,3826,11,1,9,0,0,3753,4375,5.515,21041.708
1577683913918621,100050310827163,"Đồng hồ Nhà kho","Số 476 – Đồng Hồ Ma Normandie Cổ Điển Châu Âu | ☎️ 0️⃣9️⃣6️⃣3️⃣ ✦ 4️⃣5️⃣6️⃣ ✦ 9️⃣6️⃣3️⃣

🕰️ Mẫu đồng hồ Ma Normandie mang phong cách cơ khí châu Âu cổ điển, thiết kế hài hòa và rất có thần thái khi trưng bày.
Tổng thể đậm chất hoài niệm, phù hợp không gian nội thất cổ điển.

✨ Dòng Normandie nổi bật bởi chất âm vang tròn, ngân dài và tạo cảm giác rất dễ chịu khi thưởng thức.
Bộ máy vận hành ổn định, mang nét đặc trưng của đồng hồ nhạc cổ châu Âu.

✨ Kiểu dáng cân đối, hình thức đẹp và có giá trị sưu tầm cao theo thời gian.

💫 Một mẫu đồng hồ cổ âm hay – dáng đẹp – giàu tính hoài niệm, rất đáng để anh em yêu đồng hồ cơ khí quan tâm.

#dong_ho_normandie #ma_normandie #dong_ho_co #dong_ho_suu_tam #dong_ho_xua #am_thanh_hay #co_khi_co #trang_tri_co_dien #gia_tri_suu_tam",46,"05/18/2026 00:32",https://www.facebook.com/reel/2858435024520611/,"Thước phim",,"Trọn đời",4,+6.6x,0,0,0,3372,26,0,22,0,0,3258,3621,5.964,20034.143
1577601680593511,100050310827163,"Đồng hồ Nhà kho","Số 475 – Đồng Hồ Vai Bò 9 Côn 9 Búa Âm Thanh Hay | ☎️ ⓪9️⃣6️⃣3️⃣ ✦ 4️⃣5️⃣6️⃣ ✦ 9️⃣6️⃣3️⃣

🕰️ Mẫu đồng hồ vai bò 9 côn 9 búa với thiết kế cổ điển, tổng thể hài hòa và rất nổi bật khi trưng bày.
Kiểu dáng cân đối, mang nét đặc trưng của đồng hồ cơ khí châu Âu xưa.

✨ Hệ thống 9 côn 9 búa cho tiếng chuông vang tròn, âm thanh dày và có chiều sâu rất riêng.
Chất âm ngân nga, rõ nhịp và rất dễ nghe trong không gian gia đình.

✨ Bộ máy vận hành ổn định, phù hợp vừa sử dụng vừa sưu tầm lâu dài.

💫 Một mẫu đồng hồ cổ âm thanh hay – hình thức đẹp – giá trị sưu tầm cao, rất đáng để anh em yêu đồng hồ nhạc quan tâm.

#dong_ho_vai_bo #9_con_9_bua #dong_ho_co #dong_ho_suu_tam #dong_ho_xua #am_thanh_hay #co_khi_co #trang_tri_co_dien #gia_tri_suu_tam",42,"05/17/2026 22:04",https://www.facebook.com/reel/1454971585934579/,"Thước phim",,"Trọn đời",5,+8.4x,0,0,0,3930,25,-1,20,1,1,3683,4151,4.955,19242.434
1577583080595371,100050310827163,"Đồng hồ Nhà kho","Mechanical chime mechanism of a vintage French clock ✨

This is the rear side of a classic French mechanical clock movement during the chime operation.
The entire system works through a handcrafted combination of gears, racks, levers and hammer controls.

⚙️ The gathering rack controls the number of strikes for the hour sequence.
🔔 The hammer lifting mechanism activates each hammer in order to play the melody and strike pattern.
🎼 A mechanical timing cam and fly governor regulate the speed and rhythm of the musical sequence.

One of the most beautiful parts of vintage mechanical clocks is not only the sound, but also the movement of the mechanism itself while the clock is performing.

#vintageclock #mechanicalclock #clockmovement #antiqueclock #clockmechanism #frenchclock #clockcollector #clockrepair #mechanicalengineering #clocklover",49,"05/17/2026 21:29",https://www.facebook.com/reel/920654367654534/,"Thước phim",,"Trọn đời",0,+4.1x,0.05,0.05,0,7746,94,0,85,7,4,7450,8771,13,98789.72
1577091510644528,100050310827163,"Đồng hồ Nhà kho","Số 474 – Đồng Hồ Junhan 5 Côn Đồng Bạch Giá Dễ Chơi | ☎️ 0️⃣9️⃣6️⃣3️⃣ ◦ 4️⃣5️⃣6️⃣ ◦ 9️⃣6️⃣3️⃣

🕰️ Mẫu đồng hồ Junhan 5 côn đồng bạch với thiết kế cổ điển, tổng thể hài hòa và rất ưa nhìn khi trưng bày.
Kiểu dáng nhỏ gọn, phù hợp nhiều không gian.

✨ Hệ thống 5 côn đồng bạch cho tiếng chuông vang trong, ngân đều và rất dễ nghe.
Âm thanh nhẹ nhàng, mang nét đặc trưng của dòng đồng hồ Đức cổ.

✨ Bộ máy vận hành ổn định, phù hợp cho anh em mới chơi hoặc yêu thích đồng hồ cơ khí châu Âu.

💫 Một mẫu đồng hồ cổ âm hay – hình thức đẹp – giá dễ tiếp cận, rất đáng để tham khảo.

#dong_ho_junhan #5_con #dong_bach #dong_ho_duc #dong_ho_co #dong_ho_suu_tam #dong_ho_xua #am_thanh_hay #gia_hop_ly",35,"05/17/2026 07:23",https://www.facebook.com/reel/1572415324605184/,"Thước phim",,"Trọn đời",8,+12.4x,0,0,0,6081,46,1,35,3,0,5746,6510,6.622,39640.813
1576722357348110,100050310827163,"Đồng hồ Nhà kho","Số 473 – Radio Philips Nguyên Bản Bắt Sóng AM/FM | ☎️ ⓪9️⃣6️⃣3️⃣ ✦ 4️⃣5️⃣6️⃣ ✦ 9️⃣6️⃣3️⃣

🕰️ Mẫu radio Philips cổ mang phong cách điện tử châu Âu xưa, thiết kế hài hòa và rất đẹp khi trưng bày trong không gian vintage.
Tổng thể giữ được nét nguyên bản đáng trân trọng theo thời gian.

✨ Radio hiện vẫn bắt sóng AM/FM tốt, hoạt động ổn định và cho trải nghiệm rất thú vị.
Âm thanh phát ra ấm, rõ và mang chất riêng của các dòng radio cổ.

✨ Các núm chỉnh, mặt hiển thị và thân máy tạo cảm giác hoài niệm rất đặc trưng của đồ điện tử châu Âu đời cũ.

💫 Một món đồ vừa sử dụng được vừa có giá trị sưu tầm cao, phù hợp decor quán, phòng làm việc hoặc bộ sưu tập đồ xưa.

#radio_philips #radio_co #radio_am_fm #do_dien_co #do_co_chau_au #suu_tam_do_co #decor_vintage #gia_tri_suu_tam",34,"05/16/2026 20:55",https://www.facebook.com/reel/27175365305429151/,"Thước phim",,"Trọn đời",0,+1x,0,0,0,1378,7,0,6,0,1,1330,1520,5.866,8060.777
1576653287355017,100050310827163,"Đồng hồ Nhà kho","Các Đời Máy Ô đô Khác Nhau – Âm Thanh Có Khác Nhau Không? | 0️⃣9️⃣6️⃣3️⃣✦4️⃣5️⃣6️⃣✦9️⃣6️⃣3️⃣

👉 Nhiều anh em chơi đồng hồ cổ thường đặt câu hỏi:
các đời máy Ô đô khác nhau thì âm thanh có khác nhau không?

👉 Xin thưa là có.
• 🔔 Mỗi đời máy sẽ có một màu âm riêng
• 🎼 Độ ngân, độ dày tiếng và độ mềm mại cũng khác nhau
• ⚙️ Kết cấu máy, bộ côn và cơ cấu đánh nhạc ảnh hưởng rất nhiều tới chất âm
• 🕰️ Có dòng âm dày và chậm rãi, có dòng lại mềm mại và líu lo hơn

👉 Điều thú vị của đồng hồ cổ:
• 👂 Cùng là Ô đô nhưng mỗi đời máy lại cho một cảm xúc khác nhau
• ✨ Có những màu âm chỉ cần nghe là anh em chơi lâu năm nhận ra ngay
• 📚 Đây cũng là điều tạo nên sự thú vị trong việc sưu tầm và thưởng âm

👉 Anh em cùng em trải nghiệm những màu âm khác nhau trên các dòng máy Ô đô để tự đưa ra cảm nhận riêng của mình.

#donghoco #donghoo_do #amthanhdongho #donghosuutam #gaicarillon #10con10bua",117,"05/16/2026 18:51",https://www.facebook.com/reel/2079901182594211/,"Thước phim",,"Trọn đời",9,+59.9x,0.02,0.02,0,3956,57,5,48,2,0,3722,4323,19.808,77272.316
1576634010690278,100050310827163,"Đồng hồ Nhà kho","Ô đô 36/10 Máy Chân Kiềng – Cơ Hội Sở Hữu 36/10 Với Giá Hợp Lý | 0️⃣9️⃣6️⃣3️⃣✦4️⃣5️⃣6️⃣✦9️⃣6️⃣3️⃣

👉 Những chiếc Ô đô 36/10 máy chân kiềng thường có mức giá dễ tiếp cận hơn khá nhiều so với dòng máy vách bệt.
• 💰 Giá giao lưu thường chỉ khoảng một nửa so với nhiều chiếc 36/10 vách bệt
• 🕰️ Nhưng vẫn mang đầy đủ đặc tính kỹ thuật chính hãng của dòng 36/10
• ⚙️ Bộ máy bền bỉ, cấu trúc cơ khí đồng bộ và rất ổn định
• 🔔 Chất âm vẫn giữ được nét đặc trưng của dòng 10 côn 10 búa nổi tiếng

👉 Điều làm nhiều anh em lựa chọn:
• 🎼 Vẫn được trải nghiệm bản nhạc Gai Carillon đặc trưng
• ✨ Tiếng điểm giờ kép bính – boong rất cuốn hút
• 📚 Giá trị thưởng âm và sưu tầm vẫn rất rõ nét
• 👂 Một lựa chọn hợp lý cho anh em muốn chơi 36/10 đúng chất

👉 Với nhiều người chơi:
36/10 máy chân kiềng là cơ hội rất tốt để sở hữu dòng đồng hồ nổi tiếng này với mức giá hợp lý hơn rất nhiều.

#donghoco #donghoo_do #odo36_10 #maychankieng #10con10bua #gaicarillon #bingboong #amthanhdongho",96,"05/16/2026 18:16",https://www.facebook.com/reel/986221650688030/,"Thước phim",,"Trọn đời",36,+127.7x,0.03,0.03,0,11877,102,5,65,1,0,11220,12636,12.635,145470.939
1576627637357582,100050310827163,"Đồng hồ Nhà kho","Đừng Quá Đặt Nặng Tờ Giấy Đi Kèm Đồng Hồ Cổ | 0️⃣9️⃣6️⃣3️⃣✦4️⃣5️⃣6️⃣✦9️⃣6️⃣3️⃣

👉 Nhiều bác chơi đồng hồ cổ thường rất để ý tới tờ giấy đi kèm.
Nhưng thực tế, nếu lấy tờ giấy của chiếc này đặt sang chiếc khác mà không nói thì gần như rất khó để biết chính xác nó thuộc về chiếc nào.
• 📜 Giấy tờ chủ yếu mang tính tham khảo và lưu niệm
• 🕰️ Có giấy thì tốt, tăng thêm sự thú vị cho sản phẩm
• 🔍 Nhưng không thể phản ánh hoàn toàn chất lượng thực tế của chiếc đồng hồ
• ✨ Giá trị cốt lõi vẫn nằm ở chính bản thân sản phẩm

👉 Khi tìm hiểu hay sưu tầm đồng hồ cổ, điều nên quan tâm:
• ⚙️ Bộ máy còn nguyên bản và hoạt động ổn định ra sao
• 🔔 Âm thanh có đúng chất và còn hay không
• 🎼 Hình thức, độ đồng bộ và độ hiếm của sản phẩm
• 📚 Giá trị sưu tầm thực tế còn lại theo thời gian

👉 Với nhiều anh em chơi lâu năm:
một chiếc đồng hồ tốt luôn nằm ở chính giá trị thật của nó, chứ không chỉ ở tờ giấy đi kèm.

#donghoco #donghosuutam #donghocokhi #donghoxua #nguyenban #giaytodongho",100,"05/16/2026 18:04",https://www.facebook.com/reel/1231656215534980/,"Thước phim",,"Trọn đời",21,+60.4x,0.01,0.01,0,7230,52,2,32,0,0,7009,7574,10.756,76270.92
1576229797397366,100050310827163,"Đồng hồ Nhà kho","Số 472 – Đồng Hồ Junhan Đức Âm Hay Chuẩn Tone | ☎️ 0️⃣9️⃣6️⃣3️⃣ ✦ 4️⃣5️⃣6️⃣ ✦ 9️⃣6️⃣3️⃣

🕰️ Mẫu đồng hồ Junhan Đức với thiết kế hài hòa, thùng đẹp và tổng thể rất ưa nhìn khi trưng bày.
Kiểu dáng cổ điển, mang nét đặc trưng của đồng hồ cơ khí châu Âu.

✨ Bộ máy vận hành ổn định, nước máy đẹp và giữ được nét nguyên bản đáng trân trọng.
Tiếng chuông vang tròn, âm hay chuẩn tone, nghe rõ nhịp và rất dễ chịu.

✨ Phần thùng lên dáng đẹp, tạo cảm giác sang và có chiều sâu khi treo trong không gian.

💫 Một mẫu đồng hồ cổ máy đẹp – thùng đẹp – âm nổi bật, rất phù hợp cho anh em yêu đồng hồ Đức.

#dong_ho_junhan #dong_ho_duc #dong_ho_co #dong_ho_suu_tam #dong_ho_xua #am_thanh_hay #co_khi_co #thung_dep #gia_tri_suu_tam",57,"05/16/2026 06:48",https://www.facebook.com/reel/3093438624189063/,"Thước phim",,"Trọn đời",4,+6.6x,0.01,0.01,0,5792,27,1,23,1,0,5669,6156,5.379,30872.495
1576061357414210,100050310827163,"Đồng hồ Nhà kho","Số 471 – Đồng Hồ Tủ Kết Hợp Tủ Rượu 8 Côn 8 Búa | ☎️ ⓪⑨⑥③ • ④⑤⑥ • ⑨⑥③

🕰️ Mẫu đồng hồ tủ kết hợp trưng bày đồ và tủ rượu với kích thước lớn, tạo điểm nhấn nổi bật cho không gian nội thất.
Thiết kế hài hòa, vừa mang tính sử dụng vừa có giá trị trang trí cao.

✨ Đồng hồ cấu hình 8 côn 8 búa, cho tiếng chuông vang tròn, âm thanh hay, ngân đều và rất dễ nghe.
Khoang tủ rộng phù hợp trưng bày đồ sưu tầm, ly rượu hoặc decor cổ điển.

✨ Bộ máy vận hành ổn định, tổng thể bề thế và rất có thần thái khi đặt trong phòng khách hoặc phòng trưng bày.

💫 Một mẫu đồng hồ tủ kích thước lớn – âm hay – giá thanh lý hợp lý, rất đáng để anh em tham khảo.

#dong_ho_tu #tu_ruou_co #8_con_8_bua #dong_ho_co #dong_ho_suu_tam #dong_ho_xua #am_thanh_hay #co_khi_co #trang_tri_noi_that #gia_hop_ly",90,"05/16/2026 02:22",https://www.facebook.com/reel/987992077560999/,"Thước phim",,"Trọn đời",9,+26.1x,0,0,0,5937,36,0,30,0,1,5891,6222,6.612,39025.183
1576033590750320,100050310827163,"Đồng hồ Nhà kho","Mấy món lặt vặt xe đạp xe máy cũ ai lấy gì em tặng",22,"05/16/2026 01:32",https://www.facebook.com/reel/27794141460173329/,"Thước phim",,"Trọn đời",5,+7.6x,0,0,0,6044,18,0,11,2,0,5887,6701,5.086,30436.514
1576013607418985,100050310827163,"Đồng hồ Nhà kho","Số 470 – Đồng Hồ Junhan Cổ Thanh Lý 950K | ☎️ 0️⃣9️⃣6️⃣3️⃣ ✦ 4️⃣5️⃣6️⃣ ✦ 9️⃣6️⃣3️⃣

🕰️ Mẫu đồng hồ Junhan cổ hàng Đức với thiết kế hài hòa, mang nét cơ khí châu Âu xưa và rất ưa nhìn khi trưng bày.
Tổng thể giữ được vẻ đẹp cổ kính theo thời gian.

✨ Bộ máy vận hành ổn định, phù hợp cho anh em thích chơi đồng hồ cổ hoặc decor không gian vintage.
Âm thanh nhẹ nhàng, tạo cảm giác hoài niệm và dễ chịu.

✨ Hình thức còn khá đẹp, phù hợp cả người mới chơi lẫn anh em sưu tầm.

💫 Một mẫu đồng hồ cổ giá thanh lý chỉ khoảng 950K, dễ tiếp cận và rất đáng để trải nghiệm.

#dong_ho_junhan #dong_ho_duc #dong_ho_co #dong_ho_thanh_ly #dong_ho_suu_tam #dong_ho_xua #co_khi_co #gia_hop_ly #decor_vintage",23,"05/16/2026 01:00",https://www.facebook.com/reel/1004388928594256/,"Thước phim",,"Trọn đời",2,+3.9x,0,0,0,6538,39,1,37,0,0,6365,7695,6.58,42437.44
1575880074099005,100050310827163,"Đồng hồ Nhà kho","Số 469 – Đồng Hồ Vai Bò Đức 5 Côn 5 Búa Dáng Đẹp | ☎️ ⓪⑨⑥③ ✧ ④⑤⑥ ✧ ⑨⑥③

🕰️ Mẫu đồng hồ vai bò Đức 5 côn 5 búa với thiết kế cổ điển, tổng thể hài hòa và rất ưa nhìn khi trưng bày.
Dáng đồng hồ cân đối, mang nét đặc trưng của đồng hồ cơ khí châu Âu xưa.

✨ Hệ thống 5 côn 5 búa cho tiếng chuông vang tròn, âm thanh hay, ngân đều và rất dễ nghe.
Thiết kế mềm mại kết hợp phần vỏ gỗ tự nhiên tạo cảm giác ấm áp và sang trọng.

✨ Bộ máy vận hành ổn định, phù hợp sử dụng lâu dài và trưng bày trong nhiều không gian.

💫 Một mẫu đồng hồ cổ âm hay – dáng đẹp – giá trị sưu tầm cao, phù hợp cho anh em yêu đồ xưa.

#dong_ho_vai_bo #dong_ho_duc #5_con_5_bua #dong_ho_co #dong_ho_suu_tam #dong_ho_xua #am_thanh_hay #co_khi_co #trang_tri_co_dien #gia_tri_suu_tam",38,"05/15/2026 21:06",https://www.facebook.com/reel/1007880238260439/,"Thước phim",,"Trọn đời",0,+0.5x,0,0,0,806,5,0,5,0,0,713,877,6.226,4974.588
1575865024100510,100050310827163,"Đồng hồ Nhà kho","Số 469 – Đồng Hồ Vai Bò Đức 5 Côn 5 Búa Dáng Đẹp | ☎️ ⓪⑨⑥③ ✧ ④⑤⑥ ✧ ⑨⑥③

🕰️ Mẫu đồng hồ vai bò Đức 5 côn 5 búa với thiết kế cổ điển, tổng thể hài hòa và rất ưa nhìn khi trưng bày.
Dáng đồng hồ cân đối, mang nét đặc trưng của đồng hồ cơ khí châu Âu xưa.

✨ Hệ thống 5 côn 5 búa cho tiếng chuông vang tròn, âm thanh hay, ngân đều và rất dễ nghe.
Thiết kế mềm mại kết hợp phần vỏ gỗ tự nhiên tạo cảm giác ấm áp và sang trọng.

✨ Bộ máy vận hành ổn định, phù hợp sử dụng lâu dài và trưng bày trong nhiều không gian.

💫 Một mẫu đồng hồ cổ âm hay – dáng đẹp – giá trị sưu tầm cao, phù hợp cho anh em yêu đồ xưa.

#dong_ho_vai_bo #dong_ho_duc #5_con_5_bua #dong_ho_co #dong_ho_suu_tam #dong_ho_xua #am_thanh_hay #co_khi_co #trang_tri_co_dien #gia_tri_suu_tam",91,"05/15/2026 20:40",https://www.facebook.com/reel/1613879876374559/,"Thước phim",,"Trọn đời",3,+6.6x,0,0,0,604,7,0,5,1,0,553,638,7.8,4648.811
1575844960769183,100050310827163,"Đồng hồ Nhà kho","Mechanical movement of the Odo 36/10 during the chime sequence ✨

When the Odo 36/10 begins to play its melody and strike the hour, the entire handcrafted mechanical system starts working together in perfect harmony.

The music drum, hammer levers, fly governor and the famous 10 rods – 10 hammers movement all operate continuously to create the deep and emotional vintage mechanical sound this model is known for.

A beautiful example of traditional clockmaking where you can both hear and watch the movement of time.

#odo3610 #odoclock #mechanicalclock #vintageclock #antiqueclock #gaicarillon #clockmovement #clockcollector #frenchclock #clocklover",33,"05/15/2026 20:05",https://www.facebook.com/reel/943669655162248/,"Thước phim",,"Trọn đời",8,+14.9x,0.01,0.01,0,5244,61,0,47,3,4,4759,5850,12.403,62478.476
1575833880770291,100050310827163,"Đồng hồ Nhà kho","Đồng hồ tủ cây Đức 8 côn – dáng thùng 3 buồng lớn bề thế sang trọng- Mã số T1
💵: 38tr
✨ Thiết kế dáng 3 buồng, vân gỗ nổi đẹp mắt, form tủ cao 210cm tạo cảm giác sang trọng và nổi bật trong không gian phòng khách, biệt thự hay sảnh lớn.

✨ Mặt số nổi phong cách cổ điển châu Âu, kim hoa văn mềm mại, kết hợp cần gạt ngắt chuông tiện dụng với các chế độ Silent – Night Off – Strike – Westminster giúp người chơi dễ dàng tùy chỉnh theo nhu cầu sử dụng.

✨ Bộ máy Đức 8 côn nguyên bản, chơi bản nhạc Westminster với tiếng chuông ngân vang, trầm ấm và rất có chiều sâu.

✨ Bộ quả tạ đồng cùng quả lắc họa tiết nổi tạo điểm nhấn đẹp mắt khi hoạt động. Tổng thể chiếc đồng hồ mang nét mộc mạc nhưng đầy giá trị sưu tầm của những mẫu tủ cây Đức xưa.

📏 Kích thước: 210 x 95 cm

☎️ 0963.456.963
🏠 Khu đô thị Văn Phú, phường Phú La, quận Hà Đông, Hà Nội

#dong_ho_tu_cay #dong_ho_tu_cay_duc #dong_ho_8_con #dong_ho_qua_lac #dong_ho_co #dong_ho_co_chau_au #dong_ho_duc #dong_ho_treo_tuong #dong_ho_suu_tam #dong_ho_chuong_nhac #westminster #dong_ho_cot #gioi_suu_tam_dong_ho #dong_ho_xua",0,"05/15/2026 19:45",https://www.facebook.com/donghonhakho.vn/posts/pfbid0WxHtKaAJkgG9xbGwF3NSZ3Y3Ds9LJNGmR6GB8dj4tRFtGStYUnaLiSwNgKmkQW2ql,Ảnh,,"Trọn đời",1,--,0,0,0,447,4,0,3,0,0,414,683,,
1575804854106527,100050310827163,"Đồng hồ Nhà kho","Số 468 – Đồng Hồ Normandie 11 Côn 17 Búa | ☎️ 0️⃣9️⃣6️⃣3️⃣ ◦ 4️⃣5️⃣6️⃣ ◦ 9️⃣6️⃣3️⃣

🕰️ Mẫu đồng hồ Normandie 11 côn 17 búa với cấu hình lớn, tạo ấn tượng mạnh cả về ngoại hình lẫn chất âm.
Thiết kế bề thế, tổng thể hài hòa và rất nổi bật khi trưng bày.

✨ Hệ thống 11 côn 17 búa cho tiếng chuông dày, vang tròn và có chiều sâu rất riêng.
Âm thanh ngân dài, tách lớp rõ ràng, tạo cảm giác như một dàn chuông thu nhỏ trong không gian.

✨ Bộ máy vận hành ổn định, mang đậm nét cơ khí cổ điển châu Âu.

💫 Một mẫu đồng hồ cổ hiếm gặp – âm thanh nổi bật – giá trị sưu tầm cao, rất đáng để anh em yêu đồng hồ nhạc quan tâm.

#dong_ho_normandie #11_con_17_bua #dong_ho_co #dong_ho_suu_tam #dong_ho_xua #am_thanh_hay #co_khi_co #trang_tri_co_dien #gia_tri_suu_tam",59,"05/15/2026 18:55",https://www.facebook.com/reel/1346033784239997/,"Thước phim",,"Trọn đời",2,+4.2x,0,0,0,1117,18,1,16,3,0,1038,1334,14.977,16999.281
1575800750773604,100050310827163,"Đồng hồ Nhà kho","Ô đô 36/10 nguyên bản – Âm hay, giá hợp lý ✨

Chiếc 36/10 với cấu hình 10 côn 10 búa nổi tiếng bởi chất âm ngân nga, mềm mại và rất có chiều sâu.
Tiếng điểm giờ kép bính – boong đặc trưng kết hợp bản nhạc Gai Carillon tạo nên chất âm rất cuốn hút.

Một dòng đồng hồ vừa có giá trị thưởng âm, vừa mang giá trị sưu tầm cao đối với anh em yêu đồng hồ cổ cơ khí.

#donghoco #donghoo_do #odo36_10 #gaicarillon #10con10bua #bingboong #amthanhdongho #donghosuutam #dochoixua",21,"05/15/2026 18:48",https://www.facebook.com/reel/2011631482782222/,"Thước phim",,"Trọn đời",13,+19.3x,0,0,0,1100,24,0,9,2,0,995,1360,7.862,8570.166
1575456097474736,100050310827163,"Đồng hồ Nhà kho","About this mechanical cam wheel ✨

This small handcrafted wheel controls the musical timing and sequence inside a vintage mechanical clock movement.
Each step and notch guides the hammer actions during the chime cycle, especially at the 15, 30, 45 and full hour melody progression.

A tiny mechanical detail, but one of the most important parts behind the emotional sound of vintage clock music.

#vintageclock #mechanicalclock #clockmovement #musicmechanism #odoclock #antiqueclock #clockcollector #clockrepair #mechanicalengineering #clocklover",26,"05/15/2026 08:39",https://www.facebook.com/reel/1479909930441611/,"Thước phim",,"Trọn đời",10,+33.6x,0.69,0.69,0,140816,812,100,773,54,17,133745,187205,16.225,2250427.263
1575446254142387,100050310827163,"Đồng hồ Nhà kho","Odo 36/10 Music Drum – Full Hour Chime ✨

At the full hour, the Odo 36/10 performs the complete musical sequence with rich mechanical harmony and the famous double strike “Bing-Bong” hour chime.

The deep resonance, emotional transitions and handcrafted sound make this one of the most collectible vintage mechanical clock movements.

A true masterpiece of vintage clock music engineering.

#odo3610 #odoclock #vintageclock #mechanicalclock #antiqueclock #gaicarillon #bingbong #clockcollector #frenchclock #wallclock #vintagecollection #clocklover",24,"05/15/2026 08:24",https://www.facebook.com/reel/1345127244162582/,"Thước phim",,"Trọn đời",74,+130x,0.99,0.99,0,107134,958,125,816,85,26,104887,140149,15.057,1592841.976
1575443954142617,100050310827163,"Đồng hồ Nhà kho","Odo 36/10 Music Drum – 45 Minute Chime ✨

At the 45-minute mark, the melody becomes more expressive with beautiful mechanical transitions and emotional musical flow.
The deep chime tone and layered hammer sequence create the signature handcrafted sound of the Odo 36/10.

A vintage mechanical clock sound full of character, warmth and collector value.

#odo3610 #odoclock #vintageclock #mechanicalclock #antiqueclock #musicdrum #gaicarillon #clockcollector #frenchclock #wallclock #vintagecollection #clocklover",12,"05/15/2026 08:21",https://www.facebook.com/reel/1402432924958307/,"Thước phim",,"Trọn đời",27,+64.8x,0.57,0.57,0,117065,1241,122,1155,82,22,118079,188039,12.319,1429857.093
1575439860809693,100050310827163,"Đồng hồ Nhà kho","Odo 36/10 Music Drum – 30 Minute Chime ✨

At the 30-minute mark, the music drum plays a longer and more emotional part of the melody.
The hammer sequence becomes richer, creating the warm and deep mechanical sound that makes the Odo 36/10 so special.

Beautiful handcrafted vintage clock movement with the signature Gai Carillon musical tone.

#odo3610 #odoclock #vintageclock #mechanicalclock #antiqueclock #musicdrum #gaicarillon #clockcollector #frenchclock #wallclock #vintagecollection #clocklover",9,"05/15/2026 08:15",https://www.facebook.com/reel/830382173458310/,"Thước phim",,"Trọn đời",0,+0.4x,0,0,0,809,5,0,4,1,0,759,1052,4.833,3987.467
1575438420809837,100050310827163,"Đồng hồ Nhà kho","Odo 36/10 Music Drum – 15 Minute Chime ✨

The music drum begins the first short melody every 15 minutes, creating the signature mechanical sound of the Odo 36/10.
Each pin controls the hammer movement with beautiful handcrafted precision.

Warm, deep and emotional vintage mechanical clock sound that collectors truly appreciate.

#odo3610 #odoclock #vintageclock #mechanicalclock #antiqueclock #musicdrum #gaicarillon #clockcollector #frenchclock #wallclock #vintagecollection #clocklover",4,"05/15/2026 08:13",https://www.facebook.com/reel/1672195574094585/,"Thước phim",,"Trọn đời",2,+3.3x,0,0,0,1470,13,1,11,1,0,1408,2366,5.066,7290.003
1575222887498057,100050310827163,"Đồng hồ Nhà kho","Ma Normandie – Bản Nhạc Mang Màu Âm Sang Và Giàu Cảm Xúc | 0️⃣9️⃣6️⃣3️⃣✦4️⃣5️⃣6️⃣✦9️⃣6️⃣3️⃣

👉 Ma Normandie là một trong những bản nhạc cơ khí được nhiều anh em yêu thích trên các dòng đồng hồ nhiều côn nhiều búa.
 • 🎼 Giai điệu mềm mại, có nhiều đoạn luyến láy đặc trưng
 • 🔔 Âm thanh dày, ngân sâu và có độ lan rất đẹp
 • ✨ Các lớp âm nối tiếp nhau tạo cảm giác rất giàu cảm xúc
 • 🕰️ Càng về cuối bản nhạc càng thể hiện rõ chiều sâu cơ khí thủ công xưa

👉 Điểm đặc biệt của Ma Normandie:
 • 🎶 Nghe sang, nhẹ nhàng nhưng rất cuốn tai
 • 👂 Càng nghe lâu càng dễ “thấm”
 • 📚 Phù hợp với những bộ máy nhiều búa, nhiều côn có độ cộng hưởng tốt

👉 Một bản nhạc:
không quá ồn ào nhưng rất dễ làm người nghe nhớ tiếng.

#donghoco #manormandie #normandie #amthanhdongho #donghocokhi #donghosuutam #dochoixua #11con17bua",30,"05/15/2026 02:44",https://www.facebook.com/reel/1658132898807689/,"Thước phim",,"Trọn đời",38,+56.7x,0.08,0.08,0,14724,154,7,113,5,0,14332,18112,13.684,199525.481
1575213704165642,100050310827163,"Đồng hồ Nhà kho","Khi mua đồng hồ cổ, có giấy tờ đi theo thì tốt, không có cũng không phải vấn đề quá lớn các bác ạ.

Điều quan trọng nhất vẫn là:
 • chất lượng thực tế của chiếc đồng hồ
 • độ nguyên bản
 • độ ổn định của bộ máy
 • âm thanh và giá trị thật của sản phẩm

Vì giấy tờ cũng chỉ là một phần tham khảo.
Đừng quá tập trung vào tờ giấy mà quên mất giá trị cốt lõi nằm ở chính chiếc đồng hồ.",60,"05/15/2026 02:29",https://www.facebook.com/reel/1662709031449348/,"Thước phim",,"Trọn đời",2,+0.9x,0,0,0,6162,32,1,30,0,0,6145,6452,7.165,43242.157
1575213614165651,100050310827163,"Đồng hồ Nhà kho","Đúng Giờ Normandie – Cả Một Tác Phẩm Âm Nhạc Cơ Khí | 0️⃣9️⃣6️⃣3️⃣✦4️⃣5️⃣6️⃣✦9️⃣6️⃣3️⃣

👉 Khi đến đúng giờ, bản nhạc Normandie được triển khai đầy đủ và cũng là lúc chiếc đồng hồ thể hiện trọn vẹn cái hay của mình.
 • 🎼 Giai điệu đầy đủ với nhiều lớp âm thanh nối tiếp nhau
 • 🔔 Tiếng côn ngân dài, dày và có chiều sâu rõ rệt
 • ✨ Các đoạn luyến láy mềm mại tạo cảm giác rất giàu cảm xúc
 • 🕰️ Sau phần nhạc là tiếng điểm giờ vang đều, dứt khoát và đầy nội lực

👉 Với cấu hình 11 côn 17 búa:
 • 🎶 Âm thanh lan rộng, hòa quyện rất mượt
 • 👂 Nghe như cả một tác phẩm âm nhạc cơ khí cổ điển

👉 Ngồi nghe hết một vòng đúng giờ mới cảm nhận rõ:
đồng hồ cổ không chỉ để xem giờ mà còn để thưởng âm và thưởng cả thời gian.

#donghoco #normandie #dunggio #11con17bua #amthanhdongho #donghocokhi #donghosuutam #dochoixua",45,"05/15/2026 02:29",https://www.facebook.com/reel/1684308076349678/,"Thước phim",,"Trọn đời",5,+10x,0.02,0.02,0,6697,79,1,71,4,2,6407,7681,11.169,74054.738
1575208170832862,100050310827163,"Đồng hồ Nhà kho","Âm Nhạc 45 Phút Normandie – Luyến Láy Và Giàu Cảm Xúc | 0️⃣9️⃣6️⃣3️⃣✦4️⃣5️⃣6️⃣✦9️⃣6️⃣3️⃣

👉 Ở mốc 45 phút, bản Normandie bắt đầu bước vào đoạn nhạc giàu cảm xúc nhất trước khi tới đúng giờ.
 • 🎼 Giai điệu dài hơn, nhiều đoạn nối nhịp liên tục
 • 🔔 Tiếng côn ngân sâu, mềm và rất có độ lan
 • ✨ Các nốt nhạc luyến láy tạo cảm giác rất “có hồn”
 • 🕰️ Âm thanh vừa nhẹ nhàng vừa đầy nội lực của cơ khí cổ

👉 Với cấu hình 11 côn 17 búa:
 • 🎶 Các lớp âm hòa quyện rất dày và mượt
 • 👂 Càng nghe càng thấy rõ chiều sâu của bản nhạc

👉 Đây là đoạn nhiều anh em thích ngồi nghe nhất vì:
rất giàu cảm xúc và đúng chất thưởng âm đồng hồ cổ.

#donghoco #normandie #45phut #11con17bua #amthanhdongho #donghocokhi #donghosuutam #dochoixua",12,"05/15/2026 02:20",https://www.facebook.com/reel/1441512307774576/,"Thước phim",,"Trọn đời",0,+1.4x,0.01,0.01,0,6009,30,1,31,0,1,5995,7441,5.768,34139.512
1575208157499530,100050310827163,"Đồng hồ Nhà kho","Âm Nhạc 30 Phút Normandie – Bắt Đầu Có Chiều Sâu Và Cảm Xúc | 0️⃣9️⃣6️⃣3️⃣✦4️⃣5️⃣6️⃣✦9️⃣6️⃣3️⃣

👉 Ở mốc 30 phút, bản nhạc Normandie bắt đầu thể hiện rõ hơn sự mềm mại và chiều sâu đặc trưng của mình.
 • 🎼 Giai điệu dài hơn đoạn 15 phút
 • 🔔 Tiếng côn ngân đều, dày và lan rất êm
 • ✨ Các nốt nhạc bắt đầu có sự nối nhịp và luyến láy rõ hơn
 • 🕰️ Âm thanh tạo cảm giác nhẹ nhàng nhưng rất cuốn tai

👉 Với cấu hình nhiều búa, nhiều côn:
 • 🎶 Các lớp âm thanh hòa vào nhau rất mượt
 • 👂 Nghe có cảm giác đầy đặn và giàu cảm xúc hơn

👉 Đây là đoạn mà nhiều anh em bắt đầu cảm nhận rõ:
cái hay rất riêng của bản Normandie trên đồng hồ cổ cơ khí.

#donghoco #normandie #30phut #11con17bua #amthanhdongho #donghocokhi #donghosuutam #dochoixua",15,"05/15/2026 02:20",https://www.facebook.com/reel/2095842127642532/,"Thước phim",,"Trọn đời",28,+96.9x,0.53,0.53,0,114123,1867,161,1765,83,68,112013,190820,14.293,1620941.899
1575205860833093,100050310827163,"Đồng hồ Nhà kho","Âm Nhạc 15 Phút Normandie – Nhẹ Nhàng Nhưng Rất Có Hồn | 0️⃣9️⃣6️⃣3️⃣✦4️⃣5️⃣6️⃣✦9️⃣6️⃣3️⃣

👉 Ở mốc 15 phút, bản nhạc Normandie bắt đầu bằng đoạn dạo ngắn nhưng rất đặc trưng.
 • 🎼 Giai điệu nhẹ nhàng, chậm rãi và mềm mại
 • 🔔 Tiếng côn ngân đều, tạo cảm giác rất thư thái
 • ✨ Các nốt nhạc nối nhau mượt và có độ luyến nhẹ
 • 🕰️ Tuy ngắn nhưng vẫn thể hiện rõ chất âm cơ khí thủ công cổ điển

👉 Điểm hay của đoạn 15 phút:
 • 🎶 Không quá dài nhưng rất dễ tạo cảm xúc
 • 👂 Nghe nhẹ nhàng, ấm và có chiều sâu
 • 📚 Là phần mở đầu cho cả chu kỳ âm nhạc của đồng hồ

👉 Nhiều anh em thích chính những đoạn nhạc ngắn như vậy vì:
nghe rất mộc và rất “đồng hồ cổ”.

#donghoco #normandie #15phut #amthanhdongho #donghocokhi #donghosuutam #dochoixua #11con17bua",7,"05/15/2026 02:17",https://www.facebook.com/reel/1255588233260969/,"Thước phim",,"Trọn đời",25,+72.7x,0,0,0,158155,1582,169,1513,72,35,137484,214480,5.901,822521.664
1575204577499888,100050310827163,"Đồng hồ Nhà kho","Đồng Hồ 17 Búa 11 Côn Normandie – Chơi Bản Ma Normandie | 0️⃣9️⃣6️⃣3️⃣✦4️⃣5️⃣6️⃣✦9️⃣6️⃣3️⃣

👉 Một cấu hình rất đặc biệt trong giới đồng hồ cổ cơ khí.
 • 🕰️ Bộ máy 11 côn 17 búa với cơ cấu đánh cực kỳ phức tạp
 • 🎼 Chơi bản nhạc Ma Normandie đặc trưng
 • 🔔 Âm thanh dày, nhiều lớp và có chiều sâu rõ rệt
 • ✨ Khi đánh đủ vòng tạo cảm giác như cả một tác phẩm âm nhạc cơ khí
 • ⚙️ Số lượng búa lớn giúp tiếng chuông lan đều và giàu cảm xúc hơn

👉 Điểm thú vị của dòng này:
 • 🎶 Giai điệu mềm mại nhưng rất nội lực
 • 📚 Cơ cấu đánh phức tạp, mang giá trị sưu tầm cao
 • 👂 Càng nghe càng cảm nhận rõ nét thủ công cơ khí xưa

👉 Một dòng đồng hồ:
không chỉ để xem giờ mà còn để thưởng thức âm nhạc cơ khí cổ điển.

#donghoco #normandie #11con17bua #manormandie #donghocokhi #amthanhdongho #donghosuutam #dochoixua #2bainhac",40,"05/15/2026 02:14",https://www.facebook.com/reel/2381215282403691/,"Thước phim",,"Trọn đời",6,+10.4x,0.01,0.01,0,5977,57,-1,49,3,1,5860,6647,7.562,44764.24
1574579774229035,100050310827163,"Đồng hồ Nhà kho","Có những chiếc đồng hồ máy nguyên bản của hãng Ô đô, nhưng lại được lắp trong thùng của hãng khác, và việc đó đã được làm từ rất xa xưa chứ không phải mới đây.

Vậy theo quan điểm của anh em, những chiếc như vậy có còn đáng chơi và đáng sưu tầm không?

Nếu:
 • bộ máy vẫn đúng hãng, đúng đời
 • hoạt động tốt
 • âm thanh hay
 • việc lắp thùng đã tồn tại theo năm tháng

thì anh em có chấp nhận không, hay vẫn ưu tiên một chiếc đồng bộ tuyệt đối từ đầu?",45,"05/14/2026 07:51",https://www.facebook.com/reel/2726792201025858/,"Thước phim",,"Trọn đời",8,+12.7x,0.01,0.01,0,2737,32,0,24,0,0,2670,3232,14.202,38715.143
1574573564229656,100050310827163,"Đồng hồ Nhà kho","Khi bàn về đồng hồ nguyên bản, mỗi anh em lại có một cách hiểu khác nhau.

Có bác cho rằng nguyên bản là chưa từng bị tháo.
Có bác lại nghĩ có thể tháo nhưng chưa thay linh kiện.
Cũng có người chấp nhận việc thay thế, miễn là linh kiện đúng hãng, đúng đời.
Hoặc có quan điểm cho rằng nguyên bản là chưa từng qua sửa chữa tại Việt Nam.

Vì đồng hồ cổ là sản phẩm cơ khí thủ công, trải qua hàng chục năm sử dụng nên rất khó có một khái niệm tuyệt đối cho tất cả.

Còn với anh em, thế nào mới được gọi là một chiếc đồng hồ nguyên bản?",33,"05/14/2026 07:43",https://www.facebook.com/reel/1683432336236052/,"Thước phim",,"Trọn đời",2,+3.6x,0,0,0,2246,20,-1,16,2,0,2189,2646,8.705,19831.301
1574517764235236,100050310827163,"Đồng hồ Nhà kho","Ô đô 36/10 – Cuốn Hút Bởi Chất Âm Cơ Khí Thủ Công | 0️⃣9️⃣6️⃣3️⃣✦4️⃣5️⃣6️⃣✦9️⃣6️⃣3️⃣

👉 Điều làm nhiều anh em yêu thích 36/10 không chỉ nằm ở hình thức, mà còn ở chất âm rất riêng của dòng máy này.
 • 🕰️ Âm thanh mang đậm nét cơ khí thủ công cổ điển
 • 🎼 Tiếng côn ngân dài, mềm mại và có chiều sâu
 • ✨ Các đoạn nhạc có độ luyến láy, nghe rất “có hồn”
 • 🔔 Đặc biệt là tiếng điểm giờ kép bính – boong cực kỳ đặc trưng

👉 Chính tiếng điểm giờ kép:
 • 🎶 Tạo cảm giác sang và rất cuốn tai
 • 📚 Là nét nhận diện quen thuộc của nhiều phiên bản 36/10 chơi Gai Carillon

👉 Càng nghe lâu càng dễ bị:
cuốn hút bởi cái chất âm cơ khí rất thủ công và đầy cảm xúc của dòng 36/10.

#donghoco #donghoo_do #odo36_10 #gaicarillon #bingboong #10con10bua #2bainhac #amthanhdongho #donghosuutam #dochoixua",32,"05/14/2026 06:22",https://www.facebook.com/reel/970518552044389/,"Thước phim",,"Trọn đời",4,+7x,0,0,0,2537,34,1,29,3,0,2391,3030,11.897,29815.724
1574379594249053,100050310827163,"Đồng hồ Nhà kho","Đồng Hồ Nguyên Bụi – Giữ Nguyên Dấu Vết Thời Gian | 0️⃣9️⃣6️⃣3️⃣✦4️⃣5️⃣6️⃣✦9️⃣6️⃣3️⃣

👉 Đồng hồ nguyên bụi là những chiếc đã để lâu năm không sử dụng, còn giữ nguyên hiện trạng theo thời gian.
 • 🕰️ Có thể xuất hiện bụi bẩn, oxy hóa hay vài dấu vết hư hại tự nhiên
 • ✨ Chưa được làm mới, spa hay tút tát lại
 • 📚 Nhìn sẽ không bóng bẩy hoặc bắt mắt như hàng đã làm đẹp

👉 Tuy nhiên với người sưu tầm:
 • 🔍 Đây lại là dạng rất dễ đánh giá hiện trạng thật của sản phẩm
 • ⚙️ Quan sát được độ hao mòn tự nhiên của máy móc và linh kiện
 • 🎯 Dễ nhận biết tính nguyên bản và mức độ đồng bộ của đồng hồ

👉 Nhiều anh em chơi lâu năm thích:
cái cũ thật và dấu vết thời gian thật hơn là vẻ ngoài quá mới mẻ sau khi làm lại.

#donghoco #nguyenbui #donghocokhi #donghoxua #donghosuutam #dochoixua #kienthucdongho #nguyenban",18,"05/14/2026 02:49",https://www.facebook.com/reel/1711354073334624/,"Thước phim",,"Trọn đời",4,+7.6x,0.01,0.01,0,3989,54,-1,52,0,1,3934,5357,9.401,37371.782
1574374397582906,100050310827163,"Đồng hồ Nhà kho","Ô đô 36/10 Mặt Số Nổi – Nét Đẹp Đậm Chất Đồng Hồ Cổ | 0️⃣9️⃣6️⃣3️⃣✦4️⃣5️⃣6️⃣✦9️⃣6️⃣3️⃣

👉 Trên dòng 36/10, phiên bản mặt số nổi luôn tạo cảm giác rất có chiều sâu và nổi bật khi nhìn thực tế.
 • 🕰️ Bộ số nổi tạo hiệu ứng ánh sáng rất đẹp
 • ✨ Mặt số có độ nổi khối, sang và dễ quan sát
 • 📚 Mang đậm nét chế tác thủ công của đồng hồ cổ châu Âu
 • 🔔 Kết hợp cùng chất âm đặc trưng của 36/10 tạo nên tổng thể rất cuốn hút

👉 Khi lên thùng dài:
 • 🎼 Vừa đẹp hình thức
 • 🎶 Vừa có chất âm ngân vang đặc trưng

👉 Đây là kiểu mặt được nhiều anh em yêu thích vì:
nhìn có hồn và rất đúng chất đồng hồ xưa.

#donghoco #donghoo_do #odo36_10 #matsonoi #10con10bua #2bainhac #amthanhdongho #donghosuutam #dochoixua",12,"05/14/2026 02:41",https://www.facebook.com/reel/1746011666769552/,"Thước phim",,"Trọn đời",22,+35.2x,0.03,0.03,0,11317,225,11,200,5,1,10987,16878,9.778,109656.576
1574372927583053,100050310827163,"Đồng hồ Nhà kho","Bản Gai Carillon Trên Đồng Hồ Tủ – Âm Thanh Đầy Nội Lực | 0️⃣9️⃣6️⃣3️⃣✦4️⃣5️⃣6️⃣✦9️⃣6️⃣3️⃣

👉 Khi bản Gai Carillon được chơi trên những chiếc đồng hồ tủ, cảm giác âm thanh mang lại rất khác biệt.
 • 🕰️ Thùng tủ lớn giúp âm thanh có độ cộng hưởng tốt hơn
 • 🎼 Giai điệu Gai Carillon trở nên dày, vang và đầy nội lực
 • 🔔 Tiếng côn ngân dài, lan đều trong không gian
 • ✨ Các đoạn luyến láy nghe rõ và giàu cảm xúc hơn

👉 Điểm đặc trưng:
 • 🎶 Âm thanh vừa mềm mại vừa rất “uy lực”
 • 🏠 Nghe trong không gian yên tĩnh tạo cảm giác rất ấm nhà
 • 📚 Càng về đúng giờ càng thể hiện rõ chiều sâu của bản nhạc

👉 Nhiều anh em chơi lâu năm đánh giá:
👉 Gai Carillon trên đồng hồ tủ mang một màu âm rất riêng, nghe là dễ nhớ.

#donghoco #donghotu #gaicarillon #amthanhdongho #donghocokhi #donghosuutam #dochoixua #bingboong #2bainhac",18,"05/14/2026 02:39",https://www.facebook.com/reel/26254100574269651/,"Thước phim",,"Trọn đời",105,+162.8x,0.14,0.14,0,114082,799,155,657,52,7,110652,177843,14.884,1678819.198
1574365457583800,100050310827163,"Đồng hồ Nhà kho","Đúng Giờ – Cả Một Tác Phẩm Âm Nhạc Cơ Khí | 0️⃣9️⃣6️⃣3️⃣✦4️⃣5️⃣6️⃣✦9️⃣6️⃣3️⃣

👉 Khi đánh đúng giờ, chiếc Ô đô 36/10 thể hiện trọn vẹn cả một tác phẩm âm nhạc cơ khí đầy cảm xúc.
 • 🎼 Bản nhạc được triển khai đầy đủ với nhiều lớp giai điệu
 • 🔔 Tiếng côn ngân dài, mềm mại và rất có chiều sâu
 • ✨ Các đoạn luyến láy nối tiếp nhau tạo cảm giác rất “có hồn”
 • 🕰️ Sau phần nhạc là tiếng điểm giờ bính – boong cực kỳ đặc trưng

👉 Chính tiếng chuông điểm giờ:
 • 🎶 Tròn tiếng, vang và dứt khoát
 • 📚 Tạo nên dấu ấn rất riêng của dòng 36/10

👉 Ngồi nghe hết một vòng đúng giờ mới thấy:
đồng hồ cổ không chỉ để xem giờ, mà còn để thưởng âm.

#donghoco #donghoo_do #odo36_10 #gaicarillon #bingboong #10con10bua #2bainhac #amthanhdongho #donghosuutam #dochoixua",33,"05/14/2026 02:25",https://www.facebook.com/reel/994787702965090/,"Thước phim",,"Trọn đời",21,+32.2x,0.1,0.1,0,11687,137,8,108,10,0,11339,13437,11.132,127237.6
1574362960917383,100050310827163,"Đồng hồ Nhà kho","Âm 45 Phút Gai Carillon – Nhiều Sự Luyến Láy Và Cảm Xúc | 0️⃣9️⃣6️⃣3️⃣✦4️⃣5️⃣6️⃣✦9️⃣6️⃣3️⃣

👉 Ở mốc 45 phút, bản nhạc Gai Carillon trên Ô đô 36/10 bắt đầu bước vào đoạn nhạc giàu cảm xúc nhất trước khi tới đúng giờ.
 • 🎼 Giai điệu có nhiều đoạn luyến láy, nối nhịp liên tục
 • 🔔 Tiếng côn ngân dài, mềm và có chiều sâu hơn
 • ✨ Các nốt nhạc đan xen tạo cảm giác rất “có hồn”
 • 🎶 Âm thanh vừa vui tai nhưng cũng rất da diết theo kiểu cơ khí cổ

👉 Đây là đoạn:
 • 👂 Nhiều anh em thích ngồi nghe nhất
 • 🕰️ Thể hiện rõ cái chất thủ công và độ ngân đặc trưng của 36/10

👉 Càng nghe kỹ càng thấy:
mỗi mốc thời gian lại mang một màu cảm xúc riêng.

#donghoco #donghoo_do #odo36_10 #gaicarillon #45phut #10con10bua #2bainhac #amthanhdongho #donghosuutam #dochoixua",17,"05/14/2026 02:21",https://www.facebook.com/reel/1599150507815003/,"Thước phim",,"Trọn đời",14,+26.5x,0.12,0.12,0,15581,236,10,211,12,6,15043,21974,11.987,183478.939
1574361454250867,100050310827163,"Đồng hồ Nhà kho","Âm 30 Phút Gai Carillon Trên Ô đô 36/10 | 0️⃣9️⃣6️⃣3️⃣✦4️⃣5️⃣6️⃣✦9️⃣6️⃣3️⃣

👉 Ở mốc 30 phút, bản nhạc Gai Carillon bắt đầu thể hiện rõ nét đặc trưng vui tươi và cuốn hút của mình.
 • 🎼 Đoạn dạo dài hơn mốc 15 phút
 • 🔔 Tiếng côn ngân đều, nhịp nhạc rõ và có độ “nhảy” rất riêng
 • ✨ Âm hưởng vui tai, sinh động nhưng vẫn mềm mại
 • 🕰️ Các nốt chuyển nhịp liên tục tạo cảm giác rất có chiều sâu cơ khí

👉 Đây là đoạn mà nhiều anh em:
 • 👂 bắt đầu cảm nhận rõ chất riêng của Gai Carillon
 • 🎶 Nghe càng lâu càng dễ “nghiện” cái nhịp vui và ngân của dòng 36/10

👉 Một đoạn nhạc ngắn thôi nhưng đã đủ tạo cảm giác:
ấm nhà và rất có hồn đồng hồ cổ.

#donghoco #donghoo_do #odo36_10 #gaicarillon #30phut #10con10bua #2bainhac #amthanhdongho #donghosuutam #dochoixua",13,"05/14/2026 02:19",https://www.facebook.com/reel/27164491156518871/,"Thước phim",,"Trọn đời",0,+1x,0.01,0.01,0,6252,33,2,34,0,0,6053,8323,7.4,45743.529
1574360434250969,100050310827163,"Đồng hồ Nhà kho","Âm Thanh 15 Phút Trên Ô đô 36/10 | 0️⃣9️⃣6️⃣3️⃣✦4️⃣5️⃣6️⃣✦9️⃣6️⃣3️⃣

👉 Ở mốc 15 phút, chiếc 36/10 sẽ chơi đoạn dạo đầu ngắn của bản nhạc.
 • 🎼 Giai điệu nhẹ nhàng, ngắn gọn nhưng rất đặc trưng
 • 🔔 Tiếng côn vang rõ, ngân mềm và có độ tách lớp tốt
 • ✨ Âm thanh tạo cảm giác báo giờ rất thư thái, không gắt
 • 🕰️ Đây cũng là cái thú riêng của dòng đồng hồ chơi nhạc cơ khí

👉 Chỉ một đoạn nhạc ngắn 15 phút thôi nhưng:
 • 🎶 vẫn cảm nhận rõ chất âm ngân nga của 36/10
 • 🏠 tạo không gian rất ấm và có chiều sâu

👉 Nhiều anh em chơi lâu năm thích chính những đoạn dạo ngắn như thế này vì nghe rất “có hồn”.

#donghoco #donghoo_do #odo36_10 #15phut #10con10bua #2bainhac #amthanhdongho #donghocokhi #donghosuutam #dochoixua",6,"05/14/2026 02:17",https://www.facebook.com/reel/2201127413994602/,"Thước phim",,"Trọn đời",6,+9.8x,0,0,0,6591,63,2,61,1,0,6554,10134,5.643,36628.345
1574358457584500,100050310827163,"Đồng hồ Nhà kho","Ô đô 36/10 – Dòng Đồng Hồ Mang Chất Âm Rất Riêng | 0️⃣9️⃣6️⃣3️⃣✦4️⃣5️⃣6️⃣✦9️⃣6️⃣3️⃣

👉 Trong giới chơi đồng hồ cổ, nhắc đến 36/10 là nhắc đến một dòng có chất âm rất đặc trưng và nhiều cảm xúc.
 • 🕰️ Cấu hình 10 côn 10 búa, chơi 2 bản nhạc cơ khí
 • 🎼 Âm thanh dày tiếng, ngân nga, mềm mại
 • 🔔 Tiếng chuông điểm giờ tròn và có chiều sâu
 • ✨ Nhịp đánh mang nét thủ công rất riêng của các dòng máy cổ
 • ⚙️ Bộ máy ổn định, linh kiện đồng dạng, giá trị sưu tầm cao

👉 Điểm làm nhiều anh em yêu thích:
 • 🎶 Càng nghe lâu càng thấy “thấm”
 • 🏠 Âm thanh tạo cảm giác rất ấm nhà và thư giãn
 • 📚 Mỗi phiên bản lại có nét riêng về côn, âm và kiểu đánh

👉 Một dòng đồng hồ:
không quá ồn ào, nhưng rất dễ làm người ta nhớ tiếng.

#donghoco #donghoo_do #odo36_10 #10con10bua #2bainhac #bingboong #amthanhdongho #donghosuutam #dochoixua",27,"05/14/2026 02:13",https://www.facebook.com/reel/865798286546897/,"Thước phim",,"Trọn đời",98,+163.1x,0.46,0.46,0,50203,1038,114,897,48,22,49429,61363,12.056,601035.606
1572540207766325,100050310827163,"Đồng hồ Nhà kho","Số 467 – Đồng Hồ Vai Bò Napoleon 5 Côn Hàng Đức Cổ | ☎️ ⓪9️⃣6️⃣3️⃣ ✦ 4️⃣5️⃣6️⃣ ✦ 9️⃣6️⃣3️⃣

🕰️ Mẫu đồng hồ vai bò Napoleon 5 côn mang phong cách cổ điển châu Âu, kiểu dáng sang trọng và rất có thần thái khi trưng bày.
Tổng thể hài hòa, đường nét mềm mại đặc trưng của dòng vai bò cổ Đức.

✨ Hệ thống 5 côn cho tiếng chuông vang tròn, ngân dài, âm cực hay và rất dễ nghe.
Chất âm ấm áp, tạo cảm giác nhẹ nhàng và hoài niệm.

✨ Bộ máy vận hành ổn định, giữ được nét nguyên bản đáng trân trọng theo thời gian.

💫 Một mẫu đồng hồ cổ dáng đẹp – âm nổi bật – giá trị sưu tầm cao, rất phù hợp cho anh em yêu đồ xưa.

#dong_ho_vai_bo #napoleon #dong_ho_duc #5_con #dong_ho_co #dong_ho_suu_tam #dong_ho_xua #am_thanh_hay #co_khi_co #gia_tri_suu_tam",46,"05/11/2026 21:55",https://www.facebook.com/reel/1849421702402723/,"Thước phim",,"Trọn đời",4,+6.8x,0,0,0,6094,41,2,36,1,0,6015,6618,6.652,40501.579
1569935194693493,100050310827163,"Đồng hồ Nhà kho","Ô đô 36/10 – Test Âm Đủ Vòng, Nghe Trọn Chất Máy | 0️⃣9️⃣6️⃣3️⃣✦4️⃣5️⃣6️⃣✦9️⃣6️⃣3️⃣

👉 Mời anh em cùng nghe thử một vòng âm thanh đầy đủ của chiếc 36/10.
 • 🕰️ Cấu hình 10 côn 10 búa, chơi 2 bản nhạc cơ khí
 • 🎼 Test đủ các mốc 15 – 30 – 45 – 60 phút
 • 🔔 Chuông bính – boong rõ nét, dứt khoát
 • 🎶 Âm thanh vang, đầm, ngân dài, đúng chất 36/10
 • ⚙️ Nhịp đánh đều, tiếng côn tách lớp rõ ràng

👉 Nghe đủ vòng mới cảm nhận hết:
 • 🎵 Đoạn dạo từng mốc thời gian
 • 🎼 Cao trào ở thời điểm đúng giờ
 • ✨ Cái hay riêng của bản nhạc cơ khí cổ

👉 Một chiếc 36/10 đánh đủ vòng luôn mang lại cảm giác rất cuốn và thư giãn khi thưởng âm.

#donghoco #donghoo_do #odo36_10 #testam #10con10bua #2bainhac #bingboong #amthanhdongho #donghosuutam #dochoixua",88,"05/08/2026 18:37",https://www.facebook.com/reel/2444686559276147/,"Thước phim",,"Trọn đời",7,+56.1x,0,0,0,5607,73,5,64,2,0,5407,6111,13.37,74244.598
1569922748028071,100050310827163,"Đồng hồ Nhà kho","Chúc Anh Em Cuối Tuần Vui Vẻ – Mời Thưởng Thức Âm Thanh Ô đô 26 | 0️⃣9️⃣6️⃣3️⃣✦4️⃣5️⃣6️⃣✦9️⃣6️⃣3️⃣

👉 Cuối tuần nhẹ nhàng, mời anh em cùng thư giãn với âm thanh của chiếc Ô đô 26 chơi 2 bản nhạc cơ khí.
 • 🕰️ Bộ máy cổ với nhịp đánh rất riêng
 • 🎼 Hai bản nhạc thay đổi luân phiên, nghe vui tai và cuốn hút
 • 🔔 Tiếng chuông ngân vang, mộc mạc nhưng rất có hồn
 • ✨ Chất âm nhẹ nhàng, phù hợp không gian yên tĩnh cuối tuần

👉 Mỗi dòng Ô đô lại có một màu âm riêng,
và chính điều đó tạo nên cái thú khi ngồi nghe đồng hồ cổ chạy nhạc.

👉 Chúc anh em có một kỳ nghỉ cuối tuần thật thư thái và nhiều cảm hứng.

#donghoco #donghoo_do #odo26 #2bainhac #amthanhdongho #donghocokhi #donghosuutam #dochoixua #cuoituanvuelve",44,"05/08/2026 18:12",https://www.facebook.com/reel/1746354926742079/,"Thước phim",,"Trọn đời",11,+17.1x,0,0,0,4509,72,0,61,5,0,4161,5071,8.327,37388.394
1568577751495904,100050310827163,"Đồng hồ Nhà kho","Số 465 – Đồng Hồ Vai Bò Đức 3 Côn Chuông Bính Boong | ☎️ ⓪⑨⑥③ ✦ ④⑤⑥ ✦ ⑨⑥③

🕰️ Mẫu đồng hồ vai bò Đức 3 côn với thiết kế cổ điển, tổng thể hài hòa và rất ưa nhìn khi trưng bày.
Dáng đồng hồ cân đối, mang nét đặc trưng của đồng hồ cơ khí châu Âu.

✨ Đồng hồ chơi chuông bính boong, âm thanh vang tròn, ngân đều và rất dễ nghe.
Bộ máy vận hành ổn định, giữ được tình trạng nguyên bản đáng trân trọng.

✨ Phù hợp cho anh em yêu thích các mẫu vai bò nhỏ gọn, âm thanh nhẹ nhàng và dễ chơi.

💫 Một mẫu đồng hồ cổ âm hay – nguyên bản – giá hợp lý, rất đáng để tham khảo.

#dong_ho_vai_bo #dong_ho_duc #3_con #binh_boong #dong_ho_co #dong_ho_suu_tam #dong_ho_xua #am_thanh_hay #co_khi_co #gia_hop_ly",54,"05/07/2026 01:47",https://www.facebook.com/reel/2158101031701831/,"Thước phim",,"Trọn đời",6,+9.4x,0,0,0,3066,23,2,17,0,0,2941,3441,8.086,25310.882
1566876898332656,100050310827163,"Đồng hồ Nhà kho","Cánh Quạt Điều Tốc – “Giữ Nhịp” Cho Đồng Hồ Cổ | 0️⃣9️⃣6️⃣3️⃣✦4️⃣5️⃣6️⃣✦9️⃣6️⃣3️⃣

👉 Cánh quạt điều tốc (lô gai) là bộ phận nhỏ nhưng cực kỳ quan trọng trong cơ cấu đánh nhạc.
 • 🌪️ Khi đồng hồ chạy nhạc, cánh quạt quay trong không khí tạo lực cản gió
 • ⚙️ Lực cản này giúp hãm tốc độ quay của bộ máy nhạc
 • 🎼 Nhờ đó bản nhạc được phát ra đều, đúng nhịp, không bị vội

👉 Vai trò chính:
 • 🎶 Quyết định tempo (nhịp độ) của bản nhạc
 • 🔔 Giữ cho tiếng chuông tròn, có độ ngân và khoảng nghỉ hợp lý
 • ✨ Tạo cảm giác mượt, có hồn khi nghe

👉 Nếu cánh quạt không chuẩn:
 • ❌ Quá nhẹ → nhạc chạy nhanh, gấp, mất hay
 • ❌ Quá nặng → nhạc chậm, ì, thiếu độ thoát

👉 Một chi tiết rất nhỏ nhưng lại ảnh hưởng trực tiếp đến:
👉 hay – dở của cả chiếc đồng hồ.

#donghoco #canhquat #loga #dieutoc #amthanhdongho #donghocokhi #donghosuutam #kienthucdongho #dochoixua",14,"05/04/2026 21:26",https://www.facebook.com/reel/965305122895685/,"Thước phim",,"Trọn đời",7,+13x,0.03,0.03,0,12925,192,7,180,9,0,12605,18886,9.894,126859.325
1566874584999554,100050310827163,"Đồng hồ Nhà kho","Trống Nhạc (Cam Ghim) – “Bản Nhạc Cơ Khí” Của Đồng Hồ | 0️⃣9️⃣6️⃣3️⃣✦4️⃣5️⃣6️⃣✦9️⃣6️⃣3️⃣

👉 Hình trên là trống nhạc (cam ghim) – bộ phận quan trọng nhất quyết định giai điệu của đồng hồ cổ.
 • 🕰️ Bề mặt trống có các chốt (ghim) được sắp xếp theo từng hàng
 • 🔄 Khi trống quay, các chốt này sẽ đẩy cần búa tương ứng
 • 🔔 Mỗi chốt tương ứng với một nốt nhạc
 • 🎼 Sự sắp xếp dày – thưa, cao – thấp tạo thành cả một bản nhạc hoàn chỉnh

👉 Nhìn vào hình:
 • 📐 Các chốt được bố trí theo quy luật riêng của từng bản nhạc
 • 🎶 Đây chính là “bản nhạc được mã hóa bằng cơ khí”
 • ⚙️ Khi hoạt động, toàn bộ dàn búa phía dưới sẽ gõ theo thứ tự mà trống quy định

👉 Điểm hay:
 • ✨ Không cần điện tử, mọi thứ đều cơ khí hoàn toàn
 • 🎼 Độ chính xác phụ thuộc vào cách bố trí chốt và độ chuẩn của cơ cấu
 • 🧩 Mỗi trống = một bản nhạc riêng biệt

👉 Có thể nói:
👉 trống nhạc chính là “linh hồn” tạo nên giai điệu của đồng hồ cổ.

#donghoco #trongnhac #camghim #donghocokhi #amthanhdongho #odo36_10 #donghosuutam #kienthucdongho #dochoixua",12,"05/04/2026 21:21",https://www.facebook.com/reel/1299380818290855/,"Thước phim",,"Trọn đời",30,+76.3x,0.11,0.11,0,199394,1482,146,1406,86,30,194537,319120,12.139,2392450.674
1566870131666666,100050310827163,"Đồng hồ Nhà kho","Cam Nhạc 30 Phút – Đoạn Dạo Giữa Chu Kỳ Nhạc | 0️⃣9️⃣6️⃣3️⃣✦4️⃣5️⃣6️⃣✦9️⃣6️⃣3️⃣

👉 Ở mốc 30 phút, cơ cấu cam nhạc bắt đầu thể hiện vai trò điều tiết giai điệu.
 • ⚙️ Cam quay tới vị trí trung gian, nhả khóa một phần cơ cấu
 • 🔄 Các rãnh cam điều khiển càng gạt để kích hoạt đoạn dạo nhạc
 • 🎼 Giai điệu lúc này dài hơn mốc 15 phút, nhưng chưa đầy đủ như 60 phút
 • 🔔 Búa gõ theo trình tự đã lập trình sẵn, tạo nhịp gọn, rõ, có điểm nhấn

👉 Đặc điểm:
 • 🎶 Âm thanh mang tính báo hiệu nửa giờ, không kéo dài
 • ✨ Giữ được nét đặc trưng của bản nhạc nhưng nhẹ nhàng, vừa phải
 • ⏱️ Là bước chuyển giữa đoạn ngắn (15’) và đoạn đầy đủ (60’)

👉 Chính cam nhạc quyết định:
👉 đánh đoạn nào – dài hay ngắn – nhịp ra sao

👉 Một chi tiết nhỏ nhưng là “bộ não” của phần nhạc đồng hồ cổ.

#donghoco #camnhac #30phut #donghocokhi #amthanhdongho #odo36_10 #donghosuutam #kienthucdongho #dochoixua",15,"05/04/2026 21:14",https://www.facebook.com/reel/992210600127613/,"Thước phim",,"Trọn đời",25,+76x,0.32,0.32,0,134660,1667,169,1555,137,40,131722,221458,13.222,1757881.329
1566853475001665,100050310827163,"Đồng hồ Nhà kho","Cơ Cấu Cam Nhạc – Hoạt Động Khi Đánh Nhạc 60 Phút | 0️⃣9️⃣6️⃣3️⃣✦4️⃣5️⃣6️⃣✦9️⃣6️⃣3️⃣

👉 Hình trên là phần bánh cam nhạc kết hợp càng gạt, giữ vai trò điều khiển toàn bộ chu trình đánh nhạc khi đến mốc 60 phút.
 • ⚙️ Khi đến giờ, cơ cấu sẽ nhả khóa, cho bánh cam bắt đầu quay
 • 🔄 Bánh cam với các rãnh sâu – nông khác nhau sẽ điều khiển từng nhịp đánh
 • 🔔 Càng gạt tỳ theo biên dạng cam để ra lệnh cho búa gõ theo đúng giai điệu
 • 🎼 Toàn bộ bản nhạc được triển khai đầy đủ tại thời điểm này

👉 Sau khi kết thúc bản nhạc:
 • ⏱️ Cơ cấu chuyển sang điểm giờ (bính – boong)
 • 🔒 Cam quay về vị trí nghỉ và khóa lại chu trình

👉 Điểm hay của cơ cấu này:
 • 🎶 Điều khiển chính xác từng nốt nhạc
 • ⚙️ Phối hợp nhịp nhàng giữa cam – càng – búa
 • ✨ Thể hiện rõ trình độ cơ khí tinh xảo của đồng hồ cổ

👉 Đây chính là “bộ não” của phần nhạc, quyết định chiếc đồng hồ
đánh hay hay không là nằm ở đây.

#donghoco #donghoo_do #camnhac #cocau #odo36_10 #10con10bua #amthanhdongho #donghocokhi #donghosuutam #kienthucdongho",35,"05/04/2026 20:42",https://www.facebook.com/reel/1454661316395227/,"Thước phim",,"Trọn đời",9,+17.3x,0.06,0.06,0,10941,173,8,152,11,3,10668,13110,14.092,152743.552
1565898081763871,100050310827163,"Đồng hồ Nhà kho","Côn Đồng & Côn Thép – Khác Biệt Về Chất Âm | 0️⃣9️⃣6️⃣3️⃣✦4️⃣5️⃣6️⃣✦9️⃣6️⃣3️⃣

👉 Trong đồng hồ cổ, vật liệu của bộ côn ảnh hưởng rất rõ đến âm thanh.
 • 🔔 Côn đồng:
 • 🎶 Âm ấm, sâu, dày tiếng
 • 🔊 Độ ngân tốt, nghe êm và dễ chịu
 • 👂 Phù hợp với người thích chất âm mềm, tròn
 • 🔔 Côn thép:
 • 🎼 Âm sáng, thanh, rõ nét
 • 🔊 Tiếng bật nhanh, gọn
 • 🎯 Phù hợp với người thích âm sắc rõ, tách tiếng

👉 Vì vậy:
 • 📚 Côn đồng thường được đánh giá dễ nghe, dễ hợp tai hơn
 • ⚖️ Nhưng mỗi loại đều có cái hay riêng, tùy gu thưởng âm

👉 Chơi đồng hồ cổ, quan trọng nhất vẫn là:
nghe hợp tai mình là hay nhất.

#donghoco #con_dong #con_thep #amthanhdongho #donghocokhi #donghoxua #donghosuutam #kienthucdongho #dochoixua",29,"05/03/2026 16:36",https://www.facebook.com/reel/1501844361325593/,"Thước phim",,"Trọn đời",6,+10x,0,0,0,4427,56,1,47,4,0,4104,5412,11.676,51283.007
1565890178431328,100050310827163,"Đồng hồ Nhà kho","Ô đô 62/10 – Dòng Dễ Chơi, Âm Tươi Sáng, Giá Trị Cân Bằng | 0️⃣9️⃣6️⃣3️⃣✦4️⃣5️⃣6️⃣✦9️⃣6️⃣3️⃣

👉 Trong các dòng Ô đô, 62/10 được nhiều anh em lựa chọn bởi sự cân bằng rất rõ ràng giữa âm thanh, độ mới và mức tiếp cận.
 • 🕰️ Cấu hình 10 côn 10 búa, chơi 2 bản nhạc cơ khí
 • 🔔 Thường đi cùng côn 121, tạo màu âm riêng
 • 🎼 Âm thanh tươi, sáng, nhộn nhịp, dễ nghe và dễ hợp tai
 • ⚙️ Đời sản xuất sau nên độ mới thường cao hơn, linh kiện còn đẹp
 • 📚 Nguồn hàng tương đối nhiều → dễ sưu tầm, dễ lựa chọn

👉 So với các dòng khác:
 • 🎶 Không thiên về độ dày, độ đầm như 36/10
 • ✨ Nhưng lại nổi bật ở sự nhẹ nhàng, vui tai, dễ nghe lâu

👉 Phù hợp với:
 • 🎯 Anh em mới chơi cần dòng dễ tiếp cận
 • 👂 Người thích âm thanh tươi sáng, không nặng
 • 📦 Người muốn tìm một chiếc đẹp, ổn định, giá hợp lý

👉 Tóm lại, 62/10 là dòng:
👉 dễ chơi – dễ nghe – dễ sưu tầm, nhưng vẫn giữ được cái chất riêng của Ô đô.

#donghoco #donghoo_do #odo62_10 #con121 #10con10bua #2bainhac #amthanhdongho #donghocokhi #donghosuutam #dochoixua",132,"05/03/2026 16:18",https://www.facebook.com/reel/1608600860226634/,"Thước phim",,"Trọn đời",6,+30.9x,0,0,0,1857,24,4,18,1,0,1664,2064,19.584,36485.021
1565887021764977,100050310827163,"Đồng hồ Nhà kho","Ô đô 62/10 Nguyên Giấy – Côn 121, Âm Thanh Đặc Trưng | 0️⃣9️⃣6️⃣3️⃣✦4️⃣5️⃣6️⃣✦9️⃣6️⃣3️⃣

👉 Một chiếc 62/10 nguyên giấy luôn có sức hút riêng với anh em sưu tầm.
 • 📜 Nguyên giấy theo thùng, tăng độ tin cậy và giá trị
 • 🔔 Trang bị côn 121 – đặc trưng của dòng 62
 • 🕰️ Cấu hình 10 côn 10 búa, chơi 2 bản nhạc cơ khí
 • 🎼 Âm thanh tươi, sáng, nhộn nhịp, rất dễ nghe
 • ⚙️ Bộ máy ổn định, độ mới thường cao hơn các đời sâu

👉 Điểm hay của 62/10 nằm ở:
 • 🎶 Chất âm rõ, vui tai, không nặng nề
 • 🎯 Dễ hợp nhiều không gian, nhiều gu nghe

👉 Khi kết hợp nguyên giấy + côn 121, chiếc đồng hồ không chỉ dễ chơi mà còn có giá trị sưu tầm rõ ràng.

#donghoco #donghoo_do #odo62_10 #con121 #nguyengiay #10con10bua #2bainhac #amthanhdongho #donghosuutam #dochoixua",29,"05/03/2026 16:11",https://www.facebook.com/reel/3316406355195112/,"Thước phim",,"Trọn đời",10,+15.1x,0,0,0,2440,26,2,15,1,0,2233,2853,8.303,20053.046
1565885781765101,100050310827163,"Đồng hồ Nhà kho","Ô đô 62/10 – Đời Sau, Độ Mới Cao Dễ Sưu Tầm | 0️⃣9️⃣6️⃣3️⃣✦4️⃣5️⃣6️⃣✦9️⃣6️⃣3️⃣

👉 Dòng 62/10 được sản xuất ở giai đoạn sau nên thường có một lợi thế rõ rệt.
 • 🕰️ Đời máy muộn hơn nên độ mới còn cao hơn
 • ✨ Nước máy, linh kiện thường sáng và đồng đều
 • ⚙️ Hoạt động ổn định, ít hao mòn hơn các đời sâu
 • 🎼 Âm thanh tươi, rõ, dễ nghe, phù hợp nhiều không gian
 • 📚 Nguồn hàng còn khá nên dễ sưu tầm

👉 Chính vì vậy:
 • 🎯 Phù hợp với anh em thích hàng đẹp, dễ chơi
 • 💰 Mức tiếp cận hợp lý hơn so với nhiều dòng đời sâu

👉 Một lựa chọn cân bằng giữa độ mới – âm thanh – giá trị trong dòng Ô đô.

#donghoco #donghoo_do #odo62_10 #10con10bua #2bainhac #amthanhdongho #donghocokhi #donghosuutam #dochoixua",19,"05/03/2026 16:08",https://www.facebook.com/reel/1521415672900683/,"Thước phim",,"Trọn đời",5,+8.6x,0,0,0,2288,28,1,19,4,1,2088,2973,9.094,20780.273
1565884805098532,100050310827163,"Đồng hồ Nhà kho","Ô đô 62/10 – Côn 121, Âm Tươi Sáng Dễ Nghe | 0️⃣9️⃣6️⃣3️⃣✦4️⃣5️⃣6️⃣✦9️⃣6️⃣3️⃣

👉 Trên dòng 62/10, bộ côn 121 là đặc trưng rất dễ nhận biết.
 • 🔔 Côn 121 – bố cục riêng, khác với các dòng khác
 • 🕰️ Cấu hình 10 côn 10 búa, chơi 2 bản nhạc cơ khí
 • 🎼 Âm thanh tươi, sáng, nhộn nhịp, nghe rất vui tai
 • 🔊 Độ vang tốt, tiếng rõ, dễ vào tai người nghe
 • ⚙️ Bộ máy ổn định, phù hợp chơi lâu dài

👉 So với một số dòng:
 • 🎶 Âm của 62/10 thiên về sự tươi mới, nhẹ nhàng
 • 🎯 Dễ nghe, phù hợp nhiều không gian và nhiều gu

👉 Một dòng vừa đặc trưng về côn, vừa dễ tiếp cận cho anh em sưu tầm.

#donghoco #donghoo_do #odo62_10 #con121 #10con10bua #2bainhac #amthanhdongho #donghocokhi #donghosuutam #dochoixua",10,"05/03/2026 16:06",https://www.facebook.com/reel/958267516823524/,"Thước phim",,"Trọn đời",4,+6.4x,0,0,0,1861,22,3,18,0,0,1686,2600,6.245,11561.175
1565882328432113,100050310827163,"Đồng hồ Nhà kho","Ô đô 57/10 – Vách Vát, Búa Vuông, Côn 111 | 0️⃣9️⃣6️⃣3️⃣✦4️⃣5️⃣6️⃣✦9️⃣6️⃣3️⃣

👉 Trong giới chơi, 57/10 thường được gọi theo đặc điểm rất dễ nhận ra:
 • 🕰️ Vách vát (chân chéo) – dáng máy đặc trưng của dòng 57
 • 🔨 Búa vuông – nhìn gọn, sắc nét
 • 🔔 Côn 111 – bộ côn phổ biến, dễ nghe

👉 Sự kết hợp này tạo nên:
 • 🎶 Âm thanh tròn, vang, mạch lạc, rất dễ vào tai
 • ⚙️ Bộ máy bền bỉ, ổn định, đúng chất đời máy được ưa chuộng
 • ✨ Tổng thể hài hòa, dễ nhận diện, dễ chơi

👉 Chính vì vậy, nhiều anh em gọi nhanh:
👉 “vách vát – búa vuông – côn 111” là nghĩ ngay đến 57/10.

👉 Một dòng vừa dễ nhận biết, vừa có chất âm ổn định, rất hợp để sưu tầm lâu dài.

#donghoco #donghoo_do #odo57_10 #con111 #buavuong #vachvat #donghocokhi #donghoxua #donghosuutam #kienthucdongho",17,"05/03/2026 16:01",https://www.facebook.com/reel/1723834898603760/,"Thước phim",,"Trọn đời",8,+13.2x,0,0,0,4477,45,4,37,3,1,4192,6327,12.024,53293.22
1565560385130974,100050310827163,"Đồng hồ Nhà kho","Ô đô 36/10 – Đoạn Dạo Nhạc Gai Carillon Ở Mốc 45 Phút | 0️⃣9️⃣6️⃣3️⃣✦4️⃣5️⃣6️⃣✦9️⃣6️⃣3️⃣

👉 Ở mốc 45 phút, chiếc 36/10 chơi Gai Carillon đã bước gần tới cao trào của chu kỳ âm nhạc.
 • 🎼 Phát đoạn dạo dài hơn, gần như hoàn chỉnh phần giai điệu chính
 • 🔔 Các nốt được triển khai liên tục, rõ ràng, có nhịp điệu
 • 🎶 Âm thanh vang, ngân tốt, tạo cảm giác rất cuốn
 • ⏱️ Là bước chuyển trước khi vào đoạn đầy đủ ở mốc 60 phút

👉 So với các mốc khác:
 • 📈 Dài và đầy đặn hơn 15 và 30 phút
 • 🎼 Gần chạm tới bản nhạc hoàn chỉnh trước khi điểm giờ

👉 Đây là đoạn mà người nghe bắt đầu cảm nhận rõ cái hay của Gai Carillon:
mềm mại, liền mạch và rất có chiều sâu.

👉 Nghe đến mốc 45 phút là đã thấy “đã tai”, và chờ đến đúng giờ để trọn vẹn.

#donghoco #donghoo_do #odo36_10 #gaicarillon #scotto #amthanhdongho #donghocokhi #donghosuutam #dochoixua",17,"05/03/2026 06:46",https://www.facebook.com/reel/2253857135021931/,"Thước phim",,"Trọn đời",5,+9.5x,0.01,0.01,0,4296,77,1,70,4,1,4195,6383,12.995,54983.144
1565558948464451,100050310827163,"Đồng hồ Nhà kho","Ô đô 36/10 – Đoạn Dạo Nhạc Gai Carillon Ở Mốc 15 Phút | 0️⃣9️⃣6️⃣3️⃣✦4️⃣5️⃣6️⃣✦9️⃣6️⃣3️⃣

👉 Ở mốc 15 phút, chiếc 36/10 chơi Gai Carillon bắt đầu bằng một đoạn dạo rất đặc trưng.
 • 🎼 Phát đoạn đầu ngắn nhất của bản nhạc
 • 🔔 Các nốt vang lên nhẹ, gọn, rõ ràng
 • 🎶 Âm thanh mang tính báo hiệu thời gian, không kéo dài
 • ⏱️ Là phần mở đầu trong chu kỳ nhạc của cả giờ

👉 Điểm hay:
 • ✨ Nghe nhanh nhưng vẫn nhận ra ngay chất Gai Carillon
 • 🎼 Tạo nhịp thời gian đều đặn, không gây cảm giác dài dòng
 • 🔔 Là bước “gợi mở” trước khi vào các đoạn dài hơn ở 30 – 60 phút

👉 Chính những đoạn ngắn như vậy tạo nên cái duyên rất riêng:
nhẹ nhàng, tinh tế nhưng vẫn đủ để người nghe nhận ra.

#donghoco #donghoo_do #odo36_10 #gaicarillon #scotto #amthanhdongho #donghocokhi #donghosuutam #dochoixua",7,"05/03/2026 06:44",https://www.facebook.com/reel/1478960647041647/,"Thước phim",,"Trọn đời",9,+16.6x,0,0,0,16159,183,17,168,12,2,15976,29038,8.647,136988.817
1565554001798279,100050310827163,"Đồng hồ Nhà kho","Ô đô 36/10 – Đoạn Nhạc Gai Carillon Ở Mốc 60 Phút (Điểm Giờ) | 0️⃣9️⃣6️⃣3️⃣✦4️⃣5️⃣6️⃣✦9️⃣6️⃣3️⃣

👉 Khi đến đúng giờ (60 phút), chiếc 36/10 chơi Gai Carillon sẽ thể hiện trọn vẹn cái hay của mình.
 • 🎼 Bắt đầu bằng đoạn dạo đầy đủ của bản Gai Carillon
 • 🔔 Các nốt được triển khai rõ ràng, có nhịp, có cao trào
 • 🎶 Âm thanh vang, ngân dài, tạo cảm giác rất đã tai
 • ⏱️ Sau phần nhạc sẽ chuyển sang điểm giờ bính – boong theo số giờ

👉 So với mốc 30 phút:
 • 📈 Ở 60 phút, bản nhạc đầy đủ hơn, dài hơn, có chiều sâu hơn
 • 🎼 Thể hiện rõ nét nhất chất âm của dòng 36/10

👉 Đây chính là thời điểm mà chiếc đồng hồ “trình diễn” trọn vẹn nhất:
từ nhạc đến chuông đều đạt độ hay cao nhất.

👉 Nghe một lần đúng giờ là đủ hiểu vì sao 36/10 được yêu thích đến vậy.

#donghoco #donghoo_do #odo36_10 #gaicarillon #scotto #bingboong #amthanhdongho #donghocokhi #donghosuutam #dochoixua",63,"05/03/2026 06:36",https://www.facebook.com/reel/1528168485765968/,"Thước phim",,"Trọn đời",6,+35.8x,0.01,0.01,0,3324,58,1,48,5,0,3090,3785,16.562,55468.901
1565550908465255,100050310827163,"Đồng hồ Nhà kho","Ô đô 36/10 – Đoạn Dạo Nhạc Gai Carillon Ở Mốc 30 Phút | 0️⃣9️⃣6️⃣3️⃣✦4️⃣5️⃣6️⃣✦9️⃣6️⃣3️⃣

👉 Ở dòng 36/10 chơi Gai Carillon (Scotto), mốc 30 phút là một đoạn rất thú vị trong trải nghiệm âm thanh.
 • 🎼 Đồng hồ sẽ phát đoạn dạo (intro) của bản nhạc, chưa vào đầy đủ giai điệu
 • 🔔 Các nốt được sắp xếp ngắn gọn, rõ ràng, như một lời “báo hiệu” nửa giờ
 • 🎶 Âm thanh trong, tách tiếng, nghe rất gọn và có điểm nhấn
 • ⏱️ So với điểm giờ, đoạn này không kéo dài, chỉ mang tính gợi mở

👉 Điểm hay của đoạn 30 phút:
 • ✨ Tạo nhịp thời gian nhẹ nhàng trong ngày
 • 🎼 Giữ được chất nhạc đặc trưng của Gai Carillon nhưng không quá dài
 • 🔔 Khiến người nghe nhận ra ngay dòng 36/10 quen thuộc

👉 Chính những đoạn dạo như vậy làm nên cái “duyên” riêng của đồng hồ cổ:
không ồn ào, nhưng đủ để người nghe nhớ và chờ đợi.

#donghoco #donghoo_do #odo36_10 #gaicarillon #scotto #amthanhdongho #donghocokhi #donghosuutam #dochoixua #kienthucdongho",12,"05/03/2026 06:31",https://www.facebook.com/reel/1351205636819407/,"Thước phim",,"Trọn đời",33,+61.4x,0.04,0.04,0,116085,663,115,596,49,12,114967,192158,11.935,1368747.092
1565542225132790,100050310827163,"Đồng hồ Nhà kho","Máy Vách Bệt – Chất Âm Mềm Mại, Dày Và Rất Có Hồn | 0️⃣9️⃣6️⃣3️⃣✦4️⃣5️⃣6️⃣✦9️⃣6️⃣3️⃣

👉 Nhiều anh em khi nghe thực tế thường cảm nhận máy vách bệt có một màu âm rất riêng.
 • 🎶 Âm thanh mềm mại, dày tiếng và có độ đầm rõ rệt
 • 🔔 Độ ngân nga tốt, tiếng lan đều và sâu
 • 🎼 Khi đánh nhạc có cảm giác líu lo, giàu nhạc tính
 • ✨ Mang nét thủ công đặc trưng, nghe rất có hồn
 • ⚙️ Tổng thể âm thanh cân bằng, dễ tạo thiện cảm khi thưởng thức

👉 Đây là lý do vì sao nhiều anh em đánh giá cao vách bệt khi nói về trải nghiệm âm thanh.

👉 Tuy nhiên, cảm nhận vẫn mang tính cá nhân,
nghe hợp tai mình mới là hay nhất.

#donghoco #donghoo_do #vachbet #amthanhdongho #10con10bua #donghocokhi #donghosuutam #dochoixua",25,"05/03/2026 06:17",https://www.facebook.com/reel/2142697676487849/,"Thước phim",,"Trọn đời",51,+85.1x,0.68,0.68,0,48685,732,83,663,25,6,48586,67471,13.246,674434.894
1565501545136858,100050310827163,"Đồng hồ Nhà kho","Ô đô 36/10 Máy Chân Kiềng – Vẫn Xứng Danh “Nữ Hoàng Âm Thanh” | 0️⃣9️⃣6️⃣3️⃣✦4️⃣5️⃣6️⃣✦9️⃣6️⃣3️⃣

👉 Nếu không đặt nặng tiêu chí quá khắt khe, thì 36/10 máy chân kiềng vẫn hoàn toàn xứng đáng với danh xưng quen thuộc.
 • 🕰️ Cấu hình 10 côn 10 búa, nền tảng âm thanh rất tốt
 • 🎼 Chơi 2 bản nhạc cơ khí, nhịp đánh đều, mạch lạc
 • 🔔 Chuông bính – boong rõ nét, dễ nhận ra
 • 🎶 Chất âm vang, ngọt, ngân dài, nghe rất cuốn
 • ⚙️ Trải nghiệm thưởng âm trọn vẹn, đúng chất dòng 36

👉 Dù là chân kiềng hay vách bệt, cái “chất” của 36/10 vẫn rất rõ.

👉 Với nhiều anh em, chỉ cần cất tiếng là đủ để gọi:
“nữ hoàng âm thanh của mọi bộ sưu tập”.

#donghoco #donghoo_do #odo36_10 #maychankieng #nuhoangamthanh #10con10bua #donghocokhi #donghosuutam #dochoixua",31,"05/03/2026 05:44",https://www.facebook.com/reel/4794754464003645/,"Thước phim",,"Trọn đời",10,+15.9x,0,0,0,3541,52,4,42,0,0,3387,4607,13.933,49618.421
1565380418482304,100050310827163,"Đồng hồ Nhà kho","Chia Sẻ Cá Nhân – Để Anh Em Tự Chọn Cho Phù Hợp | 0️⃣9️⃣6️⃣3️⃣✦4️⃣5️⃣6️⃣✦9️⃣6️⃣3️⃣

👉 Những gì em chia sẻ ở trên chỉ là cảm nhận cá nhân về hai dòng máy này.
 • 📚 Mỗi người một gu nghe, một cách cảm nhận khác nhau
 • 🎼 Không có dòng nào tuyệt đối hơn dòng nào
 • ⚖️ Mỗi loại đều có cái hay và giá trị riêng

👉 Em xin nói rõ:
 • ❌ Không có ý chê hay nâng dòng nào
 • ✔️ Bởi thực tế em làm và chơi cả hai dòng
 • ❤️ Và bản thân em đều thích cả hai loại

👉 Vì vậy:
 • 🎯 Anh em cứ dựa trên những chia sẻ này
 • 👂 Kết hợp với tai nghe và cảm nhận của mình
 • ✔️ Để chọn ra chiếc đồng hồ phù hợp nhất với mình

👉 Chơi đồng hồ cổ suy cho cùng vẫn là:
hợp tai – hợp mắt – hợp duyên là đủ.

#donghoco #donghoo_do #vachbet #chankieng #amthanhdongho #donghocokhi #donghosuutam #kienthucdongho #dochoixua",50,"05/03/2026 02:19",https://www.facebook.com/reel/1001319775799150/,"Thước phim",,"Trọn đời",0,+1.2x,0,0,0,2307,24,3,22,2,0,2129,2612,10.633,24371.176
1565380348482311,100050310827163,"Đồng hồ Nhà kho","Chân Kiềng & Vách Bệt – Khác Biệt Nằm Ở Bộ Côn Và Cảm Nhận Âm Thanh | 0️⃣9️⃣6️⃣3️⃣✦4️⃣5️⃣6️⃣✦9️⃣6️⃣3️⃣

👉 Nếu nói điểm khác biệt rõ nhất giữa máy chân kiềng và máy vách bệt, nhiều anh em cho rằng nằm ở bộ côn và chất âm.
 • 🔔 Máy vách bệt:
 • 🎶 Âm thường dày, đầm, ngân sâu hơn
 • ⚖️ Tiếng chuông giữa điểm giờ và điểm nhạc cân hơn
 • ✨ Nghe tổng thể có cảm giác “tròn bài” hơn
 • 🔔 Máy chân kiềng:
 • 🎼 Âm vẫn hay, rõ nét
 • 💰 Mức giá dễ tiếp cận hơn
 • ⚙️ Trải nghiệm vẫn rất ổn với nhiều anh em

👉 Tuy nhiên:
 • 📚 Đây chủ yếu là cảm quan của người chơi
 • 🎯 Không có chuẩn tuyệt đối hay hơn – kém hơn

👉 Quan trọng nhất vẫn là:
👉 Tai mình nghe hợp chiếc nào thì chiếc đó là hay nhất

👉 Tốt nhất anh em nên nghe trực tiếp rồi quyết định, sẽ chính xác và phù hợp hơn.

#donghoco #donghoo_do #vachbet #chankieng #amthanhdongho #boncon #donghocokhi #donghosuutam #kienthucdongho #dochoixua",46,"05/03/2026 02:19",https://www.facebook.com/reel/1528880295523970/,"Thước phim",,"Trọn đời",2,+5.3x,0.05,0.05,0,7614,85,10,78,7,0,7340,9689,18.945,143835.235
1565374201816259,100050310827163,"Đồng hồ Nhà kho","Máy Vách Bệt & Chân Kiềng – Tương Đương Về Độ Bền Cơ Học | 0️⃣9️⃣6️⃣3️⃣✦4️⃣5️⃣6️⃣✦9️⃣6️⃣3️⃣

👉 Xét về độ bền cơ học, hai dòng vách bệt và chân kiềng gần như tương đương nhau.
 • ⚙️ Cùng nguyên lý truyền động, hoạt động giống nhau
 • 🔩 Linh kiện có thể thay thế qua lại khi đúng đời máy
 • ⚖️ Kích thước, số lượng bánh răng và bố cục cơ cấu tương đồng
 • 🕰️ Khả năng vận hành và độ ổn định không khác biệt đáng kể

👉 Điều này cho thấy:
 • 📚 Sự khác nhau chủ yếu nằm ở thiết kế và thẩm mỹ
 • 💰 Không phải do yếu tố “máy khỏe hơn hay yếu hơn”

👉 Vì vậy khi lựa chọn:
 • ✔️ Anh em nên cân nhắc gu thẩm mỹ và ngân sách
 • ✔️ Không cần quá lo về độ bền giữa hai dòng này

👉 Hiểu đúng bản chất sẽ giúp anh em chơi đúng – chọn đúng – không bị lệch hướng.

#donghoco #donghoo_do #vachbet #chankieng #maydongho #donghocokhi #donghoxua #donghosuutam #kienthucdongho #dochoixua",21,"05/03/2026 02:07",https://www.facebook.com/reel/2266236164142596/,"Thước phim",,"Trọn đời",3,+6.9x,0.03,0.03,0,6876,103,2,95,5,1,6609,9545,12.511,85441.269
1565371251816554,100050310827163,"Đồng hồ Nhà kho","Ốp Gạt Bài – Dấu Hiệu Phân Biệt Máy Vách Bệt Và Chân Kiềng | 0️⃣9️⃣6️⃣3️⃣✦4️⃣5️⃣6️⃣✦9️⃣6️⃣3️⃣

👉 Ngoài phần vách máy, còn một chi tiết nhỏ nhưng rất dễ nhận ra để phân biệt hai dòng máy.
 • 🕰️ Máy vách bệt:
 • 📐 Phần ốp gạt bài để vuông vắn, nhìn liền lạc
 • ✨ Tổng thể đầy đặn, chắc chắn
 • 🕰️ Máy vách chân kiềng:
 • 🔺 Ốp gạt bài thường bị cắt chéo một góc
 • ⚙️ Tạo khoảng thoáng phù hợp với kết cấu khung máy

👉 Đây là chi tiết nhỏ nhưng rất hữu ích:
 • 🔍 Giúp anh em nhận dạng nhanh đời máy
 • 🧩 Đánh giá mức độ đúng bài khi quan sát thực tế

👉 Chơi đồng hồ cổ, nhiều khi chỉ cần nhìn một góc cắt là đã hiểu được chiếc máy thuộc dòng nào.

#donghoco #donghoo_do #opgatbai #vachbet #chankieng #maydongho #donghocokhi #donghoxua #donghosuutam #kienthucdongho",15,"05/03/2026 02:01",https://www.facebook.com/reel/1460626442529334/,"Thước phim",,"Trọn đời",2,+4.1x,0,0,0,4137,42,3,38,2,0,4042,5818,9.509,39215.868
1565366218483724,100050310827163,"Đồng hồ Nhà kho","Máy Chân Kiềng & Máy Vách Bệt – Cân Đối Trước Khi Chọn | 0️⃣9️⃣6️⃣3️⃣✦4️⃣5️⃣6️⃣✦9️⃣6️⃣3️⃣

👉 Trong thực tế, máy chân kiềng thường có mức giá dễ tiếp cận hơn, nhiều khi chỉ khoảng một nửa so với máy vách bệt cùng dòng.
 • 🕰️ Máy chân kiềng:
 • 💰 Giá nhẹ hơn, dễ chơi hơn
 • ⚙️ Cơ cấu vẫn ổn định, dùng tốt lâu dài
 • 🎼 Âm thanh vẫn giữ được cái chất cơ khí xưa
 • 🕰️ Máy vách bệt:
 • ✨ Dáng liền khối, nhìn đầy đặn, chắc chắn
 • 📚 Thường được đánh giá cao hơn về hình thức và độ “đời”
 • 💰 Giá cao hơn trên thị trường

👉 Vì vậy:
 • 🎯 Anh em nên cân đối nhu cầu và ngân sách
 • ✔️ Chọn đúng phân khúc sẽ thấy chiếc đồng hồ “đáng tiền” hơn

👉 Quan trọng nhất vẫn là:
hợp mắt – hợp tai – hợp với giá trị mình bỏ ra.

#donghoco #donghoo_do #maychankieng #vachbet #donghocokhi #donghoxua #donghosuutam #kienthucdongho #dochoixua",33,"05/03/2026 01:51",https://www.facebook.com/reel/4174939009316286/,"Thước phim",,"Trọn đời",2,+4.6x,0,0,0,4289,51,1,43,6,0,4117,5439,15.029,63861.845
1565347475152265,100050310827163,"Đồng hồ Nhà kho","Ô đô 36/10 Máy Chân Kiềng – Giá Hợp Lý, Âm Cực Tốt | 0️⃣9️⃣6️⃣3️⃣✦4️⃣5️⃣6️⃣✦9️⃣6️⃣3️⃣

👉 Một lựa chọn rất đáng cân nhắc cho anh em yêu đồng hồ cổ ở thời điểm hiện tại.
 • 🕰️ Cấu hình 10 côn 10 búa, dòng âm hay nổi tiếng
 • ⚙️ Máy chân kiềng, kết cấu chắc chắn, vận hành ổn định
 • 🎼 Chơi 2 bản nhạc cơ khí, điểm nhạc đều mỗi 15 phút
 • 🔔 Chuông bính – boong rõ nét, nghe rất cuốn
 • 🎶 Chất âm vang, ngọt, ngân dài, rất dễ vào tai

👉 Điểm đáng chú ý là giá thành hợp lý, dễ tiếp cận hơn nhiều phiên bản khác.

👉 Đây là giai đoạn tốt để anh em sở hữu một chiếc 36/10 chân kiềng vừa để chơi, vừa để sưu tầm lâu dài.

#donghoco #donghoo_do #odo36_10 #maychankieng #10con10bua #2bainhac #bingboong #donghocokhi #donghosuutam #dochoixua",8,"05/03/2026 01:18",https://www.facebook.com/reel/2061168808170329/,"Thước phim",,"Trọn đời",2,+3.7x,0,0,0,2872,25,0,23,0,0,2768,4336,6.979,20171.631
1565136371840042,100050310827163,"Đồng hồ Nhà kho","Kinh Nghiệm Chọn Thùng Cho Máy Ô đô 36/10 | 0️⃣9️⃣6️⃣3️⃣✦4️⃣5️⃣6️⃣✦9️⃣6️⃣3️⃣

👉 Khi chọn thùng lắp cho máy 36/10 (10 côn 10 búa), có một thông số rất quan trọng anh em cần đo.
 • 📏 Đo khoảng cách từ mép ngoài vành mặt số → mặt trong vách hậu
 • 📐 Nếu đạt khoảng 15,5 cm là có thể lắp được
 • 🎯 Khoảng đẹp nhất: 15,5 – 16 cm

👉 Nếu vượt quá:
 • ❌ Trên 16 cm → phải bẻ chéo cần búa vào trong
 • 🔔 Khi đó lực gõ vào côn sẽ yếu đi, âm thanh không còn tròn
 • 🎼 Dễ mất độ vang và độ chuẩn của tiếng chuông

👉 Vì vậy:
 • ✔️ Chọn đúng kích thước giúp giữ nguyên lực đánh và chất âm
 • ✔️ Đồng hồ vận hành ổn định, âm thanh hay hơn

👉 Một chi tiết nhỏ nhưng ảnh hưởng rất lớn đến trải nghiệm khi chơi 36/10.

#donghoco #donghoo_do #odo36_10 #chonthung #10con10bua #amthanhdongho #donghocokhi #donghosuutam #kienthucdongho #dochoixua",65,"05/02/2026 18:42",https://www.facebook.com/reel/1326980079287653/,"Thước phim",,"Trọn đời",0,+9.5x,0,0,0,1909,12,0,10,3,0,1835,2094,13.272,25177.697
1564775765209436,100050310827163,"Đồng hồ Nhà kho","Ô đô 36/10 Nguyên Bản – Âm Cực Hay, Nghe Là Mê | 0️⃣9️⃣6️⃣3️⃣✦4️⃣5️⃣6️⃣✦9️⃣6️⃣3️⃣

👉 Một chiếc 36/10 nguyên bản luôn có sức hút rất riêng với anh em chơi đồng hồ cổ.
 • 🕰️ Cấu hình 10 côn 10 búa, dòng âm thanh nổi tiếng
 • 🧩 Nguyên bản, giữ trọn cái chất cơ khí xưa
 • 🎼 Chơi 2 bản nhạc, điểm nhạc đều mỗi 15 phút
 • 🔔 Chuông bính – boong rõ, tròn tiếng
 • 🎶 Chất âm vang, đầm, ngân sâu, nghe rất cuốn

👉 Điểm hay của 36/10 là càng nghe càng thấm, càng chơi càng thấy giá trị.

👉 Một chiếc đúng bài, nguyên bản sẽ mang lại trải nghiệm âm thanh rất trọn vẹn.

#donghoco #donghoo_do #odo36_10 #nguyenban #10con10bua #2bainhac #bingboong #donghocokhi #donghosuutam #dochoixua",30,"05/02/2026 07:17",https://www.facebook.com/reel/1729710741531070/,"Thước phim",,"Trọn đời",11,+18.2x,0.01,0.01,0,9465,112,6,97,9,1,9186,10959,9.656,90211.273
1563777318642614,100050310827163,"Đồng hồ Nhà kho","Ô đô 62/10 & 36/10 – Hai Chất Âm, Hai Cá Tính | 0️⃣9️⃣6️⃣3️⃣✦4️⃣5️⃣6️⃣✦9️⃣6️⃣3️⃣

👉 So với 36/10, dòng 62/10 có một màu âm rất riêng.
 • 🕰️ 36/10:
 • 🎶 Âm dày, đầm, ngân sâu, nghe rất có chiều sâu
 • 🔔 Tiếng chuông bính – boong tròn, chắc, đậm chất cổ
 • 🕰️ 62/10:
 • 🎼 Âm tươi, sáng, nhộn nhịp, dễ vào tai
 • 🔔 Nhịp đánh linh hoạt, tạo cảm giác vui tai, sinh động

👉 Có thể nói:
 • 36/10 thiên về chiều sâu, sự đằm và cổ điển
 • 62/10 thiên về sự tươi mới, nhẹ nhàng và dễ nghe

👉 Mỗi dòng một cái hay riêng, không hơn kém tuyệt đối, quan trọng là gu thưởng âm của từng người.

#donghoco #donghoo_do #odo36_10 #odo62_10 #amthanhdongho #bingboong #donghocokhi #donghosuutam #dochoixua #kienthucdongho",147,"05/01/2026 02:07",https://www.facebook.com/reel/3796892443786231/,"Thước phim",,"Trọn đời",4,+27.5x,0,0,0,3869,35,-1,34,0,0,3701,4148,12.656,48399.547
1563763611977318,100050310827163,"Đồng hồ Nhà kho","Ô đô 36/10 – Máy 4 Số, Vách Dày Đời Đầu | 0️⃣9️⃣6️⃣3️⃣✦4️⃣5️⃣6️⃣✦9️⃣6️⃣3️⃣

👉 Một chiếc 36/10 máy 4 số vách dày luôn được anh em chơi lâu năm đánh giá cao.
 • 🕰️ Máy 4 số – dấu hiệu của đời sản xuất sớm
 • ⚙️ Vách máy dày, kết cấu chắc chắn, độ bền cao
 • 🔔 Cấu hình 10 côn 10 búa, đúng dòng âm hay nổi tiếng
 • 🎼 Chơi 2 bản nhạc cơ khí, nhịp đánh đều, mạch lạc
 • 🎶 Chất âm vang, đầm, ngân dài, nghe rất có chiều sâu

👉 Những chiếc hội tụ 4 số + vách dày thường mang nét cổ rõ ràng, được nhiều người ưa chuộng hơn.

👉 Không chỉ là đồng hồ, mà còn là một dấu mốc đẹp của thời kỳ chế tác kỹ lưỡng.

#donghoco #donghoo_do #odo36_10 #4so #vachday #10con10bua #donghocokhi #donghosuutam #dochoixua #amthanhdongho",35,"05/01/2026 01:41",https://www.facebook.com/reel/1299262115489324/,"Thước phim",,"Trọn đời",10,+15.4x,0,0,0,3284,45,0,35,1,0,3115,3773,9.27,30276.1
1563745428645803,100050310827163,"Đồng hồ Nhà kho","Ô đô 36 Đời Đầu – Trục Đồng, Giá Trị Sưu Tầm Cao | 0️⃣9️⃣6️⃣3️⃣✦4️⃣5️⃣6️⃣✦9️⃣6️⃣3️⃣

👉 Ở những phiên bản Ô đô 36 đời đầu, có một đặc điểm đáng chú ý là trục máy được làm bằng đồng.
 • ⚙️ Trục đồng tạo cảm giác đẹp, mộc và đúng chất xưa
 • 🕰️ Thuộc nhóm máy đời sớm, được nhiều anh em đánh giá cao
 • 🎼 Âm thanh thường ngân nga, mềm và rất có hồn
 • ✨ Tổng thể mang nét cổ rõ ràng, nhìn rất “đã mắt”

👉 Chính vì vậy:
 • 📚 Những chiếc đời đầu luôn được ưu ái hơn trong giới sưu tầm
 • 🔍 Giá trị không chỉ nằm ở máy mà còn ở tính nguyên bản và thời gian

👉 Một chiếc 36 đời đầu trục đồng không chỉ để chơi, mà còn là một phần giá trị của lịch sử đồng hồ cơ khí.

#donghoco #donghoo_do #odo36 #trucdong #maydoidau #donghocokhi #donghoxua #donghosuutam #amthanhdongho #dochoixua",48,"05/01/2026 01:12",https://www.facebook.com/reel/984841787319670/,"Thước phim",,"Trọn đời",0,+1.5x,0,0,0,3837,41,0,37,4,0,3679,4450,12.361,46861.661
1563736711980008,100050310827163,"Đồng hồ Nhà kho","Xuống Màu Đồng Đều – Dấu Hiệu Nhận Biết Máy Nguyên Bản Đồng Bộ | 0️⃣9️⃣6️⃣3️⃣✦4️⃣5️⃣6️⃣✦9️⃣6️⃣3️⃣

👉 Khi chơi đồng hồ cổ, có một chi tiết rất đáng để ý:
các linh kiện cùng vật liệu sẽ xuống màu giống nhau theo thời gian.
 • ⚙️ Những chi tiết cùng chất liệu sẽ lão hóa tự nhiên đồng đều
 • 🕰️ Màu sắc, độ xỉn, độ bóng thường không lệch nhau quá nhiều
 • 🔍 Nếu có chi tiết sáng khác thường → có thể đã thay thế sau này

👉 Vì vậy, khi quan sát một bộ máy:
 • 🧩 Màu sắc đồng đều → khả năng cao nguyên bản đồng bộ
 • 🔧 Màu lệch nhau rõ → có dấu hiệu tháo lắp, thay linh kiện

👉 Đây là cách đơn giản nhưng rất hiệu quả để anh em:
 • 📚 Đánh giá mức độ nguyên bản
 • 🎯 Lựa chọn được chiếc máy mười chuẩn, đáng sưu tầm

👉 Chơi lâu sẽ quen mắt, chỉ cần nhìn màu máy là đã cảm nhận được độ “zin” của chiếc đồng hồ.

#donghoco #donghoo_do #maydongho #nguyenbandongbo #donghocokhi #donghoxua #donghosuutam #kienthucdongho #dochoixua",46,"05/01/2026 00:56",https://www.facebook.com/reel/4174341869544222/,"Thước phim",,"Trọn đời",0,+0.9x,0,0,0,2214,21,2,20,1,0,2119,2473,9.043,20058.586
1563736578646688,100050310827163,"Đồng hồ Nhà kho","Lô Gai Ô đô 36 – Chi Tiết Nhỏ Để Nhận Dạng Đời Máy | 0️⃣9️⃣6️⃣3️⃣✦4️⃣5️⃣6️⃣✦9️⃣6️⃣3️⃣

👉 Trên dòng Ô đô 36, phần lô gai (quạt điều tốc) có một đặc điểm rất dễ nhận ra.
 • ⚙️ Thông thường không có lớp mạ
 • 🕰️ Sau thời gian sẽ bị đen, xuống màu, nhìn cũ hơn
 • 🔍 Đây là hiện tượng tự nhiên, không phải lỗi

👉 So với các dòng như 54 – 57 – 62:
 • ✨ Lô gai thường có lớp mạ, nhìn sáng hơn
 • 📚 Ít bị xuống màu nhanh như dòng 36

👉 Vì vậy:
 • 🔎 Lô gai đen, không mạ → dấu hiệu thường gặp của Ô đô 36
 • 🧩 Là một chi tiết nhỏ nhưng giúp anh em nhận dạng đời máy khá chính xác

👉 Chơi đồng hồ cổ, nhiều khi chỉ cần nhìn vào lô gai là đã hiểu được phần nào chiếc máy.

#donghoco #donghoo_do #odo36 #loga #quatgio #donghocokhi #donghoxua #donghosuutam #kienthucdongho #dochoixua",29,"05/01/2026 00:56",https://www.facebook.com/reel/1714579526389894/,"Thước phim",,"Trọn đời",2,+4.6x,0,0,0,3426,36,0,32,1,1,3403,4218,10.724,36775.736
1563736468646699,100050310827163,"Đồng hồ Nhà kho","Nguyên Bản Và Nguyên Bản Đồng Bộ – Hiểu Cho Đúng Khi Chơi Đồng Hồ Cổ | 0️⃣9️⃣6️⃣3️⃣✦4️⃣5️⃣6️⃣✦9️⃣6️⃣3️⃣

👉 Khi nhìn một món đồ sưu tầm, đặc biệt là đồng hồ cổ, chỉ “nguyên bản” thôi là chưa đủ.

🕰️ Nguyên bản
 • ⚙️ Tất cả linh kiện đều đúng theo hãng sản xuất
 • 🔧 Có thể đã được thay thế bằng linh kiện cùng loại, cùng đời
 • 📚 Vẫn đảm bảo đúng cấu hình, đúng chất của dòng máy

👉 Ví dụ:
Một chi tiết hỏng được thay bằng linh kiện từ chiếc khác cùng loại → vẫn gọi là nguyên bản.

⸻

🕰️ Nguyên bản đồng bộ
 • 🧩 Toàn bộ linh kiện đi theo đúng chiếc đó từ đầu
 • ❌ Không bị tháo ra lắp sang từ chiếc khác
 • ✨ Giữ nguyên sự đồng nhất từ khi xuất xưởng

👉 Đây là mức cao hơn, được anh em sưu tầm đánh giá rất cao.

⸻

👉 Kết luận
 • Nguyên bản: đúng hãng, đúng cấu hình
 • Nguyên bản đồng bộ: đúng từng chi tiết theo chính chiếc đó từ đầu

👉 Hiểu rõ hai khái niệm này sẽ giúp anh em
chơi đúng – nhìn đúng – định giá đúng.

#donghoco #nguyenban #dongbo #donghocokhi #donghoxua #donghosuutam #kienthucdongho #dochoixua",57,"05/01/2026 00:56",https://www.facebook.com/reel/26516775414652782/,"Thước phim",,"Trọn đời",0,+1.2x,0,0,0,2506,21,-1,18,3,0,2450,2818,12.402,31019.578
1562634612090218,100050310827163,"Đồng hồ Nhà kho","Âm Thanh Ô đô – Mỗi Chiếc Một Cá Tính Riêng | 0️⃣9️⃣6️⃣3️⃣✦4️⃣5️⃣6️⃣✦9️⃣6️⃣3️⃣

👉 Âm thanh của Ô đô luôn có một chất rất riêng:
ngân nga, dễ nghe, nhẹ nhàng nhưng vẫn toát lên sự đẳng cấp.
 • 🎼 Tiếng nhạc mềm mại, có độ ngân dài rất đặc trưng
 • 🔔 Chuông điểm giờ rõ ràng nhưng không gắt
 • 🎶 Mỗi đời máy lại có một màu âm khác nhau
 • ⚙️ Từ cấu trúc côn, búa đến vách máy đều ảnh hưởng đến âm thanh

👉 Chính vì vậy, cùng là Ô đô nhưng:
 • Có chiếc vang sáng
 • Có chiếc trầm ấm
 • Có chiếc dứt khoát, mạch lạc

👉 Tạo nên rất nhiều phân khúc và lựa chọn cho anh em sưu tầm.

👉 Các bác cùng em thử đoán xem:
âm thanh này là của chiếc nào?

#donghoco #donghoo_do #amthanhdongho #odo36 #odo57 #bingboong #donghocokhi #donghosuutam #dochoixua #kienthucdongho",105,"04/29/2026 16:37",https://www.facebook.com/reel/1110525911277290/,"Thước phim",,"Trọn đời",2,+15.7x,0,0,0,2152,13,0,11,1,0,2065,2367,10.931,23666.647
1562131565473856,100050310827163,"Đồng hồ Nhà kho","Ô đô 36/10 – Dấu Mốc Âm Thanh Của Đồng Hồ Cổ | 0️⃣9️⃣6️⃣3️⃣✦4️⃣5️⃣6️⃣✦9️⃣6️⃣3️⃣

👉 Với nhiều anh em chơi lâu năm, 36/10 không chỉ là một chiếc đồng hồ, mà là một dấu mốc về âm thanh.
 • 🕰️ Bộ máy 10 côn 10 búa, kết cấu chuẩn mực của dòng cao
 • 🎼 Hai bản nhạc cơ khí vang lên đều đặn theo từng nhịp thời gian
 • 🔔 Tiếng điểm giờ bính – boong dứt khoát, rất có hồn
 • 🎶 Âm thanh đầm, vang, ngân dài, càng nghe càng thấm
 • ⚙️ Vận hành bền bỉ, giữ được cái chất xưa qua nhiều năm

👉 Không cần quá phô trương, chỉ cần cất tiếng là đủ thấy sự khác biệt.

👉 Một chiếc 36/10 đúng bài luôn khiến người nghe phải dừng lại để thưởng thức.

#donghoco #donghoo_do #odo36_10 #10con10bua #2bainhac #bingboong #donghocokhi #donghoxua #donghosuutam #đồchơixưa",55,"04/29/2026 02:50",https://www.facebook.com/reel/1504738044353057/,"Thước phim",,"Trọn đời",18,+27.1x,0,0,0,3489,64,5,48,3,0,3926,4782,10.974,45380.71
1562050138815332,100050310827163,"Đồng hồ Nhà kho","Bộ Bình Trà Bavaria Mạ Vàng – Vẻ đẹp sang trọng kiểu châu Âu xưa- Mã sô D26
💵: 4tr3
✨ Bộ gồm: ấm, âu đường, bình sữa và 6 tách kèm đĩa – đầy đủ, đồng bộ.
✨ Toàn bộ phủ mạ vàng nổi bật, ánh lên rất đẹp khi trưng bày.
✨ Dáng chén thanh thoát, mềm mại, viền lượn cổ điển.
✨ Lòng men trắng sạch sẽ, tạo sự tinh tế khi sử dụng.
✨ Thích hợp bày phòng khách, tiếp khách hoặc làm quà tặng ý nghĩa.

💫 Một bộ trà vừa đẹp, vừa có giá trị sưu tầm – rất hợp với không gian cổ điển, sang trọng.

☎️ 0963.456.963
🏠 Khu đô thị Văn Phú, phường Phú La, quận Hà Đông, Hà Nội

#bo_binh_tra #bavaria #binh_tra_duc #gom_su_chau_au #do_co_chau_au #binh_tra_ma_vang #trang_tri_sang_trong #qua_tang_y_nghia #do_suu_tam",0,"04/29/2026 00:31",https://www.facebook.com/donghonhakho.vn/posts/pfbid0sLvniGBk4mkeMs1MUQdqjmJUP8uGkmLXx5byiZogioindL8t5swyxxwKXtX94Pmfl,Ảnh,,"Trọn đời",0,--,0,0,0,631,0,0,1,0,0,579,899,,
1561851535501859,100050310827163,"Đồng hồ Nhà kho","Cơ Chế Đổi Bài Trên Đồng Hồ FF – Tạo 4 Bản Nhạc Từ Một Bộ Máy | 0️⃣9️⃣6️⃣3️⃣✦4️⃣5️⃣6️⃣✦9️⃣6️⃣3️⃣

👉 Ở những mẫu FF 4 bài nhạc, việc đổi bài không phải do thay cả bộ côn, mà nằm ở cơ cấu điều khiển rất tinh tế.
 • ⚙️ Khi gạt chọn bài, hệ thống sẽ đổi vị trí bánh cam (cam nhạc)
 • 🔄 Đồng thời thay đổi quạt lô gai (trục điều tốc/nhịp) cho phù hợp từng giai điệu
 • 🎼 Cơ cấu sẽ sắp xếp lại thứ tự búa gõ lên côn
 • 🔔 Từ đó tạo ra 4 bản nhạc khác nhau trên cùng một dàn côn

👉 Hiểu đơn giản:
 • Không đổi côn, không đổi búa
 • Mà đổi cách đánh và nhịp đánh → ra bản nhạc khác

👉 Điểm hay:
 • 🎶 Một bộ máy nhưng chơi được nhiều giai điệu
 • ⚙️ Thể hiện trình độ chế tác rất cao của đồng hồ cổ Pháp
 • ✨ Tăng trải nghiệm thưởng âm, không bị nhàm chán

👉 Đây chính là lý do vì sao dòng FF nhiều bài luôn có sức hút riêng với anh em sưu tầm.

#donghoco #donghoFF #4bainhac #cocauchuyennhac #camnhac #donghocokhi #donghoxua #donghosuutam #amthanhdongho #kienthucdongho",38,"04/28/2026 18:43",https://www.facebook.com/reel/1475586134113413/,"Thước phim",,"Trọn đời",0,+1.5x,0,0,0,3311,22,0,20,2,1,3244,3620,9.973,32792.807
1549711066715906,100050310827163,"Đồng hồ Nhà kho","Chi tiết nhỏ nhưng nói lên cái “chất” của đồng hồ cổ | 0️⃣9️⃣6️⃣3️⃣✦4️⃣5️⃣6️⃣✦9️⃣6️⃣3️⃣

👉 Với những bộ kim màu trắng, đi kèm sẽ là ốc bách kim màu trắng – đúng chuẩn đồng bộ.
 • ⚙️ Đây là nguyên tắc lắp ráp rất rõ ràng của thợ xưa
 • 🎯 Mọi chi tiết đều được làm đồng màu – đồng bộ – có chủ ý
 • 🔍 Tuy nhiên theo thời gian, ốc có thể rơi rụng hoặc thất lạc

👉 Điều này lại cho thấy:
 • 🕰️ Đồng hồ cổ ngày xưa được làm rất chỉn chu, có tiêu chuẩn rõ ràng
 • 📚 Mỗi chi tiết nhỏ đều mang giá trị về kỹ thuật và thẩm mỹ

👉 Anh em chơi kỹ sẽ nhìn vào những chi tiết này để đánh giá độ nguyên bản và độ chuẩn của chiếc đồng hồ.

#donghoco #kimdongho #ocbachkim #donghocokhi #donghoxua #kienthucdongho #donghosuutam #dochoixua #donghocochaeu #chitietdongho",29,"04/13/2026 21:44",https://www.facebook.com/reel/1348520833761956/,"Thước phim",,"Trọn đời",2,+3.6x,0,0,0,2546,20,0,17,2,0,2353,2870,8.226,20392.475
1549713833382296,100050310827163,"Đồng hồ Nhà kho","Bánh cam nhạc – “bộ não” điều khiển bản nhạc của đồng hồ | 0️⃣9️⃣6️⃣3️⃣✦4️⃣5️⃣6️⃣✦9️⃣6️⃣3️⃣

👉 Chi tiết trong hình chính là bánh cam nhạc (cam điều khiển) – một bộ phận cực kỳ quan trọng.
 • ⚙️ Trên bề mặt có các rãnh khuyết và phần nhô ra
 • 🔔 Khi quay, nó điều khiển cần gạt – khóa – mở cơ cấu đánh nhạc

👉 Vai trò chính:
 • 🎼 Quyết định đoạn nhạc dài hay ngắn
 • ⏱️ Xác định thời điểm bắt đầu đánh
 • 🛑 Xác định khi nào dừng (ngắt nhạc)
 • 🔁 Điều phối toàn bộ chu kỳ đánh 15’ – 30’ – 45’ – giờ

👉 Hiểu đơn giản:
 • Phần lõm → cho phép cơ cấu chạy → đánh nhạc
 • Phần cao → chặn lại → dừng nhạc

💡 Đây chính là chi tiết giúp đồng hồ “biết”
lúc nào chơi nhạc, chơi bao lâu và dừng đúng lúc.

👉 Nếu bánh cam mòn hoặc sai → nhạc sẽ lệch nhịp, đánh thiếu hoặc thừa.

#donghoco #banhcam #camnhac #donghocokhi #donghoxua #kienthucdongho #donghosuutam #maydongho #cocau #dochoixua",13,"04/13/2026 21:50",https://www.facebook.com/reel/1115657200749617/,"Thước phim",,"Trọn đời",21,+39.6x,0.01,0.01,0,101126,609,65,574,38,3,97344,162963,12.969,1287156.642
1549718446715168,100050310827163,"Đồng hồ Nhà kho","Bánh Cam Nhạc Đồng Hồ Cổ – Cơ Cấu Quyết Định Nhịp Điệu & Bản Nhạc | 0️⃣9️⃣6️⃣3️⃣✦4️⃣5️⃣6️⃣✦9️⃣6️⃣3️⃣

👉 Trong đồng hồ cổ, bánh cam nhạc là chi tiết đóng vai trò như “bộ não” điều khiển toàn bộ quá trình đánh nhạc.
 • ⚙️ Cấu tạo gồm các biên dạng lồi – lõm được gia công chính xác
 • 🔔 Khi quay, bánh cam sẽ tác động lên cần gạt và hệ khóa, từ đó điều khiển cơ cấu nhạc
 • 🎼 Quyết định độ dài bản nhạc (15 – 30 – 45 – 60 phút)
 • ⏱️ Xác định thời điểm bắt đầu – kết thúc – ngắt nhạc
 • 🔁 Đảm bảo chu kỳ hoạt động đều đặn và chính xác theo thời gian

👉 Nguyên lý hoạt động:
 • Phần lõm → mở cơ cấu → đánh nhạc
 • Phần cao → khóa lại → dừng nhạc

💡 Nếu bánh cam bị mòn hoặc sai lệch, đồng hồ sẽ gặp tình trạng đánh thiếu nhịp, thừa nhạc hoặc lệch chu kỳ.

👉 Đây là một trong những chi tiết quan trọng nhất quyết định chất lượng vận hành và “cái hồn” của bản nhạc cơ khí trên đồng hồ cổ.

#donghoco #banhcamnhac #donghocokhi #cocaudongho #donghoxua #kienthucdongho #donghosuutam #maydongho #amthanhdongho #dochoixua",83,"04/13/2026 22:00",https://www.facebook.com/reel/2723930247981261/,"Thước phim",,"Trọn đời",6,+181.3x,0.08,0.08,0,9290,107,10,93,14,2,8939,10516,24.887,223169.231
1549724473381232,100050310827163,"Đồng hồ Nhà kho","Phanh gió – Chi tiết giữ nhịp cho bản nhạc đồng hồ cổ | 0️⃣9️⃣6️⃣3️⃣✦4️⃣5️⃣6️⃣✦9️⃣6️⃣3️⃣

👉 Phanh gió là một dạng cánh quạt quay tự do, dùng để hãm và ổn định tốc độ đánh nhạc trong đồng hồ cơ.
 • 🌪️ Khi cơ cấu nhạc hoạt động, cánh quạt quay nhanh tạo lực cản không khí
 • ⚙️ Nhờ đó, tốc độ đánh được giữ đều, không bị quá nhanh

👉 Vai trò chính:
 • 🎼 Giữ cho bản nhạc đúng nhịp, không dồn dập
 • 🔔 Giúp tiếng chuông tròn, rõ, có khoảng nghỉ hợp lý
 • 🔁 Dù cót còn căng hay gần hết, tốc độ vẫn ổn định

💡 Hiểu đơn giản:
 • Không có phanh gió → nhạc sẽ chạy rất nhanh, mất nhịp
 • Có phanh gió → nhạc êm, đều, nghe có hồn hơn

👉 Đây là chi tiết nhỏ nhưng cực kỳ quan trọng để tạo nên chất lượng âm thanh chuẩn của đồng hồ cổ.

#donghoco #phanhgio #canhquat #donghocokhi #donghoxua #amthanhdongho #kienthucdongho #donghosuutam #maydongho #dochoixua",93,"04/13/2026 22:12",https://www.facebook.com/reel/4370689679853701/,"Thước phim",,"Trọn đời",2,+45x,0,0,0,4329,44,0,43,3,0,3902,4465,18.299,74223.441
1549727000047646,100050310827163,"Đồng hồ Nhà kho","Cam Đếm Giờ – Chi tiết quyết định số tiếng chuông điểm giờ | 0️⃣9️⃣6️⃣3️⃣✦4️⃣5️⃣6️⃣✦9️⃣6️⃣3️⃣

👉 Cam đếm giờ là bộ phận giúp đồng hồ “biết” đang là mấy giờ để điểm chuông cho đúng số tiếng.
 • ⚙️ Thường là một đĩa cam có bậc (1–12) hoặc dạng ốc sên (snail cam)
 • 🔔 Kết hợp với cần gạt và cơ cấu đếm để xác định số lần búa gõ chuông

👉 Nguyên lý hoạt động:
 • ⏰ Khi đến giờ, cần gạt rơi theo biên dạng cam
 • 📏 Độ sâu – nông của cam quyết định đánh 1 tiếng, 2 tiếng… đến 12 tiếng

👉 Vai trò chính:
 • 🎯 Đảm bảo điểm giờ chính xác theo thời gian thực
 • 🔁 Đồng bộ với cơ cấu nhạc và bánh cam nhạc
 • ⚙️ Giữ nhịp đánh đều, không thừa – không thiếu

💡 Nếu cam đếm giờ sai hoặc mòn:
 • ❌ Đồng hồ sẽ đánh sai giờ (thừa hoặc thiếu tiếng)

👉 Đây là chi tiết quan trọng giúp chiếc đồng hồ không chỉ hay mà còn **đúng giờ – đúng nhịp – đúng chuẩn cơ",120,"04/13/2026 22:17",https://www.facebook.com/reel/985415190498761/,"Thước phim",,"Trọn đời",0,+63.3x,0,0,0,5031,51,2,42,8,2,4713,5242,21.871,104524.863
1549811580039188,100050310827163,"Đồng hồ Nhà kho","Đồng hồ MF 10 côn chơi bản nhạc St.Etienne ngân nga - Mã số K81

✨ Một thiết kế thùng dài cân đối, kết hợp kính rào phía dưới tạo chiều sâu rất riêng, nhìn vừa cổ kính vừa có điểm nhấn trưng bày rõ nét.
✨ Bộ máy 10 côn 10 búa vận hành ổn định, bản nhạc St.Etienne với chất âm ngân nga, trầm ấm, nghe rất “có hồn” – đúng chất mà giới chơi đồng hồ cổ luôn tìm kiếm.
✨ Củ gông chữ M còn rõ triện logo hãng, thể hiện giá trị nguyên bản và độ chuẩn mực của bộ máy.
✨ Mặt số nổi cổ điển, bố cục dễ nhìn, kết hợp kim dáng thanh tạo tổng thể hài hòa, nhẹ nhàng theo thời gian.

📐 Kích thước: 70 x 35 cm – form thùng dài dễ treo, phù hợp nhiều không gian từ phòng khách đến phòng làm việc.

☎️ 0963.456.963
🏠 Khu đô thị Văn Phú, phường Phú La, quận Hà Đông, Hà Nội

#dong_ho_co #dong_ho_treo_tuong #dong_ho_10_con #dong_ho_MF #dong_ho_co_phap #dong_ho_qua_lac #dong_ho_xua #gioi_suu_tam_dong_ho #dong_ho_10_bua #gong_chu_M #dong_ho_thung_dai #dong_ho_kinh_rao #dong_ho_co_chau_au",0,"04/14/2026 01:04",https://www.facebook.com/donghonhakho.vn/posts/pfbid02BGwFAGXWw1Ktzj8Ehxq1ZHyDjs5e9swEWudGcKz2RNPKbJjm8AYCt3KDnrdStVpDl,Ảnh,,"Trọn đời",4,--,0,0,0,1240,9,-1,5,0,2,1061,1696,,
1549838556703157,100050310827163,"Đồng hồ Nhà kho","Máy Đánh Chữ Tippa Hà Lan Nguyên Bản – Nhỏ Gọn, Bền Bỉ, Đậm Chất Hoài Niệm- Mã số D17
💵: 2tr9
✨ Một dấu ấn rõ nét của thập niên 1960–1970, chiếc máy đánh chữ Tippa mang đậm tinh thần tối giản và thực dụng của châu Âu thời kỳ đó.
✨ Thiết kế nhỏ gọn, thân máy mỏng, dễ di chuyển nhưng vẫn đảm bảo độ chắc chắn và bền bỉ theo năm tháng.
✨ Bộ phím còn nguyên bản, độ nảy tốt, thao tác nhẹ tay, cho cảm giác gõ rất “đã” – đúng chất cơ khí cổ điển.
✨ Chữ in ra rõ nét, đều, thể hiện tình trạng máy còn hoạt động ổn định, phù hợp trưng bày hoặc sử dụng thực tế.
✨ Đây là dòng máy rất được giới sưu tầm đồ xưa ưa chuộng bởi tính tiện dụng và giá trị hoài niệm cao.

📐 Kích thước: 30 x 35 cm

☎️ 0963.456.963
🏠 Khu đô thị Văn Phú, phường Phú La, quận Hà Đông, Hà Nội

#may_danh_chu #may_danh_chu_co #may_danh_chu_tippa #may_danh_chu_ha_lan #do_xua #do_co_chau_au #do_suu_tam #may_danh_chu_co_dien #co_khi_co #trang_tri_noi_that #phong_cach_co_dien #do_trang_tri #suu_tam_do_xua #hoai_niem_xua #vintage_style",0,"04/14/2026 01:49",https://www.facebook.com/donghonhakho.vn/posts/pfbid0Xz2giS12a4Nayaaw96U7dvESJoVZUgeF6BagbeDV82Mfjq2a6cYfBZu4QPKHuE7Ul,Ảnh,,"Trọn đời",4,--,0,0,0,1347,5,0,1,0,0,1143,1694,,
1549943840025962,100050310827163,"Đồng hồ Nhà kho","Ô đô 36 – Không phải năm 1936, mà là chiều dài tay lắc | 0️⃣9️⃣6️⃣3️⃣✦4️⃣5️⃣6️⃣✦9️⃣6️⃣3️⃣

👉 Nhiều anh em hiểu nhầm “36” là năm sản xuất 1936, nhưng thực tế không phải.
 • 🕰️ Con số 36 là ký hiệu chiều dài hiệu dụng của tay lắc theo quy ước hãng
 • 📏 Số càng lớn → tay lắc càng dài → thùng đồng hồ thường dài theo
 • ⚙️ Đây là cách phân loại kỹ thuật, không liên quan đến năm sản xuất

👉 Hiểu đơn giản:
 • 24 → lắc ngắn
 • 30 → trung bình
 • 36 → lắc dài, dáng thùng cao, thanh thoát

💡 Nắm được điều này giúp anh em tránh nhầm lẫn và hiểu đúng bản chất của dòng đồng hồ.

👉 Chơi đúng là phải hiểu đúng từ những chi tiết như vậy.

#donghoco #donghoo_do #odo36 #taylac #kienthucdongho #donghocokhi #donghoxua #donghosuutam #dochoixua #donghocochaeu",46,"04/14/2026 04:54",https://www.facebook.com/reel/2499827440454780/,"Thước phim",,"Trọn đời",6,+10.1x,0,0,0,4743,39,3,27,8,0,4239,5363,14.363,64016.985
1549991050021241,100050310827163,"Đồng hồ Nhà kho","Ô đô 36/10 – Âm Ngọt, Ngân Nga, Dễ Nghe | 0️⃣9️⃣6️⃣3️⃣✦4️⃣5️⃣6️⃣✦9️⃣6️⃣3️⃣
 • 🕰️ Dòng 36/10 – 10 côn 10 búa, rất được ưa chuộng
 • 🎼 Chơi 2 bản nhạc cơ khí, nhịp đánh đều, mạch lạc
 • 🎶 Chất âm ngọt, êm, ngân nga, nghe rất dễ chịu
 • 🔔 Điểm giờ bính – boong tròn tiếng, rõ ràng
 • ⚙️ Bộ máy ổn định, vận hành bền bỉ

👉 Một dòng đồng hồ mà chỉ cần nghe thử là thấy dễ vào tai, ai cũng thích, phù hợp cả người mới chơi lẫn anh em lâu năm.

#donghoco #donghoo_do #odo36_10 #10con10bua #amthanhdongho #bingboong #donghocokhi #donghoxua #donghosuutam #dochoixua",59,"04/14/2026 06:11",https://www.facebook.com/reel/1723923595654899/,"Thước phim",,"Trọn đời",4,+7x,0,0,0,2664,37,1,30,3,0,2288,2816,11.128,27866.291
1550394403314239,100050310827163,"Đồng hồ Nhà kho","Đồng Hồ Cổ Ô đô 57/10 – Đủ Giấy, Giá Trị Sưu Tầm Cao | 0️⃣9️⃣6️⃣3️⃣✦4️⃣5️⃣6️⃣✦9️⃣6️⃣3️⃣
 • 🕰️ Dòng 57/10 – 10 côn 10 búa, đời máy được nhiều anh em ưa chuộng
 • 📜 Còn đầy đủ giấy tờ, tăng giá trị và độ tin cậy
 • 🎼 Chơi 2 bản nhạc cơ khí, nhịp đánh mạch lạc
 • 🔔 Chuông bính – boong rõ nét, tròn tiếng, rất đặc trưng
 • 🎶 Âm thanh bốc, có lực, nghe rất “đã tai”
 • ⚙️ Bộ máy chắc chắn, vận hành ổn định theo thời gian

👉 Một chiếc đồng hồ vừa đẹp về máy – hay về âm – lại có giấy tờ đầy đủ, thuộc dạng anh em sưu tầm rất ưa thích.

👉 Gặp là nên cân nhắc, vì không phải lúc nào cũng có.

#donghoco #donghoo_do #odo57_10 #dugiay #10con10bua #2bainhac #bingboong #donghocokhi #donghosuutam #dochoixua",54,"04/14/2026 18:34",https://www.facebook.com/reel/26613287601662455/,"Thước phim",,"Trọn đời",5,+8.4x,0,0,0,2348,37,1,31,2,0,2094,2538,11.01,24608.517
1550432646643748,100050310827163,"Đồng hồ Nhà kho","Bộ Bình Trà Bavaria Đức Hoa Hồng Cổ Điển – Nét Đẹp Thanh Lịch Châu Âu- Mã số D18
💵: 4tr7
✨ Một bộ trà mang đậm dấu ấn châu Âu xưa, nổi bật với hoạ tiết hoa hồng phối cùng viền vàng nhẹ nhàng, tạo cảm giác thanh lịch và ấm cúng khi bày trên bàn trà.

✨ Bộ gồm: ấm trà, bình sữa, âu đường và 6 tách kèm đĩa – đầy đủ cho một không gian thưởng trà trọn vẹn, phù hợp tiếp khách hoặc trưng bày decor.

✨ Chất sứ trắng ngà, họa tiết in sắc nét kết hợp viền mạ vàng tạo điểm nhấn tinh tế.
Dưới đáy có triện Bavaria – dòng sứ Đức nổi tiếng về độ bền và giá trị sưu tầm lâu dài.

✨ Không chỉ là bộ trà dùng hằng ngày, đây còn là món đồ gợi lại một nét sống chậm, thưởng trà đúng nghĩa – rất được người chơi đồ xưa và yêu phong cách cổ điển ưa chuộng.

☎️ 0963.456.963
🏠 Khu đô thị Văn Phú, phường Phú La, quận Hà Đông, Hà Nội

#bo_binh_tra #binh_tra_bavaria #binh_tra_co #gom_su_duc #binh_tra_hoa_hong #do_suu_tam #gom_su_chau_au #trang_tri_noi_that #binh_tra_dep #phong_cach_co_dien #am_chen_su #do_xua #bavaria_duc #trang_tri_phong_khach #thuong_tra",0,"04/14/2026 19:51",https://www.facebook.com/donghonhakho.vn/posts/pfbid0nkTMEWzZ1QZGVrCb92VxqrHYjkvDgG7cKH59idBTfF2xdJSGAcdW5v3S4iJV5rWtl,Ảnh,,"Trọn đời",0,--,0,0,0,460,0,0,0,1,0,396,608,,
1550469976640015,100050310827163,"Đồng hồ Nhà kho","Đồng hồ treo tường Đức 8 côn – dáng đầu tròn cổ điển, mặt số lớn dễ nhìn- Mã số K82
💵: 8tr5
✨ Một dấu ấn của dòng máy cổ Đức với thiết kế đầu tròn mềm mại, tạo cảm giác cân đối và rất “có hồn” khi treo lên tường. Form thùng 72x35 cm vừa tầm, không quá đồ sộ nhưng vẫn đủ nổi bật trong không gian phòng khách hay phòng làm việc.

✨ Mặt số lớn đường kính 24 cm, số rõ nét, bố cục thoáng, nhìn xa vẫn dễ quan sát giờ. Tông nền ngà kết hợp kim đen cổ điển mang lại cảm giác hoài niệm rất rõ ràng.

✨ Điểm nhấn nhẹ nhàng ở các chi tiết họa tiết đồng viền mặt và chân đế, tạo sự tinh tế mà không cầu kỳ, giữ đúng chất mộc mạc của đồng hồ xưa.

✨ Bộ máy 8 côn vận hành ổn định, dàn gông bố trí đều cho tiếng chuông ngân vang, ấm và sâu. Chất âm đặc trưng của dòng 8 côn – dễ nghe, đều tiếng, phù hợp thưởng thức lâu dài.

✨ Tổng thể là một chiếc đồng hồ hài hòa giữa hình thức và âm thanh, phù hợp với những ai yêu vẻ đẹp giản dị nhưng vẫn đề cao giá trị nguyên bản.

☎️ 0963.456.963
🏠 Khu đô thị Văn Phú, phường Phú La, quận Hà Đông, Hà Nội

#dong_ho_co #dong_ho_treo_tuong #dong_ho_qua_lac #dong_ho_duc #dong_ho_8_con #dong_ho_co_chau_au #dong_ho_xua #am_thanh_dong_ho #dong_ho_phong_khach #dong_ho_suu_tam #may_co_duc #dong_ho_decor #dong_ho_dep #thoi_gian_xua",0,"04/14/2026 21:01",https://www.facebook.com/donghonhakho.vn/posts/pfbid02Jy4NUvymUvZd2AKUwSsY8AB5r5aao89XgcnyrF4FViEDCtHDD3LMGfhBDGWswpLUl,Ảnh,,"Trọn đời",2,--,0.01,0.01,0,1013,6,-2,5,0,0,869,1401,,
1550640999956246,100050310827163,"Đồng hồ Nhà kho","Đồng hồ vỏ gỗ óc chó – chạm khắc tinh xảo, chơi gông vòng âm ngân ấm áp- Mã số K83
💵: 7tr
✨ Một dáng đồng hồ treo tường nổi bật với phần thùng gỗ óc chó, nhìn rất có chiều sâu. Tổng thể bố cục cân đối, tạo cảm giác chắc chắn và sang trọng khi treo trong không gian sống.

✨ Điểm nhấn nằm ở các họa tiết chạm nổi thủ công: chùm quả, lá uốn lượn, đỉnh thùng tạo hình cầu kỳ – từng đường nét sắc sảo, nổi khối rõ ràng, mang đậm phong cách châu Âu cổ điển.

✨ Mặt số hạt men, cọc số La Mã nổi bật trên nền ấm, kim dáng cổ mềm mại, dễ quan sát, giữ được nét xưa rất riêng.

✨ Bộ máy cơ khí chắc chắn, vận hành ổn định. Cấu trúc gông vòng đặc trưng, mỗi 30 phút điểm chuông một lần. Âm thanh ngân vang, tròn tiếng, ấm áp và dễ chịu – đúng chất thưởng âm của dòng gông vòng.

✨ Đặc biệt, đồng hồ có chế độ nhắc lại chuông sau 5 phút, giúp người nghe không bỏ lỡ nhịp giờ – một tính năng thú vị, rất được giới chơi đồng hồ cổ ưa chuộng.

✨ Phù hợp trưng bày phòng khách, phòng ngủ hoặc không gian chung cư, vừa xem giờ vừa tạo điểm nhấn nghệ thuật.

📐 Kích thước: 80 x 55 cm

☎️ 0963.456.963
🏠 Khu đô thị Văn Phú, phường Phú La, quận Hà Đông, Hà Nội

#dong_ho_co #dong_ho_treo_tuong #dong_ho_qua_lac #dong_ho_go #dong_ho_go_oc_cho #dong_ho_chau_au #dong_ho_gong_vong #dong_ho_am_thanh_hay #dong_ho_suu_tam #dong_ho_trang_tri #dong_ho_phong_khach #dong_ho_phong_ngu #dong_ho_dep #dong_ho_co_khi #choi_dong_ho_co",0,"04/15/2026 01:53",https://www.facebook.com/donghonhakho.vn/posts/pfbid0E2Gt9BarrSx6zRPpoB7TT8okskWgLno8RnZSDGMGTfbiKVwrgV2MVRvB1Mn9YvSUl,Ảnh,,"Trọn đời",1,--,0.01,0.01,0,1310,3,0,2,0,0,1038,1772,,
1551386203215059,100050310827163,"Đồng hồ Nhà kho","Hàng Mới Về – Đồng Hồ Cổ Nguyên Bản, Âm Hay | 0️⃣9️⃣6️⃣3️⃣✦4️⃣5️⃣6️⃣✦9️⃣6️⃣3️⃣

👉 Những chiếc đồng hồ cổ vừa về, giữ trọn nét nguyên bản theo thời gian.
 • 🕰️ Nhiều kiểu dáng: treo tường, vai bò, thùng dài
 • ⚙️ Bộ máy ổn định, vận hành bền bỉ
 • 🎼 Âm thanh tròn, ấm, dễ nghe, đúng chất cơ khí xưa
 • ✨ Hình thức hài hòa, mỗi chiếc mang một nét riêng

👉 Với người chơi, giá trị nằm ở sự nguyên bản và cái “hồn” của âm thanh.

👉 Những chiếc như thế này luôn có chỗ đứng trong các bộ sưu tập lâu dài.

#donghoco #donghocokhi #donghoxua #donghosuutam #dochoixua #amthanhdongho #donghotreotuong #donghovaibo #donghocochaeu #kienthucdongho",12,"04/15/2026 23:13",https://www.facebook.com/reel/1482249016832535/,"Thước phim",,"Trọn đời",0,+0.8x,0,0,0,2242,15,0,16,0,0,2097,2997,7.635,16636.872
1551425733211106,100050310827163,"Đồng hồ Nhà kho","Đồng Hồ Cổ Ô đô 36/10 – Zin Nguyên Bụi, Nguyên Bản Từ Đầu Đến Cuối | 0️⃣9️⃣6️⃣3️⃣✦4️⃣5️⃣6️⃣✦9️⃣6️⃣3️⃣

👉 Không phải lúc nào cũng gặp được một chiếc zin nguyên bụi đúng nghĩa.
 • 🕰️ Dòng 36/10 – 10 côn 10 búa, cấu hình quen thuộc
 • 🧩 Nguyên bản toàn bộ, từ máy đến vỏ, chưa qua can thiệp
 • ⏳ Lớp bụi thời gian còn giữ lại, thể hiện độ zin và lịch sử sử dụng thật
 • 🎼 Chơi 2 bản nhạc cơ khí, âm thanh vẫn vang, tròn tiếng
 • 🔔 Điểm giờ bính – boong rõ nét, rất đặc trưng

👉 Những chiếc như thế này không chỉ là đồng hồ, mà là một phần thời gian còn nguyên vẹn.

👉 Với anh em sưu tầm, đây là dạng càng để càng giá trị, càng chơi càng thấy thích.

#donghoco #donghoo_do #odo36_10 #zinnguyenban #zinnguyenbui #10con10bua #2bainhac #bingboong #donghosuutam #dochoixua",49,"04/16/2026 00:19",https://www.facebook.com/reel/4223003477965675/,"Thước phim",,"Trọn đời",8,+12.7x,0,0,0,2392,26,1,18,0,0,2198,2836,13.562,31017.492
1551427106544302,100050310827163,"Đồng hồ Nhà kho","Bộ Máy Ô đô 36/10 – 4 Số, Vách Dày, Đời Đầu | 0️⃣9️⃣6️⃣3️⃣✦4️⃣5️⃣6️⃣✦9️⃣6️⃣3️⃣

👉 Không phải bộ 36/10 nào cũng giống nhau, loại 4 số vách dày luôn được anh em đánh giá cao.
 • 🕰️ Cấu hình 36/10 – 10 côn 10 búa, dòng máy quen thuộc
 • 🔢 Serial 4 số, thuộc đời sản xuất sớm
 • ⚙️ Vách máy dày, kết cấu chắc chắn, độ bền cao
 • 🔔 Dàn búa – côn đồng bộ, đánh đều, dứt khoát
 • 🎼 Âm thanh tròn, có lực, độ ngân tốt, rất “có chất”

👉 Những bộ máy đời đầu thường cho cảm giác đầm, chắc, âm mạch lạc hơn so với đời sau.

👉 Với người chơi, đây là dạng máy đáng giữ, đáng sưu tầm lâu dài.

#donghoco #donghoo_do #odo36_10 #4so #vachday #maydoidau #10con10bua #donghocokhi #donghosuutam #kienthucdongho",27,"04/16/2026 00:21",https://www.facebook.com/reel/2053242222269520/,"Thước phim",,"Trọn đời",8,+12.6x,0,0,0,2846,27,2,18,1,0,2509,3581,11.763,32350.227
1551427236544289,100050310827163,"Đồng hồ Nhà kho","Bộ Côn Ô đô 36/10 – Nguyên Bản Chưa Từng Tháo | 0️⃣9️⃣6️⃣3️⃣✦4️⃣5️⃣6️⃣✦9️⃣6️⃣3️⃣

👉 Không phải lúc nào cũng gặp được một bộ côn còn nguyên vị trí từ khi xuất xưởng.
 • 🔔 Bộ 10 côn 10 búa, đồng bộ theo đúng cấu hình 36/10
 • 🧩 Chưa từng tháo khỏi thùng, giữ nguyên trạng ban đầu
 • ⚙️ Vị trí côn – búa chuẩn, không bị chỉnh sửa hay can thiệp
 • 🎼 Âm thanh đều, tròn tiếng, giữ đúng chất nguyên bản

👉 Những bộ côn như vậy thường cho âm ổn định và “đúng chất” nhất, vì chưa bị thay đổi hay căn chỉnh lại nhiều lần.

👉 Với anh em chơi, đây là dạng giữ được cái hồn nguyên thủy của chiếc đồng hồ, rất đáng để trân trọng.

#donghoco #donghoo_do #odo36_10 #boncon #10con10bua #zinnguyenban #donghocokhi #donghosuutam #kienthucdongho #dochoixua",15,"04/16/2026 00:21",https://www.facebook.com/reel/876764188758272/,"Thước phim",,"Trọn đời",8,+13.1x,0.02,0.02,0,7616,78,0,67,5,0,7360,11059,10.771,79544.831
1551448526542160,100050310827163,"Đồng hồ Nhà kho","Ô đô 36/10 – Dòng Có Chất Âm Được Yêu Thích Nhất | 0️⃣9️⃣6️⃣3️⃣✦4️⃣5️⃣6️⃣✦9️⃣6️⃣3️⃣

👉 Với nhiều anh em chơi lâu năm, 36/10 luôn nằm trong nhóm có chất âm hay nhất.
 • 🔔 Âm thanh vang, tròn tiếng, có độ ngân rất đẹp
 • 🎼 Nhịp nhạc mạch lạc, rõ ràng, dễ cảm nhận
 • 🎶 Tiếng chuông bính – boong dày, có lực, rất “đã tai”
 • 📡 Âm lan xa nhưng vẫn giữ được độ nét và độ sạch

👉 Cái hay của 36/10 là:
 • Nghe gần thấy chi tiết
 • Nghe xa vẫn thấy đầy và rõ

👉 Chính vì vậy, nhiều người đánh giá đây là dòng có
chất âm cân bằng nhất – dễ nghe nhất – cuốn nhất.

👉 Một khi đã quen tai, rất khó để chuyển sang dòng khác.

#donghoco #donghoo_do #odo36_10 #amthanhdongho #bingboong #10con10bua #donghocokhi #donghoxua #donghosuutam #dochoixua",29,"04/16/2026 00:53",https://www.facebook.com/reel/26473004975683263/,"Thước phim",,"Trọn đời",69,+109x,0.33,0.33,0,40277,534,39,446,30,8,38669,47716,10.844,425140.569
1551473046539708,100050310827163,"Đồng hồ Nhà kho","Bộ bình trà Đức họa tiết đôi tình nhân – nét đẹp nhẹ nhàng sang trọng- Mã số D19
💵: 4tr7
✨ Một bộ bình trà mang đậm phong cách châu Âu cổ điển, nổi bật với hình ảnh đôi tình nhân được thể hiện tinh tế trên từng chi tiết.
✨ Bộ gồm: 1 ấm trà, 1 hũ đường, 1 bình sữa, 6 tách và 6 đĩa lót đầy đủ, đồng bộ và hài hòa.
✨ Nền sứ trắng ngà kết hợp viền mạ vàng sáng nổi bật, tạo nên tổng thể sang trọng nhưng vẫn rất mềm mại.
✨ Họa tiết trung tâm là cảnh đôi tình nhân cổ điển, gợi cảm giác hoài niệm – đúng chất mà giới sưu tầm rất ưa chuộng.
✨ Bao quanh là các đường nét hoa văn uốn lượn nhẹ nhàng, được trang trí tinh xảo, tạo chiều sâu và điểm nhấn nghệ thuật cho từng món.
✨ Phần quai, vòi và nắp đều được tạo hình thanh thoát, kết hợp mạ vàng đồng đều, tăng độ bắt mắt khi trưng bày.

⭐️ Tổng thể bộ trà phù hợp bày phòng khách, phòng trà hoặc không gian decor cổ điển – vừa dùng, vừa thưởng thức giá trị thẩm mỹ.

☎️ 0963.456.963
🏠 Khu đô thị Văn Phú, phường Phú La, quận Hà Đông, Hà Nội

#binh_tra_co #binh_tra_duc #am_tra_co #tach_tra_co #gom_su_co #do_suu_tam #do_xua #trang_tri_nha #phong_khach_dep #phong_cach_chau_au #binh_tra_dep #gom_su_chau_au #do_co_duc #binh_tra_suu_tam #net_dep_xua",0,"04/16/2026 01:33",https://www.facebook.com/donghonhakho.vn/posts/pfbid0TtpqGEiY9qtMSm1dkiD1gcLs5UJAezVkZEKHN3K5T2Umb1NaHn42EuPqM74HJNsZl,Ảnh,,"Trọn đời",0,--,0,0,0,755,1,0,1,0,0,604,1088,,
1552180823135597,100050310827163,"Đồng hồ Nhà kho","Đồng Hồ Cổ Ô đô 57/10 – Âm Bính Boong Rất Riêng | 0️⃣9️⃣6️⃣3️⃣✦4️⃣5️⃣6️⃣✦9️⃣6️⃣3️⃣

👉 Nhắc đến 57/10 là nhắc đến một chất âm rất đặc trưng.
 • 🕰️ Cấu hình 10 côn 10 búa, đời máy được ưa chuộng
 • 🔔 Tiếng chuông bính – boong rõ, dứt khoát, rất có lực
 • 🎼 Chơi 2 bản nhạc cơ khí, nhịp đánh mạch lạc
 • 🎶 Âm thanh bốc, tròn tiếng, nghe rất “đã tai”
 • ⚙️ Bộ máy chắc chắn, vận hành ổn định

👉 Cái hay của 57/10 là độ dứt khoát và độ rõ của từng tiếng,
nghe một lần là nhận ra ngay.

👉 Một dòng đồng hồ mà nhiều anh em chơi lâu năm đánh giá:
càng nghe càng cuốn, rất khó thay thế.

#donghoco #donghoo_do #odo57_10 #bingboong #10con10bua #2bainhac #donghocokhi #donghoxua #donghosuutam #dochoixua",44,"04/16/2026 22:41",https://www.facebook.com/reel/1304300824941979/,"Thước phim",,"Trọn đời",1,+2.8x,0,0,0,2239,27,2,24,1,1,2053,2455,7.616,16414.425
1552828963070783,100050310827163,"Đồng hồ Nhà kho","Đồng Hồ Ông Tây Đánh Chuông – Câu Chuyện Từ Quảng Trường Thánh Mark | 0️⃣9️⃣6️⃣3️⃣✦4️⃣5️⃣6️⃣✦9️⃣6️⃣3️⃣

👉 Dòng ông Tây đánh chuông không phải ngẫu nhiên mà có.
Nó được lấy cảm hứng từ một công trình có thật ngoài đời.

⸻

🏛️ Nguồn cảm hứng
 • Công trình đó là tháp đồng hồ tại quảng trường Thánh Mark (Venice – Ý)
 • Trên đỉnh tháp có hai người đàn ông bằng đồng
 • Mỗi khi đến giờ, họ sẽ dùng búa gõ vào quả chuông lớn

⸻

🔔 Điểm đặc biệt
 • Hai nhân vật này còn được gọi là “Người Moor”
 • Hoạt động theo cơ chế cơ khí, đánh chuông theo giờ
 • Trở thành một trong những biểu tượng nổi tiếng của Venice

⸻

🕰️ Ứng dụng vào đồng hồ cổ
 • Các nghệ nhân đã mô phỏng lại hình ảnh đó
 • Thu nhỏ thành đồng hồ treo tường có tượng ông Tây gõ chuông
 • Khi đến giờ, nhân vật sẽ chuyển động và đánh chuông giống thực tế

⸻

👉 Chính vì vậy, chiếc đồng hồ này không chỉ là máy đo thời gian,
mà còn là một câu chuyện lịch sử được tái hiện bằng cơ khí.

👉 Nhìn vào là thấy sự kết hợp giữa
nghệ thuật – kiến trúc – và kỹ thuật đồng hồ cổ châu Âu.

#donghoco #donghoongtay #thanhmark #venice #donghocokhi #donghoxua #lichsudongho #donghosuutam #dochoixua #donghocochaeu",7,"04/17/2026 18:27",https://www.facebook.com/reel/1281581050045771/,"Thước phim",,"Trọn đời",8,+69.8x,0,0,0,103086,1313,166,1219,69,85,103290,181054,8.718,879005.385
1552884536398559,100050310827163,"Đồng hồ Nhà kho","Ô đô 1954 – 1957 – 1958: Cách gọi của người chơi Việt, không phải tên hãng

👉 Nhiều anh em hay gọi 54 – 57 – 58 và nghĩ đó là tên chính thức của hãng, nhưng thực tế không phải.
 • 🕰️ Đây là cách gọi phổ biến tại Việt Nam
 • 📆 Dựa theo mốc thời gian những mẫu này xuất hiện nhiều trên thị trường
 • 🏭 Hãng sản xuất không đặt tên theo các con số này

👉 Hiểu đơn giản:
 • 54 – 57 – 58 giống như cách gọi
Honda 81 – 82 – 86…
 • Là cách gọi dân gian, dễ nhớ, dễ phân biệt

👉 Vì sao vẫn dùng?
 • 📚 Giúp anh em chơi nhận diện nhanh đời máy
 • 🔍 Dần trở thành ngôn ngữ chung trong giới sưu tầm Việt Nam

👉 Quan trọng:
 • Đây không phải thông số kỹ thuật chính thức
 • Chỉ là cách gọi quen miệng theo thị trường Việt

👉 Hiểu đúng điều này giúp anh em
tránh nhầm lẫn và chơi đúng bản chất của đồng hồ cổ.

#donghoco #donghoo_do #odo54 #odo57 #odo58 #kienthucdongho #donghocokhi #donghoxua #donghosuutam #dochoixua",0,"04/17/2026 20:19",https://www.facebook.com/donghonhakho.vn/posts/pfbid02r8VBLKUwqU87weubsPVk7HxgwXdDYNwwbEk9WuX2gEteKuz51nRjFFJLaz9YysYil,Ảnh,,"Trọn đời",3,--,0,0,0,3707,18,0,15,0,1,3258,5028,,
1554826079537738,100050310827163,"Đồng hồ Nhà kho","Âm thanh cực xuất sắc trên ô đô 36/10# ☎ 𝟶𝟿𝟼𝟥•𝟜𝟝𝟞•𝟿𝟞𝟥",56,"04/20/2026 08:10",https://www.facebook.com/reel/1673552104060182/,"Thước phim",,"Trọn đời",22,+34.4x,0.04,0.04,0,8180,136,6,104,12,1,7642,8876,15.795,122827.09
1554838669536479,100050310827163,"Đồng hồ Nhà kho","Côn zin dễ kêu không cần lực nhiều",25,"04/20/2026 08:30",https://www.facebook.com/reel/1673000407179225/,"Thước phim",,"Trọn đời",4,+7.8x,0,0,0,6213,90,3,83,6,0,5799,7822,13.306,78336.446
1554842532869426,100050310827163,"Đồng hồ Nhà kho","Âm hay hết nấc  ☎ 𝟶𝟿𝟼𝟥•𝟜𝟝𝟞•𝟿𝟞𝟥",15,"04/20/2026 08:36",https://www.facebook.com/reel/1269500668133461/,"Thước phim",,"Trọn đời",24,+39.7x,0.07,0.07,0,15937,288,24,257,11,3,15573,22412,10.53,162384.162
1554844559535890,100050310827163,"Đồng hồ Nhà kho","Âm thanh ngân nga 36/10",43,"04/20/2026 08:39",https://www.facebook.com/reel/1232889239015314/,"Thước phim",,"Trọn đời",6,+9.8x,0,0,0,2542,50,1,41,5,0,2347,2710,9.653,23486.409
1555076269512719,100050310827163,"Đồng hồ Nhà kho","Đồng Hồ Cổ Ô đô 36/10 – 10 Côn 10 Búa, Dòng Âm Hay | 0️⃣9️⃣6️⃣3️⃣✦4️⃣5️⃣6️⃣✦9️⃣6️⃣3️⃣

👉 Nhắc đến 36/10 là nhắc đến một dòng đồng hồ rất được yêu thích.
 • 🕰️ Cấu hình 10 côn 10 búa, bộ máy đẹp, cân đối
 • 🎼 Chơi 2 bản nhạc cơ khí, nhịp đánh 15 phút đều đặn
 • 🔔 Điểm giờ bính – boong rõ nét, đặc trưng
 • 🎶 Chất âm vang, ngọt, ngân nga, nghe rất dễ vào tai
 • ⚙️ Bộ máy ổn định, vận hành bền bỉ theo thời gian

👉 Dòng này được nhiều anh em đánh giá cao bởi sự cân bằng giữa âm thanh – hình thức – giá trị sưu tầm.

👉 Một chiếc đồng hồ nghe gần hay, đứng xa vẫn thấy rõ cái chất riêng.

#donghoco #donghoo_do #odo36_10 #10con10bua #2bainhac #bingboong #donghocokhi #donghoxua #donghosuutam #dochoixua",34,"04/20/2026 15:59",https://www.facebook.com/reel/1673352024088009/,"Thước phim",,"Trọn đời",2,+4.1x,0,0,0,2726,36,4,34,3,0,2529,3047,10.362,27584.867
1555077776179235,100050310827163,"Đồng hồ Nhà kho","Đồng Hồ Thầy Tu Kéo Chuông – Đẹp Trang Nhã, Giá Trị Sưu Tầm | 0️⃣9️⃣6️⃣3️⃣✦4️⃣5️⃣6️⃣✦9️⃣6️⃣3️⃣

👉 Một mẫu đồng hồ mang nét riêng rất khó nhầm lẫn.
 • 🕰️ Hình ảnh thầy tu kéo chuông tạo chuyển động sinh động, đầy thú vị
 • 🔔 Khi hoạt động, nhân vật chuyển động hài hòa, tăng sức hút khi trưng bày
 • ✨ Tổng thể trang nhã, tinh tế, đậm phong cách châu Âu xưa
 • 🎼 Âm thanh nhẹ nhàng, dễ chịu, tạo cảm giác ấm cúng
 • 📚 Là dòng đồng hồ được nhiều anh em đánh giá cao về giá trị sưu tầm

👉 Không chỉ là chiếc đồng hồ xem giờ, mà còn là một món cơ khí nghệ thuật rất có hồn.

#donghoco #donghothaytu #donghocokhi #donghoxua #donghosuutam #dochoixua #donghocochaeu #trangtri #donghotreotuong #kienthucdongho",30,"04/20/2026 16:02",https://www.facebook.com/reel/2156659955082774/,"Thước phim",,"Trọn đời",49,+79.7x,0.07,0.07,0,23064,300,23,237,12,12,21731,25339,9.336,204175.05
1555084779511868,100050310827163,"Đồng hồ Nhà kho","Đồng Hồ Vai Bò Ô đô – Dáng Đẹp, Chất Âm Có Hồn | 0️⃣9️⃣6️⃣3️⃣✦4️⃣5️⃣6️⃣✦9️⃣6️⃣3️⃣

👉 Nhắc đến đồng hồ để bàn cổ, dáng vai bò luôn có sức hút rất riêng.
 • 🕰️ Thiết kế vai bò cân đối, mềm mại mà bề thế
 • ✨ Đặt bàn, kệ hay phòng làm việc đều tạo điểm nhấn sang trọng
 • 🔔 Chất âm đặc trưng của dòng Ô đô, tròn tiếng, dễ nghe
 • 🎼 Nhịp đánh đều, nghe rất có hồn và ấm không gian
 • ⚙️ Bộ máy cơ khí bền bỉ, giá trị theo thời gian

👉 Một chiếc đồng hồ vừa để xem giờ, vừa là món đồ mang nét hoài niệm và đẳng cấp sưu tầm.

#donghoco #donghovaibo #donghoo_do #donghocokhi #donghoxua #donghosuutam #dochoixua #donghodeban #amthanhdongho #kienthucdongho",87,"04/20/2026 16:18",https://www.facebook.com/reel/968458539305970/,"Thước phim",,"Trọn đời",2,+6.8x,0,0,0,940,7,0,5,0,0,840,1022,8.224,7558.445
1555154509504895,100050310827163,"Đồng hồ Nhà kho","Đồng Hồ Cổ Ô đô 36/10 – Zin Đẹp, Máy 4 Số Vách Dày Hiếm Gặp | 0️⃣9️⃣6️⃣3️⃣✦4️⃣5️⃣6️⃣✦9️⃣6️⃣3️⃣

👉 Một chiếc 36/10 hội tụ nhiều yếu tố mà anh em chơi lâu năm rất thích.
 • 🕰️ Cấu hình 10 côn 10 búa, dòng âm thanh nổi tiếng
 • 🧩 Zin đẹp, tổng thể giữ gìn rất tốt, độ mới hiếm gặp
 • 🔢 Máy 4 số, thuộc đời sản xuất sớm
 • ⚙️ Vách máy dày, kết cấu chắc chắn, độ bền cao
 • 🎼 Âm thanh vang, tròn tiếng, có lực, nghe rất cuốn
 • 🔔 Điểm giờ bính – boong rõ nét, đặc trưng

👉 Dạng 36/10 như thế này không chỉ để chơi, mà còn mang giá trị sưu tầm lâu dài.

👉 Càng nhìn kỹ càng thấy cái hay của một chiếc đồng hồ còn giữ được chất xưa.

#donghoco #donghoo_do #odo36_10 #4so #vachday #zinnguyenban #10con10bua #bingboong #donghosuutam #dochoixua",0,"04/20/2026 18:50",https://www.facebook.com/donghonhakho.vn/posts/pfbid02g7Ge3inP4D2wNxzVY2aZQQLpVxwtk5gxxzGJ6GRA4NYnw3xSwpQJ6yQYAnitv9N9l,Ảnh,,"Trọn đời",14,--,0,0,0,3502,32,0,18,0,1,3230,5073,,
1555422349478111,100050310827163,"Đồng hồ Nhà kho","Đồng Hồ Cơ Khí – Vẻ Đẹp Của Chuyển Động Thời Gian | 0️⃣9️⃣6️⃣3️⃣✦4️⃣5️⃣6️⃣✦9️⃣6️⃣3️⃣

👉 Đồng hồ cơ khí luôn có sức hút riêng bởi từng chuyển động đều được tạo nên từ bánh răng, lò xo và bàn tay chế tác.
 • 🕰️ Vận hành bằng cơ cấu máy móc tinh xảo, không phụ thuộc pin điện tử
 • ⚙️ Từng nhịp tích tắc mang cảm giác chắc chắn, sống động
 • 🎼 Nhiều mẫu có chuông nhạc cơ khí, âm thanh ấm và rất có hồn
 • ✨ Kiểu dáng đa dạng: treo tường, vai bò, để bàn, tủ cây
 • 📚 Giá trị nằm ở kỹ thuật, lịch sử và nét đẹp vượt thời gian

👉 Không chỉ để xem giờ, đồng hồ cơ khí còn là thú chơi của những người yêu sự bền bỉ và tinh tế.

#donghoco #donghocokhi #donghoxua #donghosuutam #dochoixua #donghotreotuong #donghodeban #donghotucay #amthanhdongho #kienthucdongho",11,"04/21/2026 02:57",https://www.facebook.com/reel/3226460694322118/,"Thước phim",,"Trọn đời",21,+82.5x,0.06,0.06,0,166518,1604,155,1463,162,67,130759,193388,7.983,1062304.626
1555549662798713,100050310827163,"Đồng hồ Nhà kho",,0,"04/21/2026 06:32",https://www.facebook.com/photo.php?fbid=1555549662798713&set=a.846017200418633&type=3,Ảnh,,"Trọn đời",2,--,0,0,0,1092,13,0,11,0,0,914,1440,,
1555973386089674,100050310827163,"Đồng hồ Nhà kho","Đồng Hồ Cơ Khí Công Cộng Pháp Cổ – Dấu Ấn Thời Gian Xưa | 0️⃣9️⃣6️⃣3️⃣✦4️⃣5️⃣6️⃣✦9️⃣6️⃣3️⃣

👉 Đây là dòng đồng hồ từng xuất hiện tại ga tàu, trường học, công sở, quảng trường của Pháp xưa.
 • 🕰️ Thiết kế mặt lớn, dễ quan sát từ xa
 • ⚙️ Bộ máy cơ khí chắc chắn, hoạt động bền bỉ nhiều năm
 • 🔔 Nhiều mẫu có chuông điểm giờ rõ ràng, vang xa
 • ✨ Kiểu dáng mộc mạc nhưng rất sang, đậm nét châu Âu cổ
 • 📚 Mang giá trị lịch sử và sưu tầm cao

👉 Không chỉ là đồng hồ xem giờ, mà còn là chứng nhân của một thời kỳ sinh hoạt công cộng xưa.

👉 Treo trong không gian hiện đại lại tạo điểm nhấn rất riêng và đầy chiều sâu.

#donghoco #donghocongcong #donghophap #donghocokhi #donghoxua #donghosuutam #dochoixua #donghotreotuong #lichsudongho #kienthucdongho",22,"04/21/2026 19:13",https://www.facebook.com/reel/3923322011302451/,"Thước phim",,"Trọn đời",28,+96.2x,0.1,0.1,0,120460,1766,170,1622,126,70,118607,166435,14.604,1730601.474
1555978172755862,100050310827163,"Đồng hồ Nhà kho","Đồng Hồ Cổ Ô đô 62/10 – Dáng Đẹp, Giá Dễ Tiếp Cận | 0️⃣9️⃣6️⃣3️⃣✦4️⃣5️⃣6️⃣✦9️⃣6️⃣3️⃣",59,"04/21/2026 19:22",https://www.facebook.com/reel/2727597404288686/,"Thước phim",,"Trọn đời",14,+21.1x,0,0,0,2540,44,0,28,2,0,2325,2746,10.068,24527.084
1555984256088587,100050310827163,"Đồng hồ Nhà kho","Đồng Hồ Cơ Khí Pháp Cổ – Từng Hiện Diện Ở Nơi Công Cộng | 0️⃣9️⃣6️⃣3️⃣✦4️⃣5️⃣6️⃣✦9️⃣6️⃣3️⃣

👉 Nhiều mẫu đồng hồ cơ khí Pháp cổ trước đây thường được lắp đặt tại tòa nhà, trường học, nhà ga, công sở và quảng trường.
 • 🕰️ Thiết kế mặt lớn, dễ quan sát từ xa
 • ⚙️ Bộ máy cơ khí bền bỉ, hoạt động liên tục nhiều năm
 • 🔔 Chuông điểm giờ vang rõ, giúp báo thời gian cho cộng đồng
 • 🏛️ Kiểu dáng trang nhã, hài hòa với kiến trúc cổ châu Âu
 • 📚 Mang giá trị lịch sử, gắn với nhịp sống đô thị xưa

👉 Không chỉ là công cụ xem giờ, những chiếc đồng hồ này còn là biểu tượng của trật tự và nếp sống thời xưa.

👉 Ngày nay, chúng trở thành món đồ sưu tầm đầy chiều sâu và rất có giá trị.

#donghoco #donghocokhi #donghophap #donghocongcong #donghoxua #donghosuutam #dochoixua #lichsudongho #donghotreotuong #kienthucdongho",21,"04/21/2026 19:33",https://www.facebook.com/reel/961212919825309/,"Thước phim",,"Trọn đời",2,+6.8x,0.01,0.01,0,5309,70,0,59,7,5,4913,6549,9.088,47015.155
1556671716019841,100050310827163,"Đồng hồ Nhà kho","🔊 JBL Array 800 là dòng loa cao cấp nổi tiếng của Mỹ, được nhiều người chơi âm thanh đánh giá cao nhờ thiết kế sang trọng và chất âm mạnh mẽ.

✨ Cấu hình 3 đường tiếng, bass lớn cho dải trầm sâu chắc, trung âm dày rõ, treble họng kèn đặc trưng JBL cho tiếng cao sáng, thoáng và giàu năng lượng. Độ nhạy tốt, phối ghép ampli dễ, phù hợp phòng khách hoặc phòng nghe riêng.

✨ Người chơi đánh giá mẫu loa này nghe vocal rất có hồn, nhạc vàng ngọt, jazz chi tiết, còn nhạc sôi động vẫn giữ lực đánh khỏe và sân khấu rộng.

✨ Giá thị trường của đôi loa này hiện không hề rẻ, thường quanh mức 160 triệu tùy tình trạng. Hiện em giao lưu chỉ ngoài 60 triệu, rẻ hơn giá thị trường rất nhiều cho bác nào hiểu giá trị thực của dòng loa này.

#loa_jbl #jbl_array_800 #loa_cao_cap #loa_my #loa_nghe_nhac #am_thanh_hay #loa_suu_tam #jbl_array800",25,"04/22/2026 16:19",https://www.facebook.com/reel/4407134266166029/,"Thước phim",,"Trọn đời",0,+0.5x,0,0,0,2469,18,2,17,1,0,2397,2767,6.014,14693.489
1556673529352993,100050310827163,"Đồng hồ Nhà kho","🔊 JBL Array 800 là dòng loa đẳng cấp dành cho anh em yêu âm thanh, vừa thưởng nhạc vừa hát hò giải trí tại gia đều rất hay. Thiết kế sang trọng, chất âm khỏe khoắn và mang giá trị sưu tầm cao.

✨ Cấu hình 3 đường tiếng, bass sâu chắc, trung âm dày rõ, treble họng kèn JBL sáng thoáng và có lực. Nghe vocal, nhạc vàng, bolero, jazz hay các thể loại sôi động đều cho cảm giác cuốn hút.

✨ Đây là mẫu loa lý tưởng cho anh em tìm kiếm một đôi loa vừa nghe nhạc chất lượng, vừa hát karaoke gia đình văn minh, lại có đẳng cấp trưng bày trong không gian sống.

✨ Giá thị trường của dòng này không hề rẻ, nhưng hiện em giao lưu rất nhẹ nhàng cho bác nào thực sự yêu âm thanh và hiểu giá trị.

#loa_jbl #jbl_array_800 #loa_cao_cap #loa_nghe_nhac #loa_hat_hay #loa_suu_tam #am_thanh_hay #loa_my",29,"04/22/2026 16:23",https://www.facebook.com/reel/1348665480437209/,"Thước phim",,"Trọn đời",2,+3.7x,0,0,0,4393,30,1,28,0,0,4270,4948,7.08,30397.196
1556838956003117,100050310827163,"Đồng hồ Nhà kho","🕰️ Ô đô 36/10 máy chân kiềng nguyên bản, dòng đồng hồ được nhiều anh em yêu chuông xưa tìm kiếm nhờ chất âm hay và dáng thùng dài cân đối.

✨ Bộ máy 10 côn 10 búa, chơi 2 bản nhạc quen thuộc, tiếng chuông vang ngân rõ nhịp, nghe rất có hồn. Máy chân kiềng là đời máy được nhiều người chơi đánh giá cao về độ ổn định và nét cơ khí cổ điển.

✨ Hình thức nguyên bản, từ máy đến thùng giữ được giá trị sưu tầm. Mẫu đồng hồ vừa để thưởng âm, vừa tạo điểm nhấn sang trọng cho không gian sống.

✨ Giá giao lưu mềm, phù hợp cho anh em muốn sở hữu một chiếc 36/10 nguyên bản với chi phí dễ tiếp cận.

#dong_ho_co #o_do_36_10 #may_chan_kieng #dong_ho_qua_lac #dong_ho_suu_tam #chuong_xua #dong_ho_treo_tuong",41,"04/22/2026 21:45",https://www.facebook.com/reel/1289645549946290/,"Thước phim",,"Trọn đời",4,+6.8x,0,0,0,3068,35,1,31,1,0,3000,3839,8.963,29551.739
1556876639332682,100050310827163,"Đồng hồ Nhà kho","Video âm thanh Ô đô 36/10 máy chân kiềng – Nghe là mê | 0️⃣9️⃣6️⃣3️⃣✦4️⃣5️⃣6️⃣✦9️⃣6️⃣3️⃣

👉 Mời quý anh quý bác thưởng âm chiếc Ô đô 36/10 dòng 10 côn 10 búa, 2 bài nhạc, phiên bản máy chân kiềng rất được yêu thích.
 • 🕰️ Máy chân kiềng đời đẹp, kết cấu chắc chắn
 • 🎼 Hai bản nhạc cơ khí ngân lên đều đặn mỗi 15 phút
 • 🔔 Điểm giờ bính – boong rõ nét, tròn tiếng
 • 🎶 Chất âm vang, ngọt, ngân nga rất dễ vào tai
 • ✨ Nghe gần hay, đứng xa vẫn cảm nhận rõ độ nét của tiếng chuông

👉 Dòng 36/10 luôn được nhiều anh em đánh giá cao về âm thanh và độ cuốn khi thưởng thức.

#donghoco #donghoo_do #odo36_10 #maychankieng #10con10bua #2bainhac #bingboong #amthanhdongho #donghosuutam #dochoixua",32,"04/22/2026 22:57",https://www.facebook.com/reel/2411065556068278/,"Thước phim",,"Trọn đời",4,+7.2x,0,0,0,4501,72,1,66,5,0,4092,4903,9.166,39395.648
1556897462663933,100050310827163,"Đồng hồ Nhà kho","🔔 Nghe Một Vòng Chiếc Ô đô 36/10 – Nguyên Bản Đầy Đủ | 0️⃣9️⃣6️⃣3️⃣✦4️⃣5️⃣6️⃣✦9️⃣6️⃣3️⃣

👉 Mời quý anh quý bác cùng nghe một vòng âm thanh của chiếc Ô đô 36/10 – dòng đồng hồ rất được yêu thích.
 • 🕰️ Cấu hình 10 côn 10 búa, nguyên bản đầy đủ
 • 🎼 Chơi 2 bản nhạc cơ khí, nhịp đánh đều đặn mỗi 15 phút
 • 🔔 Điểm giờ bính – boong rõ nét, tròn tiếng
 • 🎶 Chất âm vang, ngọt, ngân nga, nghe rất cuốn
 • ⚙️ Bộ máy ổn định, giữ đúng cái hồn của đồ xưa

👉 Chỉ cần nghe một vòng là cảm nhận được vì sao dòng 36/10 luôn có chỗ đứng đặc biệt trong giới sưu tầm.

#donghoco #donghoo_do #odo36_10 #10con10bua #2bainhac #bingboong #amthanhdongho #donghosuutam #donghoxua #dochoixua",70,"04/22/2026 23:36",https://www.facebook.com/reel/821497430520791/,"Thước phim",,"Trọn đời",5,+35.3x,0.05,0.05,0,5740,56,0,51,1,2,5314,5932,10.739,59292.232
1557479652605714,100050310827163,"Đồng hồ Nhà kho","Peerless Mặt Men Độc Bản – Âm Tốt, Giá Hợp Lý Cho Người Yêu Đồng Hồ Xưa

✨ Mẫu đồng hồ Peerless nổi bật với mặt men độc bản, nét đẹp riêng rất khó gặp ở các dòng phổ thông. Mặt số cổ sang, càng ngắm càng thấy có chiều sâu thời gian.

✨ Thùng dáng đẹp cân đối, lên tường gọn gàng mà vẫn nổi bật, phù hợp nhiều không gian từ phòng khách đến góc sưu tầm riêng.

✨ Bộ máy cơ khí bền bỉ, kết cấu chắc chắn, hoạt động ổn định. Chất âm tốt, tiếng chuông vang rõ và có hồn, mang cảm giác ấm áp của đồng hồ xưa.

✨ Mẫu dành cho các bác thích sự khác biệt, yêu vẻ đẹp nguyên bản và muốn tìm một chiếc đồng hồ vừa chơi vừa trưng bày lâu dài.

☎️ 0963.456.963
🏠 Khu đô thị Văn Phú, phường Phú La, quận Hà Đông, Hà Nội.

#dong_ho_co #peerless #dong_ho_mat_men #dong_ho_treo_tuong #dong_ho_qua_lac #dong_ho_duc_co #dong_ho_xua #dong_ho_suu_tam #dong_ho_chau_au #dong_ho_co_khi #dong_ho_nguyen_ban #dong_ho_am_hay #dong_ho_phong_khach #giu_nhip_thoi_gian #giao_lo_xua",24,"04/23/2026 16:11",https://www.facebook.com/reel/4201425256836488/,"Thước phim",,"Trọn đời",8,+12.1x,0,0,0,2101,25,2,17,0,0,1980,2423,6.88,14187.711
1557480602605619,100050310827163,"Đồng hồ Nhà kho","Từ 1 nốt đến 4 nốt – Sự tiến hóa của tiếng điểm giờ đồng hồ cổ | 0️⃣9️⃣6️⃣3️⃣✦4️⃣5️⃣6️⃣✦9️⃣6️⃣3️⃣

👉 Ban đầu, nhiều mẫu đồng hồ cổ chỉ dùng một nốt đơn để điểm giờ.
 • 🔔 Mỗi giờ đến sẽ gõ một tiếng lặp lại theo số giờ
 • ⚙️ Cách này đơn giản, dễ chế tạo, dễ vận hành
 • 🎼 Nhưng âm thanh khá thẳng, ít nhạc tính

👉 Về sau, nghệ nhân cơ khí bắt đầu nghiên cứu để tiếng chuông dễ nghe hơn.
 • 🎶 Họ sắp xếp 4 nốt liên tiếp trước khi điểm giờ
 • 🔔 Tạo thành đoạn mở đầu hài hòa, báo hiệu sắp điểm giờ
 • ✨ Khiến âm thanh mềm mại, sang trọng và có chiều sâu hơn

👉 Lợi ích của 4 nốt:
 • 🎼 Dễ nghe, không khô cứng
 • 📡 Nhận biết giờ đến từ xa tốt hơn
 • 🕰️ Tăng giá trị thưởng âm cho chiếc đồng hồ

👉 Đây chính là bước chuyển từ công cụ báo giờ thành một tác phẩm âm thanh cơ khí.

#donghoco #diemgio #chuongdongho #amthanhdongho #donghocokhi #donghoxua #donghosuutam #dochoixua #kienthucdongho #westminster",24,"04/23/2026 16:13",https://www.facebook.com/reel/1287404749429802/,"Thước phim",,"Trọn đời",0,+0.8x,0,0,0,2265,15,2,14,2,0,2132,2676,8.262,18301.818
1557529752600704,100050310827163,"Đồng hồ Nhà kho","Lắng Nghe Âm Thanh Những Chiếc 36/10 Đời Máy Khác Nhau | 0️⃣9️⃣6️⃣3️⃣✦4️⃣5️⃣6️⃣✦9️⃣6️⃣3️⃣

👉 Cùng là dòng 36/10, nhưng mỗi đời máy lại có một nét âm thanh riêng.
 • 🕰️ Có chiếc tiếng vang sáng, rõ nét
 • 🔔 Có chiếc trầm hơn, dày hơn, nghe đầm tai
 • 🎼 Có chiếc nhạc ngân dài, mềm mại
 • ⚙️ Có chiếc nhịp đánh dứt khoát, mạch lạc

👉 Sự khác biệt đến từ:
 • 📆 Đời máy sớm hay muộn
 • 🧩 Kết cấu vách máy, bộ côn, dàn búa
 • 🛠️ Tình trạng bảo dưỡng và căn chỉnh
 • 🪵 Không gian thùng và độ cộng hưởng

👉 Vì vậy, cùng tên 36/10 nhưng nghe thực tế sẽ có cá tính khác nhau.

👉 Mời quý anh quý bác cùng lắng nghe để cảm nhận:
chiếc nào hợp tai mình nhất mới là chiếc hay nhất.

#donghoco #donghoo_do #odo36_10 #amthanhdongho #10con10bua #bingboong #donghocokhi #donghosuutam #donghoxua #dochoixua",176,"04/23/2026 17:58",https://www.facebook.com/reel/1480374113833390/,"Thước phim",,"Trọn đời",10,+121.8x,0.13,0.13,0,7122,94,10,77,7,1,6759,7663,32.314,223359.636
1557551312598548,100050310827163,"Đồng hồ Nhà kho","Bộ Côn Ô đô 36 – Chất Âm Xuất Sắc, Nghe Tê Tái | 0️⃣9️⃣6️⃣3️⃣✦4️⃣5️⃣6️⃣✦9️⃣6️⃣3️⃣

👉 Có những bộ côn chỉ cần cất tiếng là biết ngay khác biệt.
 • 🔔 Bộ côn của dòng 36 cho âm thanh rất nổi bật
 • 🎼 Tiếng đánh tròn, dày, có lực nhưng vẫn mềm tai
 • 🎶 Độ ngân dài, lan đều, nghe rất cuốn
 • ⚙️ Từng tiếng gõ rõ ràng, tách bạch, không dính tiếng
 • 📡 Đứng xa vẫn cảm nhận rõ độ nét của âm thanh

👉 Cái hay nằm ở sự cân bằng giữa độ vang – độ ngọt – độ ngân, nghe xong rất khó quên.

👉 Nhiều anh em chơi lâu năm vẫn nói vui:
âm hay đến mức nghe tê tái lòng người.

#donghoco #donghoo_do #odo36 #boncon #amthanhdongho #bingboong #donghocokhi #donghoxua #donghosuutam #dochoixua",22,"04/23/2026 18:38",https://www.facebook.com/reel/1505336104435674/,"Thước phim",,"Trọn đời",10,+15.8x,0,0,0,4181,68,1,53,5,0,4135,5653,10.622,46325.118
1557803465906666,100050310827163,"Đồng hồ Nhà kho","Bộ Bình Trà Bavaria Đức Mạ Vàng Sang Trọng – Vẻ Đẹp Châu Âu Đầy Cuốn Hút- Mã số D21
💵: 4tr7
✨ Một bộ bình trà mang đậm phong cách cổ điển châu Âu, nổi bật với lớp mạ vàng sang trọng phủ đều toàn bộ thân bình và tách trà, tạo cảm giác ấm áp, quý phái khi trưng bày.

✨ Điểm nhấn đặc biệt là các họa tiết phong cảnh Venezia xưa được thể hiện tinh tế trên từng món, mang hơi thở nghệ thuật và chiều sâu sưu tầm.

✨ Chất sứ Bavaria nổi tiếng bởi độ trắng sáng, men mịn, cầm chắc tay và bền đẹp theo thời gian. Bộ gồm đầy đủ ấm trà, hũ đường, ca sữa và 6 tách kèm đĩa đồng bộ.

✨ Phù hợp bày phòng khách, phòng trà, tủ kính hay làm quà tặng cho người yêu đồ xưa, yêu nét đẹp thanh lịch của châu Âu cổ điển.

✨ Một bộ trà vừa có giá trị sử dụng, vừa tạo điểm nhấn không gian sống đầy tinh tế.

☎️ 0963.456.963
🏠 Khu đô thị Văn Phú, phường Phú La, quận Hà Đông, Hà Nội.

#bo_binh_tra #binh_tra_bavaria #binh_tra_duc #gom_su_bavaria #bo_tra_co #do_xua_chau_au #do_suu_tam #binh_tra_ma_vang #gom_su_duc #binh_tra_dep #phong_khach_dep #trang_tri_noi_that #do_co #am_chen_co #giao_luu_do_xua",0,"04/24/2026 02:19",https://www.facebook.com/donghonhakho.vn/posts/pfbid0baWd469gzR59e15uVVKDYVcrhWaH4HYAMqnkQrqwJN6fVqEyVwiL8h1UhtWBhA8Cl,Ảnh,,"Trọn đời",0,--,0,0,0,598,1,0,1,0,0,484,790,,
1558010472552632,100050310827163,"Đồng hồ Nhà kho","Đồng Hồ Cổ Hổ – 11 Ống Sáo, Thiết Kế Độc Đáo | 0️⃣9️⃣6️⃣3️⃣✦4️⃣5️⃣6️⃣✦9️⃣6️⃣3️⃣

👉 Một mẫu đồng hồ mang vẻ đẹp khác biệt, vừa cổ điển vừa rất có điểm nhấn.
 • 🕰️ Thiết kế góc cạnh nhẹ nhàng, tổng thể sang trọng và hài hòa
 • 🎼 Cơ cấu 11 ống sáo, cho âm thanh đặc sắc, cuốn hút
 • 🔔 30 phút điểm nhạc một lần, tạo cảm giác sinh động theo thời gian
 • ✨ Phong cách cổ điển nhưng vẫn giữ nét hiện đại khi trưng bày
 • 📚 Là dòng đồng hồ độc đáo, được nhiều anh em yêu đồ lạ tìm kiếm

👉 Không chỉ là chiếc đồng hồ xem giờ, mà còn là món cơ khí nghệ thuật tạo điểm nhấn mạnh cho không gian.

#donghoco #donghoho #11ongsao #donghocokhi #donghoxua #donghosuutam #dochoixua #amthanhdongho #donghodeban #kienthucdongho",9,"04/24/2026 07:45",https://www.facebook.com/reel/2151844952336092/,"Thước phim",,"Trọn đời",4,+6.6x,0,0,0,2706,34,0,31,0,0,2487,3479,5.492,14252.794
1558425005844512,100050310827163,"Đồng hồ Nhà kho","Bộ Bình Trà Đức Mạ Vàng Sang Trọng Đậm Chất Châu Âu- Mã số D22
💵: 4tr6
✨ Bộ bình trà cổ nổi bật với lớp mạ vàng ánh kim rực rỡ, tạo cảm giác sang trọng và quý phái ngay từ ánh nhìn đầu tiên.

✨ Thiết kế dáng xoắn mềm mại, đường nét tinh tế, tổng thể hài hòa mang phong cách nội thất châu Âu cổ điển. Trưng bày trên bàn trà, tủ kính hay phòng khách đều rất bắt mắt.

✨ Bộ gồm đủ bình trà, hũ đường, hũ sữa và tách chén đồng bộ. Men bóng đẹp, nước màu đều, giữ được thần thái sang trọng của dòng sứ xưa.

✨ Đây là món đồ vừa sử dụng hằng ngày, vừa có giá trị sưu tầm cao dành cho người yêu đồ cổ và không gian sống tinh tế.

☎️ 0963.456.963
🏠 Khu đô thị Văn Phú, phường Phú La, quận Hà Đông, Hà Nội.

#bo_binh_tra #binh_tra_duc #binh_tra_ma_vang #gom_su_duc #binh_tra_co #tach_tra_dep #do_su_tam #do_xua #gom_su_chau_au #trang_tri_noi_that #phong_khach_dep #binh_tra_sang_trong #do_co_chau_au #nha_kho_tivi #am_chen_dep",0,"04/24/2026 19:46",https://www.facebook.com/donghonhakho.vn/posts/pfbid0mBvJtWKPPZTDnVjWtFLhKp4wTyGy38LnDox38Eon5VCi8xUJuqQP1DhnACZyq9sbl,Ảnh,,"Trọn đời",0,--,0,0,0,269,0,0,0,0,0,240,387,,
1558425795844433,100050310827163,"Đồng hồ Nhà kho","Bộ Máy Ô đô 57/10 – Đẹp Xuất Sắc, Rất Có Chất | 0️⃣9️⃣6️⃣3️⃣✦4️⃣5️⃣6️⃣✦9️⃣6️⃣3️⃣

👉 Có những bộ máy nhìn vào là thấy ngay độ chăm chút, và 57/10 đẹp xuất sắc luôn nằm trong nhóm đó.
 • 🕰️ Cấu hình 10 côn 10 búa, đời máy được nhiều anh em yêu thích
 • ⚙️ Tổng thể máy sáng đẹp, cân đối, chi tiết sắc nét
 • ✨ Nước máy hài hòa, lên dáng rất có hồn
 • 🔧 Kết cấu chắc chắn, đúng chất cơ khí xưa
 • 🎼 Thường đi cùng chất âm bốc, rõ tiếng, rất cuốn

👉 Bộ máy đẹp không chỉ để ngắm, mà còn cho thấy sự chỉn chu của một thời kỳ chế tác kỹ lưỡng.

👉 Một chiếc 57/10 máy đẹp xuất sắc luôn có sức hút rất riêng trong bộ sưu tập.

#donghoco #donghoo_do #odo57_10 #bomay #10con10bua #donghocokhi #donghoxua #donghosuutam #dochoixua #kienthucdongho",14,"04/24/2026 19:47",https://www.facebook.com/reel/1996867941225166/,"Thước phim",,"Trọn đời",10,+15.2x,0,0,0,3854,39,4,28,2,0,3514,5182,8.247,30523.707
1558427592510920,100050310827163,"Đồng hồ Nhà kho","Ô đô 54 và Ô đô 57 – Giống Dáng Nhưng Khác Chân Máy | 0️⃣9️⃣6️⃣3️⃣✦4️⃣5️⃣6️⃣✦9️⃣6️⃣3️⃣

👉 54 và 57 là hai dòng máy quen thuộc của Ô đô, nhìn tổng thể khá giống nhau nên nhiều anh em mới chơi dễ nhầm.
 • 🕰️ Cùng thuộc nhóm máy cổ của Ô đô, ngoại hình tương đối tương đồng
 • ⚙️ Bố cục máy, dàn búa, tổng thể khá gần nhau
 • 🔍 Điểm dễ nhận ra nhất nằm ở phần chân máy

👉 Cách phân biệt:
 • Ô đô 57: thường có chân chéo
 • Ô đô 54: thường có chân vuông (thẳng, vuông vức hơn)

👉 Ý nghĩa
 • Đây là dấu hiệu giúp anh em nhận diện nhanh đời máy
 • Khi hiểu phần chân máy sẽ tránh nhầm lẫn giữa 54 và 57

👉 Chơi đồng hồ cổ là vậy, chỉ một chi tiết nhỏ cũng nói lên đúng đời máy và giá trị của chiếc đồng hồ.

#donghoco #donghoo_do #odo54 #odo57 #chancheo #chanvuong #donghocokhi #donghoxua #donghosuutam #kienthucdongho",16,"04/24/2026 19:50",https://www.facebook.com/reel/975974928236774/,"Thước phim",,"Trọn đời",16,+29.7x,0.07,0.07,0,16712,226,20,180,32,7,15456,26805,14.624,238123.841
1558428779177468,100050310827163,"Đồng hồ Nhà kho","Ô đô 57 – Nổi Bật Về Độ Bền Máy Móc | 0️⃣9️⃣6️⃣3️⃣✦4️⃣5️⃣6️⃣✦9️⃣6️⃣3️⃣

👉 Nếu nói riêng về độ bền, nhiều anh em chơi lâu năm đánh giá dòng 57 là một trong những đời máy nổi bật nhất của Ô đô.
 • ⚙️ Cơ cấu truyền động chắc chắn, vận hành ổn định lâu dài
 • 🔩 Các chi tiết máy làm kỹ, độ hoàn thiện cao
 • ⏳ Sau thời gian dài sử dụng vẫn giữ được độ chính xác tốt
 • ✨ Nước mạ bền, ít xuống màu hơn nhiều đời khác
 • 🕰️ Tổng thể cho cảm giác đầm, chắc và rất đáng tin cậy

👉 Điểm mạnh của dòng này không chỉ là âm thanh, mà còn ở khả năng chịu thời gian rất tốt.

👉 Vì vậy, nhiều người sưu tầm luôn đánh giá cao 57 ở tiêu chí:
máy khỏe – bền bỉ – giữ dáng đẹp lâu năm.

#donghoco #donghoo_do #odo57 #doben #maydongho #donghocokhi #donghoxua #donghosuutam #dochoixua #kienthucdongho",18,"04/24/2026 19:52",https://www.facebook.com/reel/975868714903934/,"Thước phim",,"Trọn đời",14,+21.5x,0,0,0,4960,74,2,50,13,0,4539,6957,11.66,55867.663
1558443965842616,100050310827163,"Đồng hồ Nhà kho","Bộ Bình Trà Đức Họa Tiết Đôi Tình Nhân – Nét Đẹp Châu Âu Sang Trọng- Mã số D23
💵: 4tr7
✨ Bộ bình trà cổ mang phong cách châu Âu tinh tế, nổi bật với họa tiết đôi tình nhân đầy lãng mạn, gợi nhớ những không gian quý tộc xưa.

✨ Chất liệu sứ trắng men bóng, nước men mịn đẹp, kết hợp viền mạ vàng nổi bật ở quai cầm, miệng bình và chân đế, tạo vẻ sang trọng và trang nhã.

✨ Bộ gồm đủ bình trà, hũ đường, bình sữa và tách chén đồng bộ, bày biện rất đẹp trong phòng khách, tủ kính hay không gian thưởng trà.

✨ Họa tiết sắc nét, màu sắc hài hòa, tổng thể thanh lịch – món đồ vừa hữu dụng vừa mang giá trị sưu tầm cao cho người yêu đồ xưa.

✨ Phù hợp làm quà tặng, trang trí hoặc bổ sung vào bộ sưu tập đồ gốm sứ châu Âu.

☎️ 0963.456.963
🏠 Khu đô thị Văn Phú, phường Phú La, quận Hà Đông, Hà Nội.

#bo_binh_tra #binh_tra_duc #binh_tra_co #do_su_tam #gom_su_chau_au #binh_tra_sang_trong #tach_tra_co #do_xua #gom_su_duc #bo_am_chen #trang_tri_noi_that #phong_khach_dep #do_co_chau_au #nha_kho_tivi #giao_luu_do_xua",0,"04/24/2026 20:19",https://www.facebook.com/donghonhakho.vn/posts/pfbid02iKNe5T622kY6t82wxtyqZUZbFA9LSnXJ5G82fe4PrCSLviF1Q8s9uxFiyNrXAeBnl,Ảnh,,"Trọn đời",0,--,0,0,0,344,0,0,0,0,0,292,500,,
1558613909158955,100050310827163,"Đồng hồ Nhà kho","Bộ Bình Trà Bavaria Đức Hoạ Tiết Hoa Lá Thanh Lịch - Mã số D24
💵: 4tr2
✨ Một bộ bình trà Bavaria Đức rất duyên dáng, mang phong cách thanh nhã của đồ gốm châu Âu xưa. Bộ gồm 1 ấm trà, 1 hũ đường, 1 hũ sữa và 6 tách kèm 6 đĩa lót, đầy đủ để bày tiếp khách hoặc trưng tủ kính.

✨ Hoạ tiết hoa lá mềm mại với màu nhã nhặn phối cùng viền vàng tinh tế tạo cảm giác sang trọng, đúng chất thẩm mỹ cổ điển châu Âu.

✨ Đây là dòng đồ sứ vừa có công năng sử dụng, vừa mang giá trị sưu tầm, phù hợp không gian phòng khách, bàn trà, tủ trưng bày hay làm quà tặng ý nghĩa cho người yêu đồ xưa.

☎️ 0963.456.963
🏠 Khu đô thị Văn Phú, phường Phú La, quận Hà Đông, Hà Nội.

#binh_tra_bavaria #bo_binh_tra_duc #gom_su_chau_au #do_xua_chau_au #binh_tra_co #bavaria_duc #tach_tra_co #do_su_duc #bo_tra_dep #do_suu_tam #phong_khach_dep #trang_tri_noi_that #am_chen_xua #do_co_chau_au #giao_luu_do_xua",0,"04/25/2026 01:10",https://www.facebook.com/donghonhakho.vn/posts/pfbid02y68LBNyy6CmRyzjsfHnEttv6XQ86z5v4NSugRjc5bn7swffjU7gSAbRiq6kcdmeel,Ảnh,,"Trọn đời",2,--,0,0,0,646,2,0,0,0,0,569,861,,
1558875995799413,100050310827163,"Đồng hồ Nhà kho","Đồng Hồ Cổ Ô đô 36/10 – Máy Chân Kiềng, Âm Hay Dễ Chơi | 0️⃣9️⃣6️⃣3️⃣✦4️⃣5️⃣6️⃣✦9️⃣6️⃣3️⃣

👉 Dòng 36/10 máy chân kiềng là lựa chọn được nhiều anh em quan tâm vì vừa đẹp vừa dễ tiếp cận.
 • 🕰️ Cấu hình 10 côn 10 búa, dáng thùng dài thanh thoát
 • ⚙️ Máy chân kiềng nhận diện rõ, kết cấu chắc chắn
 • 🎼 Chơi 2 bản nhạc cơ khí, điểm nhạc mỗi 15 phút đều đặn
 • 🔔 Chuông bính – boong rõ nét, rất đặc trưng
 • 🎶 Chất âm vang, ngọt, nghe rất cuốn

👉 Đây là dòng giúp anh em trải nghiệm trọn vẹn cái hay của 36/10 với mức dễ chơi hơn nhiều phiên bản khác.

👉 Một chiếc vừa có chất âm tốt, vừa mang giá trị sưu tầm lâu dài.

#donghoco #donghoo_do #odo36_10 #maychankieng #10con10bua #2bainhac #bingboong #donghocokhi #donghosuutam #dochoixua",79,"04/25/2026 07:45",https://www.facebook.com/reel/1571974021208800/,"Thước phim",,"Trọn đời",82,+254.4x,0.03,0.03,0,11250,186,15,101,7,0,10895,12473,20.822,228151.151
1558883999131946,100050310827163,"Đồng hồ Nhà kho","Bộ Côn Nguyên Bản 36/10 – Hiếm Gặp Và Giá Trị Cao | 0️⃣9️⃣6️⃣3️⃣✦4️⃣5️⃣6️⃣✦9️⃣6️⃣3️⃣

👉 Với những chiếc Ô đô 36/10, bộ côn nguyên bản luôn là phần rất được coi trọng.
 • 🔔 Bộ 10 côn 10 búa đúng bài, đi theo máy từ đầu
 • 🎼 Quyết định lớn đến chất âm đặc trưng của dòng 36/10
 • 🧩 Càng còn đồng bộ nguyên bản thì càng có giá trị
 • 📚 Là chi tiết nhiều anh em sưu tầm săn tìm

👉 Vì sao khó mua lẻ?
 • 🕰️ Những chiếc đồng hồ giá trị cao thường được giữ nguyên trọn bộ
 • ❌ Ít ai tách riêng bộ côn ra bán
 • 🔍 Bộ côn zin còn đẹp, đủ bài nên nguồn ra thị trường rất hiếm

👉 Vì vậy, bộ côn nguyên bản của 36/10 thường có giá giao lưu cao và không dễ gặp.

👉 Với người chơi lâu năm, đây là món khó kiếm nhưng rất đáng giữ.

#donghoco #donghoo_do #odo36_10 #boncon #10con10bua #zinnguyenban #donghocokhi #donghosuutam #dochoixua #kienthucdongho",42,"04/25/2026 07:56",https://www.facebook.com/reel/2770638819955033/,"Thước phim",,"Trọn đời",0,+1.7x,0,0,0,4436,34,2,33,3,0,4191,5246,15.056,64050.355
1558913329129013,100050310827163,"Đồng hồ Nhà kho","Ô đô 36/10 Chân Kiềng – Giá Dễ Chơi, Âm Vẫn Rất Hay | 0️⃣9️⃣6️⃣3️⃣✦4️⃣5️⃣6️⃣✦9️⃣6️⃣3️⃣

👉 Với anh em muốn trải nghiệm dòng 36/10, phiên bản máy chân kiềng là lựa chọn rất hợp lý.
 • 🕰️ Cấu hình 10 côn 10 búa, đúng chất 36/10 được yêu thích
 • ⚙️ Máy chân kiềng chắc chắn, vận hành ổn định
 • 🎼 Chơi 2 bản nhạc cơ khí, điểm nhạc mỗi 15 phút đều đặn
 • 🔔 Tiếng chuông bính – boong rõ nét, dễ nghe
 • 🎶 Chất âm vang, ngọt, vẫn giữ nét cuốn hút riêng

👉 Điểm đáng chú ý là giá dễ chơi hơn nhiều phiên bản khác, giúp anh em tiếp cận dòng 36/10 nhẹ nhàng hơn.

👉 Một lựa chọn vừa hợp lý, vừa có giá trị thưởng âm và sưu tầm lâu dài.

#donghoco #donghoo_do #odo36_10 #maychankieng #10con10bua #2bainhac #bingboong #donghocokhi #donghosuutam #dochoixua",112,"04/25/2026 08:37",https://www.facebook.com/reel/961042026882674/,"Thước phim",,"Trọn đời",2,+40.2x,0.01,0.01,0,2702,32,2,27,2,2,2461,2865,21.47,55973.358
1559688209051525,100050310827163,"Đồng hồ Nhà kho","Máy Vách Bệt Và Máy Chân Kiềng – Khác Dáng, Chung Cơ Cấu | 0️⃣9️⃣6️⃣3️⃣✦4️⃣5️⃣6️⃣✦9️⃣6️⃣3️⃣

👉 Nhiều anh em nghĩ máy vách bệt và máy chân kiềng khác nhau hoàn toàn, nhưng thực tế không hẳn vậy.
 • ⚙️ Về cơ bản, cơ cấu truyền động bên trong khá tương đồng
 • 🔩 Nhiều chi tiết, linh kiện có thể thay thế qua lại khi đúng đời máy
 • 🕰️ Khả năng vận hành và nguyên lý hoạt động không khác biệt quá lớn

👉 Điểm khác nằm ở thiết kế tổng thể:
 • Máy vách bệt: dáng liền khối, nhìn đầy đặn, chắc chắn
 • Máy chân kiềng: phần chân khoét cao, tạo cảm giác thanh thoát hơn

👉 Vì sao hãng làm khác nhau?
 • 📚 Để tạo nhiều phân khúc người dùng
 • ✨ Phù hợp sở thích thẩm mỹ khác nhau
 • 💰 Tạo lựa chọn đa dạng theo mức tiếp cận

👉 Hiểu đơn giản:
khác dáng để phục vụ thị hiếu, còn cái lõi cơ khí vẫn cùng nền tảng tốt.

#donghoco #donghoo_do #vachbet #chankieng #maydongho #donghocokhi #donghoxua #donghosuutam #kienthucdongho #dochoixua",65,"04/26/2026 06:02",https://www.facebook.com/reel/1701839330970132/,"Thước phim",,"Trọn đời",2,+24.8x,0,0,0,3149,26,1,22,4,0,2851,3329,14.98,45302.398
1559688259051520,100050310827163,"Đồng hồ Nhà kho","Cách Gọi Tên Ô đô 36 Theo Giới Chơi Việt Nam | 0️⃣9️⃣6️⃣3️⃣✦4️⃣5️⃣6️⃣✦9️⃣6️⃣3️⃣

👉 Trong giới sưu tầm, cách gọi tên thường dựa trên đặc điểm nhận diện thực tế của bộ máy để anh em dễ phân biệt.
 • 🕰️ Có logo Ô đô trên máy thì thường gọi là máy Ô đô
 • 🔢 Có số 36 thì gọi tắt là ba sáu (dòng tay lắc dài 36)
 • 📚 Số seri 4 số thường được xem là đời máy sớm nên hay gọi là 36 bốn số
 • 🔔 Mười búa thì gọi là 36 mười hoặc 36/10
 • ⚙️ Vách máy dày là dấu hiệu nhiều anh em đánh giá cao về đời máy đầu

👉 Vì vậy, khi ghép lại sẽ có những cách gọi quen thuộc như:
 • Ô đô 36 bốn số
 • Ô đô 36/10 bốn số
 • Ô đô 36 vách dày mười búa

👉 Đây là ngôn ngữ trong giới chơi để nhận diện nhanh, không phải tên gọi chính thức từ hãng.

👉 Hiểu các cách gọi này sẽ giúp anh em trao đổi và tìm đúng mẫu mình yêu thích dễ hơn.

#donghoco #donghoo_do #odo36 #36_10 #4so #vachday #10bua #donghocokhi #donghosuutam #kienthucdongho",32,"04/26/2026 06:02",https://www.facebook.com/reel/1589500838777747/,"Thước phim",,"Trọn đời",21,+35.5x,0.17,0.17,0,15143,233,18,187,32,4,14571,20327,16.414,241703.429
1559690065718006,100050310827163,"Đồng hồ Nhà kho","Úp Gạt Bài – Chi Tiết Nhỏ Để Nhận Biết Đời Máy Ô đô | 0️⃣9️⃣6️⃣3️⃣✦4️⃣5️⃣6️⃣✦9️⃣6️⃣3️⃣

👉 Trong giới chơi đồng hồ cổ, chỉ một chi tiết nhỏ như úp gạt bài cũng có thể giúp nhận diện dòng máy.
 • ⚙️ Ở các dòng máy chân kiềng hoặc Ô đô 24 chân kiềng, phần úp gạt bài thường bị cắt chéo một góc
 • 🕰️ Thiết kế này tạo khoảng thoáng để phù hợp bố cục khung máy và chuyển động cơ cấu bên trong
 • 🔍 Nhìn kỹ sẽ thấy đây là dấu hiệu khá quen thuộc của nhóm máy chân kiềng

👉 Ngược lại:
 • 36 bệt, 30 bệt và các dòng máy vách bệt
 • Phần úp gạt bài thường vuông vắn, không cắt góc
 • Tổng thể nhìn liền lạc và đầy đặn hơn

👉 Đây là chi tiết nhỏ nhưng rất hữu ích để anh em phân biệt máy đã đúng bài hay chưa.

👉 Chơi đồng hồ cổ càng lâu càng thấy:
nhiều khi chỉ một góc cắt cũng nói lên đúng đời máy.

#donghoco #donghoo_do #upgatbai #maychankieng #vachbet #odo24 #odo36 #odo30 #donghocokhi #kienthucdongho",20,"04/26/2026 06:04",https://www.facebook.com/reel/1541649307454511/,"Thước phim",,"Trọn đời",3,+8.2x,0.01,0.01,0,10252,125,4,107,17,3,9739,14425,14.036,139357.297
1559692635717749,100050310827163,"Đồng hồ Nhà kho","Máy Chân Kiềng – Giá Dễ Chơi, Cơ Hội Sở Hữu 36/10 Hợp Lý | 0️⃣9️⃣6️⃣3️⃣✦4️⃣5️⃣6️⃣✦9️⃣6️⃣3️⃣

👉 Với anh em yêu dòng 36/10, phiên bản máy chân kiềng thường có mức tiếp cận nhẹ nhàng hơn.
 • 🕰️ Vẫn là cấu hình 36/10 – 10 côn 10 búa rất được yêu thích
 • ⚙️ Cơ cấu truyền động tốt, vận hành ổn định
 • 🎼 Chơi 2 bản nhạc cơ khí, âm thanh cuốn hút
 • 🔔 Tiếng chuông rõ nét, đúng chất 36/10
 • 💰 Mức giá giao lưu thường mềm hơn nhiều lựa chọn khác

👉 Chính vì vậy, đây là cơ hội tốt để anh em sở hữu một chiếc 36/10 zin đẹp với chi phí hợp lý hơn.

👉 Vừa được trải nghiệm chất âm nổi tiếng, vừa dễ bước vào thú chơi lâu dài.

#donghoco #donghoo_do #odo36_10 #maychankieng #10con10bua #2bainhac #donghocokhi #donghosuutam #dochoixua #amthanhdongho",38,"04/26/2026 06:09",https://www.facebook.com/reel/1665572784477412/,"Thước phim",,"Trọn đời",2,+3.7x,0,0,0,2163,17,0,14,1,0,1922,2402,8.558,18109.443
1559698345717178,100050310827163,"Đồng hồ Nhà kho","Đồng Hồ Cổ Ô đô 36/10 – Máy Chân Kiềng, Dễ Chơi Dễ Yêu | 0️⃣9️⃣6️⃣3️⃣✦4️⃣5️⃣6️⃣✦9️⃣6️⃣3️⃣

👉 Dòng 36/10 máy chân kiềng luôn được nhiều anh em quan tâm bởi mức tiếp cận hợp lý mà vẫn giữ trọn cái hay của 36/10.
 • 🕰️ Cấu hình 10 côn 10 búa, dòng nổi tiếng trong giới sưu tầm
 • ⚙️ Máy chân kiềng chắc chắn, nhận diện đẹp và có nét riêng
 • 🎼 Chơi 2 bản nhạc cơ khí, điểm nhạc mỗi 15 phút đều đặn
 • 🔔 Chuông bính – boong rõ nét, nghe rất cuốn
 • 🎶 Chất âm vang, ngọt, ngân nga dễ vào tai

👉 Đây là lựa chọn hợp lý cho anh em muốn sở hữu 36/10 với mức dễ chơi hơn nhiều phiên bản khác.

👉 Vừa có âm hay, vừa có giá trị sưu tầm lâu dài.

#donghoco #donghoo_do #odo36_10 #maychankieng #10con10bua #2bainhac #bingboong #donghocokhi #donghosuutam #dochoixua",70,"04/26/2026 06:17",https://www.facebook.com/reel/1276782844187925/,"Thước phim",,"Trọn đời",7,+26.8x,0,0,0,2311,40,2,32,2,0,2037,2493,14.748,32652.798
1559738015713211,100050310827163,"Đồng hồ Nhà kho","Bộ Đồng Hồ Cổ Ô đô 62/10 – 10 Côn 10 Búa, Cực Mới | 0️⃣9️⃣6️⃣3️⃣✦4️⃣5️⃣6️⃣✦9️⃣6️⃣3️⃣

👉 Một bộ Ô đô 62/10 với tình trạng rất đẹp, độ mới nổi bật, dành cho anh em yêu hàng giữ gìn.
 • 🕰️ Cấu hình 10 côn 10 búa, chơi 2 bản nhạc cơ khí đặc trưng
 • ✨ Tổng thể cực mới, sáng đẹp, nhìn rất hài hòa
 • ⚙️ Bộ máy chắc chắn, vận hành ổn định theo thời gian
 • 🔔 Điểm giờ rõ ràng, nhịp đánh đều đặn
 • 🎶 Âm thanh vang, tròn tiếng, nghe rất dễ chịu

👉 Những bộ còn độ mới cao như vậy luôn có sức hút riêng với anh em sưu tầm.

👉 Vừa đẹp hình thức, vừa mang giá trị lâu dài của đồng hồ cổ Pháp.

#donghoco #donghoo_do #odo62_10 #10con10bua #2bainhac #donghocokhi #donghoxua #donghosuutam #dochoixua #amthanhdongho",30,"04/26/2026 07:13",https://www.facebook.com/reel/1461288612127222/,"Thước phim",,"Trọn đời",18,+27.5x,0,0,0,5123,82,1,60,5,0,4790,6421,13.849,67932.23
1560600238960322,100050310827163,"Đồng hồ Nhà kho","Ô đô 36/10 – Giá Rất Hợp Lý, Dễ Sở Hữu | 0️⃣9️⃣6️⃣3️⃣✦4️⃣5️⃣6️⃣✦9️⃣6️⃣3️⃣

👉 Dòng 36/10 vốn nổi tiếng bởi âm hay và dáng đẹp, nay có mức tiếp cận rất hợp lý cho anh em yêu đồng hồ cổ.
 • 🕰️ Cấu hình 10 côn 10 búa, dòng được nhiều người tìm kiếm
 • 🎼 Chơi 2 bản nhạc cơ khí, điểm nhạc mỗi 15 phút đều đặn
 • 🔔 Chuông bính – boong rõ nét, rất cuốn tai
 • 🎶 Chất âm vang, ngọt, ngân nga dễ nghe
 • ⚙️ Bộ máy bền bỉ, vận hành ổn định lâu dài

👉 Với mức giá hợp lý, anh em có nhu cầu là hoàn toàn có thể sở hữu một chiếc 36/10 đúng chất.

👉 Vừa để chơi, vừa để thưởng thức âm thanh và giữ giá trị lâu dài.

#donghoco #donghoo_do #odo36_10 #10con10bua #2bainhac #bingboong #donghocokhi #donghosuutam #dochoixua #amthanhdongho",111,"04/27/2026 06:44",https://www.facebook.com/reel/4380654132156418/,"Thước phim",,"Trọn đời",9,+30.1x,0,0,0,3654,40,3,32,0,0,3302,3654,11.506,40146.785
1560719305615082,100050310827163,"Đồng hồ Nhà kho","Đồng Hồ Dùng Ống Tube (Ống Sáo) – Âm Thanh Đẳng Cấp | 0️⃣9️⃣6️⃣3️⃣✦4️⃣5️⃣6️⃣✦9️⃣6️⃣3️⃣

👉 Trong thế giới đồng hồ cổ, dòng dùng ống tube hay còn gọi là ống sáo luôn được đánh giá cao bởi âm thanh rất riêng.
 • 🕰️ Thay vì dùng bộ côn truyền thống, đồng hồ sử dụng các ống cộng hưởng kim loại để tạo tiếng nhạc
 • 🎼 Âm thanh phát ra sâu, vang, nhiều tầng lớp và rất sang trọng
 • 🔔 Độ ngân dài, nghe êm tai và lan tốt trong không gian
 • ✨ Khi hoạt động tạo cảm giác như một dàn chuông thu nhỏ trong nhà
 • ⚙️ Cơ cấu phức tạp, thể hiện trình độ chế tác cao của thời xưa

👉 Các dòng 8 tube, 9 tube, 11 tube… đều có nét hay riêng, càng nhiều ống thường càng phong phú về âm sắc.

👉 Đây là loại đồng hồ dành cho anh em thích thưởng âm và yêu cơ khí tinh xảo.

#donghoco #donghotube #ongsao #11tube #donghocokhi #donghoxua #donghosuutam #amthanhdongho #dochoixua #kienthucdongho",21,"04/27/2026 08:48",https://www.facebook.com/reel/935551235769740/,"Thước phim",,"Trọn đời",1,+2.7x,0,0,0,11354,66,8,68,4,0,11028,12105,4.997,55391.001
1560725708947775,100050310827163,"Đồng hồ Nhà kho","Ô đô 36/10 Chân Kiềng – Dễ Chơi, Âm Vẫn Rất Hay | 0️⃣9️⃣6️⃣3️⃣✦4️⃣5️⃣6️⃣✦9️⃣6️⃣3️⃣

👉 Dòng 36/10 chân kiềng luôn được anh em quan tâm vì mức tiếp cận hợp lý nhưng vẫn giữ trọn nét hay của 36/10.
 • 🕰️ Cấu hình 10 côn 10 búa, rất được yêu thích
 • ⚙️ Máy chân kiềng chắc chắn, vận hành ổn định
 • 🎼 Chơi 2 bản nhạc cơ khí, điểm nhạc đều mỗi 15 phút
 • 🔔 Chuông bính – boong rõ nét, nghe cuốn tai
 • 🎶 Chất âm vang, ngọt, ngân nga dễ chịu

👉 Đây là lựa chọn hợp lý cho anh em muốn sở hữu một chiếc 36/10 với mức giá dễ chơi hơn nhiều phiên bản khác.

👉 Vừa để thưởng âm, vừa có giá trị sưu tầm lâu dài.

#donghoco #donghoo_do #odo36_10 #maychankieng #10con10bua #2bainhac #bingboong #donghocokhi #donghosuutam #dochoixua",24,"04/27/2026 08:56",https://www.facebook.com/reel/994093426412782/,"Thước phim",,"Trọn đời",7,+12.3x,0,0,0,4156,55,6,48,2,2,3890,4560,8.626,35283.128
