ID bài viết,Liên kết vĩnh viễn,Thời gian đăng,Lượt xem,Từ khóa khớp,Phân loại điều kiện,Trạng thái xử lý,Ghi chú
1612442163776129,https://www.facebook.com/reel/988311120673562/,06/27/2026 07:14,2317,,A,DELETED_UI,Đã thực hiện thao tác Xóa trên Facebook
1612438063776539,https://www.facebook.com/reel/2400486234105411/,06/27/2026 07:09,1885,,A,DELETED_UI,Đã thực hiện thao tác Xóa trên Facebook
1624172982603047,https://www.facebook.com/reel/4533277870252693/,07/10/2026 22:53,3336,,A,DELETED_UI,Đã thực hiện thao tác Xóa trên Facebook
1624088849278127,https://www.facebook.com/donghonhakho.vn/posts/pfbid02EZWQ9vYEwGqLWruFP99nkNdZoAo5KnZJnFdmGvBV4EdFE7SY9son3o9j1xkLwvw4l,07/10/2026 20:13,1797,,A,UNVERIFIED,"Giao diện đặc thù, chưa xác minh được"
1624082785945400,https://www.facebook.com/donghonhakho.vn/posts/pfbid02XDacSivbHu2s6JwptT3eLxHTEGQeXRV1FtVeQWRNYPVhygVfanBWAS7LvkbUX8rGl,07/10/2026 20:01,2373,,A,DELETED_UI,Đã thực hiện thao tác Xóa trên Facebook
1624076312612714,https://www.facebook.com/reel/1007690075498950/,07/10/2026 19:49,5769,,A,DELETED_UI,Đã thực hiện thao tác Xóa trên Facebook
1624023602617985,https://www.facebook.com/donghonhakho.vn/posts/pfbid02k7tTRQNLUpRsdSFjKPTex2dG3RrfvE1uPVzgsqsaWaxzS29rPkDyA9Rcp2reHunBl,07/10/2026 18:11,3603,,A,UNVERIFIED,"Giao diện đặc thù, chưa xác minh được"
1624013559285656,https://www.facebook.com/donghonhakho.vn/posts/pfbid0dqtg18jffDEetwX7W4Yeg13KqunWBsh5Ko6ZBqFZGLAuJWXheQTywbyJDBvvZ5BLl,07/10/2026 17:52,5060,,A,DELETED_UI,Đã thực hiện thao tác Xóa trên Facebook
1623608005992878,https://www.facebook.com/donghonhakho.vn/posts/pfbid02f4SVpqPuxDsaVFnqYYLQh3z3oGLvA43u3tr23jMLx6qJW1aeQABaVtFPocFQxBMdl,07/10/2026 06:03,1953,,A,DELETED_UI,Đã thực hiện thao tác Xóa trên Facebook
1623480976005581,https://www.facebook.com/reel/1600465644985637/,07/10/2026 02:28,8460,,A,DELETED_UI,Đã thực hiện thao tác Xóa trên Facebook
1623477139339298,https://www.facebook.com/reel/1059852696541975/,07/10/2026 02:22,3732,,A,DELETED_UI,Đã thực hiện thao tác Xóa trên Facebook
1623175199369492,https://www.facebook.com/donghonhakho.vn/posts/pfbid02krG7x3Cth2Sba7njjSYGWtVPaAgkX3mgUoPSgE5bkgh2Yg1oaGsAt2qWvJnJGRi7l,07/09/2026 16:27,3528,,A,DELETED_UI,Đã thực hiện thao tác Xóa trên Facebook
1622905166063162,https://www.facebook.com/photo.php?fbid=1622905166063162&set=a.846017200418633&type=3,07/09/2026 08:16,1247,,A,UNVERIFIED,"Giao diện đặc thù, chưa xác minh được"
1622892816064397,https://www.facebook.com/donghonhakho.vn/posts/pfbid04XCaWXC6JLDeowhLGf127HsivS5WKDPqmjouAEbtbP9KYrezsKRq4ZKbL28yYp4vl,07/09/2026 08:00,6774,,A,DELETED_UI,Đã thực hiện thao tác Xóa trên Facebook
1622845312735814,https://www.facebook.com/donghonhakho.vn/posts/pfbid0NpHXqeCNLnQkRKYRAMJaxwvtumBRzfdkHT8j4Uk4TgYu82LwsbEvTGpjGkaoAfDil,07/09/2026 06:52,3143,,A,DELETED_UI,Đã thực hiện thao tác Xóa trên Facebook
1622808456072833,https://www.facebook.com/reel/1794231758624112/,07/09/2026 06:02,3139,,A,DELETED_UI,Đã thực hiện thao tác Xóa trên Facebook
1622689722751373,https://www.facebook.com/donghonhakho.vn/posts/pfbid02vcdDB5G7DJJtQrARqKJXqYSt3xBg3ERg2pwMYnfqR9CprVq59JfiLdpRza4tzbYRl,07/09/2026 03:01,2649,,A,DELETED_UI,Đã thực hiện thao tác Xóa trên Facebook
1622535832766762,https://www.facebook.com/reel/2124108071785513/,07/08/2026 22:20,7041,,A,DELETED_UI,Đã thực hiện thao tác Xóa trên Facebook
1622501629436849,https://www.facebook.com/reel/2097228154158357/,07/08/2026 21:14,2525,,A,DELETED_UI,Đã thực hiện thao tác Xóa trên Facebook
1621890489497963,https://www.facebook.com/reel/4382063812045911/,07/08/2026 03:14,2817,,A,DELETED_UI,Đã thực hiện thao tác Xóa trên Facebook
1621876846165994,https://www.facebook.com/reel/1005968562291514/,07/08/2026 02:50,1928,,A,DELETED_UI,Đã thực hiện thao tác Xóa trên Facebook
1621860479500964,https://www.facebook.com/reel/2128415701432934/,07/08/2026 02:20,2215,,A,DELETED_UI,Đã thực hiện thao tác Xóa trên Facebook
1621855212834824,https://www.facebook.com/reel/2468514183637837/,07/08/2026 02:10,872,,A,DELETED_UI,Đã thực hiện thao tác Xóa trên Facebook
1621843016169377,https://www.facebook.com/reel/1375896791114081/,07/08/2026 01:48,3994,,A,DELETED_UI,Đã thực hiện thao tác Xóa trên Facebook
1621661502854195,https://www.facebook.com/reel/1677605053539765/,07/07/2026 20:17,3216,,A,DELETED_UI,Đã thực hiện thao tác Xóa trên Facebook
1621619002858445,https://www.facebook.com/donghonhakho.vn/posts/pfbid0YBAkKsLwRkhthxgtAxhWiK5RfVeSFokXKYyv7k1oNwmgvDcMcFr8KNKPqa3vVCRnl,07/07/2026 19:02,3743,,A,DELETED_UI,Đã thực hiện thao tác Xóa trên Facebook
1621058326247846,https://www.facebook.com/reel/1999585834060194/,07/07/2026 04:31,2000,,A,DELETED_UI,Đã thực hiện thao tác Xóa trên Facebook
1621032366250442,https://www.facebook.com/reel/802727309501274/,07/07/2026 03:54,3364,,A,DELETED_UI,Đã thực hiện thao tác Xóa trên Facebook
1620967002923645,https://www.facebook.com/reel/1041367221765546/,07/07/2026 02:14,2559,,A,DELETED_UI,Đã thực hiện thao tác Xóa trên Facebook
1620964212923924,https://www.facebook.com/donghonhakho.vn/posts/pfbid0kGQZKCVpVDyhkkTpMdJc1fTej2B32JcGjPkvQ1jhtuaKi1hp2ZhYkJJSfCn4dNmNl,07/07/2026 02:11,1652,,A,DELETED_UI,Đã thực hiện thao tác Xóa trên Facebook
1620911439595868,https://www.facebook.com/donghonhakho.vn/posts/pfbid02JwrhGhgFGXggaq1QfWHoGg7FutakLdarcGuuM6VD4QzP2wzQmPKULjGX2RyZVpZ7l,07/07/2026 00:43,1023,,A,DELETED_UI,Đã thực hiện thao tác Xóa trên Facebook
1620747229612289,https://www.facebook.com/donghonhakho.vn/posts/pfbid0RaAkq7VKdgFp9SSTShRavWPcXvpN7T34iocGe3yMk2JiMAd5iGRyPUoZyjDicaCql,07/06/2026 19:54,1093,,A,DELETED_UI,Đã thực hiện thao tác Xóa trên Facebook
1620171509669861,https://www.facebook.com/donghonhakho.vn/posts/pfbid02AaCbNg1aefWvkhTYwUrPhxry2QB97mzPjPWRAEAZM2QznxtatQVzyQsRQ7gNHYA5l,07/06/2026 04:31,1551,,A,DELETED_UI,Đã thực hiện thao tác Xóa trên Facebook
1620152196338459,https://www.facebook.com/reel/1314403477481802/,07/06/2026 04:03,2879,,A,DELETED_UI,Đã thực hiện thao tác Xóa trên Facebook
1620070176346661,https://www.facebook.com/donghonhakho.vn/posts/pfbid05isnjpiJbvfK7GuqnqTyTPKxmPskLgvrqCjuSV5XewEf4XWknY9zQH1KeXobVtQRl,07/06/2026 01:58,1393,,A,DELETED_UI,Đã thực hiện thao tác Xóa trên Facebook
1620037046349974,https://www.facebook.com/donghonhakho.vn/posts/pfbid0ro9YKHZKut6uFkbvGK5obHPnVDfxsLoV336jv424uxDFfmzg9begFpBzjeuh6cmLl,07/06/2026 01:07,1488,,A,DELETED_UI,Đã thực hiện thao tác Xóa trên Facebook
1619873279699684,https://www.facebook.com/donghonhakho.vn/posts/pfbid02z6LTDQFqupLcwS3S5Rr4riwddufj7ny6ZwtUrXwUEMXDcUSofRxijcg37Rhq48xGl,07/05/2026 20:25,4776,,A,DELETED_UI,Đã thực hiện thao tác Xóa trên Facebook
1619815383038807,https://www.facebook.com/reel/2430606834116107/,07/05/2026 18:46,7024,,A,DELETED_UI,Đã thực hiện thao tác Xóa trên Facebook
1618387123181633,https://www.facebook.com/reel/1363561919072472/,07/04/2026 03:51,4075,,A,DELETED_UI,Đã thực hiện thao tác Xóa trên Facebook
1618383983181947,https://www.facebook.com/reel/1055731093545393/,07/04/2026 03:46,2298,,A,DELETED_UI,Đã thực hiện thao tác Xóa trên Facebook
1618377556515923,https://www.facebook.com/donghonhakho.vn/posts/pfbid02CAhdB6db8wrPXHSEeUH3mYBmEZxjGm92VUwggo8pcEaH4wkqHA5GHSQasPHg6qcJl,07/04/2026 03:36,1704,,A,DELETED_UI,Đã thực hiện thao tác Xóa trên Facebook
1618358069851205,https://www.facebook.com/reel/1245255538661075/,07/04/2026 03:05,3461,,A,DELETED_UI,Đã thực hiện thao tác Xóa trên Facebook
1618321026521576,https://www.facebook.com/reel/999602792691345/,07/04/2026 02:04,2176,,A,DELETED_UI,Đã thực hiện thao tác Xóa trên Facebook
1618298729857139,https://www.facebook.com/donghonhakho.vn/posts/pfbid05vEYYuCs9h5wARzjRyhVhBpRFRreTHP3M5JN4YCenUxhznLeHtuK5AiaaUPW9Qxnl,07/04/2026 01:28,1793,,A,DELETED_UI,Đã thực hiện thao tác Xóa trên Facebook
1618297676523911,https://www.facebook.com/reel/1022630636977569/,07/04/2026 01:27,5033,,A,DELETED_UI,Đã thực hiện thao tác Xóa trên Facebook
1618263666527312,https://www.facebook.com/donghonhakho.vn/posts/pfbid09rozm5sAEGPNfvVfqfGPBPdF6U6gfy2j8RDvEkvMHd54RcwbRfYArY7hrS7F3k2xl,07/04/2026 00:32,984,,A,DELETED_UI,Đã thực hiện thao tác Xóa trên Facebook
1618110206542658,https://www.facebook.com/donghonhakho.vn/posts/pfbid022nj4rqwGmc6BtxyQJZXauM9xpQ3CKwH1nMrr2HXBrxjZ3tV3Lb51raPwpWAHvHgGl,07/03/2026 20:08,1227,,A,DELETED_UI,Đã thực hiện thao tác Xóa trên Facebook
1618097449877267,https://www.facebook.com/donghonhakho.vn/posts/pfbid0SMATyr5Zxddfm7yxN75W3gLMaVHpWqhPgKeKuBCo2SrXRCZwFs41FKG3ebrg6zwrl,07/03/2026 19:47,1136,,A,UNVERIFIED,"Giao diện đặc thù, chưa xác minh được"
1618080896545589,https://www.facebook.com/donghonhakho.vn/posts/pfbid02L72DhLqeDRrBZWh5TXVoJxULhL7xp2g6tnazz3anFCqMRZiD6aLUSKtM1xRjPn5rl,07/03/2026 19:19,2664,,A,DELETED_UI,Đã thực hiện thao tác Xóa trên Facebook
1618064453213900,https://www.facebook.com/donghonhakho.vn/posts/pfbid028uDqShoiFqrVe9XjfEn7QYEGWZ4xuCJR4uVZTtaobufzsQwMyNWYfgh8UhHDMThjl,07/03/2026 18:52,1579,,A,DELETED_UI,Đã thực hiện thao tác Xóa trên Facebook
1617977413222604,https://www.facebook.com/donghonhakho.vn/posts/pfbid02pQfjT5ewJt44FbKaBqoPVpGnh4C1FgLt4RmQoHmHANFPKjirurxyki2n1Jh2VLVBl,07/03/2026 16:13,580,,A,DELETED_UI,Đã thực hiện thao tác Xóa trên Facebook
1617825279904484,https://www.facebook.com/photo.php?fbid=1617825279904484&set=a.846017200418633&type=3,07/03/2026 11:36,592,,A,UNVERIFIED,"Giao diện đặc thù, chưa xác minh được"
1617821633238182,https://www.facebook.com/donghonhakho.vn/posts/pfbid0kDTZQxm1FyFfg83YDdFqMzVMFzhoDg2PBG5S96gpYHfAKpxqE2vAhMr6E1F3FYm6l,07/03/2026 11:32,901,ODO,A+B,DELETED_UI,Đã thực hiện thao tác Xóa trên Facebook
1617543613265984,https://www.facebook.com/reel/2641904742934929/,07/03/2026 05:04,7514,,A,DELETED_UI,Đã thực hiện thao tác Xóa trên Facebook
1617542933266052,https://www.facebook.com/reel/4225418951082923/,07/03/2026 05:03,5927,,A,DELETED_UI,Đã thực hiện thao tác Xóa trên Facebook
1617536399933372,https://www.facebook.com/reel/2100172100895231/,07/03/2026 04:54,2031,,A,DELETED_UI,Đã thực hiện thao tác Xóa trên Facebook
1617524613267884,https://www.facebook.com/donghonhakho.vn/posts/pfbid02nQgpur8HNtDrkuieiBCGS6iVvbhVKdwfCn7VXHwzse6scjVVQVQcEJJtC9fU5agul,07/03/2026 04:37,1149,,A,DELETED_UI,Đã thực hiện thao tác Xóa trên Facebook
1617478309939181,https://www.facebook.com/donghonhakho.vn/posts/pfbid02NHpEZsj5tiwxybB1EFSYPMN21asgrrpaJ62sa5x9DeADgYTpk3yG2tMJyMDFVNHdl,07/03/2026 03:30,1799,,A,DELETED_UI,Đã thực hiện thao tác Xóa trên Facebook
1617383893281956,https://www.facebook.com/donghonhakho.vn/posts/pfbid0vPjp39TmFuktb1u2dZ6JMN28xXbWRsscv5G52Qkd44vVjvSQvEEXvQrGsrQSwYB4l,07/03/2026 01:00,851,,A,DELETED_UI,Đã thực hiện thao tác Xóa trên Facebook
1617237639963248,https://www.facebook.com/donghonhakho.vn/posts/pfbid02qTTTu4haA325xRpxn4ouopSXVAdmcKFnHpmyiFaJCzb8TAX2FadP95VZ65utRoKl,07/02/2026 20:46,3296,,A,DELETED_UI,Đã thực hiện thao tác Xóa trên Facebook
1616833136670365,https://www.facebook.com/reel/919463917864200/,07/02/2026 09:28,5663,,A,DELETED_UI,Đã thực hiện thao tác Xóa trên Facebook
1616816396672039,https://www.facebook.com/reel/1363347339084540/,07/02/2026 09:04,3464,,A,DELETED_UI,Đã thực hiện thao tác Xóa trên Facebook
1616807363339609,https://www.facebook.com/reel/2522943514802213/,07/02/2026 08:50,2779,,A,DELETED_UI,Đã thực hiện thao tác Xóa trên Facebook
1616746440012368,https://www.facebook.com/photo.php?fbid=1616746440012368&set=a.846017200418633&type=3,07/02/2026 07:25,735,,A,UNVERIFIED,"Giao diện đặc thù, chưa xác minh được"
1616691256684553,https://www.facebook.com/donghonhakho.vn/posts/pfbid02knf6KMJL3wthWpkH36M7FQKQmboGNZNPs4gvQXKS2FirF1n8UUGqWbkaX9HjDsqrl,07/02/2026 06:07,1821,,A,DELETED_UI,Đã thực hiện thao tác Xóa trên Facebook
1616653496688329,https://www.facebook.com/reel/1567596258036594/,07/02/2026 05:11,4437,,A,DELETED_UI,Đã thực hiện thao tác Xóa trên Facebook
1616642023356143,https://www.facebook.com/donghonhakho.vn/posts/pfbid0YhXgBSoPMLqLt4qUeXfcK7WNdsoZ1VsenLUAEvFxiy3HFGyNozAbgQmDHw1aivkil,07/02/2026 04:54,5341,,A,DELETED_UI,Đã thực hiện thao tác Xóa trên Facebook
1616625330024479,https://www.facebook.com/donghonhakho.vn/posts/pfbid0FhUHQKfBGKawKTHe4KHfNgBrtjdKrVbjeyJYR2XZ2TbzYvo6a5M8cRKzTDCPEAZtl,07/02/2026 04:30,1646,,A,DELETED_UI,Đã thực hiện thao tác Xóa trên Facebook
1616620106691668,https://www.facebook.com/reel/866316846534793/,07/02/2026 04:22,5844,,A,DELETED_UI,Đã thực hiện thao tác Xóa trên Facebook
1616497926703886,https://www.facebook.com/donghonhakho.vn/posts/pfbid02pucHtnfDKrHp7rZ9yWZhjQUjZmMx3nkWMb83xA8UzCLgTWQmrjrfPTgfsm3v17A6l,07/02/2026 00:58,439,,A,DELETED_UI,Đã thực hiện thao tác Xóa trên Facebook
1616429280044084,https://www.facebook.com/reel/999796216024070/,07/01/2026 22:52,3992,,A,DELETED_UI,Đã thực hiện thao tác Xóa trên Facebook
1616419916711687,https://www.facebook.com/donghonhakho.vn/posts/pfbid02SGFLrGaSuzA31T1x865HR6TrzQn9yFJT1Q88znbUSarjdrycYGRv7BmHWbYMn8VDl,07/01/2026 22:36,2837,,A,DELETED_UI,Đã thực hiện thao tác Xóa trên Facebook
1616394813380864,https://www.facebook.com/reel/2029184671080291/,07/01/2026 21:50,9605,,A,DELETED_UI,Đã thực hiện thao tác Xóa trên Facebook
1616329196720759,https://www.facebook.com/donghonhakho.vn/posts/pfbid042NMT1wbDDirEg3etwuuzPeu1GH8D6XmRkg6D8F7F4VkoEDszjB36YKoWg9DMP9Xl,07/01/2026 19:50,972,,A,DELETED_UI,Đã thực hiện thao tác Xóa trên Facebook
1615987193421626,https://www.facebook.com/reel/1342884990538246/,07/01/2026 09:12,7962,,A,DELETED_UI,Đã thực hiện thao tác Xóa trên Facebook
1615977636755915,https://www.facebook.com/reel/2474865096295297/,07/01/2026 08:59,6824,,A,DELETED_UI,Đã thực hiện thao tác Xóa trên Facebook
1615688526784826,https://www.facebook.com/donghonhakho.vn/posts/pfbid02XsuuorqV9fHQtbfXaLUsmDFec4b5xLCzjibWGvgkJ8SXnsDnjvGr7F5CaKyik8n1l,07/01/2026 01:55,1088,,A,DELETED_UI,Đã thực hiện thao tác Xóa trên Facebook
1615478553472490,https://www.facebook.com/donghonhakho.vn/posts/pfbid02a4bYRigxDjCK47Pes1UJdT53MtFThMdMiYw5PoB1yqH4M9DFMWix3xsw18mRUFGnl,06/30/2026 20:19,922,,A,DELETED_UI,Đã thực hiện thao tác Xóa trên Facebook
1615088986844780,https://www.facebook.com/reel/1358765899549521/,06/30/2026 09:09,1134,,A,DELETED_UI,Đã thực hiện thao tác Xóa trên Facebook
1615068510180161,https://www.facebook.com/reel/2211352746307366/,06/30/2026 08:40,2331,,A,DELETED_UI,Đã thực hiện thao tác Xóa trên Facebook
1614841566869522,https://www.facebook.com/reel/1506290893924568/,06/30/2026 03:01,2301,,A,DELETED_UI,Đã thực hiện thao tác Xóa trên Facebook
1614827296870949,https://www.facebook.com/reel/2933680063635431/,06/30/2026 02:36,2438,,A,DELETED_UI,Đã thực hiện thao tác Xóa trên Facebook
1614784253541920,https://www.facebook.com/donghonhakho.vn/posts/pfbid0hXWLmYzqYi86icbPRcU4dvcJ4eHsgSay8NyHFVjMhxAdSSNGKcRt4y7FdgXyMfKDl,06/30/2026 01:28,1086,,A,DELETED_UI,Đã thực hiện thao tác Xóa trên Facebook
1614676723552673,https://www.facebook.com/donghonhakho.vn/posts/pfbid02TByndDYfWZR3vZCfjo53drtwSpsd6U2gqB7SWnEryCLRYXYXSEfmvAzJfq1xDCTZl,06/29/2026 22:26,2777,,A,DELETED_UI,Đã thực hiện thao tác Xóa trên Facebook
1614547063565639,https://www.facebook.com/reel/1029381926224268/,06/29/2026 18:43,1091,,A,DELETED_UI,Đã thực hiện thao tác Xóa trên Facebook
1614042116949467,https://www.facebook.com/reel/1003821952620708/,06/29/2026 05:08,1486,,A,DELETED_UI,Đã thực hiện thao tác Xóa trên Facebook
1614028740284138,https://www.facebook.com/reel/27575917312066009/,06/29/2026 04:49,1288,,A,DELETED_UI,Đã thực hiện thao tác Xóa trên Facebook
1614004530286559,https://www.facebook.com/reel/1007141425392104/,06/29/2026 04:16,3580,,A,DELETED_UI,Đã thực hiện thao tác Xóa trên Facebook
1613929080294104,https://www.facebook.com/reel/3924368467869622/,06/29/2026 02:25,1001,,A,DELETED_UI,Đã thực hiện thao tác Xóa trên Facebook
1613863406967338,https://www.facebook.com/reel/1338304024940401/,06/29/2026 00:26,1922,,A,DELETED_UI,Đã thực hiện thao tác Xóa trên Facebook
1613860233634322,https://www.facebook.com/reel/3089143821291342/,06/29/2026 00:19,2857,,A,DELETED_UI,Đã thực hiện thao tác Xóa trên Facebook
1613855516968127,https://www.facebook.com/reel/838491002677491/,06/29/2026 00:11,1254,,A,DELETED_UI,Đã thực hiện thao tác Xóa trên Facebook
1613680880318924,https://www.facebook.com/reel/1478152930784686/,06/28/2026 18:58,5658,,A,DELETED_UI,Đã thực hiện thao tác Xóa trên Facebook
1612993657054313,https://www.facebook.com/reel/1223900086437054/,06/27/2026 23:23,1236,,A,DELETED_UI,Đã thực hiện thao tác Xóa trên Facebook
1612928327060846,https://www.facebook.com/reel/1331775471862062/,06/27/2026 21:29,1359,,A,DELETED_UI,Đã thực hiện thao tác Xóa trên Facebook
1612875787066100,https://www.facebook.com/reel/1527951952152928/,06/27/2026 19:56,832,,A,DELETED_UI,Đã thực hiện thao tác Xóa trên Facebook
1612870753733270,https://www.facebook.com/reel/1944120439641107/,06/27/2026 19:46,4194,,A,DELETED_UI,Đã thực hiện thao tác Xóa trên Facebook
1612853217068357,https://www.facebook.com/reel/1035538695597375/,06/27/2026 19:15,2301,,A,DELETED_UI,Đã thực hiện thao tác Xóa trên Facebook
1612821503738195,https://www.facebook.com/reel/3533645116803066/,06/27/2026 18:18,3683,,A,DELETED_UI,Đã thực hiện thao tác Xóa trên Facebook
1612806773739668,https://www.facebook.com/reel/1557467199060542/,06/27/2026 17:51,1034,,A,DELETED_UI,Đã thực hiện thao tác Xóa trên Facebook
1612804100406602,https://www.facebook.com/reel/3559595490883504/,06/27/2026 17:45,682,,A,DELETED_UI,Đã thực hiện thao tác Xóa trên Facebook
1612795803740765,https://www.facebook.com/reel/984201864243448/,06/27/2026 17:28,1198,,A,DELETED_UI,Đã thực hiện thao tác Xóa trên Facebook
1612458100441202,https://www.facebook.com/reel/2026798978196937/,06/27/2026 07:37,947,,A,DELETED_UI,Đã thực hiện thao tác Xóa trên Facebook
1612445977109081,https://www.facebook.com/reel/1657544135474992/,06/27/2026 07:20,5404,,A,DELETED_UI,Đã thực hiện thao tác Xóa trên Facebook
1598635458490133,https://www.facebook.com/reel/4643264409291492/,06/11/2026 03:03,4228,,A,DELETED_UI,Đã thực hiện thao tác Xóa trên Facebook
1600103948343284,https://www.facebook.com/donghonhakho.vn/posts/pfbid02eeXJzT7Ge3p4GFaYADFbY9vhNacRWMgnDfYsy5kDouXn61bBuPk8DRZ3QUH1WRUHl,06/12/2026 19:59,1150,GIROD,A+B,DELETED_UI,Đã thực hiện thao tác Xóa trên Facebook
1600110695009276,https://www.facebook.com/donghonhakho.vn/posts/pfbid08a7PVDzDPApKHgBhK1AudZXo4pSx8uFJXHCUpkvptTrHnsc6Q2K3rhbHScea4krBl,06/12/2026 20:09,996,,A,DELETED_UI,Đã thực hiện thao tác Xóa trên Facebook
1600368888316790,https://www.facebook.com/reel/1946516796063003/,06/13/2026 03:34,8475,,A,DELETED_UI,Đã thực hiện thao tác Xóa trên Facebook
1600543251632687,https://www.facebook.com/reel/1758534268842845/,06/13/2026 07:37,37070,ODO,B,DELETED_UI,Đã thực hiện thao tác Xóa trên Facebook
1600846084935737,https://www.facebook.com/reel/1028613276188556/,06/13/2026 15:48,13832,ODO,B,DELETED_UI,Đã thực hiện thao tác Xóa trên Facebook
1600867914933554,https://www.facebook.com/donghonhakho.vn/posts/pfbid0VD46ThXEA2xxt7PwvFKy1GLteEkBmfsW6UQR4619GUQpC8ERR2q4jVA5kGEYCFN5l,06/13/2026 16:29,5900,,A,DELETED_UI,Đã thực hiện thao tác Xóa trên Facebook
1601907561496256,https://www.facebook.com/reel/2188607925261383/,06/14/2026 21:56,4420,,A,DELETED_UI,Đã thực hiện thao tác Xóa trên Facebook
1602060444814301,https://www.facebook.com/reel/1330988115170585/,06/15/2026 02:22,5012,,A,DELETED_UI,Đã thực hiện thao tác Xóa trên Facebook
1602072064813139,https://www.facebook.com/reel/2021565278457726/,06/15/2026 02:41,5421,,A,DELETED_UI,Đã thực hiện thao tác Xóa trên Facebook
1602074571479555,https://www.facebook.com/reel/1387506823208867/,06/15/2026 02:45,7466,,A,DELETED_UI,Đã thực hiện thao tác Xóa trên Facebook
1602619551425057,https://www.facebook.com/reel/27367139146254445/,06/15/2026 17:56,451,,A,DELETED_UI,Đã thực hiện thao tác Xóa trên Facebook
1602625821424430,https://www.facebook.com/reel/1551067926681332/,06/15/2026 18:08,777,,A,DELETED_UI,Đã thực hiện thao tác Xóa trên Facebook
1602630428090636,https://www.facebook.com/reel/1306515978294293/,06/15/2026 18:17,848,,A,DELETED_UI,Đã thực hiện thao tác Xóa trên Facebook
1602632714757074,https://www.facebook.com/reel/989974157149589/,06/15/2026 18:21,2161,,A,DELETED_UI,Đã thực hiện thao tác Xóa trên Facebook
1602639668089712,https://www.facebook.com/reel/974404945228478/,06/15/2026 18:33,776,,A,DELETED_UI,Đã thực hiện thao tác Xóa trên Facebook
1602718851415127,https://www.facebook.com/reel/1441183724479540/,06/15/2026 20:53,523,,A,DELETED_UI,Đã thực hiện thao tác Xóa trên Facebook
1602734181413594,https://www.facebook.com/reel/1051354921168977/,06/15/2026 21:21,453,,A,DELETED_UI,Đã thực hiện thao tác Xóa trên Facebook
1602741094746236,https://www.facebook.com/reel/996337903380241/,06/15/2026 21:34,627,,A,DELETED_UI,Đã thực hiện thao tác Xóa trên Facebook
1602748944745451,https://www.facebook.com/reel/1108401194844674/,06/15/2026 21:48,476,,A,DELETED_UI,Đã thực hiện thao tác Xóa trên Facebook
1602757288077950,https://www.facebook.com/reel/3359412214227507/,06/15/2026 22:03,3386,,A,DELETED_UI,Đã thực hiện thao tác Xóa trên Facebook
1602763248077354,https://www.facebook.com/donghonhakho.vn/posts/pfbid02kGJBu1UyxwY4Hm7qy1sbKkN9ZvRkvJmM1tSM5PwHaE721DyDpGQyVvEJEw8MqXjQl,06/15/2026 22:14,1095,,A,DELETED_UI,Đã thực hiện thao tác Xóa trên Facebook
1602827548070924,https://www.facebook.com/donghonhakho.vn/posts/pfbid037m9bNsHuALo2pcWhoYxKa3mZuuAtnmnyD4Tvu51ZjLdRwxWNcwJLk2nHwvTwDzMJl,06/16/2026 00:09,837,ODO,A+B,DELETED_UI,Đã thực hiện thao tác Xóa trên Facebook
1602843544735991,https://www.facebook.com/reel/27314831728170156/,06/16/2026 00:35,1738,,A,DELETED_UI,Đã thực hiện thao tác Xóa trên Facebook
1602853238068355,https://www.facebook.com/reel/1266373928701871/,06/16/2026 00:51,5145,,A,DELETED_UI,Đã thực hiện thao tác Xóa trên Facebook
1602860111401001,https://www.facebook.com/reel/1304906225092609/,06/16/2026 01:04,3037,,A,DELETED_UI,Đã thực hiện thao tác Xóa trên Facebook
1602864061400606,https://www.facebook.com/reel/992378593772749/,06/16/2026 01:11,2166,,A,DELETED_UI,Đã thực hiện thao tác Xóa trên Facebook
1602871541399858,https://www.facebook.com/donghonhakho.vn/posts/pfbid02RoP8gQutY2svLmYkqK8Bjscs7XTYo3W43npbNprFZjWCAuTBBjKNpwNT6MgqxAmRl,06/16/2026 01:24,789,,A,DELETED_UI,Đã thực hiện thao tác Xóa trên Facebook
1603472761339736,https://www.facebook.com/reel/1707363296934756/,06/16/2026 17:54,4554,,A,DELETED_UI,Đã thực hiện thao tác Xóa trên Facebook
1603856521301360,https://www.facebook.com/reel/1549999006846183/,06/17/2026 05:03,4117,,A,DELETED_UI,Đã thực hiện thao tác Xóa trên Facebook
1603856887967990,https://www.facebook.com/reel/4359021057747731/,06/17/2026 05:03,1594,,A,DELETED_UI,Đã thực hiện thao tác Xóa trên Facebook
1603860244634321,https://www.facebook.com/reel/1371494988163338/,06/17/2026 05:08,6842,,A,DELETED_UI,Đã thực hiện thao tác Xóa trên Facebook
1604332411253771,https://www.facebook.com/reel/2624642947932924/,06/17/2026 18:08,2069,,A,DELETED_UI,Đã thực hiện thao tác Xóa trên Facebook
1604453537908325,https://www.facebook.com/reel/891659873218287/,06/17/2026 21:48,2176,,A,DELETED_UI,Đã thực hiện thao tác Xóa trên Facebook
1604459551241057,https://www.facebook.com/reel/1020207877113395/,06/17/2026 21:58,3498,,A,DELETED_UI,Đã thực hiện thao tác Xóa trên Facebook
1604461561240856,https://www.facebook.com/reel/2273212386821153/,06/17/2026 22:02,640,,A,DELETED_UI,Đã thực hiện thao tác Xóa trên Facebook
1604463634573982,https://www.facebook.com/reel/2915070208861673/,06/17/2026 22:06,669,,A,DELETED_UI,Đã thực hiện thao tác Xóa trên Facebook
1604466457907033,https://www.facebook.com/reel/2709659882763485/,06/17/2026 22:11,773,,A,DELETED_UI,Đã thực hiện thao tác Xóa trên Facebook
1604472911239721,https://www.facebook.com/reel/1521364989488901/,06/17/2026 22:23,1132,,A,DELETED_UI,Đã thực hiện thao tác Xóa trên Facebook
1604473117906367,https://www.facebook.com/reel/1905801573443940/,06/17/2026 22:23,687,,A,DELETED_UI,Đã thực hiện thao tác Xóa trên Facebook
1604473431239669,https://www.facebook.com/reel/994110969911538/,06/17/2026 22:24,771,,A,DELETED_UI,Đã thực hiện thao tác Xóa trên Facebook
1604482081238804,https://www.facebook.com/reel/4261758760622728/,06/17/2026 22:38,2503,,A,DELETED_UI,Đã thực hiện thao tác Xóa trên Facebook
1604586417895037,https://www.facebook.com/reel/2211548776274526/,06/18/2026 01:49,1268,,A,DELETED_UI,Đã thực hiện thao tác Xóa trên Facebook
1604630024557343,https://www.facebook.com/reel/1316389533950958/,06/18/2026 03:03,2046,,A,DELETED_UI,Đã thực hiện thao tác Xóa trên Facebook
1604683227885356,https://www.facebook.com/reel/887317141068826/,06/18/2026 04:31,7074,,A,DELETED_UI,Đã thực hiện thao tác Xóa trên Facebook
1604869794533366,https://www.facebook.com/reel/2186219901920521/,06/18/2026 09:09,814,,A,DELETED_UI,Đã thực hiện thao tác Xóa trên Facebook
1605123024508043,https://www.facebook.com/reel/986098074403549/,06/18/2026 16:48,3883,,A,DELETED_UI,Đã thực hiện thao tác Xóa trên Facebook
1605254201161592,https://www.facebook.com/reel/1013631427721625/,06/18/2026 21:01,886,,A,DELETED_UI,Đã thực hiện thao tác Xóa trên Facebook
1605257471161265,https://www.facebook.com/reel/1359412619438411/,06/18/2026 21:07,553,,A,DELETED_UI,Đã thực hiện thao tác Xóa trên Facebook
1605274264492919,https://www.facebook.com/reel/2117813062410522/,06/18/2026 21:39,2509,,A,DELETED_UI,Đã thực hiện thao tác Xóa trên Facebook
1605284504491895,https://www.facebook.com/reel/1355104873265854/,06/18/2026 21:57,1174,,A,DELETED_UI,Đã thực hiện thao tác Xóa trên Facebook
1605394667814212,https://www.facebook.com/reel/1345157214243733/,06/19/2026 01:21,1857,,A,DELETED_UI,Đã thực hiện thao tác Xóa trên Facebook
1605396587814020,https://www.facebook.com/reel/980627308150555/,06/19/2026 01:25,2627,,A,DELETED_UI,Đã thực hiện thao tác Xóa trên Facebook
1605399581147054,https://www.facebook.com/reel/1810900629878913/,06/19/2026 01:30,4287,,A,DELETED_UI,Đã thực hiện thao tác Xóa trên Facebook
1605403907813288,https://www.facebook.com/reel/1933379014174667/,06/19/2026 01:38,1664,,A,DELETED_UI,Đã thực hiện thao tác Xóa trên Facebook
1605432307810448,https://www.facebook.com/donghonhakho.vn/posts/pfbid033SBdh8uomVAydDpU7tArhnH5AC8H69r4nbkRrqU3GVm4hjzvY8PgLrVUtm1ZrTm2l,06/19/2026 02:27,737,,A,DELETED_UI,Đã thực hiện thao tác Xóa trên Facebook
1605445001142512,https://www.facebook.com/reel/1398287105455415/,06/19/2026 02:46,3434,,A,DELETED_UI,Đã thực hiện thao tác Xóa trên Facebook
1605617391125273,https://www.facebook.com/reel/1767382701372934/,06/19/2026 07:15,2102,,A,DELETED_UI,Đã thực hiện thao tác Xóa trên Facebook
1605617507791928,https://www.facebook.com/reel/3809002059235040/,06/19/2026 07:15,977,,A,DELETED_UI,Đã thực hiện thao tác Xóa trên Facebook
1606091677744511,https://www.facebook.com/reel/27181360108158868/,06/19/2026 20:46,3072,,A,DELETED_UI,Đã thực hiện thao tác Xóa trên Facebook
1606229727730706,https://www.facebook.com/donghonhakho.vn/posts/pfbid0n1RhquGT4to7n2L4q1AvS6s2Yub84a9uMgEfK8dzPKw3JfHnGvwHdgwyxVNZCZVLl,06/20/2026 00:53,1479,,A,DELETED_UI,Đã thực hiện thao tác Xóa trên Facebook
1606263927727286,https://www.facebook.com/donghonhakho.vn/posts/pfbid02KK9tMTVQ9BK7MD1GG918C3kV1WY6Ma6WyZrunj7NxqWdGSm5XaEUnPf39G979JtKl,06/20/2026 01:54,1055,,A,DELETED_UI,Đã thực hiện thao tác Xóa trên Facebook
1606387621048250,https://www.facebook.com/reel/1245894364143372/,06/20/2026 05:21,651,,A,DELETED_UI,Đã thực hiện thao tác Xóa trên Facebook
1606389421048070,https://www.facebook.com/reel/1338248007655487/,06/20/2026 05:24,1115,,A,DELETED_UI,Đã thực hiện thao tác Xóa trên Facebook
1606404227713256,https://www.facebook.com/reel/1548340110022047/,06/20/2026 05:46,5082,,A,DELETED_UI,Đã thực hiện thao tác Xóa trên Facebook
1606424161044596,https://www.facebook.com/photo.php?fbid=1606424161044596&set=a.846017200418633&type=3,06/20/2026 06:15,816,,A,UNVERIFIED,"Giao diện đặc thù, chưa xác minh được"
1606442187709460,https://www.facebook.com/reel/1022204500351079/,06/20/2026 06:43,2377,,A,DELETED_UI,Đã thực hiện thao tác Xóa trên Facebook
1606814421005570,https://www.facebook.com/reel/1713773193272402/,06/20/2026 17:28,3717,,A,DELETED_UI,Đã thực hiện thao tác Xóa trên Facebook
1606827907670888,https://www.facebook.com/reel/36479939668317864/,06/20/2026 17:55,1372,,A,DELETED_UI,Đã thực hiện thao tác Xóa trên Facebook
1606834284336917,https://www.facebook.com/reel/2122906554937576/,06/20/2026 18:07,2746,,A,DELETED_UI,Đã thực hiện thao tác Xóa trên Facebook
1606848691002143,https://www.facebook.com/reel/28850953137828089/,06/20/2026 18:33,1083,,A,DELETED_UI,Đã thực hiện thao tác Xóa trên Facebook
1606853134335032,https://www.facebook.com/reel/1732794481248588/,06/20/2026 18:40,976,,A,DELETED_UI,Đã thực hiện thao tác Xóa trên Facebook
1606980580988954,https://www.facebook.com/reel/1237389321689998/,06/20/2026 22:12,2810,,A,DELETED_UI,Đã thực hiện thao tác Xóa trên Facebook
1607000660986946,https://www.facebook.com/reel/1029034969700985/,06/20/2026 22:48,899,,A,DELETED_UI,Đã thực hiện thao tác Xóa trên Facebook
1607034700983542,https://www.facebook.com/reel/2207249233384621/,06/20/2026 23:44,1366,,A,DELETED_UI,Đã thực hiện thao tác Xóa trên Facebook
1607091420977870,https://www.facebook.com/reel/1542757857240657/,06/21/2026 01:23,4931,,A,DELETED_UI,Đã thực hiện thao tác Xóa trên Facebook
1607173270969685,https://www.facebook.com/reel/1006671758765642/,06/21/2026 03:35,2314,,A,DELETED_UI,Đã thực hiện thao tác Xóa trên Facebook
1607725580914454,https://www.facebook.com/reel/1006514788899869/,06/21/2026 18:28,2003,,A,DELETED_UI,Đã thực hiện thao tác Xóa trên Facebook
1607803357573343,https://www.facebook.com/reel/986258100684534/,06/21/2026 20:37,9067,,A,DELETED_UI,Đã thực hiện thao tác Xóa trên Facebook
1607986387555040,https://www.facebook.com/reel/1033872432409762/,06/22/2026 02:13,2009,,A,DELETED_UI,Đã thực hiện thao tác Xóa trên Facebook
1608081090878903,https://www.facebook.com/reel/870275319468030/,06/22/2026 04:45,5727,,A,DELETED_UI,Đã thực hiện thao tác Xóa trên Facebook
1608570544163291,https://www.facebook.com/reel/995573003466925/,06/22/2026 18:12,7070,,A,DELETED_UI,Đã thực hiện thao tác Xóa trên Facebook
1608585577495121,https://www.facebook.com/reel/838372299106202/,06/22/2026 18:41,3527,,A,DELETED_UI,Đã thực hiện thao tác Xóa trên Facebook
1608604797493199,https://www.facebook.com/reel/1765010741526318/,06/22/2026 19:15,1733,,A,DELETED_UI,Đã thực hiện thao tác Xóa trên Facebook
1608610914159254,https://www.facebook.com/reel/2088377801744956/,06/22/2026 19:25,2446,,A,DELETED_UI,Đã thực hiện thao tác Xóa trên Facebook
1608644907489188,https://www.facebook.com/reel/1425517862952014/,06/22/2026 20:25,825,,A,DELETED_UI,Đã thực hiện thao tác Xóa trên Facebook
1608698657483813,https://www.facebook.com/reel/2499295817213507/,06/22/2026 22:00,2257,,A,DELETED_UI,Đã thực hiện thao tác Xóa trên Facebook
1608806930806319,https://www.facebook.com/reel/1019195844415854/,06/23/2026 01:13,1301,,A,DELETED_UI,Đã thực hiện thao tác Xóa trên Facebook
1608843547469324,https://www.facebook.com/donghonhakho.vn/posts/pfbid0hCqCJtwNoJ3pMhoCDwytrF26Qx8NZAK6TG6HyMCGE67cibWLmPpLZuFHPsdjJ6GXl,06/23/2026 02:17,831,,A,DELETED_UI,Đã thực hiện thao tác Xóa trên Facebook
1608877440799268,https://www.facebook.com/reel/894721216987951/,06/23/2026 03:13,5575,,A,DELETED_UI,Đã thực hiện thao tác Xóa trên Facebook
1608886570798355,https://www.facebook.com/reel/990555900642816/,06/23/2026 03:29,4383,,A,DELETED_UI,Đã thực hiện thao tác Xóa trên Facebook
1609532130733799,https://www.facebook.com/reel/1048773590817994/,06/23/2026 21:56,1278,,A,DELETED_UI,Đã thực hiện thao tác Xóa trên Facebook
1609538627399816,https://www.facebook.com/reel/1013884874837920/,06/23/2026 22:08,3594,,A,DELETED_UI,Đã thực hiện thao tác Xóa trên Facebook
1609538864066459,https://www.facebook.com/reel/981520431364267/,06/23/2026 22:08,2524,,A,DELETED_UI,Đã thực hiện thao tác Xóa trên Facebook
1609557700731242,https://www.facebook.com/donghonhakho.vn/posts/pfbid0YTmZwuhnNsYqmXAwvueTMUZYbrJht5MY5ZKa9rgY3xfYyTXwnwQDd2goP2moUyvDl,06/23/2026 22:43,1182,,A,DELETED_UI,Đã thực hiện thao tác Xóa trên Facebook
1609560687397610,https://www.facebook.com/reel/868550139650657/,06/23/2026 22:47,1092,,A,DELETED_UI,Đã thực hiện thao tác Xóa trên Facebook
1609939487359730,https://www.facebook.com/reel/876218342198692/,06/24/2026 08:50,6648,,A,UNVERIFIED,"Giao diện đặc thù, chưa xác minh được"
1609958057357873,https://www.facebook.com/donghonhakho.vn/posts/pfbid021rEJqiKjWjfxVBtyanqwJSUn5oF6a91k88CViUdEQwS76hjEkaohiUSC5KpvMKkkl,06/24/2026 09:16,2768,,A,DELETED_UI,Đã thực hiện thao tác Xóa trên Facebook
1609973147356364,https://www.facebook.com/reel/989451480513887/,06/24/2026 09:39,5151,,A,DELETED_UI,Đã thực hiện thao tác Xóa trên Facebook
1610276137326065,https://www.facebook.com/reel/1548301113465170/,06/24/2026 18:48,1982,,A,DELETED_UI,Đã thực hiện thao tác Xóa trên Facebook
1610281953992150,https://www.facebook.com/reel/2088389385395113/,06/24/2026 18:58,3507,,A,DELETED_UI,Đã thực hiện thao tác Xóa trên Facebook
1610285933991752,https://www.facebook.com/reel/1355917509977460/,06/24/2026 19:05,1002,,A,DELETED_UI,Đã thực hiện thao tác Xóa trên Facebook
1610286990658313,https://www.facebook.com/reel/989547123707277/,06/24/2026 19:06,940,,A,DELETED_UI,Đã thực hiện thao tác Xóa trên Facebook
1610293720657640,https://www.facebook.com/donghonhakho.vn/posts/pfbid0nqb5fH74UjvauKBdoJAqfoaYmhYQGy6aUsgENhKL85psFXRv269V5PLvVsVf1rril,06/24/2026 19:17,1052,,A,DELETED_UI,Đã thực hiện thao tác Xóa trên Facebook
1610296200657392,https://www.facebook.com/reel/1665874001294711/,06/24/2026 19:19,1217,,A,DELETED_UI,Đã thực hiện thao tác Xóa trên Facebook
1610444143975931,https://www.facebook.com/donghonhakho.vn/posts/pfbid0PWapfC474r8uSB9RFtaw1e8YNL5iwGYqDG281BS73KYt2Pz2espLw9Z2eC6AU21al,06/24/2026 23:36,1283,,A,DELETED_UI,Đã thực hiện thao tác Xóa trên Facebook
1610587343961611,https://www.facebook.com/reel/2217598689054164/,06/25/2026 03:43,4340,,A,DELETED_UI,Đã thực hiện thao tác Xóa trên Facebook
1610589693961376,https://www.facebook.com/reel/1036954382004087/,06/25/2026 03:47,4135,,A,DELETED_UI,Đã thực hiện thao tác Xóa trên Facebook
1610645253955820,https://www.facebook.com/reel/1579795156908095/,06/25/2026 05:12,4304,,A,DELETED_UI,Đã thực hiện thao tác Xóa trên Facebook
1611226563897689,https://www.facebook.com/reel/1484952540097856/,06/25/2026 21:25,4540,,A,DELETED_UI,Đã thực hiện thao tác Xóa trên Facebook
1611952960491716,https://www.facebook.com/reel/2506964499741821/,06/26/2026 17:30,7400,,A,DELETED_UI,Đã thực hiện thao tác Xóa trên Facebook
1611954747158204,https://www.facebook.com/reel/891791520609380/,06/26/2026 17:33,3263,,A,DELETED_UI,Đã thực hiện thao tác Xóa trên Facebook
1611956653824680,https://www.facebook.com/reel/1558691879298352/,06/26/2026 17:37,1748,,A,DELETED_UI,Đã thực hiện thao tác Xóa trên Facebook
1612000047153674,https://www.facebook.com/donghonhakho.vn/posts/pfbid02tBCSScsxyXA2Ucaq37rK6uiFFNKpVwQ8ASSaoVwC6gnoTYfz2YBb7GkBqoJpvcfXl,06/26/2026 19:00,655,,A,DELETED_UI,Đã thực hiện thao tác Xóa trên Facebook
1612027767150902,https://www.facebook.com/reel/1390078969629614/,06/26/2026 19:46,2232,,A,DELETED_UI,Đã thực hiện thao tác Xóa trên Facebook
1612419120445100,https://www.facebook.com/reel/1504596641139159/,06/27/2026 06:41,2205,,A,DELETED_UI,Đã thực hiện thao tác Xóa trên Facebook
1612429150444097,https://www.facebook.com/reel/27578772418450403/,06/27/2026 06:56,1007,,A,DELETED_UI,Đã thực hiện thao tác Xóa trên Facebook
1598291741857838,https://www.facebook.com/reel/2185391248861048/,06/10/2026 17:06,3565,,A,DELETED_UI,Đã thực hiện thao tác Xóa trên Facebook
1580488960304783,https://www.facebook.com/reel/27407155615584684/,05/21/2026 07:45,3222,,A,DELETED_UI,Đã thực hiện thao tác Xóa trên Facebook
1580492323637780,https://www.facebook.com/reel/853065491177473/,05/21/2026 07:49,5141,,A,DELETED_UI,Đã thực hiện thao tác Xóa trên Facebook
1580518673635145,https://www.facebook.com/reel/1320346530059964/,05/21/2026 08:27,1661,,A,DELETED_UI,Đã thực hiện thao tác Xóa trên Facebook
1580520780301601,https://www.facebook.com/reel/1513140363847407/,05/21/2026 08:30,1723,,A,DELETED_UI,Đã thực hiện thao tác Xóa trên Facebook
1581205576899788,https://www.facebook.com/reel/2484496761988349/,05/22/2026 05:07,3289,,A,DELETED_UI,Đã thực hiện thao tác Xóa trên Facebook
1581651860188493,https://www.facebook.com/reel/2179243152914376/,05/22/2026 17:54,179407,CUCKOO,B,DELETED_UI,Đã thực hiện thao tác Xóa trên Facebook
1581656153521397,https://www.facebook.com/reel/1373762014810119/,05/22/2026 18:01,3063,CUCKOO,A+B,DELETED_UI,Đã thực hiện thao tác Xóa trên Facebook
1581685500185129,https://www.facebook.com/reel/871042832685868/,05/22/2026 18:57,3861,,A,DELETED_UI,Đã thực hiện thao tác Xóa trên Facebook
1581892543497758,https://www.facebook.com/reel/1480096823394584/,05/23/2026 01:15,3897,,A,DELETED_UI,Đã thực hiện thao tác Xóa trên Facebook
1581921183494894,https://www.facebook.com/reel/2372972726559046/,05/23/2026 02:06,5818,,A,DELETED_UI,Đã thực hiện thao tác Xóa trên Facebook
1583383993348613,https://www.facebook.com/reel/1191763283016905/,05/24/2026 20:17,5918,,A,DELETED_UI,Đã thực hiện thao tác Xóa trên Facebook
1583391400014539,https://www.facebook.com/reel/1493220569485011/,05/24/2026 20:32,1507,,A,DELETED_UI,Đã thực hiện thao tác Xóa trên Facebook
1583542573332755,https://www.facebook.com/reel/1525917969254921/,05/25/2026 01:17,2339,,A,DELETED_UI,Đã thực hiện thao tác Xóa trên Facebook
1583543509999328,https://www.facebook.com/reel/916161484815499/,05/25/2026 01:19,8947,,A,DELETED_UI,Đã thực hiện thao tác Xóa trên Facebook
1584139176606428,https://www.facebook.com/reel/1593100922794221/,05/25/2026 18:43,1914,,A,DELETED_UI,Đã thực hiện thao tác Xóa trên Facebook
1584151579938521,https://www.facebook.com/reel/987343783704642/,05/25/2026 19:06,2098,,A,DELETED_UI,Đã thực hiện thao tác Xóa trên Facebook
1584164419937237,https://www.facebook.com/reel/2040736203985009/,05/25/2026 19:31,5521,,A,DELETED_UI,Đã thực hiện thao tác Xóa trên Facebook
1584167043270308,https://www.facebook.com/reel/2201028437356415/,05/25/2026 19:35,6009,,A,DELETED_UI,Đã thực hiện thao tác Xóa trên Facebook
1584350869918592,https://www.facebook.com/donghonhakho.vn/posts/pfbid0vGCn4Q2R3HSNusY1bgGSAMk5uySEbdgBhU6GDxgxY941dRAmsL9EAkapwfexcQAyl,05/26/2026 01:18,878,,A,DELETED_UI,Đã thực hiện thao tác Xóa trên Facebook
1584357703251242,https://www.facebook.com/donghonhakho.vn/posts/pfbid02p7xbt5BRGMougcriA328Q39HCYpmQiqMQVL7NnFwTCNthiHwiVfWstNXXtm9brTxl,05/26/2026 01:30,1485,,A,DELETED_UI,Đã thực hiện thao tác Xóa trên Facebook
1585198179833861,https://www.facebook.com/donghonhakho.vn/posts/pfbid02LgzBBcCenAWm9BUcCH4bSWo614niiAQNPuPZ3S1Sg4ZmKMxSfsgS2d6kNqFrgTiRl,05/27/2026 00:31,855,,A,DELETED_UI,Đã thực hiện thao tác Xóa trên Facebook
1585341646486181,https://www.facebook.com/donghonhakho.vn/posts/pfbid0sfvwKXWXc3ccMFX2BCAQduqSqp4PeJB88WEeJe5QKjkoD7sb5VcLJ8W7SsfWfuj9l,05/27/2026 04:35,1302,,A,DELETED_UI,Đã thực hiện thao tác Xóa trên Facebook
1585844606435885,https://www.facebook.com/reel/1743813819960213/,05/27/2026 18:19,3305,,A,DELETED_UI,Đã thực hiện thao tác Xóa trên Facebook
1586714226348923,https://www.facebook.com/reel/1371658508132341/,05/28/2026 17:58,2160,,A,DELETED_UI,Đã thực hiện thao tác Xóa trên Facebook
1586714439682235,https://www.facebook.com/reel/2777732195931284/,05/28/2026 17:59,2792,,A,DELETED_UI,Đã thực hiện thao tác Xóa trên Facebook
1586960679657611,https://www.facebook.com/reel/1388458496445349/,05/29/2026 01:25,3154,,A,UNVERIFIED,"Giao diện đặc thù, chưa xác minh được"
1586991006321245,https://www.facebook.com/reel/26878180908476341/,05/29/2026 01:55,5189,,A,DELETED_UI,Đã thực hiện thao tác Xóa trên Facebook
1586993002987712,https://www.facebook.com/reel/1526887995898151/,05/29/2026 01:58,4463,,A,DELETED_UI,Đã thực hiện thao tác Xóa trên Facebook
1588432872843725,https://www.facebook.com/reel/1518132396578028/,05/30/2026 16:57,2181,,A,DELETED_UI,Đã thực hiện thao tác Xóa trên Facebook
1588436739510005,https://www.facebook.com/reel/1728543418597656/,05/30/2026 17:04,5626,,A,DELETED_UI,Đã thực hiện thao tác Xóa trên Facebook
1588836512803361,https://www.facebook.com/reel/983323914399585/,05/31/2026 04:11,2110,,A,DELETED_UI,Đã thực hiện thao tác Xóa trên Facebook
1589935859360093,https://www.facebook.com/donghonhakho.vn/posts/pfbid02ZTRwATfXHQW23o2M2jPWJUFX6WLkYKsyJGzxnxUK5yMtNGDweRS98iUKdSiqHLEXl,06/01/2026 08:33,5573,,A,DELETED_UI,Đã thực hiện thao tác Xóa trên Facebook
1589997379353941,https://www.facebook.com/reel/3027154814148484/,06/01/2026 09:55,2150,,A,DELETED_UI,Đã thực hiện thao tác Xóa trên Facebook
1590230602663952,https://www.facebook.com/reel/2443222746089313/,06/01/2026 16:39,2157,,A,DELETED_UI,Đã thực hiện thao tác Xóa trên Facebook
1590246322662380,https://www.facebook.com/reel/996610726091474/,06/01/2026 17:09,1480,,A,DELETED_UI,Đã thực hiện thao tác Xóa trên Facebook
1590251719328507,https://www.facebook.com/reel/1470406127688137/,06/01/2026 17:18,1042,,A,DELETED_UI,Đã thực hiện thao tác Xóa trên Facebook
1590251812661831,https://www.facebook.com/reel/897370253374713/,06/01/2026 17:18,1376,,A,DELETED_UI,Đã thực hiện thao tác Xóa trên Facebook
1590259355994410,https://www.facebook.com/reel/27127829856827168/,06/01/2026 17:31,439,,A,DELETED_UI,Đã thực hiện thao tác Xóa trên Facebook
1590309432656069,https://www.facebook.com/reel/4578886099034677/,06/01/2026 18:55,573,,A,DELETED_UI,Đã thực hiện thao tác Xóa trên Facebook
1590334535986892,https://www.facebook.com/reel/1901658553859015/,06/01/2026 19:36,753,,A,DELETED_UI,Đã thực hiện thao tác Xóa trên Facebook
1590343662652646,https://www.facebook.com/reel/1326159646287238/,06/01/2026 19:51,1011,,A,DELETED_UI,Đã thực hiện thao tác Xóa trên Facebook
1590345879319091,https://www.facebook.com/reel/1204242528427523/,06/01/2026 19:55,713,,A,DELETED_UI,Đã thực hiện thao tác Xóa trên Facebook
1590356502651362,https://www.facebook.com/reel/1895459477782656/,06/01/2026 20:11,793,,A,DELETED_UI,Đã thực hiện thao tác Xóa trên Facebook
1590367485983597,https://www.facebook.com/reel/1322158612617304/,06/01/2026 20:30,4437,,A,DELETED_UI,Đã thực hiện thao tác Xóa trên Facebook
1590436629310016,https://www.facebook.com/reel/1987115708571214/,06/01/2026 22:22,1230,,A,DELETED_UI,Đã thực hiện thao tác Xóa trên Facebook
1590529572634055,https://www.facebook.com/reel/1481812157027276/,06/02/2026 00:51,1280,,A,DELETED_UI,Đã thực hiện thao tác Xóa trên Facebook
1590531059300573,https://www.facebook.com/donghonhakho.vn/posts/pfbid036138TNcd8xRT9sjDrhTC1ufXu9sPKm4PQB6zdPpmonZtkRkVa3PeYWGBiVHxHVxFl,06/02/2026 00:54,1020,,A,DELETED_UI,Đã thực hiện thao tác Xóa trên Facebook
1590565432630469,https://www.facebook.com/donghonhakho.vn/posts/pfbid02STAnZmh1bEfSEKvpSU3qH7A4YS8YdwuDzUFCJzMNi1Md6MbZnTdgDmMkJr9LHVCJl,06/02/2026 01:48,5615,,A,DELETED_UI,Đã thực hiện thao tác Xóa trên Facebook
1590645022622510,https://www.facebook.com/reel/999068765861528/,06/02/2026 03:55,4333,,A,DELETED_UI,Đã thực hiện thao tác Xóa trên Facebook
1591244122562600,https://www.facebook.com/donghonhakho.vn/posts/pfbid035p7iB79AJEt3RqPfRU8j6bDJzFFEexu2YGjwCDm3QJftdLxEkzHuaF7MXGw1hHwzl,06/02/2026 19:27,804,,A,DELETED_UI,Đã thực hiện thao tác Xóa trên Facebook
1591256345894711,https://www.facebook.com/reel/1011367101308903/,06/02/2026 19:45,1996,,A,DELETED_UI,Đã thực hiện thao tác Xóa trên Facebook
1591258709227808,https://www.facebook.com/reel/1355803749802991/,06/02/2026 19:49,1786,,A,DELETED_UI,Đã thực hiện thao tác Xóa trên Facebook
1591333782553634,https://www.facebook.com/reel/2345747899249778/,06/02/2026 21:45,6150,,A,DELETED_UI,Đã thực hiện thao tác Xóa trên Facebook
1591376159216063,https://www.facebook.com/reel/1382738007001007/,06/02/2026 22:52,7544,,A,DELETED_UI,Đã thực hiện thao tác Xóa trên Facebook
1591560439197635,https://www.facebook.com/reel/2494001911024117/,06/03/2026 03:30,9523,,A,DELETED_UI,Đã thực hiện thao tác Xóa trên Facebook
1591661765854169,https://www.facebook.com/reel/1695161514962093/,06/03/2026 05:52,5417,,A,DELETED_UI,Đã thực hiện thao tác Xóa trên Facebook
1591683705851975,https://www.facebook.com/reel/1010542625263196/,06/03/2026 06:18,2837,,A,DELETED_UI,Đã thực hiện thao tác Xóa trên Facebook
1591843725835973,https://www.facebook.com/reel/1574291057519275/,06/03/2026 09:46,2939,,A,DELETED_UI,Đã thực hiện thao tác Xóa trên Facebook
1591875269166152,https://www.facebook.com/reel/872225501939862/,06/03/2026 10:31,1169,,A,DELETED_UI,Đã thực hiện thao tác Xóa trên Facebook
1591875259166153,https://www.facebook.com/reel/3357236851123615/,06/03/2026 10:31,2721,,A,DELETED_UI,Đã thực hiện thao tác Xóa trên Facebook
1592176579136021,https://www.facebook.com/reel/803884459327153/,06/03/2026 19:09,1673,,A,DELETED_UI,Đã thực hiện thao tác Xóa trên Facebook
1592191969134482,https://www.facebook.com/reel/1546560323708772/,06/03/2026 19:34,5420,,A,DELETED_UI,Đã thực hiện thao tác Xóa trên Facebook
1592198772467135,https://www.facebook.com/reel/1546869636968852/,06/03/2026 19:46,781,,A,DELETED_UI,Đã thực hiện thao tác Xóa trên Facebook
1592205865799759,https://www.facebook.com/reel/1104589949412040/,06/03/2026 19:58,706,,A,DELETED_UI,Đã thực hiện thao tác Xóa trên Facebook
1592212122465800,https://www.facebook.com/reel/1163851475898341/,06/03/2026 20:07,1114,,A,DELETED_UI,Đã thực hiện thao tác Xóa trên Facebook
1592254059128273,https://www.facebook.com/reel/1023497780012148/,06/03/2026 21:16,1718,,A,DELETED_UI,Đã thực hiện thao tác Xóa trên Facebook
1592281165792229,https://www.facebook.com/reel/1953349685303551/,06/03/2026 22:01,7263,,A,DELETED_UI,Đã thực hiện thao tác Xóa trên Facebook
1592301259123553,https://www.facebook.com/reel/1546253797096869/,06/03/2026 22:35,5829,,A,DELETED_UI,Đã thực hiện thao tác Xóa trên Facebook
1592551412431871,https://www.facebook.com/reel/4292599834387097/,06/04/2026 05:08,2838,,A,DELETED_UI,Đã thực hiện thao tác Xóa trên Facebook
1592981779055501,https://www.facebook.com/reel/1033383192453968/,06/04/2026 16:11,4142,,A,DELETED_UI,Đã thực hiện thao tác Xóa trên Facebook
1592987755721570,https://www.facebook.com/reel/1748045752852831/,06/04/2026 16:23,8651,,A,DELETED_UI,Đã thực hiện thao tác Xóa trên Facebook
1592992279054451,https://www.facebook.com/reel/4407552129462891/,06/04/2026 16:33,4448,,A,DELETED_UI,Đã thực hiện thao tác Xóa trên Facebook
1592998135720532,https://www.facebook.com/reel/4433086296969872/,06/04/2026 16:43,2411,,A,DELETED_UI,Đã thực hiện thao tác Xóa trên Facebook
1593001155720230,https://www.facebook.com/reel/2402161546861355/,06/04/2026 16:47,1983,,A,DELETED_UI,Đã thực hiện thao tác Xóa trên Facebook
1593387205681625,https://www.facebook.com/donghonhakho.vn/posts/pfbid029T14QSo2aB7HkHZKdAaqySd8duyudo5WQjACNWmUfemMpsWdEqMAcwsjKYDBP5JDl,06/05/2026 03:11,5910,,A,DELETED_UI,Đã thực hiện thao tác Xóa trên Facebook
1594007178952961,https://www.facebook.com/donghonhakho.vn/posts/pfbid0L2DbktApe2XLX5idiqqKP2X9TLzuxeMLxX4LTTJQNjv4XK82QySPDJzngTnGcUodl,06/05/2026 19:03,687,,A,DELETED_UI,Đã thực hiện thao tác Xóa trên Facebook
1594009632286049,https://www.facebook.com/reel/975358591791577/,06/05/2026 19:07,7180,,A,DELETED_UI,Đã thực hiện thao tác Xóa trên Facebook
1594035008950178,https://www.facebook.com/donghonhakho.vn/posts/pfbid02V1NH2nsBPRxsK2LLmYt1X2Lxaekf1VT1aSwvqPwUPsVt2HDm3zP4YsC2wAgnZDF7l,06/05/2026 19:45,1559,,A,DELETED_UI,Đã thực hiện thao tác Xóa trên Facebook
1594055025614843,https://www.facebook.com/reel/27102626202735197/,06/05/2026 20:16,2006,,A,DELETED_UI,Đã thực hiện thao tác Xóa trên Facebook
1594061445614201,https://www.facebook.com/reel/2085061549071782/,06/05/2026 20:25,1040,,A,DELETED_UI,Đã thực hiện thao tác Xóa trên Facebook
1594067272280285,https://www.facebook.com/reel/793540887061002/,06/05/2026 20:34,4282,,A,DELETED_UI,Đã thực hiện thao tác Xóa trên Facebook
1594086638945015,https://www.facebook.com/reel/1303531018064913/,06/05/2026 21:04,3427,,A,DELETED_UI,Đã thực hiện thao tác Xóa trên Facebook
1594097582277254,https://www.facebook.com/reel/2206813560105872/,06/05/2026 21:20,5467,,A,DELETED_UI,Đã thực hiện thao tác Xóa trên Facebook
1594253355595010,https://www.facebook.com/reel/1717435802777221/,06/06/2026 01:38,2946,,A,DELETED_UI,Đã thực hiện thao tác Xóa trên Facebook
1595342378819441,https://www.facebook.com/reel/1667003007961426/,06/07/2026 06:30,188335,ODO,B,DELETED_UI,Đã thực hiện thao tác Xóa trên Facebook
1595342435486102,https://www.facebook.com/reel/1520083559900971/,06/07/2026 06:30,2593,,A,DELETED_UI,Đã thực hiện thao tác Xóa trên Facebook
1595357365484609,https://www.facebook.com/reel/2139208353304707/,06/07/2026 06:49,3390,,A,DELETED_UI,Đã thực hiện thao tác Xóa trên Facebook
1595367105483635,https://www.facebook.com/reel/1519042346356493/,06/07/2026 07:03,3403,,A,DELETED_UI,Đã thực hiện thao tác Xóa trên Facebook
1596035852083427,https://www.facebook.com/reel/2219821865431270/,06/08/2026 02:46,1493,,A,DELETED_UI,Đã thực hiện thao tác Xóa trên Facebook
1596040082083004,https://www.facebook.com/reel/1612529840233050/,06/08/2026 02:54,2459,,A,DELETED_UI,Đã thực hiện thao tác Xóa trên Facebook
1596044598749219,https://www.facebook.com/reel/1866301931280903/,06/08/2026 03:01,3411,,A,DELETED_UI,Đã thực hiện thao tác Xóa trên Facebook
1596107885409557,https://www.facebook.com/reel/2200896923979092/,06/08/2026 04:47,2773,,A,DELETED_UI,Đã thực hiện thao tác Xóa trên Facebook
1596109418742737,https://www.facebook.com/reel/1001558235898876/,06/08/2026 04:49,4384,,A,DELETED_UI,Đã thực hiện thao tác Xóa trên Facebook
1596132348740444,https://www.facebook.com/reel/1936862323648730/,06/08/2026 05:24,2293,,A,DELETED_UI,Đã thực hiện thao tác Xóa trên Facebook
1596531795367166,https://www.facebook.com/reel/1016836641282065/,06/08/2026 16:16,1765,,A,DELETED_UI,Đã thực hiện thao tác Xóa trên Facebook
1596830585337287,https://www.facebook.com/donghonhakho.vn/posts/pfbid02agrWxEuEH2EE8Q9Lfrc8Amdq5c4Z24VBGZoVRPczMsPeWMZXaXCpPa13bJBvfpowl,06/09/2026 01:08,777,,A,DELETED_UI,Đã thực hiện thao tác Xóa trên Facebook
1596835375336808,https://www.facebook.com/reel/1517112436617660/,06/09/2026 01:15,1515,,A,DELETED_UI,Đã thực hiện thao tác Xóa trên Facebook
1596835438670135,https://www.facebook.com/reel/1024905806716511/,06/09/2026 01:15,1590,,A,DELETED_UI,Đã thực hiện thao tác Xóa trên Facebook
1596838242003188,https://www.facebook.com/reel/929834936784077/,06/09/2026 01:20,1408,,A,DELETED_UI,Đã thực hiện thao tác Xóa trên Facebook
1596840375336308,https://www.facebook.com/reel/1667474531141596/,06/09/2026 01:24,2443,,A,DELETED_UI,Đã thực hiện thao tác Xóa trên Facebook
1596867215333624,https://www.facebook.com/reel/1940044989993487/,06/09/2026 02:07,3784,,A,DELETED_UI,Đã thực hiện thao tác Xóa trên Facebook
1596967895323556,https://www.facebook.com/reel/1716639052798445/,06/09/2026 04:54,818,,A,DELETED_UI,Đã thực hiện thao tác Xóa trên Facebook
1597396748614004,https://www.facebook.com/reel/1007730098572953/,06/09/2026 16:09,932,,A,DELETED_UI,Đã thực hiện thao tác Xóa trên Facebook
1597399558613723,https://www.facebook.com/reel/2076179189775609/,06/09/2026 16:15,1067,,A,DELETED_UI,Đã thực hiện thao tác Xóa trên Facebook
1597402471946765,https://www.facebook.com/reel/1528525965473321/,06/09/2026 16:20,833,,A,DELETED_UI,Đã thực hiện thao tác Xóa trên Facebook
1597409591946053,https://www.facebook.com/reel/1521042816318492/,06/09/2026 16:35,976,,A,DELETED_UI,Đã thực hiện thao tác Xóa trên Facebook
1597418988611780,https://www.facebook.com/reel/1538854731027532/,06/09/2026 16:53,1427,,A,DELETED_UI,Đã thực hiện thao tác Xóa trên Facebook
1597508791936133,https://www.facebook.com/reel/847005894723215/,06/09/2026 19:40,3671,,A,DELETED_UI,Đã thực hiện thao tác Xóa trên Facebook
1597514708602208,https://www.facebook.com/reel/962533909928284/,06/09/2026 19:50,3636,,A,DELETED_UI,Đã thực hiện thao tác Xóa trên Facebook
1597546571932355,https://www.facebook.com/reel/2124856121414735/,06/09/2026 20:45,1611,,A,DELETED_UI,Đã thực hiện thao tác Xóa trên Facebook
1580378766982469,https://www.facebook.com/reel/1668575107590562/,05/21/2026 05:04,3643,,A,DELETED_UI,Đã thực hiện thao tác Xóa trên Facebook
1561467872206892,https://www.facebook.com/reel/2500378617077364/,04/28/2026 07:17,2961,,A,DELETED_UI,Đã thực hiện thao tác Xóa trên Facebook
1561220008898345,https://www.facebook.com/donghonhakho.vn/posts/pfbid0nrTkiu9FuaazpMoMCpa6qzFu7XZULAWRxPwtPBfPivtxdnmkZntCzgnGeu2ykjNVl,04/28/2026 00:21,853,,A,DELETED_UI,Đã thực hiện thao tác Xóa trên Facebook
1580348390318840,https://www.facebook.com/reel/919495034469601/,05/21/2026 04:17,5849,,A,DELETED_UI,Đã thực hiện thao tác Xóa trên Facebook
1580258626994483,https://www.facebook.com/reel/3409381835899297/,05/21/2026 01:41,3609,,A,DELETED_UI,Đã thực hiện thao tác Xóa trên Facebook
1580222280331451,https://www.facebook.com/reel/989021014024248/,05/21/2026 00:36,5507,,A,DELETED_UI,Đã thực hiện thao tác Xóa trên Facebook
1580081547012191,https://www.facebook.com/reel/1516329289987237/,05/20/2026 20:21,3035,,A,DELETED_UI,Đã thực hiện thao tác Xóa trên Facebook
1580080200345659,https://www.facebook.com/reel/1332225689007480/,05/20/2026 20:18,1651,,A,DELETED_UI,Đã thực hiện thao tác Xóa trên Facebook
1580079140345765,https://www.facebook.com/reel/735310812977688/,05/20/2026 20:17,1464,,A,DELETED_UI,Đã thực hiện thao tác Xóa trên Facebook
1580070387013307,https://www.facebook.com/reel/1462636541814147/,05/20/2026 20:00,6338,,A,DELETED_UI,Đã thực hiện thao tác Xóa trên Facebook
1580066380347041,https://www.facebook.com/reel/972795692028468/,05/20/2026 19:53,1165,,A,DELETED_UI,Đã thực hiện thao tác Xóa trên Facebook
1580060093681003,https://www.facebook.com/reel/1932874714097487/,05/20/2026 19:42,5686,,A,DELETED_UI,Đã thực hiện thao tác Xóa trên Facebook
1580056413681371,https://www.facebook.com/reel/26722918060726932/,05/20/2026 19:36,1105,,A,DELETED_UI,Đã thực hiện thao tác Xóa trên Facebook
1580045653682447,https://www.facebook.com/reel/1254813073150775/,05/20/2026 19:16,918,,A,DELETED_UI,Đã thực hiện thao tác Xóa trên Facebook
1580018760351803,https://www.facebook.com/donghonhakho.vn/posts/pfbid033QmGHGTdrq49URZbtdps7iCrGG7MevLhcrAuSmm5LJsj38ZzadZPBqqKQbxd7o3Cl,05/20/2026 18:25,912,,A,DELETED_UI,Đã thực hiện thao tác Xóa trên Facebook
1580013727018973,https://www.facebook.com/donghonhakho.vn/posts/pfbid025qRnEm6csXw1fhYvESgUcL7i1v6XDyVdZ16aXfUiS1f8TmtAGVfnaMWx7xngLWSZl,05/20/2026 18:16,1163,,A,DELETED_UI,Đã thực hiện thao tác Xóa trên Facebook
1579716743715338,https://www.facebook.com/reel/808766622092184/,05/20/2026 08:59,4782,ODO,A+B,DELETED_UI,Đã thực hiện thao tác Xóa trên Facebook
1579693393717673,https://www.facebook.com/reel/2217804632298603/,05/20/2026 08:25,1164,,A,DELETED_UI,Đã thực hiện thao tác Xóa trên Facebook
1579629403724072,https://www.facebook.com/reel/3087458594781602/,05/20/2026 06:54,3273,,A,DELETED_UI,Đã thực hiện thao tác Xóa trên Facebook
1579519693735043,https://www.facebook.com/reel/1721195525902242/,05/20/2026 04:09,765,,A,DELETED_UI,Đã thực hiện thao tác Xóa trên Facebook
1579470167073329,https://www.facebook.com/reel/865210346600833/,05/20/2026 02:47,3906,,A,DELETED_UI,Đã thực hiện thao tác Xóa trên Facebook
1579463130407366,https://www.facebook.com/reel/929290616599190/,05/20/2026 02:35,2364,,A,DELETED_UI,Đã thực hiện thao tác Xóa trên Facebook
1579456877074658,https://www.facebook.com/reel/1331440458866221/,05/20/2026 02:24,1809,,A,DELETED_UI,Đã thực hiện thao tác Xóa trên Facebook
1579451747075171,https://www.facebook.com/donghonhakho.vn/posts/pfbid02vTEUFeMVNa1JgNSbzhAftX2SBSBNJ3izp1iix2YA5EAmmfw8Kcw7mZ5xjkEJkrdpl,05/20/2026 02:17,617,,A,DELETED_UI,Đã thực hiện thao tác Xóa trên Facebook
1579447353742277,https://www.facebook.com/donghonhakho.vn/posts/pfbid036eiRXHzsRTdHDk4mqbpGiYMwQ4ByGNsDAiBzg6WRcW7fFjiMZDATCq8wcnv5g2Hfl,05/20/2026 02:10,470,,A,DELETED_UI,Đã thực hiện thao tác Xóa trên Facebook
1579412287079117,https://www.facebook.com/reel/818865877686629/,05/20/2026 01:10,1763,,A,DELETED_UI,Đã thực hiện thao tác Xóa trên Facebook
1579396873747325,https://www.facebook.com/reel/1306006484929011/,05/20/2026 00:45,1761,,A,DELETED_UI,Đã thực hiện thao tác Xóa trên Facebook
1579381237082222,https://www.facebook.com/reel/2428517274287592/,05/20/2026 00:18,5166,,A,DELETED_UI,Đã thực hiện thao tác Xóa trên Facebook
1579289413758071,https://www.facebook.com/reel/984737337540211/,05/19/2026 21:29,1832,,A,DELETED_UI,Đã thực hiện thao tác Xóa trên Facebook
1579246473762365,https://www.facebook.com/reel/1555393515944250/,05/19/2026 20:14,2467,,A,DELETED_UI,Đã thực hiện thao tác Xóa trên Facebook
1579244340429245,https://www.facebook.com/reel/1433745952127759/,05/19/2026 20:11,763,,A,DELETED_UI,Đã thực hiện thao tác Xóa trên Facebook
1579111787109167,https://www.facebook.com/reel/1962174445170753/,05/19/2026 16:28,4709,,A,DELETED_UI,Đã thực hiện thao tác Xóa trên Facebook
1578461300507549,https://www.facebook.com/reel/1778225849807314/,05/18/2026 22:47,2840,,A,DELETED_UI,Đã thực hiện thao tác Xóa trên Facebook
1578445277175818,https://www.facebook.com/reel/4459021757660414/,05/18/2026 22:15,5157,,A,DELETED_UI,Đã thực hiện thao tác Xóa trên Facebook
1578436140510065,https://www.facebook.com/donghonhakho.vn/posts/pfbid08VXNqwvnETGeSgB8pufvjXYRPWrKbtAHaB86bA76pdXhmMt3acJU2njUjEcPUBBFl,05/18/2026 21:57,269,,A,DELETED_UI,Đã thực hiện thao tác Xóa trên Facebook
1578426087177737,https://www.facebook.com/reel/914931938244775/,05/18/2026 21:40,4105,,A,DELETED_UI,Đã thực hiện thao tác Xóa trên Facebook
1578334363853576,https://www.facebook.com/reel/2078221759407535/,05/18/2026 18:53,617,,A,DELETED_UI,Đã thực hiện thao tác Xóa trên Facebook
1577836647236681,https://www.facebook.com/reel/1028996666267650/,05/18/2026 04:50,803,,A,DELETED_UI,Đã thực hiện thao tác Xóa trên Facebook
1577833280570351,https://www.facebook.com/reel/1008591614929928/,05/18/2026 04:44,3478,,A,DELETED_UI,Đã thực hiện thao tác Xóa trên Facebook
1577769783910034,https://www.facebook.com/reel/996987152831326/,05/18/2026 02:58,1019,,A,DELETED_UI,Đã thực hiện thao tác Xóa trên Facebook
1577701923916820,https://www.facebook.com/reel/1300808011501275/,05/18/2026 01:03,3077,,A,DELETED_UI,Đã thực hiện thao tác Xóa trên Facebook
1577693370584342,https://www.facebook.com/reel/1875686943835521/,05/18/2026 00:47,3812,,A,DELETED_UI,Đã thực hiện thao tác Xóa trên Facebook
1577688660584813,https://www.facebook.com/reel/949040488121694/,05/18/2026 00:39,4375,,A,DELETED_UI,Đã thực hiện thao tác Xóa trên Facebook
1577683913918621,https://www.facebook.com/reel/2858435024520611/,05/18/2026 00:32,3621,,A,DELETED_UI,Đã thực hiện thao tác Xóa trên Facebook
1577601680593511,https://www.facebook.com/reel/1454971585934579/,05/17/2026 22:04,4151,,A,DELETED_UI,Đã thực hiện thao tác Xóa trên Facebook
1577583080595371,https://www.facebook.com/reel/920654367654534/,05/17/2026 21:29,8771,,A,DELETED_UI,Đã thực hiện thao tác Xóa trên Facebook
1577091510644528,https://www.facebook.com/reel/1572415324605184/,05/17/2026 07:23,6510,,A,DELETED_UI,Đã thực hiện thao tác Xóa trên Facebook
1576722357348110,https://www.facebook.com/reel/27175365305429151/,05/16/2026 20:55,1520,,A,DELETED_UI,Đã thực hiện thao tác Xóa trên Facebook
1576653287355017,https://www.facebook.com/reel/2079901182594211/,05/16/2026 18:51,4323,,A,DELETED_UI,Đã thực hiện thao tác Xóa trên Facebook
1576627637357582,https://www.facebook.com/reel/1231656215534980/,05/16/2026 18:04,7574,,A,DELETED_UI,Đã thực hiện thao tác Xóa trên Facebook
1576229797397366,https://www.facebook.com/reel/3093438624189063/,05/16/2026 06:48,6156,,A,DELETED_UI,Đã thực hiện thao tác Xóa trên Facebook
1576061357414210,https://www.facebook.com/reel/987992077560999/,05/16/2026 02:22,6222,,A,DELETED_UI,Đã thực hiện thao tác Xóa trên Facebook
1576033590750320,https://www.facebook.com/reel/27794141460173329/,05/16/2026 01:32,6701,,A,DELETED_UI,Đã thực hiện thao tác Xóa trên Facebook
1576013607418985,https://www.facebook.com/reel/1004388928594256/,05/16/2026 01:00,7695,,A,DELETED_UI,Đã thực hiện thao tác Xóa trên Facebook
1575880074099005,https://www.facebook.com/reel/1007880238260439/,05/15/2026 21:06,877,,A,DELETED_UI,Đã thực hiện thao tác Xóa trên Facebook
1575865024100510,https://www.facebook.com/reel/1613879876374559/,05/15/2026 20:40,638,,A,DELETED_UI,Đã thực hiện thao tác Xóa trên Facebook
1575844960769183,https://www.facebook.com/reel/943669655162248/,05/15/2026 20:05,5850,ODO,A+B,DELETED_UI,Đã thực hiện thao tác Xóa trên Facebook
1575833880770291,https://www.facebook.com/donghonhakho.vn/posts/pfbid0WxHtKaAJkgG9xbGwF3NSZ3Y3Ds9LJNGmR6GB8dj4tRFtGStYUnaLiSwNgKmkQW2ql,05/15/2026 19:45,683,,A,DELETED_UI,Đã thực hiện thao tác Xóa trên Facebook
1575804854106527,https://www.facebook.com/reel/1346033784239997/,05/15/2026 18:55,1334,,A,DELETED_UI,Đã thực hiện thao tác Xóa trên Facebook
1575800750773604,https://www.facebook.com/reel/2011631482782222/,05/15/2026 18:48,1360,,A,DELETED_UI,Đã thực hiện thao tác Xóa trên Facebook
1575446254142387,https://www.facebook.com/reel/1345127244162582/,05/15/2026 08:24,140149,ODO,B,DELETED_UI,Đã thực hiện thao tác Xóa trên Facebook
1575443954142617,https://www.facebook.com/reel/1402432924958307/,05/15/2026 08:21,188039,ODO,B,DELETED_UI,Đã thực hiện thao tác Xóa trên Facebook
1575439860809693,https://www.facebook.com/reel/830382173458310/,05/15/2026 08:15,1052,ODO,A+B,DELETED_UI,Đã thực hiện thao tác Xóa trên Facebook
1575438420809837,https://www.facebook.com/reel/1672195574094585/,05/15/2026 08:13,2366,ODO,A+B,DELETED_UI,Đã thực hiện thao tác Xóa trên Facebook
1575213704165642,https://www.facebook.com/reel/1662709031449348/,05/15/2026 02:29,6452,,A,DELETED_UI,Đã thực hiện thao tác Xóa trên Facebook
1575213614165651,https://www.facebook.com/reel/1684308076349678/,05/15/2026 02:29,7681,,A,DELETED_UI,Đã thực hiện thao tác Xóa trên Facebook
1575208170832862,https://www.facebook.com/reel/1441512307774576/,05/15/2026 02:20,7441,,A,UNVERIFIED,"Giao diện đặc thù, chưa xác minh được"
1575204577499888,https://www.facebook.com/reel/2381215282403691/,05/15/2026 02:14,6647,,A,DELETED_UI,Đã thực hiện thao tác Xóa trên Facebook
1574579774229035,https://www.facebook.com/reel/2726792201025858/,05/14/2026 07:51,3232,,A,DELETED_UI,Đã thực hiện thao tác Xóa trên Facebook
1574573564229656,https://www.facebook.com/reel/1683432336236052/,05/14/2026 07:43,2646,,A,DELETED_UI,Đã thực hiện thao tác Xóa trên Facebook
1574517764235236,https://www.facebook.com/reel/970518552044389/,05/14/2026 06:22,3030,,A,DELETED_UI,Đã thực hiện thao tác Xóa trên Facebook
1574379594249053,https://www.facebook.com/reel/1711354073334624/,05/14/2026 02:49,5357,,A,DELETED_UI,Đã thực hiện thao tác Xóa trên Facebook
1574361454250867,https://www.facebook.com/reel/27164491156518871/,05/14/2026 02:19,8323,,A,DELETED_UI,Đã thực hiện thao tác Xóa trên Facebook
1572540207766325,https://www.facebook.com/reel/1849421702402723/,05/11/2026 21:55,6618,,A,DELETED_UI,Đã thực hiện thao tác Xóa trên Facebook
1569935194693493,https://www.facebook.com/reel/2444686559276147/,05/08/2026 18:37,6111,,A,DELETED_UI,Đã thực hiện thao tác Xóa trên Facebook
1569922748028071,https://www.facebook.com/reel/1746354926742079/,05/08/2026 18:12,5071,,A,DELETED_UI,Đã thực hiện thao tác Xóa trên Facebook
1568577751495904,https://www.facebook.com/reel/2158101031701831/,05/07/2026 01:47,3441,,A,DELETED_UI,Đã thực hiện thao tác Xóa trên Facebook
1565898081763871,https://www.facebook.com/reel/1501844361325593/,05/03/2026 16:36,5412,,A,DELETED_UI,Đã thực hiện thao tác Xóa trên Facebook
1565890178431328,https://www.facebook.com/reel/1608600860226634/,05/03/2026 16:18,2064,,A,DELETED_UI,Đã thực hiện thao tác Xóa trên Facebook
1565887021764977,https://www.facebook.com/reel/3316406355195112/,05/03/2026 16:11,2853,,A,DELETED_UI,Đã thực hiện thao tác Xóa trên Facebook
1565885781765101,https://www.facebook.com/reel/1521415672900683/,05/03/2026 16:08,2973,,A,DELETED_UI,Đã thực hiện thao tác Xóa trên Facebook
1565884805098532,https://www.facebook.com/reel/958267516823524/,05/03/2026 16:06,2600,,A,DELETED_UI,Đã thực hiện thao tác Xóa trên Facebook
1565882328432113,https://www.facebook.com/reel/1723834898603760/,05/03/2026 16:01,6327,,A,DELETED_UI,Đã thực hiện thao tác Xóa trên Facebook
1565560385130974,https://www.facebook.com/reel/2253857135021931/,05/03/2026 06:46,6383,,A,DELETED_UI,Đã thực hiện thao tác Xóa trên Facebook
1565554001798279,https://www.facebook.com/reel/1528168485765968/,05/03/2026 06:36,3785,,A,DELETED_UI,Đã thực hiện thao tác Xóa trên Facebook
1565501545136858,https://www.facebook.com/reel/4794754464003645/,05/03/2026 05:44,4607,,A,DELETED_UI,Đã thực hiện thao tác Xóa trên Facebook
1565380418482304,https://www.facebook.com/reel/1001319775799150/,05/03/2026 02:19,2612,,A,DELETED_UI,Đã thực hiện thao tác Xóa trên Facebook
1565380348482311,https://www.facebook.com/reel/1528880295523970/,05/03/2026 02:19,9689,,A,DELETED_UI,Đã thực hiện thao tác Xóa trên Facebook
1565374201816259,https://www.facebook.com/reel/2266236164142596/,05/03/2026 02:07,9545,,A,DELETED_UI,Đã thực hiện thao tác Xóa trên Facebook
1565371251816554,https://www.facebook.com/reel/1460626442529334/,05/03/2026 02:01,5818,,A,DELETED_UI,Đã thực hiện thao tác Xóa trên Facebook
1565366218483724,https://www.facebook.com/reel/4174939009316286/,05/03/2026 01:51,5439,,A,DELETED_UI,Đã thực hiện thao tác Xóa trên Facebook
1565347475152265,https://www.facebook.com/reel/2061168808170329/,05/03/2026 01:18,4336,,A,DELETED_UI,Đã thực hiện thao tác Xóa trên Facebook
1565136371840042,https://www.facebook.com/reel/1326980079287653/,05/02/2026 18:42,2094,,A,DELETED_UI,Đã thực hiện thao tác Xóa trên Facebook
1563777318642614,https://www.facebook.com/reel/3796892443786231/,05/01/2026 02:07,4148,,A,DELETED_UI,Đã thực hiện thao tác Xóa trên Facebook
1563763611977318,https://www.facebook.com/reel/1299262115489324/,05/01/2026 01:41,3773,,A,DELETED_UI,Đã thực hiện thao tác Xóa trên Facebook
1563745428645803,https://www.facebook.com/reel/984841787319670/,05/01/2026 01:12,4450,,A,DELETED_UI,Đã thực hiện thao tác Xóa trên Facebook
1563736711980008,https://www.facebook.com/reel/4174341869544222/,05/01/2026 00:56,2473,,A,DELETED_UI,Đã thực hiện thao tác Xóa trên Facebook
1563736578646688,https://www.facebook.com/reel/1714579526389894/,05/01/2026 00:56,4218,,A,DELETED_UI,Đã thực hiện thao tác Xóa trên Facebook
1563736468646699,https://www.facebook.com/reel/26516775414652782/,05/01/2026 00:56,2818,,A,DELETED_UI,Đã thực hiện thao tác Xóa trên Facebook
1562634612090218,https://www.facebook.com/reel/1110525911277290/,04/29/2026 16:37,2367,,A,DELETED_UI,Đã thực hiện thao tác Xóa trên Facebook
1562131565473856,https://www.facebook.com/reel/1504738044353057/,04/29/2026 02:50,4782,,A,DELETED_UI,Đã thực hiện thao tác Xóa trên Facebook
1562050138815332,https://www.facebook.com/donghonhakho.vn/posts/pfbid0sLvniGBk4mkeMs1MUQdqjmJUP8uGkmLXx5byiZogioindL8t5swyxxwKXtX94Pmfl,04/29/2026 00:31,899,,A,DELETED_UI,Đã thực hiện thao tác Xóa trên Facebook
1561851535501859,https://www.facebook.com/reel/1475586134113413/,04/28/2026 18:43,3620,,A,DELETED_UI,Đã thực hiện thao tác Xóa trên Facebook
1549711066715906,https://www.facebook.com/reel/1348520833761956/,04/13/2026 21:44,2870,,A,DELETED_UI,Đã thực hiện thao tác Xóa trên Facebook
1549724473381232,https://www.facebook.com/reel/4370689679853701/,04/13/2026 22:12,4465,,A,DELETED_UI,Đã thực hiện thao tác Xóa trên Facebook
1549727000047646,https://www.facebook.com/reel/985415190498761/,04/13/2026 22:17,5242,,A,DELETED_UI,Đã thực hiện thao tác Xóa trên Facebook
1549811580039188,https://www.facebook.com/donghonhakho.vn/posts/pfbid02BGwFAGXWw1Ktzj8Ehxq1ZHyDjs5e9swEWudGcKz2RNPKbJjm8AYCt3KDnrdStVpDl,04/14/2026 01:04,1696,,A,DELETED_UI,Đã thực hiện thao tác Xóa trên Facebook
1549838556703157,https://www.facebook.com/donghonhakho.vn/posts/pfbid0Xz2giS12a4Nayaaw96U7dvESJoVZUgeF6BagbeDV82Mfjq2a6cYfBZu4QPKHuE7Ul,04/14/2026 01:49,1694,,A,DELETED_UI,Đã thực hiện thao tác Xóa trên Facebook
1549943840025962,https://www.facebook.com/reel/2499827440454780/,04/14/2026 04:54,5363,,A,DELETED_UI,Đã thực hiện thao tác Xóa trên Facebook
1549991050021241,https://www.facebook.com/reel/1723923595654899/,04/14/2026 06:11,2816,,A,DELETED_UI,Đã thực hiện thao tác Xóa trên Facebook
1550394403314239,https://www.facebook.com/reel/26613287601662455/,04/14/2026 18:34,2538,,A,DELETED_UI,Đã thực hiện thao tác Xóa trên Facebook
1550432646643748,https://www.facebook.com/donghonhakho.vn/posts/pfbid0nkTMEWzZ1QZGVrCb92VxqrHYjkvDgG7cKH59idBTfF2xdJSGAcdW5v3S4iJV5rWtl,04/14/2026 19:51,608,,A,DELETED_UI,Đã thực hiện thao tác Xóa trên Facebook
1550469976640015,https://www.facebook.com/donghonhakho.vn/posts/pfbid02Jy4NUvymUvZd2AKUwSsY8AB5r5aao89XgcnyrF4FViEDCtHDD3LMGfhBDGWswpLUl,04/14/2026 21:01,1401,,A,DELETED_UI,Đã thực hiện thao tác Xóa trên Facebook
1550640999956246,https://www.facebook.com/donghonhakho.vn/posts/pfbid0E2Gt9BarrSx6zRPpoB7TT8okskWgLno8RnZSDGMGTfbiKVwrgV2MVRvB1Mn9YvSUl,04/15/2026 01:53,1772,,A,DELETED_UI,Đã thực hiện thao tác Xóa trên Facebook
1551386203215059,https://www.facebook.com/reel/1482249016832535/,04/15/2026 23:13,2997,,A,DELETED_UI,Đã thực hiện thao tác Xóa trên Facebook
1551425733211106,https://www.facebook.com/reel/4223003477965675/,04/16/2026 00:19,2836,,A,DELETED_UI,Đã thực hiện thao tác Xóa trên Facebook
1551427106544302,https://www.facebook.com/reel/2053242222269520/,04/16/2026 00:21,3581,,A,DELETED_UI,Đã thực hiện thao tác Xóa trên Facebook
1551473046539708,https://www.facebook.com/donghonhakho.vn/posts/pfbid0TtpqGEiY9qtMSm1dkiD1gcLs5UJAezVkZEKHN3K5T2Umb1NaHn42EuPqM74HJNsZl,04/16/2026 01:33,1088,,A,DELETED_UI,Đã thực hiện thao tác Xóa trên Facebook
1552180823135597,https://www.facebook.com/reel/1304300824941979/,04/16/2026 22:41,2455,,A,UNVERIFIED,"Giao diện đặc thù, chưa xác minh được"
1552884536398559,https://www.facebook.com/donghonhakho.vn/posts/pfbid02r8VBLKUwqU87weubsPVk7HxgwXdDYNwwbEk9WuX2gEteKuz51nRjFFJLaz9YysYil,04/17/2026 20:19,5028,,A,DELETED_UI,Đã thực hiện thao tác Xóa trên Facebook
1554826079537738,https://www.facebook.com/reel/1673552104060182/,04/20/2026 08:10,8876,,A,DELETED_UI,Đã thực hiện thao tác Xóa trên Facebook
1554838669536479,https://www.facebook.com/reel/1673000407179225/,04/20/2026 08:30,7822,,A,DELETED_UI,Đã thực hiện thao tác Xóa trên Facebook
1554844559535890,https://www.facebook.com/reel/1232889239015314/,04/20/2026 08:39,2710,,A,DELETED_UI,Đã thực hiện thao tác Xóa trên Facebook
1555076269512719,https://www.facebook.com/reel/1673352024088009/,04/20/2026 15:59,3047,,A,DELETED_UI,Đã thực hiện thao tác Xóa trên Facebook
1555084779511868,https://www.facebook.com/reel/968458539305970/,04/20/2026 16:18,1022,,A,DELETED_UI,Đã thực hiện thao tác Xóa trên Facebook
1555154509504895,https://www.facebook.com/donghonhakho.vn/posts/pfbid02g7Ge3inP4D2wNxzVY2aZQQLpVxwtk5gxxzGJ6GRA4NYnw3xSwpQJ6yQYAnitv9N9l,04/20/2026 18:50,5073,,A,DELETED_UI,Đã thực hiện thao tác Xóa trên Facebook
1555549662798713,https://www.facebook.com/photo.php?fbid=1555549662798713&set=a.846017200418633&type=3,04/21/2026 06:32,1440,,A,UNVERIFIED,"Giao diện đặc thù, chưa xác minh được"
1555978172755862,https://www.facebook.com/reel/2727597404288686/,04/21/2026 19:22,2746,,A,UNVERIFIED,"Giao diện đặc thù, chưa xác minh được"
1555984256088587,https://www.facebook.com/reel/961212919825309/,04/21/2026 19:33,6549,,A,DELETED_UI,Đã thực hiện thao tác Xóa trên Facebook
1556671716019841,https://www.facebook.com/reel/4407134266166029/,04/22/2026 16:19,2767,,A,DELETED_UI,Đã thực hiện thao tác Xóa trên Facebook
1556673529352993,https://www.facebook.com/reel/1348665480437209/,04/22/2026 16:23,4948,,A,DELETED_UI,Đã thực hiện thao tác Xóa trên Facebook
1556838956003117,https://www.facebook.com/reel/1289645549946290/,04/22/2026 21:45,3839,,A,DELETED_UI,Đã thực hiện thao tác Xóa trên Facebook
1556876639332682,https://www.facebook.com/reel/2411065556068278/,04/22/2026 22:57,4903,,A,DELETED_UI,Đã thực hiện thao tác Xóa trên Facebook
1556897462663933,https://www.facebook.com/reel/821497430520791/,04/22/2026 23:36,5932,,A,DELETED_UI,Đã thực hiện thao tác Xóa trên Facebook
1557479652605714,https://www.facebook.com/reel/4201425256836488/,04/23/2026 16:11,2423,,A,DELETED_UI,Đã thực hiện thao tác Xóa trên Facebook
1557480602605619,https://www.facebook.com/reel/1287404749429802/,04/23/2026 16:13,2676,,A,DELETED_UI,Đã thực hiện thao tác Xóa trên Facebook
1557529752600704,https://www.facebook.com/reel/1480374113833390/,04/23/2026 17:58,7663,,A,DELETED_UI,Đã thực hiện thao tác Xóa trên Facebook
1557551312598548,https://www.facebook.com/reel/1505336104435674/,04/23/2026 18:38,5653,,A,DELETED_UI,Đã thực hiện thao tác Xóa trên Facebook
1557803465906666,https://www.facebook.com/donghonhakho.vn/posts/pfbid0baWd469gzR59e15uVVKDYVcrhWaH4HYAMqnkQrqwJN6fVqEyVwiL8h1UhtWBhA8Cl,04/24/2026 02:19,790,,A,DELETED_UI,Đã thực hiện thao tác Xóa trên Facebook
1558010472552632,https://www.facebook.com/reel/2151844952336092/,04/24/2026 07:45,3479,,A,DELETED_UI,Đã thực hiện thao tác Xóa trên Facebook
1558425005844512,https://www.facebook.com/donghonhakho.vn/posts/pfbid0mBvJtWKPPZTDnVjWtFLhKp4wTyGy38LnDox38Eon5VCi8xUJuqQP1DhnACZyq9sbl,04/24/2026 19:46,387,,A,DELETED_UI,Đã thực hiện thao tác Xóa trên Facebook
1558425795844433,https://www.facebook.com/reel/1996867941225166/,04/24/2026 19:47,5182,,A,DELETED_UI,Đã thực hiện thao tác Xóa trên Facebook
1558428779177468,https://www.facebook.com/reel/975868714903934/,04/24/2026 19:52,6957,,A,UNVERIFIED,"Giao diện đặc thù, chưa xác minh được"
1558443965842616,https://www.facebook.com/donghonhakho.vn/posts/pfbid02iKNe5T622kY6t82wxtyqZUZbFA9LSnXJ5G82fe4PrCSLviF1Q8s9uxFiyNrXAeBnl,04/24/2026 20:19,500,,A,DELETED_UI,Đã thực hiện thao tác Xóa trên Facebook
1558613909158955,https://www.facebook.com/donghonhakho.vn/posts/pfbid02y68LBNyy6CmRyzjsfHnEttv6XQ86z5v4NSugRjc5bn7swffjU7gSAbRiq6kcdmeel,04/25/2026 01:10,861,,A,DELETED_UI,Đã thực hiện thao tác Xóa trên Facebook
1558883999131946,https://www.facebook.com/reel/2770638819955033/,04/25/2026 07:56,5246,,A,DELETED_UI,Đã thực hiện thao tác Xóa trên Facebook
1558913329129013,https://www.facebook.com/reel/961042026882674/,04/25/2026 08:37,2865,,A,DELETED_UI,Đã thực hiện thao tác Xóa trên Facebook
1559688209051525,https://www.facebook.com/reel/1701839330970132/,04/26/2026 06:02,3329,,A,DELETED_UI,Đã thực hiện thao tác Xóa trên Facebook
1559692635717749,https://www.facebook.com/reel/1665572784477412/,04/26/2026 06:09,2402,,A,DELETED_UI,Đã thực hiện thao tác Xóa trên Facebook
1559698345717178,https://www.facebook.com/reel/1276782844187925/,04/26/2026 06:17,2493,,A,DELETED_UI,Đã thực hiện thao tác Xóa trên Facebook
1559738015713211,https://www.facebook.com/reel/1461288612127222/,04/26/2026 07:13,6421,,A,DELETED_UI,Đã thực hiện thao tác Xóa trên Facebook
1560600238960322,https://www.facebook.com/reel/4380654132156418/,04/27/2026 06:44,3654,,A,DELETED_UI,Đã thực hiện thao tác Xóa trên Facebook
1560725708947775,https://www.facebook.com/reel/994093426412782/,04/27/2026 08:56,4560,,A,DELETED_UI,Đã thực hiện thao tác Xóa trên Facebook
1548544870165859,https://www.facebook.com/reel/920401524212745/,04/12/2026 08:25,2250,,A,DELETED_UI,Đã thực hiện thao tác Xóa trên Facebook
1548495330170813,https://www.facebook.com/reel/976899934684647/,04/12/2026 07:08,2590,,A,DELETED_UI,Đã thực hiện thao tác Xóa trên Facebook
1548494370170909,https://www.facebook.com/reel/962086889745783/,04/12/2026 07:07,4403,,A,DELETED_UI,Đã thực hiện thao tác Xóa trên Facebook
1548047570215589,https://www.facebook.com/reel/1724070731906306/,04/11/2026 17:33,2083,,A,DELETED_UI,Đã thực hiện thao tác Xóa trên Facebook
1547538236933189,https://www.facebook.com/reel/2489738571480968/,04/11/2026 01:46,3247,,A,DELETED_UI,Đã thực hiện thao tác Xóa trên Facebook
1547379820282364,https://www.facebook.com/reel/1579290323153749/,04/10/2026 20:39,6781,,A,DELETED_UI,Đã thực hiện thao tác Xóa trên Facebook
1547340926952920,https://www.facebook.com/reel/1663507054793518/,04/10/2026 19:21,2376,,A,DELETED_UI,Đã thực hiện thao tác Xóa trên Facebook
1546784107008602,https://www.facebook.com/donghonhakho.vn/posts/pfbid024Wypqf9HAxFdsdZDrGSo5Lk9SejkrShzGhNDUrbGovAhtfacqmx1rLp8qrFJLxdul,04/10/2026 01:49,1402,,A,UNVERIFIED,"Giao diện đặc thù, chưa xác minh được"
1546776523676027,https://www.facebook.com/reel/1318331753494671/,04/10/2026 01:35,2832,,A,DELETED_UI,Đã thực hiện thao tác Xóa trên Facebook
1546775113676168,https://www.facebook.com/reel/27091164323814872/,04/10/2026 01:32,4436,,A,DELETED_UI,Đã thực hiện thao tác Xóa trên Facebook
1546774227009590,https://www.facebook.com/reel/5393100410915913/,04/10/2026 01:30,8501,,A,DELETED_UI,Đã thực hiện thao tác Xóa trên Facebook
1546748173678862,https://www.facebook.com/reel/842176274816842/,04/10/2026 00:39,3285,,A,DELETED_UI,Đã thực hiện thao tác Xóa trên Facebook
1546636537023359,https://www.facebook.com/donghonhakho.vn/posts/pfbid02ftiD2QzJHzDDWT5PoceicbJKjJ7kstJGfkMKmVAjSgVTDua7hgUDhXNEWGRcTSTml,04/09/2026 21:04,374,,A,DELETED_UI,Đã thực hiện thao tác Xóa trên Facebook
1546626487024364,https://www.facebook.com/donghonhakho.vn/posts/pfbid0gVDr2Sk9FUoYYC2NUsU61Q2oTqbDSYPTBTFYUeUAMGjuJT6uKTs1v7T35Lt2Ycinl,04/09/2026 20:46,648,,A,DELETED_UI,Đã thực hiện thao tác Xóa trên Facebook
1546573567029656,https://www.facebook.com/reel/1279531374271696/,04/09/2026 19:06,4742,,A,DELETED_UI,Đã thực hiện thao tác Xóa trên Facebook
1546193260401020,https://www.facebook.com/donghonhakho.vn/posts/pfbid09nfJDPBix1QP2RtfF9r8LLQeZdB4gr2b2VQGnzpuFPRzaD6U2StiRsZoQUeE51Ewl,04/09/2026 06:52,6192,,A,DELETED_UI,Đã thực hiện thao tác Xóa trên Facebook
1545987530421593,https://www.facebook.com/reel/25964643759885113/,04/09/2026 00:45,9695,,A,DELETED_UI,Đã thực hiện thao tác Xóa trên Facebook
1545984417088571,https://www.facebook.com/reel/2120511808492464/,04/09/2026 00:39,2136,,A,DELETED_UI,Đã thực hiện thao tác Xóa trên Facebook
1545514113802268,https://www.facebook.com/reel/1631822301201031/,04/08/2026 08:59,6089,,A,DELETED_UI,Đã thực hiện thao tác Xóa trên Facebook
1545489647138048,https://www.facebook.com/reel/1660381875093166/,04/08/2026 08:22,3504,,A,DELETED_UI,Đã thực hiện thao tác Xóa trên Facebook
1545418837145129,https://www.facebook.com/reel/4460528640833905/,04/08/2026 06:33,2844,,A,DELETED_UI,Đã thực hiện thao tác Xóa trên Facebook
1544526523901027,https://www.facebook.com/reel/967189702321076/,04/07/2026 02:42,4968,,A,DELETED_UI,Đã thực hiện thao tác Xóa trên Facebook
1544522640568082,https://www.facebook.com/reel/26813105364989092/,04/07/2026 02:34,6124,,A,DELETED_UI,Đã thực hiện thao tác Xóa trên Facebook
1544511880569158,https://www.facebook.com/reel/26849377974667126/,04/07/2026 02:12,7597,,A,DELETED_UI,Đã thực hiện thao tác Xóa trên Facebook
1544477517239261,https://www.facebook.com/reel/2131122850978359/,04/07/2026 01:07,3569,,A,DELETED_UI,Đã thực hiện thao tác Xóa trên Facebook
1544476457239367,https://www.facebook.com/reel/1324387259528695/,04/07/2026 01:05,2041,,A,DELETED_UI,Đã thực hiện thao tác Xóa trên Facebook
1541340180886328,https://www.facebook.com/donghonhakho.vn/posts/pfbid02tCwnZrxMpxud8fS8Kos2wv22HVM2j1Yj5y2mxpPk7P7Bzxdodgy6gm8X8TkTXrXYl,04/03/2026 01:21,874,,A,UNVERIFIED,"Giao diện đặc thù, chưa xác minh được"
1540808227606190,https://www.facebook.com/reel/1470304711168451/,04/02/2026 09:06,4070,,A,DELETED_UI,Đã thực hiện thao tác Xóa trên Facebook
1540785500941796,https://www.facebook.com/reel/1470715551397169/,04/02/2026 08:32,3218,,A,DELETED_UI,Đã thực hiện thao tác Xóa trên Facebook
1540778630942483,https://www.facebook.com/reel/946464597772943/,04/02/2026 08:22,5756,,A,DELETED_UI,Đã thực hiện thao tác Xóa trên Facebook
1540767760943570,https://www.facebook.com/reel/1496955148764888/,04/02/2026 08:05,6172,,A,DELETED_UI,Đã thực hiện thao tác Xóa trên Facebook
1540767107610302,https://www.facebook.com/reel/967033602338387/,04/02/2026 08:04,2459,,A,DELETED_UI,Đã thực hiện thao tác Xóa trên Facebook
1540757260944620,https://www.facebook.com/reel/951233914196642/,04/02/2026 07:50,6685,,A,DELETED_UI,Đã thực hiện thao tác Xóa trên Facebook
1540755127611500,https://www.facebook.com/reel/1630302788203769/,04/02/2026 07:47,5702,,A,DELETED_UI,Đã thực hiện thao tác Xóa trên Facebook
1540749120945434,https://www.facebook.com/reel/953857930448193/,04/02/2026 07:38,7493,,A,DELETED_UI,Đã thực hiện thao tác Xóa trên Facebook
1540409640979382,https://www.facebook.com/donghonhakho.vn/posts/pfbid02HAytfniYkGEVAcfDUEWCQJaoKHnR1XwTJzeCsBhrG14r5EvP7VAWrp9niVaPQKtYl,04/01/2026 22:08,4550,,A,UNVERIFIED,"Giao diện đặc thù, chưa xác minh được"
1539699877717025,https://www.facebook.com/reel/2077853446117141/,04/01/2026 01:53,5187,,A,DELETED_UI,Đã thực hiện thao tác Xóa trên Facebook
1539688007718212,https://www.facebook.com/reel/2449002432226989/,04/01/2026 01:33,4101,,A,DELETED_UI,Đã thực hiện thao tác Xóa trên Facebook
1539043694449310,https://www.facebook.com/donghonhakho.vn/posts/pfbid0eEprPhELcefKqG8hjUAqCktNnkWWBfZ1s3z5qFPDygaNh4UmBXHjh2tGmSw3J7tel,03/31/2026 06:31,8404,,A,DELETED_UI,Đã thực hiện thao tác Xóa trên Facebook
1538913254462354,https://www.facebook.com/reel/4332420403743204/,03/31/2026 02:46,4720,,A,DELETED_UI,Đã thực hiện thao tác Xóa trên Facebook
1538909204462759,https://www.facebook.com/reel/1628585201685450/,03/31/2026 02:39,4898,,A,DELETED_UI,Đã thực hiện thao tác Xóa trên Facebook
1538902547796758,https://www.facebook.com/reel/826721377138129/,03/31/2026 02:28,3918,,A,DELETED_UI,Đã thực hiện thao tác Xóa trên Facebook
1538885804465099,https://www.facebook.com/reel/1758214331808262/,03/31/2026 01:54,4356,,A,DELETED_UI,Đã thực hiện thao tác Xóa trên Facebook
1538871371133209,https://www.facebook.com/reel/1272845324948430/,03/31/2026 01:27,3744,,A,DELETED_UI,Đã thực hiện thao tác Xóa trên Facebook
1538602811160065,https://www.facebook.com/donghonhakho.vn/posts/pfbid02PoHvCDGZX2umxfDxd5eJv7RpTLoBqktAJryXJJfnNkHDK4g3vT5F1TsxPSosVJyil,03/30/2026 16:09,8855,,A,DELETED_UI,Đã thực hiện thao tác Xóa trên Facebook
1538098807877132,https://www.facebook.com/reel/1329104595731428/,03/30/2026 00:31,3523,,A,DELETED_UI,Đã thực hiện thao tác Xóa trên Facebook
1537612447925768,https://www.facebook.com/reel/1461655602013604/,03/29/2026 08:22,7294,,A,DELETED_UI,Đã thực hiện thao tác Xóa trên Facebook
1536279891392357,https://www.facebook.com/reel/1626994168502811/,03/27/2026 18:13,4156,,A,DELETED_UI,Đã thực hiện thao tác Xóa trên Facebook
1536272951393051,https://www.facebook.com/reel/1250672693943713/,03/27/2026 17:59,3205,,A,DELETED_UI,Đã thực hiện thao tác Xóa trên Facebook
1535585638128449,https://www.facebook.com/reel/881489248179290/,03/26/2026 22:14,3358,,A,DELETED_UI,Đã thực hiện thao tác Xóa trên Facebook
1535580184795661,https://www.facebook.com/reel/1955482965055429/,03/26/2026 22:04,4779,,A,DELETED_UI,Đã thực hiện thao tác Xóa trên Facebook
1533382858348727,https://www.facebook.com/reel/949120544361060/,03/24/2026 08:48,5361,,A,DELETED_UI,Đã thực hiện thao tác Xóa trên Facebook
1533375251682821,https://www.facebook.com/reel/1264376355123610/,03/24/2026 08:36,6086,,A,DELETED_UI,Đã thực hiện thao tác Xóa trên Facebook
1533120058375007,https://www.facebook.com/donghonhakho.vn/posts/pfbid02MhQxz2z5TLrPMnFUHCgTQbbqxFyVKULLGRt5hkHyJL1Yem9YipBq8FFxQ8FwM2MNl,03/24/2026 01:58,526,,A,DELETED_UI,Đã thực hiện thao tác Xóa trên Facebook
1532551561765190,https://www.facebook.com/donghonhakho.vn/posts/pfbid02ptJHJMbvBjN6PYD6vQ4HJeCxGGz4FH7hPCzzfBAjWPaQz9hAZ2h3qrtbnbLZncwxl,03/23/2026 08:54,5584,,A,DELETED_UI,Đã thực hiện thao tác Xóa trên Facebook
1532098901810456,https://www.facebook.com/reel/4017302958567758/,03/22/2026 21:12,5489,,A,DELETED_UI,Đã thực hiện thao tác Xóa trên Facebook
1531412598545753,https://www.facebook.com/reel/1230235092612460/,03/22/2026 01:59,2685,,A,DELETED_UI,Đã thực hiện thao tác Xóa trên Facebook
1531401455213534,https://www.facebook.com/reel/1901571523826329/,03/22/2026 01:39,2421,,A,DELETED_UI,Đã thực hiện thao tác Xóa trên Facebook
1531331081887238,https://www.facebook.com/reel/961836119531281/,03/21/2026 23:41,5076,,A,DELETED_UI,Đã thực hiện thao tác Xóa trên Facebook
1531326595221020,https://www.facebook.com/donghonhakho.vn/posts/pfbid0LaYVddw1bd5mz7mH1q3DmjEHyMFo5pHZcH2XfneFTea51r2kKwLUXZ31M25zXiHql,03/21/2026 23:34,5945,,A,DELETED_UI,Đã thực hiện thao tác Xóa trên Facebook
1530797398607273,https://www.facebook.com/reel/780264511453143/,03/21/2026 08:28,4387,,A,DELETED_UI,Đã thực hiện thao tác Xóa trên Facebook
1530789501941396,https://www.facebook.com/reel/939548502104204/,03/21/2026 08:17,3089,,A,DELETED_UI,Đã thực hiện thao tác Xóa trên Facebook
1529629372057409,https://www.facebook.com/reel/2478703122569836/,03/20/2026 02:42,7459,,A,NOT_ATTEMPTED,Chưa đến lượt xử lý
1529607385392941,https://www.facebook.com/reel/1690121098640902/,03/20/2026 02:08,5460,,A,NOT_ATTEMPTED,Chưa đến lượt xử lý
1528702282150118,https://www.facebook.com/donghonhakho.vn/posts/pfbid0KdHRNKg9gTRVp6SSG4a9U7QpF1XUy9L3t1K1kuvwDfkWaHCNZzPkWKEJdPdu6FTCl,03/19/2026 01:07,872,,A,NOT_ATTEMPTED,Chưa đến lượt xử lý
1527777548909258,https://www.facebook.com/donghonhakho.vn/posts/pfbid0iZ2UQ1L1WYS6apwTYbc5K44cFNkPQCRM1M44ZgowWSQXCHtURFtdYYZ62UGgG8mLl,03/17/2026 20:30,507,,A,NOT_ATTEMPTED,Chưa đến lượt xử lý
1527092295644450,https://www.facebook.com/reel/1125790462984204/,03/17/2026 00:04,2704,,A,NOT_ATTEMPTED,Chưa đến lượt xử lý
1526128269074186,https://www.facebook.com/reel/1136199321969034/,03/15/2026 19:51,2831,,A,NOT_ATTEMPTED,Chưa đến lượt xử lý
1526100912410255,https://www.facebook.com/reel/2440108266409192/,03/15/2026 19:03,6417,,A,NOT_ATTEMPTED,Chưa đến lượt xử lý
1526099142410432,https://www.facebook.com/reel/918919574258195/,03/15/2026 19:00,3255,,A,NOT_ATTEMPTED,Chưa đến lượt xử lý
1526099012410445,https://www.facebook.com/reel/2735069430183173/,03/15/2026 19:00,5605,,A,NOT_ATTEMPTED,Chưa đến lượt xử lý
1526015722418774,https://www.facebook.com/reel/935160625780210/,03/15/2026 16:18,3278,,A,NOT_ATTEMPTED,Chưa đến lượt xử lý
1526007749086238,https://www.facebook.com/reel/1140755088101352/,03/15/2026 16:02,5072,,A,NOT_ATTEMPTED,Chưa đến lượt xử lý
1525990679087945,https://www.facebook.com/reel/4159344754315101/,03/15/2026 15:28,3804,,A,NOT_ATTEMPTED,Chưa đến lượt xử lý
1525628649124148,https://www.facebook.com/donghonhakho.vn/posts/pfbid03B1GzBAMkLzmK6ChLCDyWQJPfzBUqydAJXRHtGxmRSCUqa6f1QDaRNUin2eJ5opPl,03/15/2026 05:24,2183,,A,NOT_ATTEMPTED,Chưa đến lượt xử lý
1525402809146732,https://www.facebook.com/donghonhakho.vn/posts/pfbid09vJfaLNr6fkKTD3yoNFEKxxiUEP4bZZjxvVJu2yYG4hsguYtNUKmX4AJtPmE3tbYl,03/14/2026 22:48,9003,,A,NOT_ATTEMPTED,Chưa đến lượt xử lý
1525282595825420,https://www.facebook.com/reel/1444701483983621/,03/14/2026 19:09,2912,,A,NOT_ATTEMPTED,Chưa đến lượt xử lý
1524800975873582,https://www.facebook.com/reel/907518798845310/,03/14/2026 03:56,9661,,A,NOT_ATTEMPTED,Chưa đến lượt xử lý
1524798075873872,https://www.facebook.com/reel/1976086293001451/,03/14/2026 03:54,5843,,A,NOT_ATTEMPTED,Chưa đến lượt xử lý
1524734492546897,https://www.facebook.com/donghonhakho.vn/posts/pfbid023gGn7GXo7sn1fPqiWzWPcMjGKUD1Fk6S9NV8i4y6zpAjsRYaRqBqC1kxwy7xy5Trl,03/14/2026 01:56,1276,,A,NOT_ATTEMPTED,Chưa đến lượt xử lý
1524583239228689,https://www.facebook.com/reel/2130873974410637/,03/13/2026 21:01,4903,,A,NOT_ATTEMPTED,Chưa đến lượt xử lý
1524148082605538,https://www.facebook.com/reel/1650610265934479/,03/13/2026 07:29,2314,,A,NOT_ATTEMPTED,Chưa đến lượt xử lý
1524031929283820,https://www.facebook.com/reel/911817378383725/,03/13/2026 04:10,2347,,A,NOT_ATTEMPTED,Chưa đến lượt xử lý
1523972262623120,https://www.facebook.com/donghonhakho.vn/posts/pfbid026PeNAYk8josLmbeUzqoR3bsbr4nde9vgypiMQbLWKaofxE96a62vu72gz9kx2hQWl,03/13/2026 02:16,1073,,A,NOT_ATTEMPTED,Chưa đến lượt xử lý
1523884532631893,https://www.facebook.com/photo.php?fbid=1523884532631893&set=a.846017217085298&type=3,03/12/2026 23:11,0,,A,NOT_ATTEMPTED,Chưa đến lượt xử lý
1523883939298619,https://www.facebook.com/reel/1657086612114547/,03/12/2026 23:09,2811,,A,NOT_ATTEMPTED,Chưa đến lượt xử lý
1523806625973017,https://www.facebook.com/donghonhakho.vn/posts/pfbid02dN9jJS8kRGijEEpxaAxGZfVVC3KFhpKA6jgaET4eMmhFZN1eaWME4eG8nbBtCWDxl,03/12/2026 20:30,619,,A,NOT_ATTEMPTED,Chưa đến lượt xử lý
1523420456011634,https://www.facebook.com/reel/913707314599595/,03/12/2026 08:43,2508,,A,NOT_ATTEMPTED,Chưa đến lượt xử lý
1523212769365736,https://www.facebook.com/reel/1425784855454742/,03/12/2026 03:10,2198,,A,NOT_ATTEMPTED,Chưa đến lượt xử lý
1523198259367187,https://www.facebook.com/reel/1593605788518567/,03/12/2026 02:43,2429,,A,NOT_ATTEMPTED,Chưa đến lượt xử lý
1523170606036619,https://www.facebook.com/reel/1436328084653872/,03/12/2026 01:54,2294,,A,NOT_ATTEMPTED,Chưa đến lượt xử lý
1522986429388370,https://www.facebook.com/donghonhakho.vn/posts/pfbid0PbiXeiXWhgYPPAuyjHXpoTV8i29ygXodxahxg9iZ4MLeaeAhu1JMkeDhbaKJShycl,03/11/2026 20:06,2745,,A,NOT_ATTEMPTED,Chưa đến lượt xử lý
1522592462761100,https://www.facebook.com/reel/3735371646602083/,03/11/2026 07:43,5424,,A,NOT_ATTEMPTED,Chưa đến lượt xử lý
1522585332761813,https://www.facebook.com/reel/916794161100198/,03/11/2026 07:30,9587,,A,NOT_ATTEMPTED,Chưa đến lượt xử lý
1522481946105485,https://www.facebook.com/reel/1348690127308372/,03/11/2026 04:29,2172,,A,NOT_ATTEMPTED,Chưa đến lượt xử lý
1522479669439046,https://www.facebook.com/reel/1262080619219482/,03/11/2026 04:26,3264,,A,NOT_ATTEMPTED,Chưa đến lượt xử lý
1522380292782317,https://www.facebook.com/donghonhakho.vn/posts/pfbid032opMDearctCvmneUXuWSxvpY6z7HJMLiwfPgw17yav8HrGzdjJTAx86JcwDNPdFml,03/11/2026 01:03,784,,A,NOT_ATTEMPTED,Chưa đến lượt xử lý
1522196006134079,https://www.facebook.com/reel/1477404954051157/,03/10/2026 20:24,3748,,A,NOT_ATTEMPTED,Chưa đến lượt xử lý
1521611762859170,https://www.facebook.com/donghonhakho.vn/posts/pfbid0Vhmz911xKNmFBGMJKJYEKYjLxxp9jtbLgBMZpVWxtnJFHerEJLuKYtc1HedBTVyql,03/10/2026 02:37,430,,A,NOT_ATTEMPTED,Chưa đến lượt xử lý
1520825376271142,https://www.facebook.com/donghonhakho.vn/posts/pfbid02vSFTopZX248tdKfD29j4sn7XgcUDhbbFT2ovxbNTHBTXrcxGPktvHpwizF2YDDSZl,03/09/2026 01:12,889,,A,NOT_ATTEMPTED,Chưa đến lượt xử lý
1520810746272605,https://www.facebook.com/donghonhakho.vn/posts/pfbid0bjaPG9S5t7Z9MaGHAKPNNDZdJTcRD6TBUjWdJXxQgth1npjB9MZvq812F65Xf6ggl,03/09/2026 00:39,505,,A,NOT_ATTEMPTED,Chưa đến lượt xử lý
1519123656441314,https://www.facebook.com/reel/1700480307756304/,03/06/2026 18:34,3263,,A,NOT_ATTEMPTED,Chưa đến lượt xử lý
1518729116480768,https://www.facebook.com/reel/26334345062918845/,03/06/2026 05:58,4063,,A,NOT_ATTEMPTED,Chưa đến lượt xử lý
1518645029822510,https://www.facebook.com/reel/1352367433585590/,03/06/2026 03:46,6411,,A,NOT_ATTEMPTED,Chưa đến lượt xử lý
1518557133164633,https://www.facebook.com/donghonhakho.vn/posts/pfbid02Xf8nautkh7pMxEih6rVBJXbTRrZXebpb2a5mRUYGbgdKDjnGRqBGiJQEW3GBeTrYl,03/06/2026 00:57,733,,A,NOT_ATTEMPTED,Chưa đến lượt xử lý
1518393253181021,https://www.facebook.com/donghonhakho.vn/posts/pfbid02y9Wh3fNysXG5yiCXxGWATEdCvg8upBdowChKdXEcXCqN1xoqNsBWTPbYmU6tfZo4l,03/05/2026 19:25,655,,A,NOT_ATTEMPTED,Chưa đến lượt xử lý
1518372163183130,https://www.facebook.com/reel/2767286480303402/,03/05/2026 18:43,3095,,A,NOT_ATTEMPTED,Chưa đến lượt xử lý
1518318433188503,https://www.facebook.com/donghonhakho.vn/posts/pfbid028FysubSZgZ9a6nv7XcbDqETPGNEu8wunCfetrBkWNK7tw1gJdfAsjH1NouLzPV1nl,03/05/2026 16:54,1792,,A,NOT_ATTEMPTED,Chưa đến lượt xử lý
1518042016549478,https://www.facebook.com/reel/811091798683401/,03/05/2026 07:45,9660,,A,NOT_ATTEMPTED,Chưa đến lượt xử lý
1518041263216220,https://www.facebook.com/reel/1193434589282217/,03/05/2026 07:44,3716,,A,NOT_ATTEMPTED,Chưa đến lượt xử lý
1517838029903210,https://www.facebook.com/reel/1798836511521101/,03/05/2026 01:31,3583,,A,NOT_ATTEMPTED,Chưa đến lượt xử lý
1517604863259860,https://www.facebook.com/reel/2728565650837552/,03/04/2026 17:24,2372,,A,NOT_ATTEMPTED,Chưa đến lượt xử lý
1517342816619398,https://www.facebook.com/reel/2039872373610565/,03/04/2026 08:32,5446,,A,NOT_ATTEMPTED,Chưa đến lượt xử lý
1517338946619785,https://www.facebook.com/reel/1224955226514485/,03/04/2026 08:25,6591,,A,NOT_ATTEMPTED,Chưa đến lượt xử lý
1517252319961781,https://www.facebook.com/donghonhakho.vn/posts/pfbid04iSzwPvsvS8N5pV8McptXRbuwRZ4aErtMqYkeYkzpjqMxgKe2ffqYCUbwkEySJ34l,03/04/2026 06:09,3690,,A,NOT_ATTEMPTED,Chưa đến lượt xử lý
1517154799971533,https://www.facebook.com/reel/1620614419068008/,03/04/2026 03:28,6307,,A,NOT_ATTEMPTED,Chưa đến lượt xử lý
1517086539978359,https://www.facebook.com/donghonhakho.vn/posts/pfbid02HUg2gcz3958ft7mRUmFssamsa4DkMkyGUY8CpqbSm7nd9EhnvbVmGxncheYHmyjHl,03/04/2026 01:24,554,,A,NOT_ATTEMPTED,Chưa đến lượt xử lý
1516838090003204,https://www.facebook.com/reel/2008819603009211/,03/03/2026 17:14,2093,,A,NOT_ATTEMPTED,Chưa đến lượt xử lý
1516355633384783,https://www.facebook.com/reel/1691664475531073/,03/03/2026 01:38,3242,,A,NOT_ATTEMPTED,Chưa đến lượt xử lý
1516321606721519,https://www.facebook.com/reel/2165525517592871/,03/03/2026 00:28,2987,,A,NOT_ATTEMPTED,Chưa đến lượt xử lý
1516212513399095,https://www.facebook.com/reel/914872474778004/,03/02/2026 20:36,3847,,A,NOT_ATTEMPTED,Chưa đến lượt xử lý
1516172360069777,https://www.facebook.com/reel/1603557770888201/,03/02/2026 19:13,8685,,A,NOT_ATTEMPTED,Chưa đến lượt xử lý
1516167810070232,https://www.facebook.com/reel/899076876272492/,03/02/2026 19:04,5109,,A,NOT_ATTEMPTED,Chưa đến lượt xử lý
1516150176738662,https://www.facebook.com/reel/1881717355788499/,03/02/2026 18:29,2177,,A,NOT_ATTEMPTED,Chưa đến lượt xử lý
1515745126779167,https://www.facebook.com/reel/1343315357845172/,03/02/2026 06:35,3062,,A,NOT_ATTEMPTED,Chưa đến lượt xử lý
1515722780114735,https://www.facebook.com/reel/1406120814049724/,03/02/2026 06:02,6511,,A,NOT_ATTEMPTED,Chưa đến lượt xử lý
1514007153619631,https://www.facebook.com/reel/691162014017446/,02/28/2026 04:02,2388,,A,NOT_ATTEMPTED,Chưa đến lượt xử lý
1513983033622043,https://www.facebook.com/donghonhakho.vn/posts/pfbid0fcYoqeBpKtLhh2ZDCnAxSdrA46ULKC6kSJuPPjVbUxU4hN5xyBSA1BsTE3wSkLdcl,02/28/2026 03:23,9720,,A,NOT_ATTEMPTED,Chưa đến lượt xử lý
1513908786962801,https://www.facebook.com/reel/1332186192267456/,02/28/2026 01:12,4617,,A,NOT_ATTEMPTED,Chưa đến lượt xử lý
1513899203630426,https://www.facebook.com/reel/775171245659180/,02/28/2026 00:54,2664,,A,NOT_ATTEMPTED,Chưa đến lượt xử lý
1513892746964405,https://www.facebook.com/reel/851268917949248/,02/28/2026 00:43,3041,,A,NOT_ATTEMPTED,Chưa đến lượt xử lý
1513864583633888,https://www.facebook.com/reel/1604882403795993/,02/27/2026 23:50,6429,,A,NOT_ATTEMPTED,Chưa đến lượt xử lý
1513308083689538,https://www.facebook.com/reel/1370338711525243/,02/27/2026 07:19,7599,,A,NOT_ATTEMPTED,Chưa đến lượt xử lý
1513308080356205,https://www.facebook.com/reel/1440504541142119/,02/27/2026 07:19,3434,,A,NOT_ATTEMPTED,Chưa đến lượt xử lý
1513260457027634,https://www.facebook.com/reel/1446581960258732/,02/27/2026 06:11,5789,,A,NOT_ATTEMPTED,Chưa đến lượt xử lý
1513247897028890,https://www.facebook.com/donghonhakho.vn/posts/pfbid08bK4hTHjbeEdGdg84v7fFK93RyVy369fNL4ftpcg6RxvHvAg6LKDeJQJLGgngBEml,02/27/2026 05:54,3458,,A,NOT_ATTEMPTED,Chưa đến lượt xử lý
1513169543703392,https://www.facebook.com/reel/927827760235492/,02/27/2026 03:57,5321,,A,NOT_ATTEMPTED,Chưa đến lượt xử lý
1512956043724742,https://www.facebook.com/donghonhakho.vn/posts/pfbid0Y6UNs9tdWDBQoPfBGQSPy5Ydb89pFtZyAuGuFPkdyy5gFmnE8A6KMiipuC6foNyKl,02/26/2026 21:52,5198,,A,NOT_ATTEMPTED,Chưa đến lượt xử lý
1512091627144517,https://www.facebook.com/reel/2698211007207640/,02/25/2026 21:24,2714,,A,NOT_ATTEMPTED,Chưa đến lượt xử lý
1511762297177450,https://www.facebook.com/reel/2007195433524289/,02/25/2026 11:20,2458,,A,NOT_ATTEMPTED,Chưa đến lượt xử lý
1511696090517404,https://www.facebook.com/reel/897804109888810/,02/25/2026 09:45,2112,,A,NOT_ATTEMPTED,Chưa đến lượt xử lý
1511646637189016,https://www.facebook.com/reel/874485692256055/,02/25/2026 08:28,3695,,A,NOT_ATTEMPTED,Chưa đến lượt xử lý
1511396627214017,https://www.facebook.com/reel/1465940095159706/,02/25/2026 01:59,8125,,A,NOT_ATTEMPTED,Chưa đến lượt xử lý
1511213927232287,https://www.facebook.com/reel/1476346457212786/,02/24/2026 20:29,3982,,A,NOT_ATTEMPTED,Chưa đến lượt xử lý
1510759813944365,https://www.facebook.com/reel/2501211456980986/,02/24/2026 07:21,3341,,A,NOT_ATTEMPTED,Chưa đến lượt xử lý
1510582707295409,https://www.facebook.com/reel/1426791039143976/,02/24/2026 02:50,5793,,A,NOT_ATTEMPTED,Chưa đến lượt xử lý
1510579750629038,https://www.facebook.com/reel/916340237800595/,02/24/2026 02:46,4471,,A,NOT_ATTEMPTED,Chưa đến lượt xử lý
1510403477313332,https://www.facebook.com/reel/2088024258660807/,02/23/2026 21:35,2140,,A,NOT_ATTEMPTED,Chưa đến lượt xử lý
1509755064044840,https://www.facebook.com/reel/1375952411006531/,02/23/2026 02:39,5357,,A,NOT_ATTEMPTED,Chưa đến lượt xử lý
1509731924047154,https://www.facebook.com/reel/1401494211219211/,02/23/2026 01:59,3774,,A,NOT_ATTEMPTED,Chưa đến lượt xử lý
1509723127381367,https://www.facebook.com/reel/775805071790823/,02/23/2026 01:44,3397,,A,NOT_ATTEMPTED,Chưa đến lượt xử lý
1509705457383134,https://www.facebook.com/reel/1448130956748274/,02/23/2026 01:09,6572,,A,NOT_ATTEMPTED,Chưa đến lượt xử lý
1501927578160922,https://www.facebook.com/reel/1783945035897828/,02/13/2026 21:03,4212,,A,NOT_ATTEMPTED,Chưa đến lượt xử lý
1501330938220586,https://www.facebook.com/donghonhakho.vn/posts/pfbid0SCD4bEC3qMUEc1fGcXtLtTX1NoPEQoTRyAjgkT4ZbjGoNkZTwpSRTep2VLPUAhz1l,02/13/2026 04:37,5032,,A,NOT_ATTEMPTED,Chưa đến lượt xử lý
1501200101567003,https://www.facebook.com/donghonhakho.vn/posts/pfbid09pJJxRWLsjMFcSaR6HV77PnuaeodNge4PNQbNr3oEL9R9Jqjh5YaYMDUrpn6Zcbgl,02/13/2026 01:06,4024,,A,NOT_ATTEMPTED,Chưa đến lượt xử lý
1500990774921269,https://www.facebook.com/donghonhakho.vn/posts/pfbid0TFoYVXrwSCWzw6HZKB6MXyhwCi83fwpQWKF5N8i6Dakdu2vJCqQiibFoFjp2ysGsl,02/12/2026 18:49,2758,,A,NOT_ATTEMPTED,Chưa đến lượt xử lý
1498673815152965,https://www.facebook.com/reel/1535890937708482/,02/10/2026 00:09,4956,,A,NOT_ATTEMPTED,Chưa đến lượt xử lý
1496245585395788,https://www.facebook.com/reel/1849342285712158/,02/07/2026 03:50,31331,JUNGHANS,B,NOT_ATTEMPTED,Chưa đến lượt xử lý
1496225615397785,https://www.facebook.com/reel/2082442632580114/,02/07/2026 03:20,9255,,A,NOT_ATTEMPTED,Chưa đến lượt xử lý
1495220452164968,https://www.facebook.com/donghonhakho.vn/posts/pfbid027VCrxVzy3yKRJHiNJT4KNFGGbtUjYPhoLiNUzBFpYG1Rm8kLL12un6c9EM2xg2Qtl,02/05/2026 23:55,5207,,A,NOT_ATTEMPTED,Chưa đến lượt xử lý
1494475898906090,https://www.facebook.com/donghonhakho.vn/posts/pfbid022n54ZdQdCXzrb2Q5NoNfniSaM6UPkYxnz4JzwdtxeiaATDxQt1mpnWyqnE82E5thl,02/05/2026 04:18,3672,,A,NOT_ATTEMPTED,Chưa đến lượt xử lý
1493524879001192,https://www.facebook.com/donghonhakho.vn/posts/pfbid033mJ7gbzNENrRAxnsgZWRedQQEhD57Li1F5wBtdmcDgGygxFJq49kwmavStV4Dey7l,02/04/2026 02:34,3384,,A,NOT_ATTEMPTED,Chưa đến lượt xử lý
1493419065678440,https://www.facebook.com/donghonhakho.vn/posts/pfbid0QRLFzKEMJzrKxDVQACQPkf85xpof2e7dEiSQPq5gUUpAAuPrnoL5JyNobEqyMAsJl,02/03/2026 23:29,3785,,A,NOT_ATTEMPTED,Chưa đến lượt xử lý
1491870172499996,https://www.facebook.com/donghonhakho.vn/posts/pfbid037xBM3LX8vf8CPjCseY1c367edNSMsdDsjjfiQ4jZdGBgarsfXqe1BW9gMU1jYoUJl,02/02/2026 02:53,3610,,A,NOT_ATTEMPTED,Chưa đến lượt xử lý
1491019932585020,https://www.facebook.com/donghonhakho.vn/posts/pfbid0Ezjf3xnLpaB1s7dKbtKYwp491z8DVWt83pUU3eGaGygqsYCsDFzqxzsLi7LFCFMLl,02/01/2026 02:08,3022,,A,NOT_ATTEMPTED,Chưa đến lượt xử lý
1490959009257779,https://www.facebook.com/donghonhakho.vn/posts/pfbid02mwGwpygrMpArZtQ32oG6DxKzXGPhA1yaJjFBY2k3GC5zreQnVHyGVgVqJftJY7Tbl,02/01/2026 00:09,3941,,A,NOT_ATTEMPTED,Chưa đến lượt xử lý
1490163826003964,https://www.facebook.com/donghonhakho.vn/posts/pfbid0W97Wx27fhVjGSV7Ent6Q5bHi38vqQg7rqjE2ByWetd3UkjnviSstAChmqj6ktF9Xl,01/30/2026 22:53,9111,,A,NOT_ATTEMPTED,Chưa đến lượt xử lý
1487797506240596,https://www.facebook.com/donghonhakho.vn/posts/pfbid02TgvKdguqgugd2CHDPCQjmA1i8FXfjxY48CPeuCanbLsghdey4PCvcHstr2bdmZ4il,01/28/2026 03:24,7022,,A,NOT_ATTEMPTED,Chưa đến lượt xử lý
1484209849932695,https://www.facebook.com/donghonhakho.vn/posts/pfbid02yCMMZhN2Aowh2ZRiBMqFDCYqCVBb9EerrGAZCcikWYnHgkUMRDJkkUo7Fb5vADsSl,01/24/2026 02:59,9934,,A,NOT_ATTEMPTED,Chưa đến lượt xử lý
1484099829943697,https://www.facebook.com/donghonhakho.vn/posts/pfbid02G6x5Eg2ZS55FKcgSUujoe8uCLtvuNfCMPDZn1MSUaQSueKKm85fs7MV5tBm2w3GFl,01/24/2026 00:13,4051,,A,NOT_ATTEMPTED,Chưa đến lượt xử lý
1402396431447371,https://www.facebook.com/donghonhakho.vn/posts/pfbid0dsrgtnKcNMMwnNRULhSfnn9C21yTLV3jk9qpcYfdW5LQJ9rPqARVz2TeEDvcfivNl,10/11/2025 03:50,1511,,A,NOT_ATTEMPTED,Chưa đến lượt xử lý
1396188375401510,https://www.facebook.com/donghonhakho.vn/posts/pfbid02m4btCwVRbQtmxwna8pjLXWYiBNT8utpHWDqb96wkLwd1nHMFaGzBKMdTnk5iiWfol,10/04/2025 17:22,5848,,A,NOT_ATTEMPTED,Chưa đến lượt xử lý
1395612912125723,https://www.facebook.com/donghonhakho.vn/posts/pfbid02KsUofStgwNMVttznZvrWjLxhirz67oVQw19rvNufns7wwH3LYQJcwaZcnjQ3f3brl,10/04/2025 02:34,2257,,A,NOT_ATTEMPTED,Chưa đến lượt xử lý
1395594422127572,https://www.facebook.com/donghonhakho.vn/posts/pfbid02szw2TZw9i5sSwGF4ggS7gDSjb6jRXF58i5igNaWmZyr3gsZ2zDqbqWK3KnnR2Vtml,10/04/2025 02:06,6439,,A,NOT_ATTEMPTED,Chưa đến lượt xử lý
1372531754433839,https://www.facebook.com/photo.php?fbid=1372531754433839&set=a.846017200418633&type=3,09/06/2025 08:58,1099,,A,NOT_ATTEMPTED,Chưa đến lượt xử lý
1404334031253611,https://www.facebook.com/donghonhakho.vn/posts/pfbid0WXihByM1sNQe9zddE5zUhWjLUTi6r9Uz5CFbaKTMLvqEEzUitaHP5MuwGnnQHNdjl,10/13/2025 08:10,1191,,A,NOT_ATTEMPTED,Chưa đến lượt xử lý
1462220475464966,https://www.facebook.com/donghonhakho.vn/posts/pfbid03519z8ixyGA2qP8Tc4Vu58oZh9VfmpDHZX62RziE13pzgxKsay1BvAjCnH549uKMul,12/25/2025 04:40,4235,,A,NOT_ATTEMPTED,Chưa đến lượt xử lý
1459069632446717,https://www.facebook.com/donghonhakho.vn/posts/pfbid0BLsLQnbZnRuNF7RwF6PGfnHiubLnKdErFKnRJpJ1G7Wr2MiAEsbG7aVEBGw2xiQxl,12/20/2025 21:01,2385,,A,NOT_ATTEMPTED,Chưa đến lượt xử lý
1458954015791612,https://www.facebook.com/donghonhakho.vn/posts/pfbid034Y57CTns2RTWUWQ74tCQyPpwk1gzWhJ7SW8Kf472HUn7P33JbEdfSvDFFLDQEt22l,12/20/2025 17:02,3111,,A,NOT_ATTEMPTED,Chưa đến lượt xử lý
1457522972601383,https://www.facebook.com/donghonhakho.vn/posts/pfbid02DeYKVdVYg9xznt4VVuTz4xt4z54AyiSBHai5BW1DkvXUbpvLuTAR859iKVp1DdKVl,12/18/2025 20:03,9366,,A,NOT_ATTEMPTED,Chưa đến lượt xử lý
1452416683112012,https://www.facebook.com/donghonhakho.vn/posts/pfbid0YFY7dyXvZRW1rowcqjQog8amU3bwVoHrJuZU66CVxow9QzLzvZanqNcJ2pQSWjqDl,12/11/2025 19:05,1735,,A,NOT_ATTEMPTED,Chưa đến lượt xử lý
1445681523785528,https://www.facebook.com/donghonhakho.vn/posts/pfbid02hx5URvuxzwahbypHgFnaABJ4ou8rtc5fTidS1a7rHBvNo4e6ghZksLrZBqbEunxvl,12/03/2025 00:52,6062,,A,NOT_ATTEMPTED,Chưa đến lượt xử lý
1445571413796539,https://www.facebook.com/donghonhakho.vn/posts/pfbid028GXYpcDSKr2omMMJ1R48FoS8tAmh9o8zwCQ25WaEV3NHPSe94AKYtko25aenYPfol,12/02/2025 20:52,8328,,A,NOT_ATTEMPTED,Chưa đến lượt xử lý
1441372734216407,https://www.facebook.com/donghonhakho.vn/posts/pfbid02AorNE1MQhEyfeh6j9g7fvxnQwJKgcumEfnpP7aKu6AyE3Upi1yrdkskaTUFkDCfSl,11/27/2025 00:38,4243,,A,NOT_ATTEMPTED,Chưa đến lượt xử lý
1440342800986067,https://www.facebook.com/donghonhakho.vn/posts/pfbid0AZYd7Sjzfv62HnSHvBL6MnGcDdEnbAPdyGSenaiG5ZYFF4D25BTQwHo3qbWJeQasl,11/25/2025 15:15,6231,,A,NOT_ATTEMPTED,Chưa đến lượt xử lý
1438919111128436,https://www.facebook.com/donghonhakho.vn/posts/pfbid02F3Mcmbzmfqxw3DXfdTNnwHsRjKf98jpMqfT1CADjerKBbLeUapfHvJUiZdisKyWSl,11/23/2025 18:30,785,,A,NOT_ATTEMPTED,Chưa đến lượt xử lý
1436676694686011,https://www.facebook.com/reel/886581663795704/,11/21/2025 01:16,1327886,"JUNGHANS, KIENZLE",B,NOT_ATTEMPTED,Chưa đến lượt xử lý
1436611561359191,https://www.facebook.com/donghonhakho.vn/posts/pfbid0BgJpYrwT2xPLfuLSp6ZiSTDpKvM9tn53oKEehGRHWTrYhZhUtPKaP1NDfKhvbmG7l,11/20/2025 23:27,1092,,A,NOT_ATTEMPTED,Chưa đến lượt xử lý
1435545714799109,https://www.facebook.com/donghonhakho.vn/posts/pfbid02sTG61ZRQe6uaQFx4WWBv7dizGyZKTRG9NYMJFWmMTQexnfXyKjZmevht5st3yTQel,11/19/2025 19:13,1019,,A,NOT_ATTEMPTED,Chưa đến lượt xử lý
1434780454875635,https://www.facebook.com/donghonhakho.vn/posts/pfbid0eN2uf53TtYnygqBVuE2hctinXKLXoNsWe38xGEgaCAdSYjZ6ou4uaXjQGWanARfWl,11/18/2025 18:22,980,,A,NOT_ATTEMPTED,Chưa đến lượt xử lý
1433433348343679,https://www.facebook.com/donghonhakho.vn/posts/pfbid0R7daF6jBsxNRW1unHwZLYbi9MDQsc9j6hGSVQbuvMwnMseSUL2Rp64gaGGa6D29kl,11/17/2025 00:08,690,,A,NOT_ATTEMPTED,Chưa đến lượt xử lý
1431933958493618,https://www.facebook.com/donghonhakho.vn/posts/pfbid02EL5Gdm4ruTgiYcUi8cx2VSAK8n3H4KPUpvqtaogx4eygVd3YJMTYuQUuWdbi76e3l,11/15/2025 00:44,744,,A,NOT_ATTEMPTED,Chưa đến lượt xử lý
1431890231831324,https://www.facebook.com/donghonhakho.vn/posts/pfbid0251V3kZ8TUf9YZRhsEbJpg6c4BUN6BZK9BQASUBXZdw3BKFheXAaaf3jDSJcKQGGJl,11/14/2025 23:21,720,,A,NOT_ATTEMPTED,Chưa đến lượt xử lý
1430360805317600,https://www.facebook.com/donghonhakho.vn/posts/pfbid02XqwtvDFYSTJ1j9fU3a8z6tzVrkjZa4JX6zreWockYiF2wLhGLxb5cLUcFdw3dM1Pl,11/13/2025 00:28,593,,A,NOT_ATTEMPTED,Chưa đến lượt xử lý
1430238271996520,https://www.facebook.com/donghonhakho.vn/posts/pfbid0Mw4oJbE4wHTQk5QUPJjVj4xGGqgXELdT3LVZxYYTaCaqKdXX15dVh7pC8rhZj4MPl,11/12/2025 20:30,516,,A,NOT_ATTEMPTED,Chưa đến lượt xử lý
1427885802231767,https://www.facebook.com/donghonhakho.vn/posts/pfbid027P685v6VDzWvGhSnufs6fPSxez6LxaJyyR37D4R6N1sNg9F1mpPfuEmiwgUvstKfl,11/10/2025 01:27,1108,,A,NOT_ATTEMPTED,Chưa đến lượt xử lý
1423476589339355,https://www.facebook.com/donghonhakho.vn/posts/pfbid028T1da4foSuGb2wLVTzhBtC2C2AUbPqHSk1kSgrwsP1LiXTq7FxcooPqQQM1hjgz3l,11/04/2025 21:34,8298,,A,NOT_ATTEMPTED,Chưa đến lượt xử lý
1422863159400698,https://www.facebook.com/donghonhakho.vn/posts/pfbid02xstuJgTD7Tp32rxZzne2tm1wzH5kUNe1bCGNqR5FAo84va6QF3CJmc1GUkaGU1e2l,11/04/2025 04:08,901,,A,NOT_ATTEMPTED,Chưa đến lượt xử lý
1416346360052378,https://www.facebook.com/donghonhakho.vn/posts/pfbid0vKG8n5A72weL1UyMNEZhPWxSnoYwttBQedsreUaY9ME8ad5mqsXL8dcuVfVNJSpdl,10/27/2025 07:26,1106,,A,NOT_ATTEMPTED,Chưa đến lượt xử lý
1416335386720142,https://www.facebook.com/donghonhakho.vn/posts/pfbid0Tp28RKWTJcGoS8oF7nTWkB6iFu7kPAVh7ir3ySAaG8F61zuMyJSFMR2XW2fVgd5pl,10/27/2025 07:12,5178,,A,NOT_ATTEMPTED,Chưa đến lượt xử lý
1416318300055184,https://www.facebook.com/donghonhakho.vn/posts/pfbid0g1bJBAoANT2G6ShnmX6esw9ECEC234wFCwyqvMaE276zUtGnJLhv813uTwHLuS2Tl,10/27/2025 06:48,9852,,A,NOT_ATTEMPTED,Chưa đến lượt xử lý
1416317680055246,https://www.facebook.com/donghonhakho.vn/posts/pfbid02WKVCr3v6TdwFvcnYWmAegT97rGhx1FJyECWRkfrArDiM9LUxK4H91zaisPjkjsjhl,10/27/2025 06:47,6145,,A,NOT_ATTEMPTED,Chưa đến lượt xử lý
